partition,gap,total_resources,imbalance,drones,batteries,relay_drones,relay_modules
"{B01,B02,B03,B04,B05,B06,B07,B09,B10,B11,B12}|{B08}",2,28,1.0,"{""C"": 2, ""B"": 3, ""A"": 4}","{""C"": 4, ""B"": 5, ""A"": 6}",2,2
"{B01,B02,B03,B04,B05,B06,B07,B08,B09,B10,B11}|{B12}",3,30,1.0,"{""C"": 2, ""B"": 2, ""A"": 5}","{""C"": 4, ""B"": 4, ""A"": 7}",3,3
"{B01,B02,B03,B04,B05,B06,B07,B08,B09,B10,B12}|{B11}",3,30,1.0,"{""C"": 2, ""B"": 3, ""A"": 4}","{""C"": 4, ""B"": 5, ""A"": 6}",3,3
"{B01,B02,B03,B04,B05,B06,B07,B08,B09,B11,B12}|{B10}",3,30,1.0,"{""C"": 2, ""B"": 3, ""A"": 4}","{""C"": 4, ""B"": 5, ""A"": 6}",3,3
"{B01,B02,B03,B04,B05,B06,B07,B08,B10,B11,B12}|{B09}",3,30,1.0,"{""C"": 2, ""B"": 3, ""A"": 4}","{""C"": 4, ""B"": 5, ""A"": 6}",3,3
"{B01,B02,B03,B04,B05,B07,B08,B09,B10,B11,B12}|{B06}",3,30,1.0,"{""C"": 3, ""B"": 2, ""A"": 4}","{""C"": 5, ""B"": 4, ""A"": 6}",3,3
"{B01,B02,B03,B05,B06,B07,B08,B09,B10,B11,B12}|{B04}",3,30,1.0,"{""C"": 3, ""B"": 2, ""A"": 4}","{""C"": 5, ""B"": 4, ""A"": 6}",3,3
"{B01,B02,B03,B05,B07,B08,B09,B10,B11,B12}|{B04,B06}",3,30,1.0,"{""C"": 3, ""B"": 2, ""A"": 4}","{""C"": 5, ""B"": 4, ""A"": 6}",3,3
"{B01,B02,B03,B04,B05,B06,B08,B09,B11,B12}|{B07,B10}",3,31,0.8,"{""C"": 2, ""B"": 3, ""A"": 4}","{""C"": 4, ""B"": 4, ""A"": 6}",4,4
"{B01,B02,B03,B04,B05,B06,B07,B08,B11,B12}|{B09,B10}",4,31,1.0,"{""C"": 2, ""B"": 3, ""A"": 4}","{""C"": 4, ""B"": 6, ""A"": 6}",3,3
"{B01,B02,B03,B04,B05,B06,B07,B09,B10,B12}|{B08,B11}",4,31,1.0,"{""C"": 2, ""B"": 3, ""A"": 4}","{""C"": 4, ""B"": 6, ""A"": 6}",3,3
"{B01,B02,B03,B04,B05,B06,B07,B09,B11,B12}|{B08,B10}",4,31,1.0,"{""C"": 2, ""B"": 3, ""A"": 4}","{""C"": 4, ""B"": 6, ""A"": 6}",3,3
"{B01,B02,B04,B05,B06,B07,B08,B09,B10,B11,B12}|{B03}",4,31,1.0,"{""B"": 2, ""C"": 3, ""A"": 5}","{""B"": 4, ""C"": 5, ""A"": 6}",3,3
"{B01,B02,B05,B07,B08,B09,B10,B11,B12}|{B03,B04,B06}",4,31,1.0,"{""B"": 2, ""C"": 4, ""A"": 5}","{""B"": 4, ""C"": 4, ""A"": 6}",3,3
"{B01,B02,B03,B04,B05,B06,B08,B09,B10,B11,B12}|{B07}",4,32,0.8,"{""C"": 2, ""B"": 3, ""A"": 4}","{""C"": 4, ""B"": 5, ""A"": 6}",4,4
"{B01,B02,B03,B04,B05,B06,B08,B09,B10,B12}|{B07,B11}",4,32,0.8,"{""C"": 2, ""B"": 3, ""A"": 4}","{""C"": 4, ""B"": 5, ""A"": 6}",4,4
"{B01,B02,B03,B04,B05,B06,B09,B10,B11,B12}|{B07,B08}",4,32,0.8,"{""C"": 2, ""B"": 3, ""A"": 4}","{""C"": 4, ""B"": 5, ""A"": 6}",4,4
"{B01,B02,B03,B04,B05,B06,B09,B11,B12}|{B07,B08,B10}",4,32,0.8,"{""C"": 2, ""B"": 3, ""A"": 4}","{""C"": 4, ""B"": 5, ""A"": 6}",4,4
"{B01,B03,B04,B05,B06,B07,B08,B09,B10,B12}|{B02,B11}",4,32,0.8,"{""C"": 3, ""B"": 3, ""A"": 4}","{""C"": 4, ""B"": 4, ""A"": 6}",4,4
"{B01,B02,B03,B04,B05,B06,B07,B08,B09,B12}|{B10,B11}",5,32,1.0,"{""C"": 2, ""A"": 4, ""B"": 4}","{""C"": 4, ""A"": 6, ""B"": 6}",3,3
"{B01,B02,B03,B04,B05,B06,B07,B08,B10,B12}|{B09,B11}",5,32,1.0,"{""C"": 2, ""B"": 4, ""A"": 4}","{""C"": 4, ""B"": 6, ""A"": 6}",3,3
"{B01,B02,B03,B04,B05,B06,B07,B09,B10,B11}|{B08,B12}",5,32,1.0,"{""C"": 2, ""B"": 3, ""A"": 5}","{""C"": 4, ""B"": 5, ""A"": 7}",3,3
"{B01,B02,B03,B04,B05,B06,B07,B10,B11,B12}|{B08,B09}",5,32,1.0,"{""C"": 2, ""B"": 4, ""A"": 4}","{""C"": 4, ""B"": 6, ""A"": 6}",3,3
"{B01,B02,B03,B04,B05,B07,B08,B09,B10,B11}|{B06,B12}",5,32,1.0,"{""C"": 3, ""B"": 2, ""A"": 5}","{""C"": 5, ""B"": 4, ""A"": 7}",3,3
"{B01,B02,B03,B04,B05,B07,B09,B10,B11,B12}|{B06,B08}",5,32,1.0,"{""C"": 3, ""B"": 3, ""A"": 4}","{""C"": 5, ""B"": 5, ""A"": 6}",3,3
"{B01,B02,B03,B05,B06,B07,B08,B09,B10,B11}|{B04,B12}",5,32,1.0,"{""C"": 3, ""B"": 2, ""A"": 5}","{""C"": 5, ""B"": 4, ""A"": 7}",3,3
"{B01,B02,B03,B05,B06,B07,B09,B10,B11,B12}|{B04,B08}",5,32,1.0,"{""C"": 3, ""B"": 3, ""A"": 4}","{""C"": 5, ""B"": 5, ""A"": 6}",3,3
"{B01,B02,B03,B05,B07,B08,B09,B10,B11}|{B04,B06,B12}",5,32,1.0,"{""C"": 3, ""B"": 2, ""A"": 5}","{""C"": 5, ""B"": 4, ""A"": 7}",3,3
"{B01,B02,B03,B05,B07,B09,B10,B11,B12}|{B04,B06,B08}",5,32,1.0,"{""C"": 3, ""B"": 3, ""A"": 4}","{""C"": 5, ""B"": 5, ""A"": 6}",3,3
"{B01,B02,B04,B05,B06,B07,B08,B09,B10,B11}|{B03,B12}",5,32,1.0,"{""B"": 2, ""C"": 3, ""A"": 5}","{""B"": 4, ""C"": 5, ""A"": 7}",3,3
"{B01,B02,B04,B05,B07,B08,B09,B10,B11,B12}|{B03,B06}",5,32,1.0,"{""B"": 2, ""C"": 4, ""A"": 5}","{""B"": 4, ""C"": 5, ""A"": 6}",3,3
"{B01,B02,B05,B06,B07,B08,B09,B10,B11,B12}|{B03,B04}",5,32,1.0,"{""B"": 2, ""C"": 4, ""A"": 5}","{""B"": 4, ""C"": 5, ""A"": 6}",3,3
"{B01,B02,B05,B07,B08,B09,B10,B11}|{B03,B04,B06,B12}",5,32,1.0,"{""B"": 2, ""C"": 4, ""A"": 5}","{""B"": 4, ""C"": 4, ""A"": 7}",3,3
"{B01,B02,B03,B04,B05,B06,B08,B09,B11}|{B07,B10,B12}",5,33,0.8,"{""C"": 2, ""B"": 3, ""A"": 5}","{""C"": 4, ""B"": 4, ""A"": 7}",4,4
"{B01,B02,B03,B04,B05,B06,B08,B09,B12}|{B07,B10,B11}",5,33,0.8,"{""C"": 2, ""A"": 4, ""B"": 4}","{""C"": 4, ""A"": 6, ""B"": 5}",4,4
"{B01,B02,B03,B04,B05,B06,B08,B10,B11,B12}|{B07,B09}",5,33,0.8,"{""C"": 2, ""B"": 4, ""A"": 4}","{""C"": 4, ""B"": 5, ""A"": 6}",4,4
"{B01,B02,B03,B04,B05,B06,B08,B11,B12}|{B07,B09,B10}",5,33,0.8,"{""C"": 2, ""B"": 4, ""A"": 4}","{""C"": 4, ""B"": 5, ""A"": 6}",4,4
"{B01,B02,B03,B04,B05,B06,B09,B10,B12}|{B07,B08,B11}",5,33,0.8,"{""C"": 2, ""B"": 3, ""A"": 4}","{""C"": 4, ""B"": 6, ""A"": 6}",4,4
"{B01,B02,B03,B04,B05,B08,B09,B11,B12}|{B06,B07,B10}",5,33,0.8,"{""C"": 3, ""B"": 3, ""A"": 4}","{""C"": 5, ""B"": 4, ""A"": 6}",4,4
"{B01,B02,B03,B05,B06,B08,B09,B11,B12}|{B04,B07,B10}",5,33,0.8,"{""C"": 3, ""B"": 3, ""A"": 4}","{""C"": 5, ""B"": 4, ""A"": 6}",4,4
"{B01,B02,B03,B05,B08,B09,B11,B12}|{B04,B06,B07,B10}",5,33,0.8,"{""C"": 3, ""B"": 3, ""A"": 4}","{""C"": 5, ""B"": 4, ""A"": 6}",4,4
"{B01,B03,B04,B05,B06,B07,B08,B09,B10,B11,B12}|{B02}",5,33,0.8,"{""C"": 3, ""B"": 3, ""A"": 4}","{""C"": 4, ""B"": 5, ""A"": 6}",4,4
"{B01,B03,B04,B05,B06,B07,B08,B09,B11,B12}|{B02,B10}",5,33,0.8,"{""C"": 3, ""B"": 3, ""A"": 4}","{""C"": 4, ""B"": 5, ""A"": 6}",4,4
"{B01,B03,B04,B05,B06,B07,B08,B10,B11,B12}|{B02,B09}",5,33,0.8,"{""C"": 3, ""B"": 3, ""A"": 4}","{""C"": 4, ""B"": 5, ""A"": 6}",4,4
"{B01,B03,B04,B05,B06,B07,B08,B11,B12}|{B02,B09,B10}",5,33,0.8,"{""C"": 3, ""B"": 3, ""A"": 4}","{""C"": 4, ""B"": 5, ""A"": 6}",4,4
"{B01,B03,B04,B05,B06,B07,B09,B10,B11,B12}|{B02,B08}",5,33,0.8,"{""C"": 3, ""B"": 3, ""A"": 4}","{""C"": 4, ""B"": 5, ""A"": 6}",4,4
"{B01,B03,B04,B05,B06,B07,B09,B10,B12}|{B02,B08,B11}",5,33,0.8,"{""C"": 3, ""B"": 3, ""A"": 4}","{""C"": 4, ""B"": 5, ""A"": 6}",4,4
"{B01,B03,B04,B05,B06,B07,B09,B11,B12}|{B02,B08,B10}",5,33,0.8,"{""C"": 3, ""B"": 3, ""A"": 4}","{""C"": 4, ""B"": 5, ""A"": 6}",4,4
"{B01,B03,B04,B05,B06,B08,B09,B12}|{B02,B07,B10,B11}",5,33,0.8,"{""C"": 3, ""A"": 4, ""B"": 4}","{""C"": 4, ""A"": 6, ""B"": 4}",4,4
"{B01,B03,B04,B05,B07,B08,B09,B10,B12}|{B02,B06,B11}",5,33,0.8,"{""C"": 3, ""B"": 3, ""A"": 4}","{""C"": 5, ""B"": 4, ""A"": 6}",4,4
"{B01,B05,B07,B08,B09,B10,B12}|{B02,B03,B04,B06,B11}",5,33,0.8,"{""B"": 3, ""C"": 3, ""A"": 5}","{""B"": 4, ""C"": 4, ""A"": 6}",4,4
"{B01,B02,B03,B04,B05,B06,B07,B08,B12}|{B09,B10,B11}",6,33,1.0,"{""C"": 2, ""A"": 4, ""B"": 4}","{""C"": 4, ""A"": 6, ""B"": 7}",3,3
"{B01,B02,B03,B04,B05,B06,B07,B09,B12}|{B08,B10,B11}",6,33,1.0,"{""C"": 2, ""A"": 4, ""B"": 4}","{""C"": 4, ""A"": 6, ""B"": 7}",3,3
"{B01,B02,B03,B04,B05,B06,B07,B10,B12}|{B08,B09,B11}",6,33,1.0,"{""C"": 2, ""B"": 4, ""A"": 4}","{""C"": 4, ""B"": 7, ""A"": 6}",3,3
"{B01,B02,B03,B04,B05,B06,B07,B11,B12}|{B08,B09,B10}",6,33,1.0,"{""C"": 2, ""B"": 4, ""A"": 4}","{""C"": 4, ""B"": 7, ""A"": 6}",3,3
"{B01,B02,B04,B05,B06,B07,B09,B10,B11,B12}|{B03,B08}",6,33,1.0,"{""B"": 3, ""C"": 3, ""A"": 5}","{""B"": 5, ""C"": 5, ""A"": 6}",3,3
"{B01,B02,B04,B05,B07,B08,B09,B10,B11}|{B03,B06,B12}",6,33,1.0,"{""B"": 2, ""C"": 4, ""A"": 5}","{""B"": 4, ""C"": 5, ""A"": 7}",3,3
"{B01,B02,B05,B06,B07,B08,B09,B10,B11}|{B03,B04,B12}",6,33,1.0,"{""B"": 2, ""C"": 4, ""A"": 5}","{""B"": 4, ""C"": 5, ""A"": 7}",3,3
"{B01,B02,B05,B07,B09,B10,B11,B12}|{B03,B04,B06,B08}",6,33,1.0,"{""B"": 3, ""C"": 4, ""A"": 5}","{""B"": 5, ""C"": 4, ""A"": 6}",3,3
"{B01,B09}|{B02,B03,B04,B05,B06,B07,B08,B10,B11,B12}",6,33,1.0,"{""C"": 3, ""A"": 5, ""B"": 3}","{""C"": 5, ""A"": 7, ""B"": 4}",3,3
"{B01,B05,B08,B09,B12}|{B02,B03,B04,B06,B07,B10,B11}",6,34,0.0,"{""C"": 3, ""A"": 5, ""B"": 4}","{""C"": 4, ""A"": 6, ""B"": 4}",4,4
"{B01,B05,B07,B08,B09,B10}|{B02,B03,B04,B06,B11,B12}",6,34,0.4,"{""B"": 3, ""C"": 3, ""A"": 5}","{""B"": 4, ""C"": 4, ""A"": 7}",4,4
"{B01,B02,B03,B04,B05,B06,B07,B08,B09,B10}|{B11,B12}",6,34,0.8,"{""C"": 2, ""B"": 3, ""A"": 5}","{""C"": 4, ""B"": 5, ""A"": 7}",4,4
"{B01,B02,B03,B04,B05,B06,B07,B08,B09,B11}|{B10,B12}",6,34,0.8,"{""C"": 2, ""B"": 3, ""A"": 5}","{""C"": 4, ""B"": 5, ""A"": 7}",4,4
"{B01,B02,B03,B04,B05,B06,B07,B08,B10,B11}|{B09,B12}",6,34,0.8,"{""C"": 2, ""B"": 3, ""A"": 5}","{""C"": 4, ""B"": 5, ""A"": 7}",4,4
"{B01,B02,B03,B04,B05,B06,B08,B09,B10,B11}|{B07,B12}",6,34,0.8,"{""C"": 2, ""B"": 3, ""A"": 5}","{""C"": 4, ""B"": 5, ""A"": 7}",4,4
"{B01,B02,B03,B04,B05,B06,B08,B09,B10}|{B07,B11,B12}",6,34,0.8,"{""C"": 2, ""B"": 3, ""A"": 5}","{""C"": 4, ""B"": 5, ""A"": 7}",4,4
"{B01,B02,B03,B04,B05,B06,B08,B10,B12}|{B07,B09,B11}",6,34,0.8,"{""C"": 2, ""B"": 4, ""A"": 4}","{""C"": 4, ""B"": 6, ""A"": 6}",4,4
"{B01,B02,B03,B04,B05,B06,B08,B12}|{B07,B09,B10,B11}",6,34,0.8,"{""C"": 2, ""A"": 4, ""B"": 4}","{""C"": 4, ""A"": 6, ""B"": 6}",4,4
"{B01,B02,B03,B04,B05,B06,B09,B10,B11}|{B07,B08,B12}",6,34,0.8,"{""C"": 2, ""B"": 3, ""A"": 5}","{""C"": 4, ""B"": 5, ""A"": 7}",4,4
"{B01,B02,B03,B04,B05,B06,B09,B11}|{B07,B08,B10,B12}",6,34,0.8,"{""C"": 2, ""B"": 3, ""A"": 5}","{""C"": 4, ""B"": 5, ""A"": 7}",4,4
"{B01,B02,B03,B04,B05,B06,B09,B12}|{B07,B08,B10,B11}",6,34,0.8,"{""C"": 2, ""A"": 4, ""B"": 4}","{""C"": 4, ""A"": 6, ""B"": 6}",4,4
"{B01,B02,B03,B04,B05,B06,B10,B11,B12}|{B07,B08,B09}",6,34,0.8,"{""C"": 2, ""B"": 4, ""A"": 4}","{""C"": 4, ""B"": 6, ""A"": 6}",4,4
"{B01,B02,B03,B04,B05,B06,B11,B12}|{B07,B08,B09,B10}",6,34,0.8,"{""C"": 2, ""B"": 4, ""A"": 4}","{""C"": 4, ""B"": 6, ""A"": 6}",4,4
"{B01,B02,B03,B04,B05,B07,B08,B09,B10,B12}|{B06,B11}",6,34,0.8,"{""C"": 3, ""B"": 3, ""A"": 4}","{""C"": 5, ""B"": 5, ""A"": 6}",4,4
"{B01,B02,B03,B04,B05,B07,B08,B09,B11,B12}|{B06,B10}",6,34,0.8,"{""C"": 3, ""B"": 3, ""A"": 4}","{""C"": 5, ""B"": 5, ""A"": 6}",4,4
"{B01,B02,B03,B04,B05,B07,B08,B10,B11,B12}|{B06,B09}",6,34,0.8,"{""C"": 3, ""B"": 3, ""A"": 4}","{""C"": 5, ""B"": 5, ""A"": 6}",4,4
"{B01,B02,B03,B04,B05,B08,B09,B10,B11,B12}|{B06,B07}",6,34,0.8,"{""C"": 3, ""B"": 3, ""A"": 4}","{""C"": 5, ""B"": 5, ""A"": 6}",4,4
"{B01,B02,B03,B04,B05,B08,B09,B10,B12}|{B06,B07,B11}",6,34,0.8,"{""C"": 3, ""B"": 3, ""A"": 4}","{""C"": 5, ""B"": 5, ""A"": 6}",4,4
"{B01,B02,B03,B04,B05,B09,B10,B11,B12}|{B06,B07,B08}",6,34,0.8,"{""C"": 3, ""B"": 3, ""A"": 4}","{""C"": 5, ""B"": 5, ""A"": 6}",4,4
"{B01,B02,B03,B04,B05,B09,B11,B12}|{B06,B07,B08,B10}",6,34,0.8,"{""C"": 3, ""B"": 3, ""A"": 4}","{""C"": 5, ""B"": 5, ""A"": 6}",4,4
"{B01,B02,B03,B05,B06,B07,B08,B09,B10,B12}|{B04,B11}",6,34,0.8,"{""C"": 3, ""B"": 3, ""A"": 4}","{""C"": 5, ""B"": 5, ""A"": 6}",4,4
"{B01,B02,B03,B05,B06,B07,B08,B09,B11,B12}|{B04,B10}",6,34,0.8,"{""C"": 3, ""B"": 3, ""A"": 4}","{""C"": 5, ""B"": 5, ""A"": 6}",4,4
"{B01,B02,B03,B05,B06,B07,B08,B10,B11,B12}|{B04,B09}",6,34,0.8,"{""C"": 3, ""B"": 3, ""A"": 4}","{""C"": 5, ""B"": 5, ""A"": 6}",4,4
"{B01,B02,B03,B05,B06,B08,B09,B10,B11,B12}|{B04,B07}",6,34,0.8,"{""C"": 3, ""B"": 3, ""A"": 4}","{""C"": 5, ""B"": 5, ""A"": 6}",4,4
"{B01,B02,B03,B05,B06,B08,B09,B10,B12}|{B04,B07,B11}",6,34,0.8,"{""C"": 3, ""B"": 3, ""A"": 4}","{""C"": 5, ""B"": 5, ""A"": 6}",4,4
"{B01,B02,B03,B05,B06,B09,B10,B11,B12}|{B04,B07,B08}",6,34,0.8,"{""C"": 3, ""B"": 3, ""A"": 4}","{""C"": 5, ""B"": 5, ""A"": 6}",4,4
"{B01,B02,B03,B05,B06,B09,B11,B12}|{B04,B07,B08,B10}",6,34,0.8,"{""C"": 3, ""B"": 3, ""A"": 4}","{""C"": 5, ""B"": 5, ""A"": 6}",4,4
"{B01,B02,B03,B05,B07,B08,B09,B10,B12}|{B04,B06,B11}",6,34,0.8,"{""C"": 3, ""B"": 3, ""A"": 4}","{""C"": 5, ""B"": 5, ""A"": 6}",4,4
"{B01,B02,B03,B05,B07,B08,B09,B11,B12}|{B04,B06,B10}",6,34,0.8,"{""C"": 3, ""B"": 3, ""A"": 4}","{""C"": 5, ""B"": 5, ""A"": 6}",4,4
"{B01,B02,B03,B05,B07,B08,B10,B11,B12}|{B04,B06,B09}",6,34,0.8,"{""C"": 3, ""B"": 3, ""A"": 4}","{""C"": 5, ""B"": 5, ""A"": 6}",4,4
"{B01,B02,B03,B05,B08,B09,B10,B11,B12}|{B04,B06,B07}",6,34,0.8,"{""C"": 3, ""B"": 3, ""A"": 4}","{""C"": 5, ""B"": 5, ""A"": 6}",4,4
"{B01,B02,B03,B05,B08,B09,B10,B12}|{B04,B06,B07,B11}",6,34,0.8,"{""C"": 3, ""B"": 3, ""A"": 4}","{""C"": 5, ""B"": 5, ""A"": 6}",4,4
"{B01,B02,B03,B05,B09,B10,B11,B12}|{B04,B06,B07,B08}",6,34,0.8,"{""C"": 3, ""B"": 3, ""A"": 4}","{""C"": 5, ""B"": 5, ""A"": 6}",4,4
"{B01,B02,B03,B05,B09,B11,B12}|{B04,B06,B07,B08,B10}",6,34,0.8,"{""C"": 3, ""B"": 3, ""A"": 4}","{""C"": 5, ""B"": 5, ""A"": 6}",4,4
"{B01,B02,B04,B05,B06,B08,B09,B11,B12}|{B03,B07,B10}",6,34,0.8,"{""B"": 3, ""C"": 3, ""A"": 5}","{""B"": 4, ""C"": 5, ""A"": 6}",4,4
"{B01,B02,B05,B08,B09,B11,B12}|{B03,B04,B06,B07,B10}",6,34,0.8,"{""B"": 3, ""C"": 4, ""A"": 5}","{""B"": 4, ""C"": 4, ""A"": 6}",4,4
"{B01,B03,B04,B05,B06,B07,B08,B09,B10}|{B02,B11,B12}",6,34,0.8,"{""C"": 3, ""B"": 3, ""A"": 5}","{""C"": 4, ""B"": 4, ""A"": 7}",4,4
"{B01,B03,B04,B05,B06,B07,B08,B09,B12}|{B02,B10,B11}",6,34,0.8,"{""C"": 3, ""A"": 4, ""B"": 4}","{""C"": 4, ""A"": 6, ""B"": 5}",4,4
"{B01,B03,B04,B05,B06,B07,B08,B10,B12}|{B02,B09,B11}",6,34,0.8,"{""C"": 3, ""B"": 4, ""A"": 4}","{""C"": 4, ""B"": 5, ""A"": 6}",4,4
"{B01,B03,B04,B05,B06,B08,B09,B10,B12}|{B02,B07,B11}",6,34,0.8,"{""C"": 3, ""B"": 4, ""A"": 4}","{""C"": 4, ""B"": 5, ""A"": 6}",4,4
"{B01,B03,B04,B05,B06,B08,B09,B11,B12}|{B02,B07,B10}",6,34,0.8,"{""C"": 3, ""B"": 4, ""A"": 4}","{""C"": 4, ""B"": 5, ""A"": 6}",4,4
"{B01,B03,B04,B05,B06,B08,B10,B12}|{B02,B07,B09,B11}",6,34,0.8,"{""C"": 3, ""B"": 4, ""A"": 4}","{""C"": 4, ""B"": 5, ""A"": 6}",4,4
"{B01,B03,B04,B05,B06,B08,B11,B12}|{B02,B07,B09,B10}",6,34,0.8,"{""C"": 3, ""B"": 4, ""A"": 4}","{""C"": 4, ""B"": 5, ""A"": 6}",4,4
"{B01,B03,B04,B05,B06,B08,B12}|{B02,B07,B09,B10,B11}",6,34,0.8,"{""C"": 3, ""A"": 4, ""B"": 4}","{""C"": 4, ""A"": 6, ""B"": 5}",4,4
"{B01,B03,B04,B05,B06,B09,B10,B12}|{B02,B07,B08,B11}",6,34,0.8,"{""C"": 3, ""B"": 4, ""A"": 4}","{""C"": 4, ""B"": 5, ""A"": 6}",4,4
"{B01,B03,B04,B05,B06,B09,B11,B12}|{B02,B07,B08,B10}",6,34,0.8,"{""C"": 3, ""B"": 4, ""A"": 4}","{""C"": 4, ""B"": 5, ""A"": 6}",4,4
"{B01,B03,B04,B05,B06,B09,B12}|{B02,B07,B08,B10,B11}",6,34,0.8,"{""C"": 3, ""A"": 4, ""B"": 4}","{""C"": 4, ""A"": 6, ""B"": 5}",4,4
"{B01,B03,B04,B05,B07,B08,B09,B10,B11,B12}|{B02,B06}",6,34,0.8,"{""C"": 3, ""B"": 3, ""A"": 4}","{""C"": 5, ""B"": 5, ""A"": 6}",4,4
"{B01,B03,B04,B05,B07,B08,B09,B11,B12}|{B02,B06,B10}",6,34,0.8,"{""C"": 3, ""B"": 3, ""A"": 4}","{""C"": 5, ""B"": 5, ""A"": 6}",4,4
"{B01,B03,B04,B05,B07,B08,B10,B11,B12}|{B02,B06,B09}",6,34,0.8,"{""C"": 3, ""B"": 3, ""A"": 4}","{""C"": 5, ""B"": 5, ""A"": 6}",4,4
"{B01,B03,B04,B05,B07,B08,B11,B12}|{B02,B06,B09,B10}",6,34,0.8,"{""C"": 3, ""B"": 3, ""A"": 4}","{""C"": 5, ""B"": 5, ""A"": 6}",4,4
"{B01,B03,B04,B05,B07,B09,B10,B11,B12}|{B02,B06,B08}",6,34,0.8,"{""C"": 3, ""B"": 3, ""A"": 4}","{""C"": 5, ""B"": 5, ""A"": 6}",4,4
"{B01,B03,B04,B05,B07,B09,B10,B12}|{B02,B06,B08,B11}",6,34,0.8,"{""C"": 3, ""B"": 3, ""A"": 4}","{""C"": 5, ""B"": 5, ""A"": 6}",4,4
"{B01,B03,B04,B05,B07,B09,B11,B12}|{B02,B06,B08,B10}",6,34,0.8,"{""C"": 3, ""B"": 3, ""A"": 4}","{""C"": 5, ""B"": 5, ""A"": 6}",4,4
"{B01,B03,B04,B05,B08,B09,B12}|{B02,B06,B07,B10,B11}",6,34,0.8,"{""C"": 3, ""A"": 4, ""B"": 4}","{""C"": 5, ""A"": 6, ""B"": 4}",4,4
"{B01,B03,B05,B06,B07,B08,B09,B10,B12}|{B02,B04,B11}",6,34,0.8,"{""C"": 4, ""B"": 3, ""A"": 4}","{""C"": 5, ""B"": 4, ""A"": 6}",4,4
"{B01,B03,B05,B07,B08,B09,B10,B12}|{B02,B04,B06,B11}",6,34,0.8,"{""C"": 4, ""B"": 3, ""A"": 4}","{""C"": 5, ""B"": 4, ""A"": 6}",4,4
"{B01,B04,B05,B06,B07,B08,B09,B10,B12}|{B02,B03,B11}",6,34,0.8,"{""C"": 3, ""B"": 3, ""A"": 5}","{""C"": 5, ""B"": 4, ""A"": 6}",4,4
"{B01,B04,B05,B07,B08,B09,B10,B12}|{B02,B03,B06,B11}",6,34,0.8,"{""B"": 3, ""C"": 3, ""A"": 5}","{""B"": 4, ""C"": 5, ""A"": 6}",4,4
"{B01,B05,B07,B08,B09,B10,B11,B12}|{B02,B03,B04,B06}",6,34,0.8,"{""B"": 3, ""C"": 3, ""A"": 5}","{""B"": 5, ""C"": 4, ""A"": 6}",4,4
"{B01,B05,B07,B08,B09,B11,B12}|{B02,B03,B04,B06,B10}",6,34,0.8,"{""B"": 3, ""C"": 3, ""A"": 5}","{""B"": 5, ""C"": 4, ""A"": 6}",4,4
"{B01,B05,B07,B08,B10,B11,B12}|{B02,B03,B04,B06,B09}",6,34,0.8,"{""B"": 3, ""C"": 3, ""A"": 5}","{""B"": 5, ""C"": 4, ""A"": 6}",4,4
"{B01,B05,B07,B08,B11,B12}|{B02,B03,B04,B06,B09,B10}",6,34,0.8,"{""B"": 3, ""C"": 3, ""A"": 5}","{""B"": 5, ""C"": 4, ""A"": 6}",4,4
"{B01,B05,B07,B09,B10,B11,B12}|{B02,B03,B04,B06,B08}",6,34,0.8,"{""B"": 3, ""C"": 3, ""A"": 5}","{""B"": 5, ""C"": 4, ""A"": 6}",4,4
"{B01,B05,B07,B09,B10,B12}|{B02,B03,B04,B06,B08,B11}",6,34,0.8,"{""B"": 3, ""C"": 3, ""A"": 5}","{""B"": 5, ""C"": 4, ""A"": 6}",4,4
"{B01,B05,B07,B09,B11,B12}|{B02,B03,B04,B06,B08,B10}",6,34,0.8,"{""B"": 3, ""C"": 3, ""A"": 5}","{""B"": 5, ""C"": 4, ""A"": 6}",4,4
"{B01,B02,B04,B07,B09,B10,B11}|{B03,B05,B06,B08,B12}",7,34,0.2,"{""B"": 3, ""C"": 4, ""A"": 5}","{""B"": 4, ""C"": 5, ""A"": 7}",3,3
"{B01,B02,B07,B09,B10,B11}|{B03,B04,B05,B06,B08,B12}",7,34,0.4,"{""B"": 3, ""C"": 4, ""A"": 5}","{""B"": 4, ""C"": 5, ""A"": 7}",3,3
"{B01,B02,B03,B04,B05,B06,B07,B12}|{B08,B09,B10,B11}",7,34,1.0,"{""C"": 2, ""A"": 4, ""B"": 4}","{""C"": 4, ""A"": 6, ""B"": 8}",3,3
"{B01,B02,B03,B04,B05,B07,B09,B10,B11}|{B06,B08,B12}",7,34,1.0,"{""C"": 3, ""B"": 3, ""A"": 5}","{""C"": 5, ""B"": 5, ""A"": 7}",3,3
"{B01,B02,B03,B04,B06,B07,B09,B10,B11,B12}|{B05,B08}",7,34,1.0,"{""C"": 3, ""B"": 3, ""A"": 5}","{""C"": 5, ""B"": 4, ""A"": 8}",3,3
"{B01,B02,B03,B04,B06,B07,B09,B10,B11}|{B05,B08,B12}",7,34,1.0,"{""C"": 3, ""B"": 3, ""A"": 6}","{""C"": 5, ""B"": 4, ""A"": 7}",3,3
"{B01,B02,B03,B04,B07,B09,B10,B11,B12}|{B05,B06,B08}",7,34,1.0,"{""C"": 3, ""B"": 3, ""A"": 5}","{""C"": 5, ""B"": 4, ""A"": 8}",3,3
"{B01,B02,B03,B04,B07,B09,B10,B11}|{B05,B06,B08,B12}",7,34,1.0,"{""C"": 3, ""B"": 3, ""A"": 6}","{""C"": 5, ""B"": 4, ""A"": 7}",3,3
"{B01,B02,B03,B05,B06,B07,B09,B10,B11}|{B04,B08,B12}",7,34,1.0,"{""C"": 3, ""B"": 3, ""A"": 5}","{""C"": 5, ""B"": 5, ""A"": 7}",3,3
"{B01,B02,B03,B05,B07,B09,B10,B11}|{B04,B06,B08,B12}",7,34,1.0,"{""C"": 3, ""B"": 3, ""A"": 5}","{""C"": 5, ""B"": 5, ""A"": 7}",3,3
"{B01,B02,B03,B07,B09,B10,B11,B12}|{B04,B05,B06,B08}",7,34,1.0,"{""C"": 3, ""B"": 3, ""A"": 5}","{""C"": 5, ""B"": 4, ""A"": 8}",3,3
"{B01,B02,B03,B07,B09,B10,B11}|{B04,B05,B06,B08,B12}",7,34,1.0,"{""C"": 3, ""B"": 3, ""A"": 6}","{""C"": 5, ""B"": 4, ""A"": 7}",3,3
"{B01,B02,B04,B05,B06,B07,B09,B10,B11}|{B03,B08,B12}",7,34,1.0,"{""B"": 3, ""C"": 3, ""A"": 5}","{""B"": 5, ""C"": 5, ""A"": 7}",3,3
"{B01,B02,B04,B05,B07,B09,B10,B11,B12}|{B03,B06,B08}",7,34,1.0,"{""B"": 3, ""C"": 4, ""A"": 5}","{""B"": 5, ""C"": 5, ""A"": 6}",3,3
"{B01,B02,B05,B06,B07,B09,B10,B11,B12}|{B03,B04,B08}",7,34,1.0,"{""B"": 3, ""C"": 4, ""A"": 5}","{""B"": 5, ""C"": 5, ""A"": 6}",3,3
"{B01,B02,B05,B07,B09,B10,B11}|{B03,B04,B06,B08,B12}",7,34,1.0,"{""B"": 3, ""C"": 4, ""A"": 5}","{""B"": 5, ""C"": 4, ""A"": 7}",3,3
"{B01,B08}|{B02,B03,B04,B05,B06,B07,B09,B10,B11,B12}",7,34,1.0,"{""C"": 3, ""A"": 5, ""B"": 3}","{""C"": 5, ""A"": 7, ""B"": 5}",3,3
"{B01,B09,B10}|{B02,B03,B04,B05,B06,B07,B08,B11,B12}",7,34,1.0,"{""B"": 3, ""C"": 3, ""A"": 5}","{""B"": 5, ""C"": 5, ""A"": 7}",3,3
"{B01,B10}|{B02,B03,B04,B05,B06,B07,B08,B09,B11,B12}",7,34,1.0,"{""B"": 3, ""C"": 3, ""A"": 5}","{""B"": 5, ""C"": 5, ""A"": 7}",3,3
"{B01,B11}|{B02,B03,B04,B05,B06,B07,B08,B09,B10,B12}",7,34,1.0,"{""B"": 3, ""C"": 3, ""A"": 5}","{""B"": 5, ""C"": 5, ""A"": 7}",3,3
"{B01}|{B02,B03,B04,B05,B06,B07,B08,B09,B10,B11,B12}",7,34,1.0,"{""C"": 3, ""A"": 5, ""B"": 3}","{""C"": 5, ""A"": 7, ""B"": 5}",3,3
"{B01,B05,B07,B08,B11}|{B02,B03,B04,B06,B09,B10,B12}",7,35,0.0,"{""B"": 3, ""C"": 3, ""A"": 5}","{""B"": 5, ""C"": 4, ""A"": 7}",4,4
"{B01,B05,B07,B09,B10}|{B02,B03,B04,B06,B08,B11,B12}",7,35,0.0,"{""B"": 3, ""C"": 3, ""A"": 5}","{""B"": 5, ""C"": 4, ""A"": 7}",4,4
"{B01,B05,B07,B09,B11}|{B02,B03,B04,B06,B08,B10,B12}",7,35,0.0,"{""B"": 3, ""C"": 3, ""A"": 5}","{""B"": 5, ""C"": 4, ""A"": 7}",4,4
"{B01,B05,B08,B10,B12}|{B02,B03,B04,B06,B07,B09,B11}",7,35,0.0,"{""B"": 4, ""C"": 3, ""A"": 5}","{""B"": 5, ""C"": 4, ""A"": 6}",4,4
"{B01,B05,B08,B11,B12}|{B02,B03,B04,B06,B07,B09,B10}",7,35,0.0,"{""B"": 4, ""C"": 3, ""A"": 5}","{""B"": 5, ""C"": 4, ""A"": 6}",4,4
"{B01,B05,B08,B12}|{B02,B03,B04,B06,B07,B09,B10,B11}",7,35,0.0,"{""C"": 3, ""A"": 5, ""B"": 4}","{""C"": 4, ""A"": 6, ""B"": 5}",4,4
"{B01,B05,B09,B12}|{B02,B03,B04,B06,B07,B08,B10,B11}",7,35,0.0,"{""C"": 3, ""A"": 5, ""B"": 4}","{""C"": 4, ""A"": 6, ""B"": 5}",4,4
"{B01,B05,B07,B08,B09,B11}|{B02,B03,B04,B06,B10,B12}",7,35,0.4,"{""B"": 3, ""C"": 3, ""A"": 5}","{""B"": 5, ""C"": 4, ""A"": 7}",4,4
"{B01,B05,B07,B08,B10,B11}|{B02,B03,B04,B06,B09,B12}",7,35,0.4,"{""B"": 3, ""C"": 3, ""A"": 5}","{""B"": 5, ""C"": 4, ""A"": 7}",4,4
"{B01,B05,B07,B09,B10,B11}|{B02,B03,B04,B06,B08,B12}",7,35,0.4,"{""B"": 3, ""C"": 3, ""A"": 5}","{""B"": 5, ""C"": 4, ""A"": 7}",4,4
"{B01,B05,B08,B09}|{B02,B03,B04,B06,B07,B10,B11,B12}",7,35,0.4,"{""C"": 3, ""A"": 5, ""B"": 4}","{""C"": 4, ""A"": 7, ""B"": 4}",4,4
"{B01,B05,B09,B10,B12}|{B02,B03,B04,B06,B07,B08,B11}",7,35,0.4,"{""B"": 4, ""C"": 3, ""A"": 5}","{""B"": 5, ""C"": 4, ""A"": 6}",4,4
"{B01,B05,B09,B11,B12}|{B02,B03,B04,B06,B07,B08,B10}",7,35,0.4,"{""B"": 4, ""C"": 3, ""A"": 5}","{""B"": 5, ""C"": 4, ""A"": 6}",4,4
"{B01,B02,B03,B04,B05,B06,B07,B08,B11}|{B09,B10,B12}",7,35,0.8,"{""C"": 2, ""B"": 3, ""A"": 5}","{""C"": 4, ""B"": 6, ""A"": 7}",4,4
"{B01,B02,B03,B04,B05,B06,B07,B09,B10}|{B08,B11,B12}",7,35,0.8,"{""C"": 2, ""B"": 3, ""A"": 5}","{""C"": 4, ""B"": 6, ""A"": 7}",4,4
"{B01,B02,B03,B04,B05,B06,B07,B09,B11}|{B08,B10,B12}",7,35,0.8,"{""C"": 2, ""B"": 3, ""A"": 5}","{""C"": 4, ""B"": 6, ""A"": 7}",4,4
"{B01,B02,B03,B04,B05,B06,B08,B09}|{B07,B10,B11,B12}",7,35,0.8,"{""C"": 2, ""A"": 5, ""B"": 4}","{""C"": 4, ""A"": 7, ""B"": 5}",4,4
"{B01,B02,B03,B04,B05,B06,B08,B10,B11}|{B07,B09,B12}",7,35,0.8,"{""C"": 2, ""B"": 4, ""A"": 5}","{""C"": 4, ""B"": 5, ""A"": 7}",4,4
"{B01,B02,B03,B04,B05,B06,B08,B11}|{B07,B09,B10,B12}",7,35,0.8,"{""C"": 2, ""B"": 4, ""A"": 5}","{""C"": 4, ""B"": 5, ""A"": 7}",4,4
"{B01,B02,B03,B04,B05,B06,B09,B10}|{B07,B08,B11,B12}",7,35,0.8,"{""C"": 2, ""B"": 3, ""A"": 5}","{""C"": 4, ""B"": 6, ""A"": 7}",4,4
"{B01,B02,B03,B04,B05,B06,B10,B12}|{B07,B08,B09,B11}",7,35,0.8,"{""C"": 2, ""B"": 4, ""A"": 4}","{""C"": 4, ""B"": 7, ""A"": 6}",4,4
"{B01,B02,B03,B04,B05,B06,B12}|{B07,B08,B09,B10,B11}",7,35,0.8,"{""C"": 2, ""A"": 4, ""B"": 4}","{""C"": 4, ""A"": 6, ""B"": 7}",4,4
"{B01,B02,B03,B04,B05,B07,B08,B11,B12}|{B06,B09,B10}",7,35,0.8,"{""C"": 3, ""B"": 3, ""A"": 4}","{""C"": 5, ""B"": 6, ""A"": 6}",4,4
"{B01,B02,B03,B04,B05,B07,B09,B10,B12}|{B06,B08,B11}",7,35,0.8,"{""C"": 3, ""B"": 3, ""A"": 4}","{""C"": 5, ""B"": 6, ""A"": 6}",4,4
"{B01,B02,B03,B04,B05,B07,B09,B11,B12}|{B06,B08,B10}",7,35,0.8,"{""C"": 3, ""B"": 3, ""A"": 4}","{""C"": 5, ""B"": 6, ""A"": 6}",4,4
"{B01,B02,B03,B04,B05,B08,B09,B11}|{B06,B07,B10,B12}",7,35,0.8,"{""C"": 3, ""B"": 3, ""A"": 5}","{""C"": 5, ""B"": 4, ""A"": 7}",4,4
"{B01,B02,B03,B04,B05,B08,B09,B12}|{B06,B07,B10,B11}",7,35,0.8,"{""C"": 3, ""A"": 4, ""B"": 4}","{""C"": 5, ""A"": 6, ""B"": 5}",4,4
"{B01,B02,B03,B04,B05,B08,B10,B11,B12}|{B06,B07,B09}",7,35,0.8,"{""C"": 3, ""B"": 4, ""A"": 4}","{""C"": 5, ""B"": 5, ""A"": 6}",4,4
"{B01,B02,B03,B04,B05,B08,B11,B12}|{B06,B07,B09,B10}",7,35,0.8,"{""C"": 3, ""B"": 4, ""A"": 4}","{""C"": 5, ""B"": 5, ""A"": 6}",4,4
"{B01,B02,B03,B04,B05,B09,B10,B12}|{B06,B07,B08,B11}",7,35,0.8,"{""C"": 3, ""B"": 3, ""A"": 4}","{""C"": 5, ""B"": 6, ""A"": 6}",4,4
"{B01,B02,B03,B05,B06,B07,B08,B11,B12}|{B04,B09,B10}",7,35,0.8,"{""C"": 3, ""B"": 3, ""A"": 4}","{""C"": 5, ""B"": 6, ""A"": 6}",4,4
"{B01,B02,B03,B05,B06,B07,B09,B10,B12}|{B04,B08,B11}",7,35,0.8,"{""C"": 3, ""B"": 3, ""A"": 4}","{""C"": 5, ""B"": 6, ""A"": 6}",4,4
"{B01,B02,B03,B05,B06,B07,B09,B11,B12}|{B04,B08,B10}",7,35,0.8,"{""C"": 3, ""B"": 3, ""A"": 4}","{""C"": 5, ""B"": 6, ""A"": 6}",4,4
"{B01,B02,B03,B05,B06,B08,B09,B11}|{B04,B07,B10,B12}",7,35,0.8,"{""C"": 3, ""B"": 3, ""A"": 5}","{""C"": 5, ""B"": 4, ""A"": 7}",4,4
"{B01,B02,B03,B05,B06,B08,B09,B12}|{B04,B07,B10,B11}",7,35,0.8,"{""C"": 3, ""A"": 4, ""B"": 4}","{""C"": 5, ""A"": 6, ""B"": 5}",4,4
"{B01,B02,B03,B05,B06,B08,B10,B11,B12}|{B04,B07,B09}",7,35,0.8,"{""C"": 3, ""B"": 4, ""A"": 4}","{""C"": 5, ""B"": 5, ""A"": 6}",4,4
"{B01,B02,B03,B05,B06,B08,B11,B12}|{B04,B07,B09,B10}",7,35,0.8,"{""C"": 3, ""B"": 4, ""A"": 4}","{""C"": 5, ""B"": 5, ""A"": 6}",4,4
"{B01,B02,B03,B05,B06,B09,B10,B12}|{B04,B07,B08,B11}",7,35,0.8,"{""C"": 3, ""B"": 3, ""A"": 4}","{""C"": 5, ""B"": 6, ""A"": 6}",4,4
"{B01,B02,B03,B05,B07,B08,B11,B12}|{B04,B06,B09,B10}",7,35,0.8,"{""C"": 3, ""B"": 3, ""A"": 4}","{""C"": 5, ""B"": 6, ""A"": 6}",4,4
"{B01,B02,B03,B05,B07,B09,B10,B12}|{B04,B06,B08,B11}",7,35,0.8,"{""C"": 3, ""B"": 3, ""A"": 4}","{""C"": 5, ""B"": 6, ""A"": 6}",4,4
"{B01,B02,B03,B05,B07,B09,B11,B12}|{B04,B06,B08,B10}",7,35,0.8,"{""C"": 3, ""B"": 3, ""A"": 4}","{""C"": 5, ""B"": 6, ""A"": 6}",4,4
"{B01,B02,B03,B05,B08,B09,B11}|{B04,B06,B07,B10,B12}",7,35,0.8,"{""C"": 3, ""B"": 3, ""A"": 5}","{""C"": 5, ""B"": 4, ""A"": 7}",4,4
"{B01,B02,B03,B05,B08,B09,B12}|{B04,B06,B07,B10,B11}",7,35,0.8,"{""C"": 3, ""A"": 4, ""B"": 4}","{""C"": 5, ""A"": 6, ""B"": 5}",4,4
"{B01,B02,B03,B05,B08,B10,B11,B12}|{B04,B06,B07,B09}",7,35,0.8,"{""C"": 3, ""B"": 4, ""A"": 4}","{""C"": 5, ""B"": 5, ""A"": 6}",4,4
"{B01,B02,B03,B05,B08,B11,B12}|{B04,B06,B07,B09,B10}",7,35,0.8,"{""C"": 3, ""B"": 4, ""A"": 4}","{""C"": 5, ""B"": 5, ""A"": 6}",4,4
"{B01,B02,B03,B05,B09,B10,B12}|{B04,B06,B07,B08,B11}",7,35,0.8,"{""C"": 3, ""B"": 3, ""A"": 4}","{""C"": 5, ""B"": 6, ""A"": 6}",4,4
"{B01,B02,B04,B05,B06,B07,B08,B09,B10,B12}|{B03,B11}",7,35,0.8,"{""C"": 3, ""B"": 3, ""A"": 5}","{""C"": 5, ""B"": 5, ""A"": 6}",4,4
"{B01,B02,B04,B05,B06,B07,B08,B09,B11,B12}|{B03,B10}",7,35,0.8,"{""B"": 3, ""C"": 3, ""A"": 5}","{""B"": 5, ""C"": 5, ""A"": 6}",4,4
"{B01,B02,B04,B05,B06,B07,B08,B10,B11,B12}|{B03,B09}",7,35,0.8,"{""B"": 3, ""C"": 3, ""A"": 5}","{""B"": 5, ""C"": 5, ""A"": 6}",4,4
"{B01,B02,B04,B05,B06,B08,B09,B10,B11,B12}|{B03,B07}",7,35,0.8,"{""B"": 3, ""C"": 3, ""A"": 5}","{""B"": 5, ""C"": 5, ""A"": 6}",4,4
"{B01,B02,B04,B05,B06,B08,B09,B10,B12}|{B03,B07,B11}",7,35,0.8,"{""C"": 3, ""B"": 3, ""A"": 5}","{""C"": 5, ""B"": 5, ""A"": 6}",4,4
"{B01,B02,B04,B05,B06,B08,B09,B11}|{B03,B07,B10,B12}",7,35,0.8,"{""B"": 3, ""C"": 3, ""A"": 5}","{""B"": 4, ""C"": 5, ""A"": 7}",4,4
"{B01,B02,B04,B05,B06,B09,B10,B11,B12}|{B03,B07,B08}",7,35,0.8,"{""B"": 3, ""C"": 3, ""A"": 5}","{""B"": 5, ""C"": 5, ""A"": 6}",4,4
"{B01,B02,B04,B05,B06,B09,B11,B12}|{B03,B07,B08,B10}",7,35,0.8,"{""B"": 3, ""C"": 3, ""A"": 5}","{""B"": 5, ""C"": 5, ""A"": 6}",4,4
"{B01,B02,B04,B05,B08,B09,B11,B12}|{B03,B06,B07,B10}",7,35,0.8,"{""B"": 3, ""C"": 4, ""A"": 5}","{""B"": 4, ""C"": 5, ""A"": 6}",4,4
"{B01,B02,B05,B06,B08,B09,B11,B12}|{B03,B04,B07,B10}",7,35,0.8,"{""B"": 3, ""C"": 4, ""A"": 5}","{""B"": 4, ""C"": 5, ""A"": 6}",4,4
"{B01,B02,B05,B07,B08,B09,B10,B12}|{B03,B04,B06,B11}",7,35,0.8,"{""B"": 3, ""C"": 4, ""A"": 5}","{""B"": 5, ""C"": 4, ""A"": 6}",4,4
"{B01,B02,B05,B07,B08,B09,B11,B12}|{B03,B04,B06,B10}",7,35,0.8,"{""B"": 3, ""C"": 4, ""A"": 5}","{""B"": 5, ""C"": 4, ""A"": 6}",4,4
"{B01,B02,B05,B07,B08,B10,B11,B12}|{B03,B04,B06,B09}",7,35,0.8,"{""B"": 3, ""C"": 4, ""A"": 5}","{""B"": 5, ""C"": 4, ""A"": 6}",4,4
"{B01,B02,B05,B08,B09,B10,B11,B12}|{B03,B04,B06,B07}",7,35,0.8,"{""B"": 3, ""C"": 4, ""A"": 5}","{""B"": 5, ""C"": 4, ""A"": 6}",4,4
"{B01,B02,B05,B08,B09,B10,B12}|{B03,B04,B06,B07,B11}",7,35,0.8,"{""B"": 3, ""C"": 4, ""A"": 5}","{""B"": 5, ""C"": 4, ""A"": 6}",4,4
"{B01,B02,B05,B08,B09,B11}|{B03,B04,B06,B07,B10,B12}",7,35,0.8,"{""B"": 3, ""C"": 4, ""A"": 5}","{""B"": 4, ""C"": 4, ""A"": 7}",4,4
"{B01,B02,B05,B09,B10,B11,B12}|{B03,B04,B06,B07,B08}",7,35,0.8,"{""B"": 3, ""C"": 4, ""A"": 5}","{""B"": 5, ""C"": 4, ""A"": 6}",4,4
"{B01,B02,B05,B09,B11,B12}|{B03,B04,B06,B07,B08,B10}",7,35,0.8,"{""B"": 3, ""C"": 4, ""A"": 5}","{""B"": 5, ""C"": 4, ""A"": 6}",4,4
"{B01,B03,B04,B05,B06,B07,B08,B09,B10,B11}|{B02,B12}",7,35,0.8,"{""C"": 3, ""B"": 3, ""A"": 5}","{""C"": 4, ""B"": 5, ""A"": 7}",4,4
"{B01,B03,B04,B05,B06,B07,B08,B09,B11}|{B02,B10,B12}",7,35,0.8,"{""C"": 3, ""B"": 3, ""A"": 5}","{""C"": 4, ""B"": 5, ""A"": 7}",4,4
"{B01,B03,B04,B05,B06,B07,B08,B10,B11}|{B02,B09,B12}",7,35,0.8,"{""C"": 3, ""B"": 3, ""A"": 5}","{""C"": 4, ""B"": 5, ""A"": 7}",4,4
"{B01,B03,B04,B05,B06,B07,B08,B11}|{B02,B09,B10,B12}",7,35,0.8,"{""C"": 3, ""B"": 3, ""A"": 5}","{""C"": 4, ""B"": 5, ""A"": 7}",4,4
"{B01,B03,B04,B05,B06,B07,B08,B12}|{B02,B09,B10,B11}",7,35,0.8,"{""C"": 3, ""A"": 4, ""B"": 4}","{""C"": 4, ""A"": 6, ""B"": 6}",4,4
"{B01,B03,B04,B05,B06,B07,B09,B10,B11}|{B02,B08,B12}",7,35,0.8,"{""C"": 3, ""B"": 3, ""A"": 5}","{""C"": 4, ""B"": 5, ""A"": 7}",4,4
"{B01,B03,B04,B05,B06,B07,B09,B10}|{B02,B08,B11,B12}",7,35,0.8,"{""C"": 3, ""B"": 3, ""A"": 5}","{""C"": 4, ""B"": 5, ""A"": 7}",4,4
"{B01,B03,B04,B05,B06,B07,B09,B11}|{B02,B08,B10,B12}",7,35,0.8,"{""C"": 3, ""B"": 3, ""A"": 5}","{""C"": 4, ""B"": 5, ""A"": 7}",4,4
"{B01,B03,B04,B05,B06,B07,B09,B12}|{B02,B08,B10,B11}",7,35,0.8,"{""C"": 3, ""A"": 4, ""B"": 4}","{""C"": 4, ""A"": 6, ""B"": 6}",4,4
"{B01,B03,B04,B05,B06,B07,B10,B11,B12}|{B02,B08,B09}",7,35,0.8,"{""C"": 3, ""B"": 4, ""A"": 4}","{""C"": 4, ""B"": 6, ""A"": 6}",4,4
"{B01,B03,B04,B05,B06,B07,B10,B12}|{B02,B08,B09,B11}",7,35,0.8,"{""C"": 3, ""B"": 4, ""A"": 4}","{""C"": 4, ""B"": 6, ""A"": 6}",4,4
"{B01,B03,B04,B05,B06,B07,B11,B12}|{B02,B08,B09,B10}",7,35,0.8,"{""C"": 3, ""B"": 4, ""A"": 4}","{""C"": 4, ""B"": 6, ""A"": 6}",4,4
"{B01,B03,B04,B05,B06,B08,B09,B10,B11,B12}|{B02,B07}",7,35,0.8,"{""C"": 3, ""B"": 4, ""A"": 4}","{""C"": 4, ""B"": 6, ""A"": 6}",4,4
"{B01,B03,B04,B05,B06,B08,B09}|{B02,B07,B10,B11,B12}",7,35,0.8,"{""C"": 3, ""A"": 5, ""B"": 4}","{""C"": 4, ""A"": 7, ""B"": 4}",4,4
"{B01,B03,B04,B05,B06,B08,B10,B11,B12}|{B02,B07,B09}",7,35,0.8,"{""C"": 3, ""B"": 4, ""A"": 4}","{""C"": 4, ""B"": 6, ""A"": 6}",4,4
"{B01,B03,B04,B05,B06,B09,B10,B11,B12}|{B02,B07,B08}",7,35,0.8,"{""C"": 3, ""B"": 4, ""A"": 4}","{""C"": 4, ""B"": 6, ""A"": 6}",4,4
"{B01,B03,B04,B05,B06,B10,B11,B12}|{B02,B07,B08,B09}",7,35,0.8,"{""C"": 3, ""B"": 4, ""A"": 4}","{""C"": 4, ""B"": 6, ""A"": 6}",4,4
"{B01,B03,B04,B05,B06,B10,B12}|{B02,B07,B08,B09,B11}",7,35,0.8,"{""C"": 3, ""B"": 4, ""A"": 4}","{""C"": 4, ""B"": 6, ""A"": 6}",4,4
"{B01,B03,B04,B05,B06,B11,B12}|{B02,B07,B08,B09,B10}",7,35,0.8,"{""C"": 3, ""B"": 4, ""A"": 4}","{""C"": 4, ""B"": 6, ""A"": 6}",4,4
"{B01,B03,B04,B05,B06,B12}|{B02,B07,B08,B09,B10,B11}",7,35,0.8,"{""C"": 3, ""A"": 4, ""B"": 4}","{""C"": 4, ""A"": 6, ""B"": 6}",4,4
"{B01,B03,B04,B05,B07,B08,B09,B10}|{B02,B06,B11,B12}",7,35,0.8,"{""C"": 3, ""B"": 3, ""A"": 5}","{""C"": 5, ""B"": 4, ""A"": 7}",4,4
"{B01,B03,B04,B05,B07,B08,B09,B12}|{B02,B06,B10,B11}",7,35,0.8,"{""C"": 3, ""A"": 4, ""B"": 4}","{""C"": 5, ""A"": 6, ""B"": 5}",4,4
"{B01,B03,B04,B05,B07,B08,B10,B12}|{B02,B06,B09,B11}",7,35,0.8,"{""C"": 3, ""B"": 4, ""A"": 4}","{""C"": 5, ""B"": 5, ""A"": 6}",4,4
"{B01,B03,B04,B05,B08,B09,B10,B12}|{B02,B06,B07,B11}",7,35,0.8,"{""C"": 3, ""B"": 4, ""A"": 4}","{""C"": 5, ""B"": 5, ""A"": 6}",4,4
"{B01,B03,B04,B05,B08,B09,B11,B12}|{B02,B06,B07,B10}",7,35,0.8,"{""C"": 3, ""B"": 4, ""A"": 4}","{""C"": 5, ""B"": 5, ""A"": 6}",4,4
"{B01,B03,B04,B05,B08,B10,B12}|{B02,B06,B07,B09,B11}",7,35,0.8,"{""C"": 3, ""B"": 4, ""A"": 4}","{""C"": 5, ""B"": 5, ""A"": 6}",4,4
"{B01,B03,B04,B05,B08,B11,B12}|{B02,B06,B07,B09,B10}",7,35,0.8,"{""C"": 3, ""B"": 4, ""A"": 4}","{""C"": 5, ""B"": 5, ""A"": 6}",4,4
"{B01,B03,B04,B05,B08,B12}|{B02,B06,B07,B09,B10,B11}",7,35,0.8,"{""C"": 3, ""A"": 4, ""B"": 4}","{""C"": 5, ""A"": 6, ""B"": 5}",4,4
"{B01,B03,B04,B05,B09,B10,B12}|{B02,B06,B07,B08,B11}",7,35,0.8,"{""C"": 3, ""B"": 4, ""A"": 4}","{""C"": 5, ""B"": 5, ""A"": 6}",4,4
"{B01,B03,B04,B05,B09,B11,B12}|{B02,B06,B07,B08,B10}",7,35,0.8,"{""C"": 3, ""B"": 4, ""A"": 4}","{""C"": 5, ""B"": 5, ""A"": 6}",4,4
"{B01,B03,B04,B05,B09,B12}|{B02,B06,B07,B08,B10,B11}",7,35,0.8,"{""C"": 3, ""A"": 4, ""B"": 4}","{""C"": 5, ""A"": 6, ""B"": 5}",4,4
"{B01,B03,B05,B06,B07,B08,B09,B10,B11,B12}|{B02,B04}",7,35,0.8,"{""C"": 4, ""B"": 3, ""A"": 4}","{""C"": 5, ""B"": 5, ""A"": 6}",4,4
"{B01,B03,B05,B06,B07,B08,B09,B11,B12}|{B02,B04,B10}",7,35,0.8,"{""C"": 4, ""B"": 3, ""A"": 4}","{""C"": 5, ""B"": 5, ""A"": 6}",4,4
"{B01,B03,B05,B06,B07,B08,B10,B11,B12}|{B02,B04,B09}",7,35,0.8,"{""C"": 4, ""B"": 3, ""A"": 4}","{""C"": 5, ""B"": 5, ""A"": 6}",4,4
"{B01,B03,B05,B06,B07,B08,B11,B12}|{B02,B04,B09,B10}",7,35,0.8,"{""C"": 4, ""B"": 3, ""A"": 4}","{""C"": 5, ""B"": 5, ""A"": 6}",4,4
"{B01,B03,B05,B06,B07,B09,B10,B11,B12}|{B02,B04,B08}",7,35,0.8,"{""C"": 4, ""B"": 3, ""A"": 4}","{""C"": 5, ""B"": 5, ""A"": 6}",4,4
"{B01,B03,B05,B06,B07,B09,B10,B12}|{B02,B04,B08,B11}",7,35,0.8,"{""C"": 4, ""B"": 3, ""A"": 4}","{""C"": 5, ""B"": 5, ""A"": 6}",4,4
"{B01,B03,B05,B06,B07,B09,B11,B12}|{B02,B04,B08,B10}",7,35,0.8,"{""C"": 4, ""B"": 3, ""A"": 4}","{""C"": 5, ""B"": 5, ""A"": 6}",4,4
"{B01,B03,B05,B06,B08,B09,B12}|{B02,B04,B07,B10,B11}",7,35,0.8,"{""C"": 4, ""A"": 4, ""B"": 4}","{""C"": 5, ""A"": 6, ""B"": 4}",4,4
"{B01,B03,B05,B07,B08,B09,B10,B11,B12}|{B02,B04,B06}",7,35,0.8,"{""C"": 4, ""B"": 3, ""A"": 4}","{""C"": 5, ""B"": 5, ""A"": 6}",4,4
"{B01,B03,B05,B07,B08,B09,B11,B12}|{B02,B04,B06,B10}",7,35,0.8,"{""C"": 4, ""B"": 3, ""A"": 4}","{""C"": 5, ""B"": 5, ""A"": 6}",4,4
"{B01,B03,B05,B07,B08,B10,B11,B12}|{B02,B04,B06,B09}",7,35,0.8,"{""C"": 4, ""B"": 3, ""A"": 4}","{""C"": 5, ""B"": 5, ""A"": 6}",4,4
"{B01,B03,B05,B07,B08,B11,B12}|{B02,B04,B06,B09,B10}",7,35,0.8,"{""C"": 4, ""B"": 3, ""A"": 4}","{""C"": 5, ""B"": 5, ""A"": 6}",4,4
"{B01,B03,B05,B07,B09,B10,B11,B12}|{B02,B04,B06,B08}",7,35,0.8,"{""C"": 4, ""B"": 3, ""A"": 4}","{""C"": 5, ""B"": 5, ""A"": 6}",4,4
"{B01,B03,B05,B07,B09,B10,B12}|{B02,B04,B06,B08,B11}",7,35,0.8,"{""C"": 4, ""B"": 3, ""A"": 4}","{""C"": 5, ""B"": 5, ""A"": 6}",4,4
"{B01,B03,B05,B07,B09,B11,B12}|{B02,B04,B06,B08,B10}",7,35,0.8,"{""C"": 4, ""B"": 3, ""A"": 4}","{""C"": 5, ""B"": 5, ""A"": 6}",4,4
"{B01,B03,B05,B08,B09,B12}|{B02,B04,B06,B07,B10,B11}",7,35,0.8,"{""C"": 4, ""A"": 4, ""B"": 4}","{""C"": 5, ""A"": 6, ""B"": 4}",4,4
"{B01,B04,B05,B06,B07,B08,B09,B10,B11,B12}|{B02,B03}",7,35,0.8,"{""B"": 3, ""C"": 3, ""A"": 5}","{""B"": 5, ""C"": 5, ""A"": 6}",4,4
"{B01,B04,B05,B06,B07,B08,B09,B10}|{B02,B03,B11,B12}",7,35,0.8,"{""C"": 3, ""B"": 3, ""A"": 5}","{""C"": 5, ""B"": 4, ""A"": 7}",4,4
"{B01,B04,B05,B06,B07,B08,B09,B11,B12}|{B02,B03,B10}",7,35,0.8,"{""B"": 3, ""C"": 3, ""A"": 5}","{""B"": 5, ""C"": 5, ""A"": 6}",4,4
"{B01,B04,B05,B06,B07,B08,B10,B11,B12}|{B02,B03,B09}",7,35,0.8,"{""B"": 3, ""C"": 3, ""A"": 5}","{""B"": 5, ""C"": 5, ""A"": 6}",4,4
"{B01,B04,B05,B06,B07,B08,B11,B12}|{B02,B03,B09,B10}",7,35,0.8,"{""B"": 3, ""C"": 3, ""A"": 5}","{""B"": 5, ""C"": 5, ""A"": 6}",4,4
"{B01,B04,B05,B06,B07,B09,B10,B11,B12}|{B02,B03,B08}",7,35,0.8,"{""B"": 3, ""C"": 3, ""A"": 5}","{""B"": 5, ""C"": 5, ""A"": 6}",4,4
"{B01,B04,B05,B06,B07,B09,B10,B12}|{B02,B03,B08,B11}",7,35,0.8,"{""C"": 3, ""B"": 3, ""A"": 5}","{""C"": 5, ""B"": 5, ""A"": 6}",4,4
"{B01,B04,B05,B06,B07,B09,B11,B12}|{B02,B03,B08,B10}",7,35,0.8,"{""B"": 3, ""C"": 3, ""A"": 5}","{""B"": 5, ""C"": 5, ""A"": 6}",4,4
"{B01,B04,B05,B06,B08,B09,B12}|{B02,B03,B07,B10,B11}",7,35,0.8,"{""C"": 3, ""A"": 5, ""B"": 4}","{""C"": 5, ""A"": 6, ""B"": 4}",4,4
"{B01,B04,B05,B07,B08,B09,B10,B11,B12}|{B02,B03,B06}",7,35,0.8,"{""B"": 3, ""C"": 3, ""A"": 5}","{""B"": 5, ""C"": 5, ""A"": 6}",4,4
"{B01,B04,B05,B07,B08,B09,B10}|{B02,B03,B06,B11,B12}",7,35,0.8,"{""B"": 3, ""C"": 3, ""A"": 5}","{""B"": 4, ""C"": 5, ""A"": 7}",4,4
"{B01,B04,B05,B07,B08,B09,B11,B12}|{B02,B03,B06,B10}",7,35,0.8,"{""B"": 3, ""C"": 3, ""A"": 5}","{""B"": 5, ""C"": 5, ""A"": 6}",4,4
"{B01,B04,B05,B07,B08,B10,B11,B12}|{B02,B03,B06,B09}",7,35,0.8,"{""B"": 3, ""C"": 3, ""A"": 5}","{""B"": 5, ""C"": 5, ""A"": 6}",4,4
"{B01,B04,B05,B07,B08,B11,B12}|{B02,B03,B06,B09,B10}",7,35,0.8,"{""B"": 3, ""C"": 3, ""A"": 5}","{""B"": 5, ""C"": 5, ""A"": 6}",4,4
"{B01,B04,B05,B07,B09,B10,B11,B12}|{B02,B03,B06,B08}",7,35,0.8,"{""B"": 3, ""C"": 3, ""A"": 5}","{""B"": 5, ""C"": 5, ""A"": 6}",4,4
"{B01,B04,B05,B07,B09,B10,B12}|{B02,B03,B06,B08,B11}",7,35,0.8,"{""B"": 3, ""C"": 3, ""A"": 5}","{""B"": 5, ""C"": 5, ""A"": 6}",4,4
"{B01,B04,B05,B07,B09,B11,B12}|{B02,B03,B06,B08,B10}",7,35,0.8,"{""B"": 3, ""C"": 3, ""A"": 5}","{""B"": 5, ""C"": 5, ""A"": 6}",4,4
"{B01,B04,B05,B08,B09,B12}|{B02,B03,B06,B07,B10,B11}",7,35,0.8,"{""C"": 3, ""A"": 5, ""B"": 4}","{""C"": 5, ""A"": 6, ""B"": 4}",4,4
"{B01,B04,B09}|{B02,B03,B05,B06,B07,B08,B10,B11,B12}",7,35,0.8,"{""C"": 3, ""A"": 5, ""B"": 3}","{""C"": 5, ""A"": 7, ""B"": 4}",4,4
"{B01,B05,B06,B07,B08,B09,B10,B12}|{B02,B03,B04,B11}",7,35,0.8,"{""C"": 4, ""B"": 3, ""A"": 5}","{""C"": 5, ""B"": 4, ""A"": 6}",4,4
"{B01,B05,B07,B08,B09,B10,B11}|{B02,B03,B04,B06,B12}",7,35,0.8,"{""B"": 3, ""C"": 3, ""A"": 5}","{""B"": 5, ""C"": 4, ""A"": 7}",4,4
"{B01,B05,B07,B08,B09,B12}|{B02,B03,B04,B06,B10,B11}",7,35,0.8,"{""C"": 3, ""A"": 5, ""B"": 4}","{""C"": 4, ""A"": 6, ""B"": 5}",4,4
"{B01,B05,B07,B08,B10,B12}|{B02,B03,B04,B06,B09,B11}",7,35,0.8,"{""B"": 4, ""C"": 3, ""A"": 5}","{""B"": 5, ""C"": 4, ""A"": 6}",4,4
"{B01,B05,B08,B09,B10,B12}|{B02,B03,B04,B06,B07,B11}",7,35,0.8,"{""B"": 4, ""C"": 3, ""A"": 5}","{""B"": 5, ""C"": 4, ""A"": 6}",4,4
"{B01,B05,B08,B09,B11,B12}|{B02,B03,B04,B06,B07,B10}",7,35,0.8,"{""B"": 4, ""C"": 3, ""A"": 5}","{""B"": 5, ""C"": 4, ""A"": 6}",4,4
"{B01,B02,B06,B07,B09,B10,B11}|{B03,B04,B05,B08,B12}",8,35,0.2,"{""B"": 3, ""C"": 4, ""A"": 5}","{""B"": 4, ""C"": 6, ""A"": 7}",3,3
"{B01,B02,B07,B08,B09,B10,B11}|{B03,B04,B05,B06,B12}",8,35,0.2,"{""B"": 3, ""C"": 4, ""A"": 5}","{""B"": 5, ""C"": 5, ""A"": 7}",3,3
"{B01,B02,B03,B04,B06,B07,B08,B09,B10,B11,B12}|{B05}",8,35,1.0,"{""C"": 3, ""B"": 3, ""A"": 5}","{""C"": 5, ""B"": 5, ""A"": 8}",3,3
"{B01,B02,B03,B04,B06,B07,B08,B09,B10,B11}|{B05,B12}",8,35,1.0,"{""C"": 3, ""B"": 3, ""A"": 6}","{""C"": 5, ""B"": 5, ""A"": 7}",3,3
"{B01,B02,B03,B04,B07,B08,B09,B10,B11,B12}|{B05,B06}",8,35,1.0,"{""C"": 3, ""B"": 3, ""A"": 5}","{""C"": 5, ""B"": 5, ""A"": 8}",3,3
"{B01,B02,B03,B04,B07,B08,B09,B10,B11}|{B05,B06,B12}",8,35,1.0,"{""C"": 3, ""B"": 3, ""A"": 6}","{""C"": 5, ""B"": 5, ""A"": 7}",3,3
"{B01,B02,B03,B06,B07,B09,B10,B11,B12}|{B04,B05,B08}",8,35,1.0,"{""C"": 3, ""B"": 3, ""A"": 5}","{""C"": 6, ""B"": 4, ""A"": 8}",3,3
"{B01,B02,B03,B06,B07,B09,B10,B11}|{B04,B05,B08,B12}",8,35,1.0,"{""C"": 3, ""B"": 3, ""A"": 6}","{""C"": 6, ""B"": 4, ""A"": 7}",3,3
"{B01,B02,B03,B07,B08,B09,B10,B11,B12}|{B04,B05,B06}",8,35,1.0,"{""C"": 3, ""B"": 3, ""A"": 5}","{""C"": 5, ""B"": 5, ""A"": 8}",3,3
"{B01,B02,B03,B07,B08,B09,B10,B11}|{B04,B05,B06,B12}",8,35,1.0,"{""C"": 3, ""B"": 3, ""A"": 6}","{""C"": 5, ""B"": 5, ""A"": 7}",3,3
"{B01,B02,B04,B05,B07,B09,B10,B11}|{B03,B06,B08,B12}",8,35,1.0,"{""B"": 3, ""C"": 4, ""A"": 5}","{""B"": 5, ""C"": 5, ""A"": 7}",3,3
"{B01,B02,B04,B06,B07,B09,B10,B11}|{B03,B05,B08,B12}",8,35,1.0,"{""B"": 3, ""C"": 4, ""A"": 5}","{""B"": 4, ""C"": 6, ""A"": 7}",3,3
"{B01,B02,B04,B07,B08,B09,B10,B11}|{B03,B05,B06,B12}",8,35,1.0,"{""B"": 3, ""C"": 4, ""A"": 5}","{""B"": 5, ""C"": 5, ""A"": 7}",3,3
"{B01,B02,B05,B06,B07,B09,B10,B11}|{B03,B04,B08,B12}",8,35,1.0,"{""B"": 3, ""C"": 4, ""A"": 5}","{""B"": 5, ""C"": 5, ""A"": 7}",3,3
"{B01,B08,B09}|{B02,B03,B04,B05,B06,B07,B10,B11,B12}",8,35,1.0,"{""C"": 3, ""A"": 5, ""B"": 4}","{""C"": 5, ""A"": 7, ""B"": 5}",3,3
"{B01,B08,B10}|{B02,B03,B04,B05,B06,B07,B09,B11,B12}",8,35,1.0,"{""B"": 3, ""C"": 3, ""A"": 5}","{""B"": 6, ""C"": 5, ""A"": 7}",3,3
"{B01,B08,B11}|{B02,B03,B04,B05,B06,B07,B09,B10,B12}",8,35,1.0,"{""B"": 3, ""C"": 3, ""A"": 5}","{""B"": 6, ""C"": 5, ""A"": 7}",3,3
"{B01,B09,B11}|{B02,B03,B04,B05,B06,B07,B08,B10,B12}",8,35,1.0,"{""B"": 4, ""C"": 3, ""A"": 5}","{""B"": 5, ""C"": 5, ""A"": 7}",3,3
"{B01,B05,B07,B08,B09}|{B02,B03,B04,B06,B10,B11,B12}",8,36,0.0,"{""C"": 3, ""A"": 5, ""B"": 4}","{""C"": 4, ""A"": 7, ""B"": 5}",4,4
"{B01,B05,B07,B08,B10}|{B02,B03,B04,B06,B09,B11,B12}",8,36,0.0,"{""B"": 4, ""C"": 3, ""A"": 5}","{""B"": 5, ""C"": 4, ""A"": 7}",4,4
"{B01,B05,B07,B08,B12}|{B02,B03,B04,B06,B09,B10,B11}",8,36,0.0,"{""C"": 3, ""A"": 5, ""B"": 4}","{""C"": 4, ""A"": 6, ""B"": 6}",4,4
"{B01,B05,B07,B10,B12}|{B02,B03,B04,B06,B08,B09,B11}",8,36,0.0,"{""B"": 4, ""C"": 3, ""A"": 5}","{""B"": 6, ""C"": 4, ""A"": 6}",4,4
"{B01,B05,B07,B11,B12}|{B02,B03,B04,B06,B08,B09,B10}",8,36,0.0,"{""B"": 4, ""C"": 3, ""A"": 5}","{""B"": 6, ""C"": 4, ""A"": 6}",4,4
"{B01,B05,B08,B09,B10}|{B02,B03,B04,B06,B07,B11,B12}",8,36,0.0,"{""B"": 4, ""C"": 3, ""A"": 5}","{""B"": 5, ""C"": 4, ""A"": 7}",4,4
"{B01,B05,B08,B09,B11}|{B02,B03,B04,B06,B07,B10,B12}",8,36,0.0,"{""B"": 4, ""C"": 3, ""A"": 5}","{""B"": 5, ""C"": 4, ""A"": 7}",4,4
"{B01,B05,B09,B10}|{B02,B03,B04,B06,B07,B08,B11,B12}",8,36,0.0,"{""B"": 4, ""C"": 3, ""A"": 5}","{""B"": 5, ""C"": 4, ""A"": 7}",4,4
"{B01,B05,B09,B11}|{B02,B03,B04,B06,B07,B08,B10,B12}",8,36,0.0,"{""B"": 4, ""C"": 3, ""A"": 5}","{""B"": 5, ""C"": 4, ""A"": 7}",4,4
"{B01,B05,B10,B11,B12}|{B02,B03,B04,B06,B07,B08,B09}",8,36,0.0,"{""B"": 4, ""C"": 3, ""A"": 5}","{""B"": 6, ""C"": 4, ""A"": 6}",4,4
"{B01,B05,B10,B12}|{B02,B03,B04,B06,B07,B08,B09,B11}",8,36,0.0,"{""B"": 4, ""C"": 3, ""A"": 5}","{""B"": 6, ""C"": 4, ""A"": 6}",4,4
"{B01,B05,B11,B12}|{B02,B03,B04,B06,B07,B08,B09,B10}",8,36,0.0,"{""B"": 4, ""C"": 3, ""A"": 5}","{""B"": 6, ""C"": 4, ""A"": 6}",4,4
"{B01,B05,B12}|{B02,B03,B04,B06,B07,B08,B09,B10,B11}",8,36,0.0,"{""C"": 3, ""A"": 5, ""B"": 4}","{""C"": 4, ""A"": 6, ""B"": 6}",4,4
"{B01,B03,B04,B06,B09}|{B02,B05,B07,B08,B10,B11,B12}",8,36,0.2,"{""C"": 3, ""A"": 6, ""B"": 3}","{""C"": 5, ""A"": 7, ""B"": 4}",4,4
"{B01,B03,B04,B09}|{B02,B05,B06,B07,B08,B10,B11,B12}",8,36,0.4,"{""C"": 3, ""A"": 6, ""B"": 3}","{""C"": 5, ""A"": 7, ""B"": 4}",4,4
"{B01,B05,B07,B09,B12}|{B02,B03,B04,B06,B08,B10,B11}",8,36,0.4,"{""C"": 3, ""A"": 5, ""B"": 4}","{""C"": 4, ""A"": 6, ""B"": 6}",4,4
"{B01,B05,B08,B10}|{B02,B03,B04,B06,B07,B09,B11,B12}",8,36,0.4,"{""B"": 4, ""C"": 3, ""A"": 5}","{""B"": 5, ""C"": 4, ""A"": 7}",4,4
"{B01,B05,B08,B11}|{B02,B03,B04,B06,B07,B09,B10,B12}",8,36,0.4,"{""B"": 4, ""C"": 3, ""A"": 5}","{""B"": 5, ""C"": 4, ""A"": 7}",4,4
"{B01,B03,B09,B12}|{B02,B04,B05,B06,B07,B08,B10,B11}",8,36,0.6,"{""C"": 3, ""A"": 5, ""B"": 3}","{""C"": 5, ""A"": 8, ""B"": 4}",4,4
"{B01,B05,B08}|{B02,B03,B04,B06,B07,B09,B10,B11,B12}",8,36,0.6,"{""C"": 3, ""A"": 5, ""B"": 4}","{""C"": 4, ""A"": 7, ""B"": 5}",4,4
"{B01,B05,B09}|{B02,B03,B04,B06,B07,B08,B10,B11,B12}",8,36,0.6,"{""C"": 3, ""A"": 5, ""B"": 4}","{""C"": 4, ""A"": 7, ""B"": 5}",4,4
"{B01,B02,B03,B04,B05,B06,B07,B08,B09}|{B10,B11,B12}",8,36,0.8,"{""C"": 2, ""A"": 5, ""B"": 4}","{""C"": 4, ""A"": 7, ""B"": 6}",4,4
"{B01,B02,B03,B04,B05,B06,B07,B08,B10}|{B09,B11,B12}",8,36,0.8,"{""C"": 2, ""B"": 4, ""A"": 5}","{""C"": 4, ""B"": 6, ""A"": 7}",4,4
"{B01,B02,B03,B04,B05,B06,B07,B10,B11}|{B08,B09,B12}",8,36,0.8,"{""C"": 2, ""B"": 4, ""A"": 5}","{""C"": 4, ""B"": 6, ""A"": 7}",4,4
"{B01,B02,B03,B04,B05,B06,B08,B10}|{B07,B09,B11,B12}",8,36,0.8,"{""C"": 2, ""B"": 4, ""A"": 5}","{""C"": 4, ""B"": 6, ""A"": 7}",4,4
"{B01,B02,B03,B04,B05,B06,B08}|{B07,B09,B10,B11,B12}",8,36,0.8,"{""C"": 2, ""A"": 5, ""B"": 4}","{""C"": 4, ""A"": 7, ""B"": 6}",4,4
"{B01,B02,B03,B04,B05,B06,B09}|{B07,B08,B10,B11,B12}",8,36,0.8,"{""C"": 2, ""A"": 5, ""B"": 4}","{""C"": 4, ""A"": 7, ""B"": 6}",4,4
"{B01,B02,B03,B04,B05,B06,B10,B11}|{B07,B08,B09,B12}",8,36,0.8,"{""C"": 2, ""B"": 4, ""A"": 5}","{""C"": 4, ""B"": 6, ""A"": 7}",4,4
"{B01,B02,B03,B04,B05,B06,B11}|{B07,B08,B09,B10,B12}",8,36,0.8,"{""C"": 2, ""B"": 4, ""A"": 5}","{""C"": 4, ""B"": 6, ""A"": 7}",4,4
"{B01,B02,B03,B04,B05,B07,B08,B09,B10}|{B06,B11,B12}",8,36,0.8,"{""C"": 3, ""B"": 3, ""A"": 5}","{""C"": 5, ""B"": 5, ""A"": 7}",4,4
"{B01,B02,B03,B04,B05,B07,B08,B09,B11}|{B06,B10,B12}",8,36,0.8,"{""C"": 3, ""B"": 3, ""A"": 5}","{""C"": 5, ""B"": 5, ""A"": 7}",4,4
"{B01,B02,B03,B04,B05,B07,B08,B09,B12}|{B06,B10,B11}",8,36,0.8,"{""C"": 3, ""A"": 4, ""B"": 4}","{""C"": 5, ""A"": 6, ""B"": 6}",4,4
"{B01,B02,B03,B04,B05,B07,B08,B10,B11}|{B06,B09,B12}",8,36,0.8,"{""C"": 3, ""B"": 3, ""A"": 5}","{""C"": 5, ""B"": 5, ""A"": 7}",4,4
"{B01,B02,B03,B04,B05,B07,B08,B10,B12}|{B06,B09,B11}",8,36,0.8,"{""C"": 3, ""B"": 4, ""A"": 4}","{""C"": 5, ""B"": 6, ""A"": 6}",4,4
"{B01,B02,B03,B04,B05,B07,B10,B11,B12}|{B06,B08,B09}",8,36,0.8,"{""C"": 3, ""B"": 4, ""A"": 4}","{""C"": 5, ""B"": 6, ""A"": 6}",4,4
"{B01,B02,B03,B04,B05,B08,B09,B10,B11}|{B06,B07,B12}",8,36,0.8,"{""C"": 3, ""B"": 3, ""A"": 5}","{""C"": 5, ""B"": 5, ""A"": 7}",4,4
"{B01,B02,B03,B04,B05,B08,B09,B10}|{B06,B07,B11,B12}",8,36,0.8,"{""C"": 3, ""B"": 3, ""A"": 5}","{""C"": 5, ""B"": 5, ""A"": 7}",4,4
"{B01,B02,B03,B04,B05,B08,B10,B12}|{B06,B07,B09,B11}",8,36,0.8,"{""C"": 3, ""B"": 4, ""A"": 4}","{""C"": 5, ""B"": 6, ""A"": 6}",4,4
"{B01,B02,B03,B04,B05,B08,B12}|{B06,B07,B09,B10,B11}",8,36,0.8,"{""C"": 3, ""A"": 4, ""B"": 4}","{""C"": 5, ""A"": 6, ""B"": 6}",4,4
"{B01,B02,B03,B04,B05,B09,B10,B11}|{B06,B07,B08,B12}",8,36,0.8,"{""C"": 3, ""B"": 3, ""A"": 5}","{""C"": 5, ""B"": 5, ""A"": 7}",4,4
"{B01,B02,B03,B04,B05,B09,B11}|{B06,B07,B08,B10,B12}",8,36,0.8,"{""C"": 3, ""B"": 3, ""A"": 5}","{""C"": 5, ""B"": 5, ""A"": 7}",4,4
"{B01,B02,B03,B04,B05,B09,B12}|{B06,B07,B08,B10,B11}",8,36,0.8,"{""C"": 3, ""A"": 4, ""B"": 4}","{""C"": 5, ""A"": 6, ""B"": 6}",4,4
"{B01,B02,B03,B04,B05,B10,B11,B12}|{B06,B07,B08,B09}",8,36,0.8,"{""C"": 3, ""B"": 4, ""A"": 4}","{""C"": 5, ""B"": 6, ""A"": 6}",4,4
"{B01,B02,B03,B04,B05,B11,B12}|{B06,B07,B08,B09,B10}",8,36,0.8,"{""C"": 3, ""B"": 4, ""A"": 4}","{""C"": 5, ""B"": 6, ""A"": 6}",4,4
"{B01,B02,B03,B04,B06,B09,B10,B12}|{B05,B07,B08,B11}",8,36,0.8,"{""C"": 3, ""B"": 2, ""A"": 5}","{""C"": 5, ""B"": 5, ""A"": 8}",4,4
"{B01,B02,B03,B04,B06,B09,B10}|{B05,B07,B08,B11,B12}",8,36,0.8,"{""C"": 3, ""B"": 2, ""A"": 6}","{""C"": 5, ""B"": 5, ""A"": 7}",4,4
"{B01,B02,B03,B04,B06,B09,B11,B12}|{B05,B07,B08,B10}",8,36,0.8,"{""C"": 3, ""B"": 3, ""A"": 5}","{""C"": 5, ""B"": 4, ""A"": 8}",4,4
"{B01,B02,B03,B04,B06,B09,B11}|{B05,B07,B08,B10,B12}",8,36,0.8,"{""C"": 3, ""B"": 3, ""A"": 6}","{""C"": 5, ""B"": 4, ""A"": 7}",4,4
"{B01,B02,B03,B04,B09,B10,B12}|{B05,B06,B07,B08,B11}",8,36,0.8,"{""C"": 3, ""B"": 2, ""A"": 5}","{""C"": 5, ""B"": 5, ""A"": 8}",4,4
"{B01,B02,B03,B04,B09,B10}|{B05,B06,B07,B08,B11,B12}",8,36,0.8,"{""C"": 3, ""B"": 2, ""A"": 6}","{""C"": 5, ""B"": 5, ""A"": 7}",4,4
"{B01,B02,B03,B04,B09,B11,B12}|{B05,B06,B07,B08,B10}",8,36,0.8,"{""C"": 3, ""B"": 3, ""A"": 5}","{""C"": 5, ""B"": 4, ""A"": 8}",4,4
"{B01,B02,B03,B04,B09,B11}|{B05,B06,B07,B08,B10,B12}",8,36,0.8,"{""C"": 3, ""B"": 3, ""A"": 6}","{""C"": 5, ""B"": 4, ""A"": 7}",4,4
"{B01,B02,B03,B05,B06,B07,B08,B09,B10}|{B04,B11,B12}",8,36,0.8,"{""C"": 3, ""B"": 3, ""A"": 5}","{""C"": 5, ""B"": 5, ""A"": 7}",4,4
"{B01,B02,B03,B05,B06,B07,B08,B09,B11}|{B04,B10,B12}",8,36,0.8,"{""C"": 3, ""B"": 3, ""A"": 5}","{""C"": 5, ""B"": 5, ""A"": 7}",4,4
"{B01,B02,B03,B05,B06,B07,B08,B09,B12}|{B04,B10,B11}",8,36,0.8,"{""C"": 3, ""A"": 4, ""B"": 4}","{""C"": 5, ""A"": 6, ""B"": 6}",4,4
"{B01,B02,B03,B05,B06,B07,B08,B10,B11}|{B04,B09,B12}",8,36,0.8,"{""C"": 3, ""B"": 3, ""A"": 5}","{""C"": 5, ""B"": 5, ""A"": 7}",4,4
"{B01,B02,B03,B05,B06,B07,B08,B10,B12}|{B04,B09,B11}",8,36,0.8,"{""C"": 3, ""B"": 4, ""A"": 4}","{""C"": 5, ""B"": 6, ""A"": 6}",4,4
"{B01,B02,B03,B05,B06,B07,B10,B11,B12}|{B04,B08,B09}",8,36,0.8,"{""C"": 3, ""B"": 4, ""A"": 4}","{""C"": 5, ""B"": 6, ""A"": 6}",4,4
"{B01,B02,B03,B05,B06,B08,B09,B10,B11}|{B04,B07,B12}",8,36,0.8,"{""C"": 3, ""B"": 3, ""A"": 5}","{""C"": 5, ""B"": 5, ""A"": 7}",4,4
"{B01,B02,B03,B05,B06,B08,B09,B10}|{B04,B07,B11,B12}",8,36,0.8,"{""C"": 3, ""B"": 3, ""A"": 5}","{""C"": 5, ""B"": 5, ""A"": 7}",4,4
"{B01,B02,B03,B05,B06,B08,B10,B12}|{B04,B07,B09,B11}",8,36,0.8,"{""C"": 3, ""B"": 4, ""A"": 4}","{""C"": 5, ""B"": 6, ""A"": 6}",4,4
"{B01,B02,B03,B05,B06,B08,B12}|{B04,B07,B09,B10,B11}",8,36,0.8,"{""C"": 3, ""A"": 4, ""B"": 4}","{""C"": 5, ""A"": 6, ""B"": 6}",4,4
"{B01,B02,B03,B05,B06,B09,B10,B11}|{B04,B07,B08,B12}",8,36,0.8,"{""C"": 3, ""B"": 3, ""A"": 5}","{""C"": 5, ""B"": 5, ""A"": 7}",4,4
"{B01,B02,B03,B05,B06,B09,B11}|{B04,B07,B08,B10,B12}",8,36,0.8,"{""C"": 3, ""B"": 3, ""A"": 5}","{""C"": 5, ""B"": 5, ""A"": 7}",4,4
"{B01,B02,B03,B05,B06,B09,B12}|{B04,B07,B08,B10,B11}",8,36,0.8,"{""C"": 3, ""A"": 4, ""B"": 4}","{""C"": 5, ""A"": 6, ""B"": 6}",4,4
"{B01,B02,B03,B05,B06,B10,B11,B12}|{B04,B07,B08,B09}",8,36,0.8,"{""C"": 3, ""B"": 4, ""A"": 4}","{""C"": 5, ""B"": 6, ""A"": 6}",4,4
"{B01,B02,B03,B05,B06,B11,B12}|{B04,B07,B08,B09,B10}",8,36,0.8,"{""C"": 3, ""B"": 4, ""A"": 4}","{""C"": 5, ""B"": 6, ""A"": 6}",4,4
"{B01,B02,B03,B05,B07,B08,B09,B10}|{B04,B06,B11,B12}",8,36,0.8,"{""C"": 3, ""B"": 3, ""A"": 5}","{""C"": 5, ""B"": 5, ""A"": 7}",4,4
"{B01,B02,B03,B05,B07,B08,B09,B11}|{B04,B06,B10,B12}",8,36,0.8,"{""C"": 3, ""B"": 3, ""A"": 5}","{""C"": 5, ""B"": 5, ""A"": 7}",4,4
"{B01,B02,B03,B05,B07,B08,B09,B12}|{B04,B06,B10,B11}",8,36,0.8,"{""C"": 3, ""A"": 4, ""B"": 4}","{""C"": 5, ""A"": 6, ""B"": 6}",4,4
"{B01,B02,B03,B05,B07,B08,B10,B11}|{B04,B06,B09,B12}",8,36,0.8,"{""C"": 3, ""B"": 3, ""A"": 5}","{""C"": 5, ""B"": 5, ""A"": 7}",4,4
"{B01,B02,B03,B05,B07,B08,B10,B12}|{B04,B06,B09,B11}",8,36,0.8,"{""C"": 3, ""B"": 4, ""A"": 4}","{""C"": 5, ""B"": 6, ""A"": 6}",4,4
"{B01,B02,B03,B05,B07,B10,B11,B12}|{B04,B06,B08,B09}",8,36,0.8,"{""C"": 3, ""B"": 4, ""A"": 4}","{""C"": 5, ""B"": 6, ""A"": 6}",4,4
"{B01,B02,B03,B05,B08,B09,B10,B11}|{B04,B06,B07,B12}",8,36,0.8,"{""C"": 3, ""B"": 3, ""A"": 5}","{""C"": 5, ""B"": 5, ""A"": 7}",4,4
"{B01,B02,B03,B05,B08,B09,B10}|{B04,B06,B07,B11,B12}",8,36,0.8,"{""C"": 3, ""B"": 3, ""A"": 5}","{""C"": 5, ""B"": 5, ""A"": 7}",4,4
"{B01,B02,B03,B05,B08,B10,B12}|{B04,B06,B07,B09,B11}",8,36,0.8,"{""C"": 3, ""B"": 4, ""A"": 4}","{""C"": 5, ""B"": 6, ""A"": 6}",4,4
"{B01,B02,B03,B05,B08,B12}|{B04,B06,B07,B09,B10,B11}",8,36,0.8,"{""C"": 3, ""A"": 4, ""B"": 4}","{""C"": 5, ""A"": 6, ""B"": 6}",4,4
"{B01,B02,B03,B05,B09,B10,B11}|{B04,B06,B07,B08,B12}",8,36,0.8,"{""C"": 3, ""B"": 3, ""A"": 5}","{""C"": 5, ""B"": 5, ""A"": 7}",4,4
"{B01,B02,B03,B05,B09,B11}|{B04,B06,B07,B08,B10,B12}",8,36,0.8,"{""C"": 3, ""B"": 3, ""A"": 5}","{""C"": 5, ""B"": 5, ""A"": 7}",4,4
"{B01,B02,B03,B05,B09,B12}|{B04,B06,B07,B08,B10,B11}",8,36,0.8,"{""C"": 3, ""A"": 4, ""B"": 4}","{""C"": 5, ""A"": 6, ""B"": 6}",4,4
"{B01,B02,B03,B05,B10,B11,B12}|{B04,B06,B07,B08,B09}",8,36,0.8,"{""C"": 3, ""B"": 4, ""A"": 4}","{""C"": 5, ""B"": 6, ""A"": 6}",4,4
"{B01,B02,B03,B05,B11,B12}|{B04,B06,B07,B08,B09,B10}",8,36,0.8,"{""C"": 3, ""B"": 4, ""A"": 4}","{""C"": 5, ""B"": 6, ""A"": 6}",4,4
"{B01,B02,B03,B09,B10,B12}|{B04,B05,B06,B07,B08,B11}",8,36,0.8,"{""C"": 3, ""B"": 2, ""A"": 5}","{""C"": 5, ""B"": 5, ""A"": 8}",4,4
"{B01,B02,B03,B09,B10}|{B04,B05,B06,B07,B08,B11,B12}",8,36,0.8,"{""C"": 3, ""B"": 2, ""A"": 6}","{""C"": 5, ""B"": 5, ""A"": 7}",4,4
"{B01,B02,B03,B09,B11,B12}|{B04,B05,B06,B07,B08,B10}",8,36,0.8,"{""C"": 3, ""B"": 3, ""A"": 5}","{""C"": 5, ""B"": 4, ""A"": 8}",4,4
"{B01,B02,B03,B09,B11}|{B04,B05,B06,B07,B08,B10,B12}",8,36,0.8,"{""C"": 3, ""B"": 3, ""A"": 6}","{""C"": 5, ""B"": 4, ""A"": 7}",4,4
"{B01,B02,B04,B05,B06,B07,B08,B09,B10}|{B03,B11,B12}",8,36,0.8,"{""C"": 3, ""B"": 3, ""A"": 5}","{""C"": 5, ""B"": 5, ""A"": 7}",4,4
"{B01,B02,B04,B05,B06,B07,B08,B09,B11}|{B03,B10,B12}",8,36,0.8,"{""B"": 3, ""C"": 3, ""A"": 5}","{""B"": 5, ""C"": 5, ""A"": 7}",4,4
"{B01,B02,B04,B05,B06,B07,B08,B10,B11}|{B03,B09,B12}",8,36,0.8,"{""B"": 3, ""C"": 3, ""A"": 5}","{""B"": 5, ""C"": 5, ""A"": 7}",4,4
"{B01,B02,B04,B05,B06,B07,B08,B11,B12}|{B03,B09,B10}",8,36,0.8,"{""B"": 3, ""C"": 3, ""A"": 5}","{""B"": 6, ""C"": 5, ""A"": 6}",4,4
"{B01,B02,B04,B05,B06,B07,B09,B10,B12}|{B03,B08,B11}",8,36,0.8,"{""C"": 3, ""B"": 3, ""A"": 5}","{""C"": 5, ""B"": 6, ""A"": 6}",4,4
"{B01,B02,B04,B05,B06,B07,B09,B11,B12}|{B03,B08,B10}",8,36,0.8,"{""B"": 3, ""C"": 3, ""A"": 5}","{""B"": 6, ""C"": 5, ""A"": 6}",4,4
"{B01,B02,B04,B05,B06,B08,B09,B10,B11}|{B03,B07,B12}",8,36,0.8,"{""B"": 3, ""C"": 3, ""A"": 5}","{""B"": 5, ""C"": 5, ""A"": 7}",4,4
"{B01,B02,B04,B05,B06,B08,B09,B10}|{B03,B07,B11,B12}",8,36,0.8,"{""C"": 3, ""B"": 3, ""A"": 5}","{""C"": 5, ""B"": 5, ""A"": 7}",4,4
"{B01,B02,B04,B05,B06,B08,B09,B12}|{B03,B07,B10,B11}",8,36,0.8,"{""C"": 3, ""A"": 5, ""B"": 4}","{""C"": 5, ""A"": 6, ""B"": 5}",4,4
"{B01,B02,B04,B05,B06,B08,B10,B11,B12}|{B03,B07,B09}",8,36,0.8,"{""B"": 4, ""C"": 3, ""A"": 5}","{""B"": 5, ""C"": 5, ""A"": 6}",4,4
"{B01,B02,B04,B05,B06,B08,B11,B12}|{B03,B07,B09,B10}",8,36,0.8,"{""B"": 4, ""C"": 3, ""A"": 5}","{""B"": 5, ""C"": 5, ""A"": 6}",4,4
"{B01,B02,B04,B05,B06,B09,B10,B11}|{B03,B07,B08,B12}",8,36,0.8,"{""B"": 3, ""C"": 3, ""A"": 5}","{""B"": 5, ""C"": 5, ""A"": 7}",4,4
"{B01,B02,B04,B05,B06,B09,B10,B12}|{B03,B07,B08,B11}",8,36,0.8,"{""C"": 3, ""B"": 3, ""A"": 5}","{""C"": 5, ""B"": 6, ""A"": 6}",4,4
"{B01,B02,B04,B05,B06,B09,B11}|{B03,B07,B08,B10,B12}",8,36,0.8,"{""B"": 3, ""C"": 3, ""A"": 5}","{""B"": 5, ""C"": 5, ""A"": 7}",4,4
"{B01,B02,B04,B05,B07,B08,B09,B10,B12}|{B03,B06,B11}",8,36,0.8,"{""B"": 3, ""C"": 4, ""A"": 5}","{""B"": 5, ""C"": 5, ""A"": 6}",4,4
"{B01,B02,B04,B05,B07,B08,B09,B11,B12}|{B03,B06,B10}",8,36,0.8,"{""B"": 3, ""C"": 4, ""A"": 5}","{""B"": 5, ""C"": 5, ""A"": 6}",4,4
"{B01,B02,B04,B05,B07,B08,B10,B11,B12}|{B03,B06,B09}",8,36,0.8,"{""B"": 3, ""C"": 4, ""A"": 5}","{""B"": 5, ""C"": 5, ""A"": 6}",4,4
"{B01,B02,B04,B05,B08,B09,B10,B11,B12}|{B03,B06,B07}",8,36,0.8,"{""B"": 3, ""C"": 4, ""A"": 5}","{""B"": 5, ""C"": 5, ""A"": 6}",4,4
"{B01,B02,B04,B05,B08,B09,B10,B12}|{B03,B06,B07,B11}",8,36,0.8,"{""B"": 3, ""C"": 4, ""A"": 5}","{""B"": 5, ""C"": 5, ""A"": 6}",4,4
"{B01,B02,B04,B05,B08,B09,B11}|{B03,B06,B07,B10,B12}",8,36,0.8,"{""B"": 3, ""C"": 4, ""A"": 5}","{""B"": 4, ""C"": 5, ""A"": 7}",4,4
"{B01,B02,B04,B05,B09,B10,B11,B12}|{B03,B06,B07,B08}",8,36,0.8,"{""B"": 3, ""C"": 4, ""A"": 5}","{""B"": 5, ""C"": 5, ""A"": 6}",4,4
"{B01,B02,B04,B05,B09,B11,B12}|{B03,B06,B07,B08,B10}",8,36,0.8,"{""B"": 3, ""C"": 4, ""A"": 5}","{""B"": 5, ""C"": 5, ""A"": 6}",4,4
"{B01,B02,B04,B09,B10}|{B03,B05,B06,B07,B08,B11,B12}",8,36,0.8,"{""B"": 2, ""C"": 4, ""A"": 5}","{""B"": 5, ""C"": 5, ""A"": 7}",4,4
"{B01,B02,B04,B09,B11}|{B03,B05,B06,B07,B08,B10,B12}",8,36,0.8,"{""B"": 3, ""C"": 4, ""A"": 5}","{""B"": 4, ""C"": 5, ""A"": 7}",4,4
"{B01,B02,B05,B06,B07,B08,B09,B10,B12}|{B03,B04,B11}",8,36,0.8,"{""C"": 4, ""B"": 3, ""A"": 5}","{""C"": 5, ""B"": 5, ""A"": 6}",4,4
"{B01,B02,B05,B06,B07,B08,B09,B11,B12}|{B03,B04,B10}",8,36,0.8,"{""B"": 3, ""C"": 4, ""A"": 5}","{""B"": 5, ""C"": 5, ""A"": 6}",4,4
"{B01,B02,B05,B06,B07,B08,B10,B11,B12}|{B03,B04,B09}",8,36,0.8,"{""B"": 3, ""C"": 4, ""A"": 5}","{""B"": 5, ""C"": 5, ""A"": 6}",4,4
"{B01,B02,B05,B06,B08,B09,B10,B11,B12}|{B03,B04,B07}",8,36,0.8,"{""B"": 3, ""C"": 4, ""A"": 5}","{""B"": 5, ""C"": 5, ""A"": 6}",4,4
"{B01,B02,B05,B06,B08,B09,B10,B12}|{B03,B04,B07,B11}",8,36,0.8,"{""C"": 4, ""B"": 3, ""A"": 5}","{""C"": 5, ""B"": 5, ""A"": 6}",4,4
"{B01,B02,B05,B06,B08,B09,B11}|{B03,B04,B07,B10,B12}",8,36,0.8,"{""B"": 3, ""C"": 4, ""A"": 5}","{""B"": 4, ""C"": 5, ""A"": 7}",4,4
"{B01,B02,B05,B06,B09,B10,B11,B12}|{B03,B04,B07,B08}",8,36,0.8,"{""B"": 3, ""C"": 4, ""A"": 5}","{""B"": 5, ""C"": 5, ""A"": 6}",4,4
"{B01,B02,B05,B06,B09,B11,B12}|{B03,B04,B07,B08,B10}",8,36,0.8,"{""B"": 3, ""C"": 4, ""A"": 5}","{""B"": 5, ""C"": 5, ""A"": 6}",4,4
"{B01,B02,B05,B07,B08,B09,B10}|{B03,B04,B06,B11,B12}",8,36,0.8,"{""B"": 3, ""C"": 4, ""A"": 5}","{""B"": 5, ""C"": 4, ""A"": 7}",4,4
"{B01,B02,B05,B07,B08,B09,B11}|{B03,B04,B06,B10,B12}",8,36,0.8,"{""B"": 3, ""C"": 4, ""A"": 5}","{""B"": 5, ""C"": 4, ""A"": 7}",4,4
"{B01,B02,B05,B07,B08,B10,B11}|{B03,B04,B06,B09,B12}",8,36,0.8,"{""B"": 3, ""C"": 4, ""A"": 5}","{""B"": 5, ""C"": 4, ""A"": 7}",4,4
"{B01,B02,B05,B07,B08,B11,B12}|{B03,B04,B06,B09,B10}",8,36,0.8,"{""B"": 3, ""C"": 4, ""A"": 5}","{""B"": 6, ""C"": 4, ""A"": 6}",4,4
"{B01,B02,B05,B07,B09,B10,B12}|{B03,B04,B06,B08,B11}",8,36,0.8,"{""B"": 3, ""C"": 4, ""A"": 5}","{""B"": 6, ""C"": 4, ""A"": 6}",4,4
"{B01,B02,B05,B07,B09,B11,B12}|{B03,B04,B06,B08,B10}",8,36,0.8,"{""B"": 3, ""C"": 4, ""A"": 5}","{""B"": 6, ""C"": 4, ""A"": 6}",4,4
"{B01,B02,B05,B08,B09,B10,B11}|{B03,B04,B06,B07,B12}",8,36,0.8,"{""B"": 3, ""C"": 4, ""A"": 5}","{""B"": 5, ""C"": 4, ""A"": 7}",4,4
"{B01,B02,B05,B08,B09,B10}|{B03,B04,B06,B07,B11,B12}",8,36,0.8,"{""B"": 3, ""C"": 4, ""A"": 5}","{""B"": 5, ""C"": 4, ""A"": 7}",4,4
"{B01,B02,B05,B08,B09,B12}|{B03,B04,B06,B07,B10,B11}",8,36,0.8,"{""C"": 4, ""A"": 5, ""B"": 4}","{""C"": 4, ""A"": 6, ""B"": 5}",4,4
"{B01,B02,B05,B08,B10,B11,B12}|{B03,B04,B06,B07,B09}",8,36,0.8,"{""B"": 4, ""C"": 4, ""A"": 5}","{""B"": 5, ""C"": 4, ""A"": 6}",4,4
"{B01,B02,B05,B08,B11,B12}|{B03,B04,B06,B07,B09,B10}",8,36,0.8,"{""B"": 4, ""C"": 4, ""A"": 5}","{""B"": 5, ""C"": 4, ""A"": 6}",4,4
"{B01,B02,B05,B09,B10,B11}|{B03,B04,B06,B07,B08,B12}",8,36,0.8,"{""B"": 3, ""C"": 4, ""A"": 5}","{""B"": 5, ""C"": 4, ""A"": 7}",4,4
"{B01,B02,B05,B09,B10,B12}|{B03,B04,B06,B07,B08,B11}",8,36,0.8,"{""B"": 3, ""C"": 4, ""A"": 5}","{""B"": 6, ""C"": 4, ""A"": 6}",4,4
"{B01,B02,B05,B09,B11}|{B03,B04,B06,B07,B08,B10,B12}",8,36,0.8,"{""B"": 3, ""C"": 4, ""A"": 5}","{""B"": 5, ""C"": 4, ""A"": 7}",4,4
"{B01,B02,B09,B10}|{B03,B04,B05,B06,B07,B08,B11,B12}",8,36,0.8,"{""B"": 2, ""C"": 4, ""A"": 5}","{""B"": 5, ""C"": 5, ""A"": 7}",4,4
"{B01,B02,B09,B11}|{B03,B04,B05,B06,B07,B08,B10,B12}",8,36,0.8,"{""B"": 3, ""C"": 4, ""A"": 5}","{""B"": 4, ""C"": 5, ""A"": 7}",4,4
"{B01,B03,B04,B05,B06,B07,B08,B09}|{B02,B10,B11,B12}",8,36,0.8,"{""C"": 3, ""A"": 5, ""B"": 4}","{""C"": 4, ""A"": 7, ""B"": 5}",4,4
"{B01,B03,B04,B05,B06,B07,B08,B10}|{B02,B09,B11,B12}",8,36,0.8,"{""C"": 3, ""B"": 4, ""A"": 5}","{""C"": 4, ""B"": 5, ""A"": 7}",4,4
"{B01,B03,B04,B05,B06,B07,B12}|{B02,B08,B09,B10,B11}",8,36,0.8,"{""C"": 3, ""A"": 4, ""B"": 4}","{""C"": 4, ""A"": 6, ""B"": 7}",4,4
"{B01,B03,B04,B05,B06,B08,B09,B10}|{B02,B07,B11,B12}",8,36,0.8,"{""C"": 3, ""B"": 4, ""A"": 5}","{""C"": 4, ""B"": 5, ""A"": 7}",4,4
"{B01,B03,B04,B05,B06,B08,B09,B11}|{B02,B07,B10,B12}",8,36,0.8,"{""C"": 3, ""B"": 4, ""A"": 5}","{""C"": 4, ""B"": 5, ""A"": 7}",4,4
"{B01,B03,B04,B05,B06,B08,B10}|{B02,B07,B09,B11,B12}",8,36,0.8,"{""C"": 3, ""B"": 4, ""A"": 5}","{""C"": 4, ""B"": 5, ""A"": 7}",4,4
"{B01,B03,B04,B05,B06,B08,B11}|{B02,B07,B09,B10,B12}",8,36,0.8,"{""C"": 3, ""B"": 4, ""A"": 5}","{""C"": 4, ""B"": 5, ""A"": 7}",4,4
"{B01,B03,B04,B05,B06,B08}|{B02,B07,B09,B10,B11,B12}",8,36,0.8,"{""C"": 3, ""A"": 5, ""B"": 4}","{""C"": 4, ""A"": 7, ""B"": 5}",4,4
"{B01,B03,B04,B05,B06,B09,B10}|{B02,B07,B08,B11,B12}",8,36,0.8,"{""C"": 3, ""B"": 4, ""A"": 5}","{""C"": 4, ""B"": 5, ""A"": 7}",4,4
"{B01,B03,B04,B05,B06,B09,B11}|{B02,B07,B08,B10,B12}",8,36,0.8,"{""C"": 3, ""B"": 4, ""A"": 5}","{""C"": 4, ""B"": 5, ""A"": 7}",4,4
"{B01,B03,B04,B05,B06,B09}|{B02,B07,B08,B10,B11,B12}",8,36,0.8,"{""C"": 3, ""A"": 5, ""B"": 4}","{""C"": 4, ""A"": 7, ""B"": 5}",4,4
"{B01,B03,B04,B05,B07,B08,B09,B10,B11}|{B02,B06,B12}",8,36,0.8,"{""C"": 3, ""B"": 3, ""A"": 5}","{""C"": 5, ""B"": 5, ""A"": 7}",4,4
"{B01,B03,B04,B05,B07,B08,B09,B11}|{B02,B06,B10,B12}",8,36,0.8,"{""C"": 3, ""B"": 3, ""A"": 5}","{""C"": 5, ""B"": 5, ""A"": 7}",4,4
"{B01,B03,B04,B05,B07,B08,B10,B11}|{B02,B06,B09,B12}",8,36,0.8,"{""C"": 3, ""B"": 3, ""A"": 5}","{""C"": 5, ""B"": 5, ""A"": 7}",4,4
"{B01,B03,B04,B05,B07,B08,B11}|{B02,B06,B09,B10,B12}",8,36,0.8,"{""C"": 3, ""B"": 3, ""A"": 5}","{""C"": 5, ""B"": 5, ""A"": 7}",4,4
"{B01,B03,B04,B05,B07,B08,B12}|{B02,B06,B09,B10,B11}",8,36,0.8,"{""C"": 3, ""A"": 4, ""B"": 4}","{""C"": 5, ""A"": 6, ""B"": 6}",4,4
"{B01,B03,B04,B05,B07,B09,B10,B11}|{B02,B06,B08,B12}",8,36,0.8,"{""C"": 3, ""B"": 3, ""A"": 5}","{""C"": 5, ""B"": 5, ""A"": 7}",4,4
"{B01,B03,B04,B05,B07,B09,B10}|{B02,B06,B08,B11,B12}",8,36,0.8,"{""C"": 3, ""B"": 3, ""A"": 5}","{""C"": 5, ""B"": 5, ""A"": 7}",4,4
"{B01,B03,B04,B05,B07,B09,B11}|{B02,B06,B08,B10,B12}",8,36,0.8,"{""C"": 3, ""B"": 3, ""A"": 5}","{""C"": 5, ""B"": 5, ""A"": 7}",4,4
"{B01,B03,B04,B05,B07,B09,B12}|{B02,B06,B08,B10,B11}",8,36,0.8,"{""C"": 3, ""A"": 4, ""B"": 4}","{""C"": 5, ""A"": 6, ""B"": 6}",4,4
"{B01,B03,B04,B05,B07,B10,B11,B12}|{B02,B06,B08,B09}",8,36,0.8,"{""C"": 3, ""B"": 4, ""A"": 4}","{""C"": 5, ""B"": 6, ""A"": 6}",4,4
"{B01,B03,B04,B05,B07,B10,B12}|{B02,B06,B08,B09,B11}",8,36,0.8,"{""C"": 3, ""B"": 4, ""A"": 4}","{""C"": 5, ""B"": 6, ""A"": 6}",4,4
"{B01,B03,B04,B05,B07,B11,B12}|{B02,B06,B08,B09,B10}",8,36,0.8,"{""C"": 3, ""B"": 4, ""A"": 4}","{""C"": 5, ""B"": 6, ""A"": 6}",4,4
"{B01,B03,B04,B05,B08,B09,B10,B11,B12}|{B02,B06,B07}",8,36,0.8,"{""C"": 3, ""B"": 4, ""A"": 4}","{""C"": 5, ""B"": 6, ""A"": 6}",4,4
"{B01,B03,B04,B05,B08,B09}|{B02,B06,B07,B10,B11,B12}",8,36,0.8,"{""C"": 3, ""A"": 5, ""B"": 4}","{""C"": 5, ""A"": 7, ""B"": 4}",4,4
"{B01,B03,B04,B05,B08,B10,B11,B12}|{B02,B06,B07,B09}",8,36,0.8,"{""C"": 3, ""B"": 4, ""A"": 4}","{""C"": 5, ""B"": 6, ""A"": 6}",4,4
"{B01,B03,B04,B05,B09,B10,B11,B12}|{B02,B06,B07,B08}",8,36,0.8,"{""C"": 3, ""B"": 4, ""A"": 4}","{""C"": 5, ""B"": 6, ""A"": 6}",4,4
"{B01,B03,B04,B05,B10,B11,B12}|{B02,B06,B07,B08,B09}",8,36,0.8,"{""C"": 3, ""B"": 4, ""A"": 4}","{""C"": 5, ""B"": 6, ""A"": 6}",4,4
"{B01,B03,B04,B05,B10,B12}|{B02,B06,B07,B08,B09,B11}",8,36,0.8,"{""C"": 3, ""B"": 4, ""A"": 4}","{""C"": 5, ""B"": 6, ""A"": 6}",4,4
"{B01,B03,B04,B05,B11,B12}|{B02,B06,B07,B08,B09,B10}",8,36,0.8,"{""C"": 3, ""B"": 4, ""A"": 4}","{""C"": 5, ""B"": 6, ""A"": 6}",4,4
"{B01,B03,B04,B05,B12}|{B02,B06,B07,B08,B09,B10,B11}",8,36,0.8,"{""C"": 3, ""A"": 4, ""B"": 4}","{""C"": 5, ""A"": 6, ""B"": 6}",4,4
"{B01,B03,B04,B06,B09,B12}|{B02,B05,B07,B08,B10,B11}",8,36,0.8,"{""C"": 3, ""A"": 5, ""B"": 3}","{""C"": 5, ""A"": 8, ""B"": 4}",4,4
"{B01,B03,B04,B09,B12}|{B02,B05,B06,B07,B08,B10,B11}",8,36,0.8,"{""C"": 3, ""A"": 5, ""B"": 3}","{""C"": 5, ""A"": 8, ""B"": 4}",4,4
"{B01,B03,B05,B06,B07,B08,B09,B10}|{B02,B04,B11,B12}",8,36,0.8,"{""C"": 4, ""B"": 3, ""A"": 5}","{""C"": 5, ""B"": 4, ""A"": 7}",4,4
"{B01,B03,B05,B06,B07,B08,B09,B12}|{B02,B04,B10,B11}",8,36,0.8,"{""C"": 4, ""A"": 4, ""B"": 4}","{""C"": 5, ""A"": 6, ""B"": 5}",4,4
"{B01,B03,B05,B06,B07,B08,B10,B12}|{B02,B04,B09,B11}",8,36,0.8,"{""C"": 4, ""B"": 4, ""A"": 4}","{""C"": 5, ""B"": 5, ""A"": 6}",4,4
"{B01,B03,B05,B06,B08,B09,B10,B12}|{B02,B04,B07,B11}",8,36,0.8,"{""C"": 4, ""B"": 4, ""A"": 4}","{""C"": 5, ""B"": 5, ""A"": 6}",4,4
"{B01,B03,B05,B06,B08,B09,B11,B12}|{B02,B04,B07,B10}",8,36,0.8,"{""C"": 4, ""B"": 4, ""A"": 4}","{""C"": 5, ""B"": 5, ""A"": 6}",4,4
"{B01,B03,B05,B06,B08,B10,B12}|{B02,B04,B07,B09,B11}",8,36,0.8,"{""C"": 4, ""B"": 4, ""A"": 4}","{""C"": 5, ""B"": 5, ""A"": 6}",4,4
"{B01,B03,B05,B06,B08,B11,B12}|{B02,B04,B07,B09,B10}",8,36,0.8,"{""C"": 4, ""B"": 4, ""A"": 4}","{""C"": 5, ""B"": 5, ""A"": 6}",4,4
"{B01,B03,B05,B06,B08,B12}|{B02,B04,B07,B09,B10,B11}",8,36,0.8,"{""C"": 4, ""A"": 4, ""B"": 4}","{""C"": 5, ""A"": 6, ""B"": 5}",4,4
"{B01,B03,B05,B06,B09,B10,B12}|{B02,B04,B07,B08,B11}",8,36,0.8,"{""C"": 4, ""B"": 4, ""A"": 4}","{""C"": 5, ""B"": 5, ""A"": 6}",4,4
"{B01,B03,B05,B06,B09,B11,B12}|{B02,B04,B07,B08,B10}",8,36,0.8,"{""C"": 4, ""B"": 4, ""A"": 4}","{""C"": 5, ""B"": 5, ""A"": 6}",4,4
"{B01,B03,B05,B06,B09,B12}|{B02,B04,B07,B08,B10,B11}",8,36,0.8,"{""C"": 4, ""A"": 4, ""B"": 4}","{""C"": 5, ""A"": 6, ""B"": 5}",4,4
"{B01,B03,B05,B07,B08,B09,B10}|{B02,B04,B06,B11,B12}",8,36,0.8,"{""C"": 4, ""B"": 3, ""A"": 5}","{""C"": 5, ""B"": 4, ""A"": 7}",4,4
"{B01,B03,B05,B07,B08,B09,B12}|{B02,B04,B06,B10,B11}",8,36,0.8,"{""C"": 4, ""A"": 4, ""B"": 4}","{""C"": 5, ""A"": 6, ""B"": 5}",4,4
"{B01,B03,B05,B07,B08,B10,B12}|{B02,B04,B06,B09,B11}",8,36,0.8,"{""C"": 4, ""B"": 4, ""A"": 4}","{""C"": 5, ""B"": 5, ""A"": 6}",4,4
"{B01,B03,B05,B08,B09,B10,B12}|{B02,B04,B06,B07,B11}",8,36,0.8,"{""C"": 4, ""B"": 4, ""A"": 4}","{""C"": 5, ""B"": 5, ""A"": 6}",4,4
"{B01,B03,B05,B08,B09,B11,B12}|{B02,B04,B06,B07,B10}",8,36,0.8,"{""C"": 4, ""B"": 4, ""A"": 4}","{""C"": 5, ""B"": 5, ""A"": 6}",4,4
"{B01,B03,B05,B08,B10,B12}|{B02,B04,B06,B07,B09,B11}",8,36,0.8,"{""C"": 4, ""B"": 4, ""A"": 4}","{""C"": 5, ""B"": 5, ""A"": 6}",4,4
"{B01,B03,B05,B08,B11,B12}|{B02,B04,B06,B07,B09,B10}",8,36,0.8,"{""C"": 4, ""B"": 4, ""A"": 4}","{""C"": 5, ""B"": 5, ""A"": 6}",4,4
"{B01,B03,B05,B08,B12}|{B02,B04,B06,B07,B09,B10,B11}",8,36,0.8,"{""C"": 4, ""A"": 4, ""B"": 4}","{""C"": 5, ""A"": 6, ""B"": 5}",4,4
"{B01,B03,B05,B09,B10,B12}|{B02,B04,B06,B07,B08,B11}",8,36,0.8,"{""C"": 4, ""B"": 4, ""A"": 4}","{""C"": 5, ""B"": 5, ""A"": 6}",4,4
"{B01,B03,B05,B09,B11,B12}|{B02,B04,B06,B07,B08,B10}",8,36,0.8,"{""C"": 4, ""B"": 4, ""A"": 4}","{""C"": 5, ""B"": 5, ""A"": 6}",4,4
"{B01,B03,B05,B09,B12}|{B02,B04,B06,B07,B08,B10,B11}",8,36,0.8,"{""C"": 4, ""A"": 4, ""B"": 4}","{""C"": 5, ""A"": 6, ""B"": 5}",4,4
"{B01,B03,B09}|{B02,B04,B05,B06,B07,B08,B10,B11,B12}",8,36,0.8,"{""C"": 3, ""A"": 6, ""B"": 3}","{""C"": 5, ""A"": 7, ""B"": 4}",4,4
"{B01,B04,B05,B06,B07,B08,B09,B10,B11}|{B02,B03,B12}",8,36,0.8,"{""B"": 3, ""C"": 3, ""A"": 5}","{""B"": 5, ""C"": 5, ""A"": 7}",4,4
"{B01,B04,B05,B06,B07,B08,B09,B11}|{B02,B03,B10,B12}",8,36,0.8,"{""B"": 3, ""C"": 3, ""A"": 5}","{""B"": 5, ""C"": 5, ""A"": 7}",4,4
"{B01,B04,B05,B06,B07,B08,B09,B12}|{B02,B03,B10,B11}",8,36,0.8,"{""C"": 3, ""A"": 5, ""B"": 4}","{""C"": 5, ""A"": 6, ""B"": 5}",4,4
"{B01,B04,B05,B06,B07,B08,B10,B11}|{B02,B03,B09,B12}",8,36,0.8,"{""B"": 3, ""C"": 3, ""A"": 5}","{""B"": 5, ""C"": 5, ""A"": 7}",4,4
"{B01,B04,B05,B06,B07,B08,B10,B12}|{B02,B03,B09,B11}",8,36,0.8,"{""C"": 3, ""B"": 4, ""A"": 5}","{""C"": 5, ""B"": 5, ""A"": 6}",4,4
"{B01,B04,B05,B06,B07,B08,B11}|{B02,B03,B09,B10,B12}",8,36,0.8,"{""B"": 3, ""C"": 3, ""A"": 5}","{""B"": 5, ""C"": 5, ""A"": 7}",4,4
"{B01,B04,B05,B06,B07,B09,B10,B11}|{B02,B03,B08,B12}",8,36,0.8,"{""B"": 3, ""C"": 3, ""A"": 5}","{""B"": 5, ""C"": 5, ""A"": 7}",4,4
"{B01,B04,B05,B06,B07,B09,B10}|{B02,B03,B08,B11,B12}",8,36,0.8,"{""C"": 3, ""B"": 3, ""A"": 5}","{""C"": 5, ""B"": 5, ""A"": 7}",4,4
"{B01,B04,B05,B06,B07,B09,B11}|{B02,B03,B08,B10,B12}",8,36,0.8,"{""B"": 3, ""C"": 3, ""A"": 5}","{""B"": 5, ""C"": 5, ""A"": 7}",4,4
"{B01,B04,B05,B06,B08,B09,B10,B12}|{B02,B03,B07,B11}",8,36,0.8,"{""C"": 3, ""B"": 4, ""A"": 5}","{""C"": 5, ""B"": 5, ""A"": 6}",4,4
"{B01,B04,B05,B06,B08,B09,B11,B12}|{B02,B03,B07,B10}",8,36,0.8,"{""B"": 4, ""C"": 3, ""A"": 5}","{""B"": 5, ""C"": 5, ""A"": 6}",4,4
"{B01,B04,B05,B06,B08,B09}|{B02,B03,B07,B10,B11,B12}",8,36,0.8,"{""C"": 3, ""A"": 5, ""B"": 4}","{""C"": 5, ""A"": 7, ""B"": 4}",4,4
"{B01,B04,B05,B06,B08,B10,B12}|{B02,B03,B07,B09,B11}",8,36,0.8,"{""C"": 3, ""B"": 4, ""A"": 5}","{""C"": 5, ""B"": 5, ""A"": 6}",4,4
"{B01,B04,B05,B06,B08,B11,B12}|{B02,B03,B07,B09,B10}",8,36,0.8,"{""B"": 4, ""C"": 3, ""A"": 5}","{""B"": 5, ""C"": 5, ""A"": 6}",4,4
"{B01,B04,B05,B06,B08,B12}|{B02,B03,B07,B09,B10,B11}",8,36,0.8,"{""C"": 3, ""A"": 5, ""B"": 4}","{""C"": 5, ""A"": 6, ""B"": 5}",4,4
"{B01,B04,B05,B06,B09,B10,B12}|{B02,B03,B07,B08,B11}",8,36,0.8,"{""C"": 3, ""B"": 4, ""A"": 5}","{""C"": 5, ""B"": 5, ""A"": 6}",4,4
"{B01,B04,B05,B06,B09,B11,B12}|{B02,B03,B07,B08,B10}",8,36,0.8,"{""B"": 4, ""C"": 3, ""A"": 5}","{""B"": 5, ""C"": 5, ""A"": 6}",4,4
"{B01,B04,B05,B06,B09,B12}|{B02,B03,B07,B08,B10,B11}",8,36,0.8,"{""C"": 3, ""A"": 5, ""B"": 4}","{""C"": 5, ""A"": 6, ""B"": 5}",4,4
"{B01,B04,B05,B07,B08,B09,B10,B11}|{B02,B03,B06,B12}",8,36,0.8,"{""B"": 3, ""C"": 3, ""A"": 5}","{""B"": 5, ""C"": 5, ""A"": 7}",4,4
"{B01,B04,B05,B07,B08,B09,B11}|{B02,B03,B06,B10,B12}",8,36,0.8,"{""B"": 3, ""C"": 3, ""A"": 5}","{""B"": 5, ""C"": 5, ""A"": 7}",4,4
"{B01,B04,B05,B07,B08,B09,B12}|{B02,B03,B06,B10,B11}",8,36,0.8,"{""C"": 3, ""A"": 5, ""B"": 4}","{""C"": 5, ""A"": 6, ""B"": 5}",4,4
"{B01,B04,B05,B07,B08,B10,B11}|{B02,B03,B06,B09,B12}",8,36,0.8,"{""B"": 3, ""C"": 3, ""A"": 5}","{""B"": 5, ""C"": 5, ""A"": 7}",4,4
"{B01,B04,B05,B07,B08,B10,B12}|{B02,B03,B06,B09,B11}",8,36,0.8,"{""B"": 4, ""C"": 3, ""A"": 5}","{""B"": 5, ""C"": 5, ""A"": 6}",4,4
"{B01,B04,B05,B07,B08,B11}|{B02,B03,B06,B09,B10,B12}",8,36,0.8,"{""B"": 3, ""C"": 3, ""A"": 5}","{""B"": 5, ""C"": 5, ""A"": 7}",4,4
"{B01,B04,B05,B07,B09,B10,B11}|{B02,B03,B06,B08,B12}",8,36,0.8,"{""B"": 3, ""C"": 3, ""A"": 5}","{""B"": 5, ""C"": 5, ""A"": 7}",4,4
"{B01,B04,B05,B07,B09,B10}|{B02,B03,B06,B08,B11,B12}",8,36,0.8,"{""B"": 3, ""C"": 3, ""A"": 5}","{""B"": 5, ""C"": 5, ""A"": 7}",4,4
"{B01,B04,B05,B07,B09,B11}|{B02,B03,B06,B08,B10,B12}",8,36,0.8,"{""B"": 3, ""C"": 3, ""A"": 5}","{""B"": 5, ""C"": 5, ""A"": 7}",4,4
"{B01,B04,B05,B08,B09,B10,B12}|{B02,B03,B06,B07,B11}",8,36,0.8,"{""B"": 4, ""C"": 3, ""A"": 5}","{""B"": 5, ""C"": 5, ""A"": 6}",4,4
"{B01,B04,B05,B08,B09,B11,B12}|{B02,B03,B06,B07,B10}",8,36,0.8,"{""B"": 4, ""C"": 3, ""A"": 5}","{""B"": 5, ""C"": 5, ""A"": 6}",4,4
"{B01,B04,B05,B08,B09}|{B02,B03,B06,B07,B10,B11,B12}",8,36,0.8,"{""C"": 3, ""A"": 5, ""B"": 4}","{""C"": 5, ""A"": 7, ""B"": 4}",4,4
"{B01,B04,B05,B08,B10,B12}|{B02,B03,B06,B07,B09,B11}",8,36,0.8,"{""B"": 4, ""C"": 3, ""A"": 5}","{""B"": 5, ""C"": 5, ""A"": 6}",4,4
"{B01,B04,B05,B08,B11,B12}|{B02,B03,B06,B07,B09,B10}",8,36,0.8,"{""B"": 4, ""C"": 3, ""A"": 5}","{""B"": 5, ""C"": 5, ""A"": 6}",4,4
"{B01,B04,B05,B08,B12}|{B02,B03,B06,B07,B09,B10,B11}",8,36,0.8,"{""C"": 3, ""A"": 5, ""B"": 4}","{""C"": 5, ""A"": 6, ""B"": 5}",4,4
"{B01,B04,B05,B09,B10,B12}|{B02,B03,B06,B07,B08,B11}",8,36,0.8,"{""B"": 4, ""C"": 3, ""A"": 5}","{""B"": 5, ""C"": 5, ""A"": 6}",4,4
"{B01,B04,B05,B09,B11,B12}|{B02,B03,B06,B07,B08,B10}",8,36,0.8,"{""B"": 4, ""C"": 3, ""A"": 5}","{""B"": 5, ""C"": 5, ""A"": 6}",4,4
"{B01,B04,B05,B09,B12}|{B02,B03,B06,B07,B08,B10,B11}",8,36,0.8,"{""C"": 3, ""A"": 5, ""B"": 4}","{""C"": 5, ""A"": 6, ""B"": 5}",4,4
"{B01,B04,B07,B08,B10}|{B02,B03,B05,B06,B09,B11,B12}",8,36,0.8,"{""B"": 3, ""C"": 3, ""A"": 5}","{""B"": 5, ""C"": 5, ""A"": 7}",4,4
"{B01,B04,B07,B08}|{B02,B03,B05,B06,B09,B10,B11,B12}",8,36,0.8,"{""C"": 3, ""A"": 5, ""B"": 3}","{""C"": 5, ""A"": 7, ""B"": 5}",4,4
"{B01,B04,B07,B09,B10}|{B02,B03,B05,B06,B08,B11,B12}",8,36,0.8,"{""B"": 4, ""C"": 3, ""A"": 5}","{""B"": 4, ""C"": 5, ""A"": 7}",4,4
"{B01,B04,B07,B10}|{B02,B03,B05,B06,B08,B09,B11,B12}",8,36,0.8,"{""B"": 3, ""C"": 3, ""A"": 5}","{""B"": 5, ""C"": 5, ""A"": 7}",4,4
"{B01,B04,B07,B11}|{B02,B03,B05,B06,B08,B09,B10,B12}",8,36,0.8,"{""B"": 3, ""C"": 3, ""A"": 5}","{""B"": 5, ""C"": 5, ""A"": 7}",4,4
"{B01,B04,B08}|{B02,B03,B05,B06,B07,B09,B10,B11,B12}",8,36,0.8,"{""C"": 3, ""A"": 5, ""B"": 3}","{""C"": 5, ""A"": 7, ""B"": 5}",4,4
"{B01,B04,B09,B10}|{B02,B03,B05,B06,B07,B08,B11,B12}",8,36,0.8,"{""B"": 3, ""C"": 3, ""A"": 5}","{""B"": 5, ""C"": 5, ""A"": 7}",4,4
"{B01,B04,B10}|{B02,B03,B05,B06,B07,B08,B09,B11,B12}",8,36,0.8,"{""B"": 3, ""C"": 3, ""A"": 5}","{""B"": 5, ""C"": 5, ""A"": 7}",4,4
"{B01,B04,B11}|{B02,B03,B05,B06,B07,B08,B09,B10,B12}",8,36,0.8,"{""B"": 3, ""C"": 3, ""A"": 5}","{""B"": 5, ""C"": 5, ""A"": 7}",4,4
"{B01,B04}|{B02,B03,B05,B06,B07,B08,B09,B10,B11,B12}",8,36,0.8,"{""C"": 3, ""A"": 5, ""B"": 3}","{""C"": 5, ""A"": 7, ""B"": 5}",4,4
"{B01,B05,B06,B07,B08,B09,B10,B11,B12}|{B02,B03,B04}",8,36,0.8,"{""B"": 3, ""C"": 4, ""A"": 5}","{""B"": 5, ""C"": 5, ""A"": 6}",4,4
"{B01,B05,B06,B07,B08,B09,B10}|{B02,B03,B04,B11,B12}",8,36,0.8,"{""C"": 4, ""B"": 3, ""A"": 5}","{""C"": 5, ""B"": 4, ""A"": 7}",4,4
"{B01,B05,B06,B07,B08,B09,B11,B12}|{B02,B03,B04,B10}",8,36,0.8,"{""B"": 3, ""C"": 4, ""A"": 5}","{""B"": 5, ""C"": 5, ""A"": 6}",4,4
"{B01,B05,B06,B07,B08,B10,B11,B12}|{B02,B03,B04,B09}",8,36,0.8,"{""B"": 3, ""C"": 4, ""A"": 5}","{""B"": 5, ""C"": 5, ""A"": 6}",4,4
"{B01,B05,B06,B07,B08,B11,B12}|{B02,B03,B04,B09,B10}",8,36,0.8,"{""B"": 3, ""C"": 4, ""A"": 5}","{""B"": 5, ""C"": 5, ""A"": 6}",4,4
"{B01,B05,B06,B07,B09,B10,B11,B12}|{B02,B03,B04,B08}",8,36,0.8,"{""B"": 3, ""C"": 4, ""A"": 5}","{""B"": 5, ""C"": 5, ""A"": 6}",4,4
"{B01,B05,B06,B07,B09,B10,B12}|{B02,B03,B04,B08,B11}",8,36,0.8,"{""C"": 4, ""B"": 3, ""A"": 5}","{""C"": 5, ""B"": 5, ""A"": 6}",4,4
"{B01,B05,B06,B07,B09,B11,B12}|{B02,B03,B04,B08,B10}",8,36,0.8,"{""B"": 3, ""C"": 4, ""A"": 5}","{""B"": 5, ""C"": 5, ""A"": 6}",4,4
"{B01,B05,B06,B08,B09,B12}|{B02,B03,B04,B07,B10,B11}",8,36,0.8,"{""C"": 4, ""A"": 5, ""B"": 4}","{""C"": 5, ""A"": 6, ""B"": 4}",4,4
"{B01,B05,B07,B10,B11,B12}|{B02,B03,B04,B06,B08,B09}",8,36,0.8,"{""B"": 4, ""C"": 3, ""A"": 5}","{""B"": 6, ""C"": 4, ""A"": 6}",4,4
"{B01,B05,B08,B09,B10,B11,B12}|{B02,B03,B04,B06,B07}",8,36,0.8,"{""B"": 4, ""C"": 3, ""A"": 5}","{""B"": 6, ""C"": 4, ""A"": 6}",4,4
"{B01,B05,B08,B10,B11,B12}|{B02,B03,B04,B06,B07,B09}",8,36,0.8,"{""B"": 4, ""C"": 3, ""A"": 5}","{""B"": 6, ""C"": 4, ""A"": 6}",4,4
"{B01,B05,B09,B10,B11,B12}|{B02,B03,B04,B06,B07,B08}",8,36,0.8,"{""B"": 4, ""C"": 3, ""A"": 5}","{""B"": 6, ""C"": 4, ""A"": 6}",4,4
"{B01,B07,B08,B10}|{B02,B03,B04,B05,B06,B09,B11,B12}",8,36,0.8,"{""B"": 3, ""C"": 3, ""A"": 5}","{""B"": 5, ""C"": 5, ""A"": 7}",4,4
"{B01,B07,B08}|{B02,B03,B04,B05,B06,B09,B10,B11,B12}",8,36,0.8,"{""C"": 3, ""A"": 5, ""B"": 3}","{""C"": 5, ""A"": 7, ""B"": 5}",4,4
"{B01,B07,B09,B10}|{B02,B03,B04,B05,B06,B08,B11,B12}",8,36,0.8,"{""B"": 4, ""C"": 3, ""A"": 5}","{""B"": 4, ""C"": 5, ""A"": 7}",4,4
"{B01,B07,B10}|{B02,B03,B04,B05,B06,B08,B09,B11,B12}",8,36,0.8,"{""B"": 3, ""C"": 3, ""A"": 5}","{""B"": 5, ""C"": 5, ""A"": 7}",4,4
"{B01,B07,B11}|{B02,B03,B04,B05,B06,B08,B09,B10,B12}",8,36,0.8,"{""B"": 3, ""C"": 3, ""A"": 5}","{""B"": 5, ""C"": 5, ""A"": 7}",4,4
"{B01,B02,B06,B07,B08,B09,B10,B11}|{B03,B04,B05,B12}",9,36,0.6,"{""B"": 3, ""C"": 4, ""A"": 5}","{""B"": 5, ""C"": 6, ""A"": 7}",3,3
"{B01,B02,B07,B09,B10,B11,B12}|{B03,B04,B05,B06,B08}",9,36,0.6,"{""B"": 3, ""C"": 4, ""A"": 6}","{""B"": 4, ""C"": 5, ""A"": 8}",3,3
"{B01,B02,B03,B06,B07,B08,B09,B10,B11,B12}|{B04,B05}",9,36,1.0,"{""C"": 3, ""B"": 3, ""A"": 5}","{""C"": 6, ""B"": 5, ""A"": 8}",3,3
"{B01,B02,B03,B06,B07,B08,B09,B10,B11}|{B04,B05,B12}",9,36,1.0,"{""C"": 3, ""B"": 3, ""A"": 6}","{""C"": 6, ""B"": 5, ""A"": 7}",3,3
"{B01,B02,B04,B06,B07,B08,B09,B10,B11}|{B03,B05,B12}",9,36,1.0,"{""B"": 3, ""C"": 4, ""A"": 5}","{""B"": 5, ""C"": 6, ""A"": 7}",3,3
"{B01,B02,B04,B07,B09,B10,B11,B12}|{B03,B05,B06,B08}",9,36,1.0,"{""B"": 3, ""C"": 4, ""A"": 6}","{""B"": 4, ""C"": 5, ""A"": 8}",3,3
"{B01,B08,B09,B10}|{B02,B03,B04,B05,B06,B07,B11,B12}",9,36,1.0,"{""B"": 4, ""C"": 3, ""A"": 5}","{""B"": 6, ""C"": 5, ""A"": 7}",3,3
"{B01,B08,B09,B11}|{B02,B03,B04,B05,B06,B07,B10,B12}",9,36,1.0,"{""B"": 4, ""C"": 3, ""A"": 5}","{""B"": 6, ""C"": 5, ""A"": 7}",3,3
"{B01,B09,B10,B11}|{B02,B03,B04,B05,B06,B07,B08,B12}",9,36,1.0,"{""B"": 4, ""C"": 3, ""A"": 5}","{""B"": 6, ""C"": 5, ""A"": 7}",3,3
"{B01,B10,B11}|{B02,B03,B04,B05,B06,B07,B08,B09,B12}",9,36,1.0,"{""B"": 4, ""C"": 3, ""A"": 5}","{""B"": 6, ""C"": 5, ""A"": 7}",3,3
"{B01,B02,B03,B08,B10}|{B04,B05,B06,B07,B09,B11,B12}",9,37,0.0,"{""C"": 3, ""B"": 3, ""A"": 6}","{""C"": 5, ""B"": 5, ""A"": 7}",4,4
"{B01,B02,B04,B07,B08,B09,B10}|{B03,B05,B06,B11,B12}",9,37,0.0,"{""B"": 3, ""C"": 4, ""A"": 5}","{""B"": 5, ""C"": 5, ""A"": 7}",4,4
"{B01,B02,B04,B07,B08,B09,B11}|{B03,B05,B06,B10,B12}",9,37,0.0,"{""B"": 3, ""C"": 4, ""A"": 5}","{""B"": 5, ""C"": 5, ""A"": 7}",4,4
"{B01,B02,B04,B07,B08,B10,B11}|{B03,B05,B06,B09,B12}",9,37,0.0,"{""B"": 3, ""C"": 4, ""A"": 5}","{""B"": 5, ""C"": 5, ""A"": 7}",4,4
"{B01,B03,B04,B07,B08,B10}|{B02,B05,B06,B09,B11,B12}",9,37,0.0,"{""C"": 3, ""B"": 3, ""A"": 6}","{""C"": 5, ""B"": 5, ""A"": 7}",4,4
"{B01,B04,B05,B08}|{B02,B03,B06,B07,B09,B10,B11,B12}",9,37,0.0,"{""C"": 3, ""A"": 5, ""B"": 4}","{""C"": 5, ""A"": 7, ""B"": 5}",4,4
"{B01,B04,B05,B09}|{B02,B03,B06,B07,B08,B10,B11,B12}",9,37,0.0,"{""C"": 3, ""A"": 5, ""B"": 4}","{""C"": 5, ""A"": 7, ""B"": 5}",4,4
"{B01,B05,B07,B09}|{B02,B03,B04,B06,B08,B10,B11,B12}",9,37,0.0,"{""C"": 3, ""A"": 5, ""B"": 4}","{""C"": 4, ""A"": 7, ""B"": 6}",4,4
"{B01,B05,B07,B10,B11}|{B02,B03,B04,B06,B08,B09,B12}",9,37,0.0,"{""B"": 4, ""C"": 3, ""A"": 5}","{""B"": 6, ""C"": 4, ""A"": 7}",4,4
"{B01,B05,B07,B11}|{B02,B03,B04,B06,B08,B09,B10,B12}",9,37,0.0,"{""B"": 4, ""C"": 3, ""A"": 5}","{""B"": 6, ""C"": 4, ""A"": 7}",4,4
"{B01,B05,B07,B12}|{B02,B03,B04,B06,B08,B09,B10,B11}",9,37,0.0,"{""C"": 3, ""A"": 5, ""B"": 4}","{""C"": 4, ""A"": 6, ""B"": 7}",4,4
"{B01,B05,B08,B10,B11}|{B02,B03,B04,B06,B07,B09,B12}",9,37,0.0,"{""B"": 4, ""C"": 3, ""A"": 5}","{""B"": 6, ""C"": 4, ""A"": 7}",4,4
"{B01,B05,B09,B10,B11}|{B02,B03,B04,B06,B07,B08,B12}",9,37,0.0,"{""B"": 4, ""C"": 3, ""A"": 5}","{""B"": 6, ""C"": 4, ""A"": 7}",4,4
"{B01,B05,B10,B11}|{B02,B03,B04,B06,B07,B08,B09,B12}",9,37,0.0,"{""B"": 4, ""C"": 3, ""A"": 5}","{""B"": 6, ""C"": 4, ""A"": 7}",4,4
"{B01,B02,B03,B08}|{B04,B05,B06,B07,B09,B10,B11,B12}",9,37,0.2,"{""C"": 3, ""A"": 6, ""B"": 3}","{""C"": 5, ""A"": 7, ""B"": 5}",4,4
"{B01,B02,B03,B09}|{B04,B05,B06,B07,B08,B10,B11,B12}",9,37,0.2,"{""C"": 3, ""A"": 6, ""B"": 3}","{""C"": 5, ""A"": 7, ""B"": 5}",4,4
"{B01,B02,B03,B11}|{B04,B05,B06,B07,B08,B09,B10,B12}",9,37,0.2,"{""C"": 3, ""B"": 3, ""A"": 6}","{""C"": 5, ""B"": 5, ""A"": 7}",4,4
"{B01,B02,B04,B06,B09,B10}|{B03,B05,B07,B08,B11,B12}",9,37,0.2,"{""C"": 4, ""B"": 2, ""A"": 5}","{""C"": 6, ""B"": 5, ""A"": 7}",4,4
"{B01,B02,B04,B06,B09,B11}|{B03,B05,B07,B08,B10,B12}",9,37,0.2,"{""B"": 3, ""C"": 4, ""A"": 5}","{""B"": 4, ""C"": 6, ""A"": 7}",4,4
"{B01,B02,B04,B07,B08,B11}|{B03,B05,B06,B09,B10,B12}",9,37,0.2,"{""B"": 3, ""C"": 4, ""A"": 5}","{""B"": 5, ""C"": 5, ""A"": 7}",4,4
"{B01,B02,B04,B07,B09,B10}|{B03,B05,B06,B08,B11,B12}",9,37,0.2,"{""B"": 3, ""C"": 4, ""A"": 5}","{""B"": 5, ""C"": 5, ""A"": 7}",4,4
"{B01,B02,B04,B07,B09,B11}|{B03,B05,B06,B08,B10,B12}",9,37,0.2,"{""B"": 3, ""C"": 4, ""A"": 5}","{""B"": 5, ""C"": 5, ""A"": 7}",4,4
"{B01,B02,B04,B08,B09,B10}|{B03,B05,B06,B07,B11,B12}",9,37,0.2,"{""B"": 3, ""C"": 4, ""A"": 5}","{""B"": 5, ""C"": 5, ""A"": 7}",4,4
"{B01,B02,B04,B08,B09,B11}|{B03,B05,B06,B07,B10,B12}",9,37,0.2,"{""B"": 3, ""C"": 4, ""A"": 5}","{""B"": 5, ""C"": 5, ""A"": 7}",4,4
"{B01,B02,B04,B09,B10,B11}|{B03,B05,B06,B07,B08,B12}",9,37,0.2,"{""B"": 3, ""C"": 4, ""A"": 5}","{""B"": 5, ""C"": 5, ""A"": 7}",4,4
"{B01,B03,B04,B06,B08}|{B02,B05,B07,B09,B10,B11,B12}",9,37,0.2,"{""C"": 3, ""A"": 6, ""B"": 3}","{""C"": 5, ""A"": 7, ""B"": 5}",4,4
"{B01,B03,B04,B06,B10}|{B02,B05,B07,B08,B09,B11,B12}",9,37,0.2,"{""C"": 3, ""B"": 3, ""A"": 6}","{""C"": 5, ""B"": 5, ""A"": 7}",4,4
"{B01,B03,B04,B06,B11}|{B02,B05,B07,B08,B09,B10,B12}",9,37,0.2,"{""C"": 3, ""B"": 3, ""A"": 6}","{""C"": 5, ""B"": 5, ""A"": 7}",4,4
"{B01,B03,B04,B07,B08}|{B02,B05,B06,B09,B10,B11,B12}",9,37,0.2,"{""C"": 3, ""A"": 6, ""B"": 3}","{""C"": 5, ""A"": 7, ""B"": 5}",4,4
"{B01,B03,B04,B07,B10}|{B02,B05,B06,B08,B09,B11,B12}",9,37,0.2,"{""C"": 3, ""B"": 3, ""A"": 6}","{""C"": 5, ""B"": 5, ""A"": 7}",4,4
"{B01,B03,B04,B07,B11}|{B02,B05,B06,B08,B09,B10,B12}",9,37,0.2,"{""C"": 3, ""B"": 3, ""A"": 6}","{""C"": 5, ""B"": 5, ""A"": 7}",4,4
"{B01,B03,B04,B09,B10}|{B02,B05,B06,B07,B08,B11,B12}",9,37,0.2,"{""C"": 3, ""B"": 3, ""A"": 6}","{""C"": 5, ""B"": 5, ""A"": 7}",4,4
"{B01,B03,B04,B12}|{B02,B05,B06,B07,B08,B09,B10,B11}",9,37,0.2,"{""C"": 3, ""A"": 5, ""B"": 3}","{""C"": 5, ""A"": 8, ""B"": 5}",4,4
"{B01,B03,B07,B08,B10}|{B02,B04,B05,B06,B09,B11,B12}",9,37,0.2,"{""C"": 3, ""B"": 3, ""A"": 6}","{""C"": 5, ""B"": 5, ""A"": 7}",4,4
"{B01,B03,B07,B09,B10}|{B02,B04,B05,B06,B08,B11,B12}",9,37,0.2,"{""C"": 3, ""B"": 4, ""A"": 6}","{""C"": 5, ""B"": 4, ""A"": 7}",4,4
"{B01,B05,B06,B08,B09}|{B02,B03,B04,B07,B10,B11,B12}",9,37,0.2,"{""C"": 4, ""A"": 5, ""B"": 4}","{""C"": 5, ""A"": 7, ""B"": 4}",4,4
"{B01,B02,B03,B08,B11}|{B04,B05,B06,B07,B09,B10,B12}",9,37,0.4,"{""C"": 3, ""B"": 3, ""A"": 6}","{""C"": 5, ""B"": 5, ""A"": 7}",4,4
"{B01,B03,B04,B06}|{B02,B05,B07,B08,B09,B10,B11,B12}",9,37,0.4,"{""C"": 3, ""A"": 6, ""B"": 3}","{""C"": 5, ""A"": 7, ""B"": 5}",4,4
"{B01,B03,B04,B08,B12}|{B02,B05,B06,B07,B09,B10,B11}",9,37,0.4,"{""C"": 3, ""A"": 5, ""B"": 3}","{""C"": 5, ""A"": 8, ""B"": 5}",4,4
"{B01,B03,B04,B08}|{B02,B05,B06,B07,B09,B10,B11,B12}",9,37,0.4,"{""C"": 3, ""A"": 6, ""B"": 3}","{""C"": 5, ""A"": 7, ""B"": 5}",4,4
"{B01,B03,B04,B10}|{B02,B05,B06,B07,B08,B09,B11,B12}",9,37,0.4,"{""C"": 3, ""B"": 3, ""A"": 6}","{""C"": 5, ""B"": 5, ""A"": 7}",4,4
"{B01,B03,B04,B11}|{B02,B05,B06,B07,B08,B09,B10,B12}",9,37,0.4,"{""C"": 3, ""B"": 3, ""A"": 6}","{""C"": 5, ""B"": 5, ""A"": 7}",4,4
"{B01,B03,B07,B08,B10,B12}|{B02,B04,B05,B06,B09,B11}",9,37,0.4,"{""C"": 3, ""B"": 3, ""A"": 5}","{""C"": 5, ""B"": 5, ""A"": 8}",4,4
"{B01,B03,B07,B08,B12}|{B02,B04,B05,B06,B09,B10,B11}",9,37,0.4,"{""C"": 3, ""A"": 5, ""B"": 3}","{""C"": 5, ""A"": 8, ""B"": 5}",4,4
"{B01,B03,B07,B09,B10,B12}|{B02,B04,B05,B06,B08,B11}",9,37,0.4,"{""C"": 3, ""B"": 4, ""A"": 5}","{""C"": 5, ""B"": 4, ""A"": 8}",4,4
"{B01,B03,B07,B10,B12}|{B02,B04,B05,B06,B08,B09,B11}",9,37,0.4,"{""C"": 3, ""B"": 3, ""A"": 5}","{""C"": 5, ""B"": 5, ""A"": 8}",4,4
"{B01,B03,B07,B11,B12}|{B02,B04,B05,B06,B08,B09,B10}",9,37,0.4,"{""C"": 3, ""B"": 3, ""A"": 5}","{""C"": 5, ""B"": 5, ""A"": 8}",4,4
"{B01,B03,B09,B10,B12}|{B02,B04,B05,B06,B07,B08,B11}",9,37,0.4,"{""C"": 3, ""B"": 3, ""A"": 5}","{""C"": 5, ""B"": 5, ""A"": 8}",4,4
"{B01,B04,B05,B08,B10}|{B02,B03,B06,B07,B09,B11,B12}",9,37,0.4,"{""B"": 4, ""C"": 3, ""A"": 5}","{""B"": 5, ""C"": 5, ""A"": 7}",4,4
"{B01,B04,B05,B12}|{B02,B03,B06,B07,B08,B09,B10,B11}",9,37,0.4,"{""C"": 3, ""A"": 5, ""B"": 4}","{""C"": 5, ""A"": 6, ""B"": 6}",4,4
"{B01,B05,B06,B07,B08,B11}|{B02,B03,B04,B09,B10,B12}",9,37,0.4,"{""B"": 3, ""C"": 4, ""A"": 5}","{""B"": 5, ""C"": 5, ""A"": 7}",4,4
"{B01,B05,B07,B08}|{B02,B03,B04,B06,B09,B10,B11,B12}",9,37,0.4,"{""C"": 3, ""A"": 5, ""B"": 4}","{""C"": 4, ""A"": 7, ""B"": 6}",4,4
"{B01,B05,B07,B10}|{B02,B03,B04,B06,B08,B09,B11,B12}",9,37,0.4,"{""B"": 4, ""C"": 3, ""A"": 5}","{""B"": 6, ""C"": 4, ""A"": 7}",4,4
"{B01,B05,B08,B09,B10,B11}|{B02,B03,B04,B06,B07,B12}",9,37,0.4,"{""B"": 4, ""C"": 3, ""A"": 5}","{""B"": 6, ""C"": 4, ""A"": 7}",4,4
"{B01,B02,B07,B08,B09,B10}|{B03,B04,B05,B06,B11,B12}",9,37,0.6,"{""B"": 3, ""C"": 4, ""A"": 5}","{""B"": 5, ""C"": 5, ""A"": 7}",4,4
"{B01,B02,B07,B08,B09,B11}|{B03,B04,B05,B06,B10,B12}",9,37,0.6,"{""B"": 3, ""C"": 4, ""A"": 5}","{""B"": 5, ""C"": 5, ""A"": 7}",4,4
"{B01,B02,B07,B08,B10,B11}|{B03,B04,B05,B06,B09,B12}",9,37,0.6,"{""B"": 3, ""C"": 4, ""A"": 5}","{""B"": 5, ""C"": 5, ""A"": 7}",4,4
"{B01,B03,B08,B12}|{B02,B04,B05,B06,B07,B09,B10,B11}",9,37,0.6,"{""C"": 3, ""A"": 5, ""B"": 3}","{""C"": 5, ""A"": 8, ""B"": 5}",4,4
"{B01,B03,B10,B12}|{B02,B04,B05,B06,B07,B08,B09,B11}",9,37,0.6,"{""C"": 3, ""B"": 3, ""A"": 5}","{""C"": 5, ""B"": 5, ""A"": 8}",4,4
"{B01,B03,B11,B12}|{B02,B04,B05,B06,B07,B08,B09,B10}",9,37,0.6,"{""C"": 3, ""B"": 3, ""A"": 5}","{""C"": 5, ""B"": 5, ""A"": 8}",4,4
"{B01,B05,B06,B08,B12}|{B02,B03,B04,B07,B09,B10,B11}",9,37,0.6,"{""C"": 4, ""A"": 5, ""B"": 4}","{""C"": 5, ""A"": 6, ""B"": 5}",4,4
"{B01,B05,B06,B09,B12}|{B02,B03,B04,B07,B08,B10,B11}",9,37,0.6,"{""C"": 4, ""A"": 5, ""B"": 4}","{""C"": 5, ""A"": 6, ""B"": 5}",4,4
"{B01,B05,B10}|{B02,B03,B04,B06,B07,B08,B09,B11,B12}",9,37,0.6,"{""B"": 4, ""C"": 3, ""A"": 5}","{""B"": 6, ""C"": 4, ""A"": 7}",4,4
"{B01,B05,B11}|{B02,B03,B04,B06,B07,B08,B09,B10,B12}",9,37,0.6,"{""B"": 4, ""C"": 3, ""A"": 5}","{""B"": 6, ""C"": 4, ""A"": 7}",4,4
"{B01,B02,B03,B04,B05,B06,B07,B08}|{B09,B10,B11,B12}",9,37,0.8,"{""C"": 2, ""A"": 5, ""B"": 4}","{""C"": 4, ""A"": 7, ""B"": 7}",4,4
"{B01,B02,B03,B04,B05,B06,B07,B09}|{B08,B10,B11,B12}",9,37,0.8,"{""C"": 2, ""A"": 5, ""B"": 4}","{""C"": 4, ""A"": 7, ""B"": 7}",4,4
"{B01,B02,B03,B04,B05,B06,B07,B10}|{B08,B09,B11,B12}",9,37,0.8,"{""C"": 2, ""B"": 4, ""A"": 5}","{""C"": 4, ""B"": 7, ""A"": 7}",4,4
"{B01,B02,B03,B04,B05,B06,B07,B11}|{B08,B09,B10,B12}",9,37,0.8,"{""C"": 2, ""B"": 4, ""A"": 5}","{""C"": 4, ""B"": 7, ""A"": 7}",4,4
"{B01,B02,B03,B04,B05,B06,B10}|{B07,B08,B09,B11,B12}",9,37,0.8,"{""C"": 2, ""B"": 4, ""A"": 5}","{""C"": 4, ""B"": 7, ""A"": 7}",4,4
"{B01,B02,B03,B04,B05,B06}|{B07,B08,B09,B10,B11,B12}",9,37,0.8,"{""C"": 2, ""A"": 5, ""B"": 4}","{""C"": 4, ""A"": 7, ""B"": 7}",4,4
"{B01,B02,B03,B04,B05,B07,B08,B11}|{B06,B09,B10,B12}",9,37,0.8,"{""C"": 3, ""B"": 3, ""A"": 5}","{""C"": 5, ""B"": 6, ""A"": 7}",4,4
"{B01,B02,B03,B04,B05,B07,B08,B12}|{B06,B09,B10,B11}",9,37,0.8,"{""C"": 3, ""A"": 4, ""B"": 4}","{""C"": 5, ""A"": 6, ""B"": 7}",4,4
"{B01,B02,B03,B04,B05,B07,B09,B10}|{B06,B08,B11,B12}",9,37,0.8,"{""C"": 3, ""B"": 3, ""A"": 5}","{""C"": 5, ""B"": 6, ""A"": 7}",4,4
"{B01,B02,B03,B04,B05,B07,B09,B11}|{B06,B08,B10,B12}",9,37,0.8,"{""C"": 3, ""B"": 3, ""A"": 5}","{""C"": 5, ""B"": 6, ""A"": 7}",4,4
"{B01,B02,B03,B04,B05,B07,B09,B12}|{B06,B08,B10,B11}",9,37,0.8,"{""C"": 3, ""A"": 4, ""B"": 4}","{""C"": 5, ""A"": 6, ""B"": 7}",4,4
"{B01,B02,B03,B04,B05,B07,B10,B12}|{B06,B08,B09,B11}",9,37,0.8,"{""C"": 3, ""B"": 4, ""A"": 4}","{""C"": 5, ""B"": 7, ""A"": 6}",4,4
"{B01,B02,B03,B04,B05,B07,B11,B12}|{B06,B08,B09,B10}",9,37,0.8,"{""C"": 3, ""B"": 4, ""A"": 4}","{""C"": 5, ""B"": 7, ""A"": 6}",4,4
"{B01,B02,B03,B04,B05,B08,B09}|{B06,B07,B10,B11,B12}",9,37,0.8,"{""C"": 3, ""A"": 5, ""B"": 4}","{""C"": 5, ""A"": 7, ""B"": 5}",4,4
"{B01,B02,B03,B04,B05,B08,B10,B11}|{B06,B07,B09,B12}",9,37,0.8,"{""C"": 3, ""B"": 4, ""A"": 5}","{""C"": 5, ""B"": 5, ""A"": 7}",4,4
"{B01,B02,B03,B04,B05,B08,B11}|{B06,B07,B09,B10,B12}",9,37,0.8,"{""C"": 3, ""B"": 4, ""A"": 5}","{""C"": 5, ""B"": 5, ""A"": 7}",4,4
"{B01,B02,B03,B04,B05,B09,B10}|{B06,B07,B08,B11,B12}",9,37,0.8,"{""C"": 3, ""B"": 3, ""A"": 5}","{""C"": 5, ""B"": 6, ""A"": 7}",4,4
"{B01,B02,B03,B04,B05,B10,B12}|{B06,B07,B08,B09,B11}",9,37,0.8,"{""C"": 3, ""B"": 4, ""A"": 4}","{""C"": 5, ""B"": 7, ""A"": 6}",4,4
"{B01,B02,B03,B04,B05,B12}|{B06,B07,B08,B09,B10,B11}",9,37,0.8,"{""C"": 3, ""A"": 4, ""B"": 4}","{""C"": 5, ""A"": 6, ""B"": 7}",4,4
"{B01,B02,B03,B04,B06,B07,B08,B09,B10,B12}|{B05,B11}",9,37,0.8,"{""C"": 3, ""B"": 3, ""A"": 5}","{""C"": 5, ""B"": 5, ""A"": 8}",4,4
"{B01,B02,B03,B04,B06,B07,B08,B09,B10}|{B05,B11,B12}",9,37,0.8,"{""C"": 3, ""B"": 3, ""A"": 6}","{""C"": 5, ""B"": 5, ""A"": 7}",4,4
"{B01,B02,B03,B04,B06,B07,B08,B09,B11,B12}|{B05,B10}",9,37,0.8,"{""C"": 3, ""B"": 3, ""A"": 5}","{""C"": 5, ""B"": 5, ""A"": 8}",4,4
"{B01,B02,B03,B04,B06,B07,B08,B09,B11}|{B05,B10,B12}",9,37,0.8,"{""C"": 3, ""B"": 3, ""A"": 6}","{""C"": 5, ""B"": 5, ""A"": 7}",4,4
"{B01,B02,B03,B04,B06,B07,B08,B10,B11,B12}|{B05,B09}",9,37,0.8,"{""C"": 3, ""B"": 3, ""A"": 5}","{""C"": 5, ""B"": 5, ""A"": 8}",4,4
"{B01,B02,B03,B04,B06,B07,B08,B10,B11}|{B05,B09,B12}",9,37,0.8,"{""C"": 3, ""B"": 3, ""A"": 6}","{""C"": 5, ""B"": 5, ""A"": 7}",4,4
"{B01,B02,B03,B04,B06,B07,B08,B11,B12}|{B05,B09,B10}",9,37,0.8,"{""C"": 3, ""B"": 3, ""A"": 5}","{""C"": 5, ""B"": 5, ""A"": 8}",4,4
"{B01,B02,B03,B04,B06,B07,B08,B11}|{B05,B09,B10,B12}",9,37,0.8,"{""C"": 3, ""B"": 3, ""A"": 6}","{""C"": 5, ""B"": 5, ""A"": 7}",4,4
"{B01,B02,B03,B04,B06,B07,B09,B10,B12}|{B05,B08,B11}",9,37,0.8,"{""C"": 3, ""B"": 3, ""A"": 5}","{""C"": 5, ""B"": 5, ""A"": 8}",4,4
"{B01,B02,B03,B04,B06,B07,B09,B10}|{B05,B08,B11,B12}",9,37,0.8,"{""C"": 3, ""B"": 3, ""A"": 6}","{""C"": 5, ""B"": 5, ""A"": 7}",4,4
"{B01,B02,B03,B04,B06,B07,B09,B11,B12}|{B05,B08,B10}",9,37,0.8,"{""C"": 3, ""B"": 3, ""A"": 5}","{""C"": 5, ""B"": 5, ""A"": 8}",4,4
"{B01,B02,B03,B04,B06,B07,B09,B11}|{B05,B08,B10,B12}",9,37,0.8,"{""C"": 3, ""B"": 3, ""A"": 6}","{""C"": 5, ""B"": 5, ""A"": 7}",4,4
"{B01,B02,B03,B04,B06,B08,B09,B10,B12}|{B05,B07,B11}",9,37,0.8,"{""C"": 3, ""B"": 3, ""A"": 5}","{""C"": 5, ""B"": 5, ""A"": 8}",4,4
"{B01,B02,B03,B04,B06,B08,B09,B10}|{B05,B07,B11,B12}",9,37,0.8,"{""C"": 3, ""B"": 3, ""A"": 6}","{""C"": 5, ""B"": 5, ""A"": 7}",4,4
"{B01,B02,B03,B04,B06,B08,B09,B11,B12}|{B05,B07,B10}",9,37,0.8,"{""C"": 3, ""B"": 3, ""A"": 5}","{""C"": 5, ""B"": 5, ""A"": 8}",4,4
"{B01,B02,B03,B04,B06,B08,B09,B11}|{B05,B07,B10,B12}",9,37,0.8,"{""C"": 3, ""B"": 3, ""A"": 6}","{""C"": 5, ""B"": 5, ""A"": 7}",4,4
"{B01,B02,B03,B04,B06,B08,B10,B12}|{B05,B07,B09,B11}",9,37,0.8,"{""C"": 3, ""B"": 3, ""A"": 5}","{""C"": 5, ""B"": 5, ""A"": 8}",4,4
"{B01,B02,B03,B04,B06,B08,B10}|{B05,B07,B09,B11,B12}",9,37,0.8,"{""C"": 3, ""B"": 3, ""A"": 6}","{""C"": 5, ""B"": 5, ""A"": 7}",4,4
"{B01,B02,B03,B04,B06,B08,B11,B12}|{B05,B07,B09,B10}",9,37,0.8,"{""C"": 3, ""B"": 3, ""A"": 5}","{""C"": 5, ""B"": 5, ""A"": 8}",4,4
"{B01,B02,B03,B04,B06,B08,B11}|{B05,B07,B09,B10,B12}",9,37,0.8,"{""C"": 3, ""B"": 3, ""A"": 6}","{""C"": 5, ""B"": 5, ""A"": 7}",4,4
"{B01,B02,B03,B04,B06,B08,B12}|{B05,B07,B09,B10,B11}",9,37,0.8,"{""C"": 3, ""A"": 5, ""B"": 3}","{""C"": 5, ""A"": 8, ""B"": 5}",4,4
"{B01,B02,B03,B04,B06,B08}|{B05,B07,B09,B10,B11,B12}",9,37,0.8,"{""C"": 3, ""A"": 6, ""B"": 3}","{""C"": 5, ""A"": 7, ""B"": 5}",4,4
"{B01,B02,B03,B04,B06,B09,B10,B11,B12}|{B05,B07,B08}",9,37,0.8,"{""C"": 3, ""B"": 3, ""A"": 5}","{""C"": 5, ""B"": 5, ""A"": 8}",4,4
"{B01,B02,B03,B04,B06,B09,B10,B11}|{B05,B07,B08,B12}",9,37,0.8,"{""C"": 3, ""B"": 3, ""A"": 6}","{""C"": 5, ""B"": 5, ""A"": 7}",4,4
"{B01,B02,B03,B04,B06,B09,B12}|{B05,B07,B08,B10,B11}",9,37,0.8,"{""C"": 3, ""A"": 5, ""B"": 3}","{""C"": 5, ""A"": 8, ""B"": 5}",4,4
"{B01,B02,B03,B04,B06,B09}|{B05,B07,B08,B10,B11,B12}",9,37,0.8,"{""C"": 3, ""A"": 6, ""B"": 3}","{""C"": 5, ""A"": 7, ""B"": 5}",4,4
"{B01,B02,B03,B04,B06,B11,B12}|{B05,B07,B08,B09,B10}",9,37,0.8,"{""C"": 3, ""B"": 3, ""A"": 5}","{""C"": 5, ""B"": 5, ""A"": 8}",4,4
"{B01,B02,B03,B04,B06,B11}|{B05,B07,B08,B09,B10,B12}",9,37,0.8,"{""C"": 3, ""B"": 3, ""A"": 6}","{""C"": 5, ""B"": 5, ""A"": 7}",4,4
"{B01,B02,B03,B04,B07,B08,B09,B10,B12}|{B05,B06,B11}",9,37,0.8,"{""C"": 3, ""B"": 3, ""A"": 5}","{""C"": 5, ""B"": 5, ""A"": 8}",4,4
"{B01,B02,B03,B04,B07,B08,B09,B10}|{B05,B06,B11,B12}",9,37,0.8,"{""C"": 3, ""B"": 3, ""A"": 6}","{""C"": 5, ""B"": 5, ""A"": 7}",4,4
"{B01,B02,B03,B04,B07,B08,B09,B11,B12}|{B05,B06,B10}",9,37,0.8,"{""C"": 3, ""B"": 3, ""A"": 5}","{""C"": 5, ""B"": 5, ""A"": 8}",4,4
"{B01,B02,B03,B04,B07,B08,B09,B11}|{B05,B06,B10,B12}",9,37,0.8,"{""C"": 3, ""B"": 3, ""A"": 6}","{""C"": 5, ""B"": 5, ""A"": 7}",4,4
"{B01,B02,B03,B04,B07,B08,B10,B11,B12}|{B05,B06,B09}",9,37,0.8,"{""C"": 3, ""B"": 3, ""A"": 5}","{""C"": 5, ""B"": 5, ""A"": 8}",4,4
"{B01,B02,B03,B04,B07,B08,B10,B11}|{B05,B06,B09,B12}",9,37,0.8,"{""C"": 3, ""B"": 3, ""A"": 6}","{""C"": 5, ""B"": 5, ""A"": 7}",4,4
"{B01,B02,B03,B04,B07,B08,B11,B12}|{B05,B06,B09,B10}",9,37,0.8,"{""C"": 3, ""B"": 3, ""A"": 5}","{""C"": 5, ""B"": 5, ""A"": 8}",4,4
"{B01,B02,B03,B04,B07,B08,B11}|{B05,B06,B09,B10,B12}",9,37,0.8,"{""C"": 3, ""B"": 3, ""A"": 6}","{""C"": 5, ""B"": 5, ""A"": 7}",4,4
"{B01,B02,B03,B04,B07,B09,B10,B12}|{B05,B06,B08,B11}",9,37,0.8,"{""C"": 3, ""B"": 3, ""A"": 5}","{""C"": 5, ""B"": 5, ""A"": 8}",4,4
"{B01,B02,B03,B04,B07,B09,B10}|{B05,B06,B08,B11,B12}",9,37,0.8,"{""C"": 3, ""B"": 3, ""A"": 6}","{""C"": 5, ""B"": 5, ""A"": 7}",4,4
"{B01,B02,B03,B04,B07,B09,B11,B12}|{B05,B06,B08,B10}",9,37,0.8,"{""C"": 3, ""B"": 3, ""A"": 5}","{""C"": 5, ""B"": 5, ""A"": 8}",4,4
"{B01,B02,B03,B04,B07,B09,B11}|{B05,B06,B08,B10,B12}",9,37,0.8,"{""C"": 3, ""B"": 3, ""A"": 6}","{""C"": 5, ""B"": 5, ""A"": 7}",4,4
"{B01,B02,B03,B04,B08,B09,B10,B12}|{B05,B06,B07,B11}",9,37,0.8,"{""C"": 3, ""B"": 3, ""A"": 5}","{""C"": 5, ""B"": 5, ""A"": 8}",4,4
"{B01,B02,B03,B04,B08,B09,B10}|{B05,B06,B07,B11,B12}",9,37,0.8,"{""C"": 3, ""B"": 3, ""A"": 6}","{""C"": 5, ""B"": 5, ""A"": 7}",4,4
"{B01,B02,B03,B04,B08,B09,B11,B12}|{B05,B06,B07,B10}",9,37,0.8,"{""C"": 3, ""B"": 3, ""A"": 5}","{""C"": 5, ""B"": 5, ""A"": 8}",4,4
"{B01,B02,B03,B04,B08,B09,B11}|{B05,B06,B07,B10,B12}",9,37,0.8,"{""C"": 3, ""B"": 3, ""A"": 6}","{""C"": 5, ""B"": 5, ""A"": 7}",4,4
"{B01,B02,B03,B04,B08,B10,B12}|{B05,B06,B07,B09,B11}",9,37,0.8,"{""C"": 3, ""B"": 3, ""A"": 5}","{""C"": 5, ""B"": 5, ""A"": 8}",4,4
"{B01,B02,B03,B04,B08,B10}|{B05,B06,B07,B09,B11,B12}",9,37,0.8,"{""C"": 3, ""B"": 3, ""A"": 6}","{""C"": 5, ""B"": 5, ""A"": 7}",4,4
"{B01,B02,B03,B04,B08,B11,B12}|{B05,B06,B07,B09,B10}",9,37,0.8,"{""C"": 3, ""B"": 3, ""A"": 5}","{""C"": 5, ""B"": 5, ""A"": 8}",4,4
"{B01,B02,B03,B04,B08,B11}|{B05,B06,B07,B09,B10,B12}",9,37,0.8,"{""C"": 3, ""B"": 3, ""A"": 6}","{""C"": 5, ""B"": 5, ""A"": 7}",4,4
"{B01,B02,B03,B04,B08,B12}|{B05,B06,B07,B09,B10,B11}",9,37,0.8,"{""C"": 3, ""A"": 5, ""B"": 3}","{""C"": 5, ""A"": 8, ""B"": 5}",4,4
"{B01,B02,B03,B04,B08}|{B05,B06,B07,B09,B10,B11,B12}",9,37,0.8,"{""C"": 3, ""A"": 6, ""B"": 3}","{""C"": 5, ""A"": 7, ""B"": 5}",4,4
"{B01,B02,B03,B04,B09,B10,B11,B12}|{B05,B06,B07,B08}",9,37,0.8,"{""C"": 3, ""B"": 3, ""A"": 5}","{""C"": 5, ""B"": 5, ""A"": 8}",4,4
"{B01,B02,B03,B04,B09,B10,B11}|{B05,B06,B07,B08,B12}",9,37,0.8,"{""C"": 3, ""B"": 3, ""A"": 6}","{""C"": 5, ""B"": 5, ""A"": 7}",4,4
"{B01,B02,B03,B04,B09,B12}|{B05,B06,B07,B08,B10,B11}",9,37,0.8,"{""C"": 3, ""A"": 5, ""B"": 3}","{""C"": 5, ""A"": 8, ""B"": 5}",4,4
"{B01,B02,B03,B04,B09}|{B05,B06,B07,B08,B10,B11,B12}",9,37,0.8,"{""C"": 3, ""A"": 6, ""B"": 3}","{""C"": 5, ""A"": 7, ""B"": 5}",4,4
"{B01,B02,B03,B04,B11,B12}|{B05,B06,B07,B08,B09,B10}",9,37,0.8,"{""C"": 3, ""B"": 3, ""A"": 5}","{""C"": 5, ""B"": 5, ""A"": 8}",4,4
"{B01,B02,B03,B04,B11}|{B05,B06,B07,B08,B09,B10,B12}",9,37,0.8,"{""C"": 3, ""B"": 3, ""A"": 6}","{""C"": 5, ""B"": 5, ""A"": 7}",4,4
"{B01,B02,B03,B05,B06,B07,B08,B11}|{B04,B09,B10,B12}",9,37,0.8,"{""C"": 3, ""B"": 3, ""A"": 5}","{""C"": 5, ""B"": 6, ""A"": 7}",4,4
"{B01,B02,B03,B05,B06,B07,B08,B12}|{B04,B09,B10,B11}",9,37,0.8,"{""C"": 3, ""A"": 4, ""B"": 4}","{""C"": 5, ""A"": 6, ""B"": 7}",4,4
"{B01,B02,B03,B05,B06,B07,B09,B10}|{B04,B08,B11,B12}",9,37,0.8,"{""C"": 3, ""B"": 3, ""A"": 5}","{""C"": 5, ""B"": 6, ""A"": 7}",4,4
"{B01,B02,B03,B05,B06,B07,B09,B11}|{B04,B08,B10,B12}",9,37,0.8,"{""C"": 3, ""B"": 3, ""A"": 5}","{""C"": 5, ""B"": 6, ""A"": 7}",4,4
"{B01,B02,B03,B05,B06,B07,B09,B12}|{B04,B08,B10,B11}",9,37,0.8,"{""C"": 3, ""A"": 4, ""B"": 4}","{""C"": 5, ""A"": 6, ""B"": 7}",4,4
"{B01,B02,B03,B05,B06,B07,B10,B12}|{B04,B08,B09,B11}",9,37,0.8,"{""C"": 3, ""B"": 4, ""A"": 4}","{""C"": 5, ""B"": 7, ""A"": 6}",4,4
"{B01,B02,B03,B05,B06,B07,B11,B12}|{B04,B08,B09,B10}",9,37,0.8,"{""C"": 3, ""B"": 4, ""A"": 4}","{""C"": 5, ""B"": 7, ""A"": 6}",4,4
"{B01,B02,B03,B05,B06,B08,B09}|{B04,B07,B10,B11,B12}",9,37,0.8,"{""C"": 3, ""A"": 5, ""B"": 4}","{""C"": 5, ""A"": 7, ""B"": 5}",4,4
"{B01,B02,B03,B05,B06,B08,B10,B11}|{B04,B07,B09,B12}",9,37,0.8,"{""C"": 3, ""B"": 4, ""A"": 5}","{""C"": 5, ""B"": 5, ""A"": 7}",4,4
"{B01,B02,B03,B05,B06,B08,B11}|{B04,B07,B09,B10,B12}",9,37,0.8,"{""C"": 3, ""B"": 4, ""A"": 5}","{""C"": 5, ""B"": 5, ""A"": 7}",4,4
"{B01,B02,B03,B05,B06,B09,B10}|{B04,B07,B08,B11,B12}",9,37,0.8,"{""C"": 3, ""B"": 3, ""A"": 5}","{""C"": 5, ""B"": 6, ""A"": 7}",4,4
"{B01,B02,B03,B05,B06,B10,B12}|{B04,B07,B08,B09,B11}",9,37,0.8,"{""C"": 3, ""B"": 4, ""A"": 4}","{""C"": 5, ""B"": 7, ""A"": 6}",4,4
"{B01,B02,B03,B05,B06,B12}|{B04,B07,B08,B09,B10,B11}",9,37,0.8,"{""C"": 3, ""A"": 4, ""B"": 4}","{""C"": 5, ""A"": 6, ""B"": 7}",4,4
"{B01,B02,B03,B05,B07,B08,B11}|{B04,B06,B09,B10,B12}",9,37,0.8,"{""C"": 3, ""B"": 3, ""A"": 5}","{""C"": 5, ""B"": 6, ""A"": 7}",4,4
"{B01,B02,B03,B05,B07,B08,B12}|{B04,B06,B09,B10,B11}",9,37,0.8,"{""C"": 3, ""A"": 4, ""B"": 4}","{""C"": 5, ""A"": 6, ""B"": 7}",4,4
"{B01,B02,B03,B05,B07,B09,B10}|{B04,B06,B08,B11,B12}",9,37,0.8,"{""C"": 3, ""B"": 3, ""A"": 5}","{""C"": 5, ""B"": 6, ""A"": 7}",4,4
"{B01,B02,B03,B05,B07,B09,B11}|{B04,B06,B08,B10,B12}",9,37,0.8,"{""C"": 3, ""B"": 3, ""A"": 5}","{""C"": 5, ""B"": 6, ""A"": 7}",4,4
"{B01,B02,B03,B05,B07,B09,B12}|{B04,B06,B08,B10,B11}",9,37,0.8,"{""C"": 3, ""A"": 4, ""B"": 4}","{""C"": 5, ""A"": 6, ""B"": 7}",4,4
"{B01,B02,B03,B05,B07,B10,B12}|{B04,B06,B08,B09,B11}",9,37,0.8,"{""C"": 3, ""B"": 4, ""A"": 4}","{""C"": 5, ""B"": 7, ""A"": 6}",4,4
"{B01,B02,B03,B05,B07,B11,B12}|{B04,B06,B08,B09,B10}",9,37,0.8,"{""C"": 3, ""B"": 4, ""A"": 4}","{""C"": 5, ""B"": 7, ""A"": 6}",4,4
"{B01,B02,B03,B05,B08,B09}|{B04,B06,B07,B10,B11,B12}",9,37,0.8,"{""C"": 3, ""A"": 5, ""B"": 4}","{""C"": 5, ""A"": 7, ""B"": 5}",4,4
"{B01,B02,B03,B05,B08,B10,B11}|{B04,B06,B07,B09,B12}",9,37,0.8,"{""C"": 3, ""B"": 4, ""A"": 5}","{""C"": 5, ""B"": 5, ""A"": 7}",4,4
"{B01,B02,B03,B05,B08,B11}|{B04,B06,B07,B09,B10,B12}",9,37,0.8,"{""C"": 3, ""B"": 4, ""A"": 5}","{""C"": 5, ""B"": 5, ""A"": 7}",4,4
"{B01,B02,B03,B05,B09,B10}|{B04,B06,B07,B08,B11,B12}",9,37,0.8,"{""C"": 3, ""B"": 3, ""A"": 5}","{""C"": 5, ""B"": 6, ""A"": 7}",4,4
"{B01,B02,B03,B05,B10,B12}|{B04,B06,B07,B08,B09,B11}",9,37,0.8,"{""C"": 3, ""B"": 4, ""A"": 4}","{""C"": 5, ""B"": 7, ""A"": 6}",4,4
"{B01,B02,B03,B05,B12}|{B04,B06,B07,B08,B09,B10,B11}",9,37,0.8,"{""C"": 3, ""A"": 4, ""B"": 4}","{""C"": 5, ""A"": 6, ""B"": 7}",4,4
"{B01,B02,B03,B06,B09,B10,B12}|{B04,B05,B07,B08,B11}",9,37,0.8,"{""C"": 3, ""B"": 2, ""A"": 5}","{""C"": 6, ""B"": 5, ""A"": 8}",4,4
"{B01,B02,B03,B06,B09,B10}|{B04,B05,B07,B08,B11,B12}",9,37,0.8,"{""C"": 3, ""B"": 2, ""A"": 6}","{""C"": 6, ""B"": 5, ""A"": 7}",4,4
"{B01,B02,B03,B06,B09,B11,B12}|{B04,B05,B07,B08,B10}",9,37,0.8,"{""C"": 3, ""B"": 3, ""A"": 5}","{""C"": 6, ""B"": 4, ""A"": 8}",4,4
"{B01,B02,B03,B06,B09,B11}|{B04,B05,B07,B08,B10,B12}",9,37,0.8,"{""C"": 3, ""B"": 3, ""A"": 6}","{""C"": 6, ""B"": 4, ""A"": 7}",4,4
"{B01,B02,B03,B07,B08,B09,B10,B12}|{B04,B05,B06,B11}",9,37,0.8,"{""C"": 3, ""B"": 3, ""A"": 5}","{""C"": 5, ""B"": 5, ""A"": 8}",4,4
"{B01,B02,B03,B07,B08,B09,B10}|{B04,B05,B06,B11,B12}",9,37,0.8,"{""C"": 3, ""B"": 3, ""A"": 6}","{""C"": 5, ""B"": 5, ""A"": 7}",4,4
"{B01,B02,B03,B07,B08,B09,B11,B12}|{B04,B05,B06,B10}",9,37,0.8,"{""C"": 3, ""B"": 3, ""A"": 5}","{""C"": 5, ""B"": 5, ""A"": 8}",4,4
"{B01,B02,B03,B07,B08,B09,B11}|{B04,B05,B06,B10,B12}",9,37,0.8,"{""C"": 3, ""B"": 3, ""A"": 6}","{""C"": 5, ""B"": 5, ""A"": 7}",4,4
"{B01,B02,B03,B07,B08,B10,B11,B12}|{B04,B05,B06,B09}",9,37,0.8,"{""C"": 3, ""B"": 3, ""A"": 5}","{""C"": 5, ""B"": 5, ""A"": 8}",4,4
"{B01,B02,B03,B07,B08,B10,B11}|{B04,B05,B06,B09,B12}",9,37,0.8,"{""C"": 3, ""B"": 3, ""A"": 6}","{""C"": 5, ""B"": 5, ""A"": 7}",4,4
"{B01,B02,B03,B07,B08,B11,B12}|{B04,B05,B06,B09,B10}",9,37,0.8,"{""C"": 3, ""B"": 3, ""A"": 5}","{""C"": 5, ""B"": 5, ""A"": 8}",4,4
"{B01,B02,B03,B07,B08,B11}|{B04,B05,B06,B09,B10,B12}",9,37,0.8,"{""C"": 3, ""B"": 3, ""A"": 6}","{""C"": 5, ""B"": 5, ""A"": 7}",4,4
"{B01,B02,B03,B07,B09,B10,B12}|{B04,B05,B06,B08,B11}",9,37,0.8,"{""C"": 3, ""B"": 3, ""A"": 5}","{""C"": 5, ""B"": 5, ""A"": 8}",4,4
"{B01,B02,B03,B07,B09,B10}|{B04,B05,B06,B08,B11,B12}",9,37,0.8,"{""C"": 3, ""B"": 3, ""A"": 6}","{""C"": 5, ""B"": 5, ""A"": 7}",4,4
"{B01,B02,B03,B07,B09,B11,B12}|{B04,B05,B06,B08,B10}",9,37,0.8,"{""C"": 3, ""B"": 3, ""A"": 5}","{""C"": 5, ""B"": 5, ""A"": 8}",4,4
"{B01,B02,B03,B07,B09,B11}|{B04,B05,B06,B08,B10,B12}",9,37,0.8,"{""C"": 3, ""B"": 3, ""A"": 6}","{""C"": 5, ""B"": 5, ""A"": 7}",4,4
"{B01,B02,B03,B08,B09,B10,B12}|{B04,B05,B06,B07,B11}",9,37,0.8,"{""C"": 3, ""B"": 3, ""A"": 5}","{""C"": 5, ""B"": 5, ""A"": 8}",4,4
"{B01,B02,B03,B08,B09,B10}|{B04,B05,B06,B07,B11,B12}",9,37,0.8,"{""C"": 3, ""B"": 3, ""A"": 6}","{""C"": 5, ""B"": 5, ""A"": 7}",4,4
"{B01,B02,B03,B08,B09,B11,B12}|{B04,B05,B06,B07,B10}",9,37,0.8,"{""C"": 3, ""B"": 3, ""A"": 5}","{""C"": 5, ""B"": 5, ""A"": 8}",4,4
"{B01,B02,B03,B08,B09,B11}|{B04,B05,B06,B07,B10,B12}",9,37,0.8,"{""C"": 3, ""B"": 3, ""A"": 6}","{""C"": 5, ""B"": 5, ""A"": 7}",4,4
"{B01,B02,B03,B08,B10,B12}|{B04,B05,B06,B07,B09,B11}",9,37,0.8,"{""C"": 3, ""B"": 3, ""A"": 5}","{""C"": 5, ""B"": 5, ""A"": 8}",4,4
"{B01,B02,B03,B08,B11,B12}|{B04,B05,B06,B07,B09,B10}",9,37,0.8,"{""C"": 3, ""B"": 3, ""A"": 5}","{""C"": 5, ""B"": 5, ""A"": 8}",4,4
"{B01,B02,B03,B08,B12}|{B04,B05,B06,B07,B09,B10,B11}",9,37,0.8,"{""C"": 3, ""A"": 5, ""B"": 3}","{""C"": 5, ""A"": 8, ""B"": 5}",4,4
"{B01,B02,B03,B09,B10,B11,B12}|{B04,B05,B06,B07,B08}",9,37,0.8,"{""C"": 3, ""B"": 3, ""A"": 5}","{""C"": 5, ""B"": 5, ""A"": 8}",4,4
"{B01,B02,B03,B09,B10,B11}|{B04,B05,B06,B07,B08,B12}",9,37,0.8,"{""C"": 3, ""B"": 3, ""A"": 6}","{""C"": 5, ""B"": 5, ""A"": 7}",4,4
"{B01,B02,B03,B09,B12}|{B04,B05,B06,B07,B08,B10,B11}",9,37,0.8,"{""C"": 3, ""A"": 5, ""B"": 3}","{""C"": 5, ""A"": 8, ""B"": 5}",4,4
"{B01,B02,B03,B11,B12}|{B04,B05,B06,B07,B08,B09,B10}",9,37,0.8,"{""C"": 3, ""B"": 3, ""A"": 5}","{""C"": 5, ""B"": 5, ""A"": 8}",4,4
"{B01,B02,B04,B05,B06,B07,B08,B09,B12}|{B03,B10,B11}",9,37,0.8,"{""C"": 3, ""A"": 5, ""B"": 4}","{""C"": 5, ""A"": 6, ""B"": 6}",4,4
"{B01,B02,B04,B05,B06,B07,B08,B10,B12}|{B03,B09,B11}",9,37,0.8,"{""C"": 3, ""B"": 4, ""A"": 5}","{""C"": 5, ""B"": 6, ""A"": 6}",4,4
"{B01,B02,B04,B05,B06,B07,B08,B11}|{B03,B09,B10,B12}",9,37,0.8,"{""B"": 3, ""C"": 3, ""A"": 5}","{""B"": 6, ""C"": 5, ""A"": 7}",4,4
"{B01,B02,B04,B05,B06,B07,B09,B10}|{B03,B08,B11,B12}",9,37,0.8,"{""C"": 3, ""B"": 3, ""A"": 5}","{""C"": 5, ""B"": 6, ""A"": 7}",4,4
"{B01,B02,B04,B05,B06,B07,B09,B11}|{B03,B08,B10,B12}",9,37,0.8,"{""B"": 3, ""C"": 3, ""A"": 5}","{""B"": 6, ""C"": 5, ""A"": 7}",4,4
"{B01,B02,B04,B05,B06,B07,B10,B11,B12}|{B03,B08,B09}",9,37,0.8,"{""B"": 4, ""C"": 3, ""A"": 5}","{""B"": 6, ""C"": 5, ""A"": 6}",4,4
"{B01,B02,B04,B05,B06,B08,B09}|{B03,B07,B10,B11,B12}",9,37,0.8,"{""C"": 3, ""A"": 5, ""B"": 4}","{""C"": 5, ""A"": 7, ""B"": 5}",4,4
"{B01,B02,B04,B05,B06,B08,B10,B11}|{B03,B07,B09,B12}",9,37,0.8,"{""B"": 4, ""C"": 3, ""A"": 5}","{""B"": 5, ""C"": 5, ""A"": 7}",4,4
"{B01,B02,B04,B05,B06,B08,B10,B12}|{B03,B07,B09,B11}",9,37,0.8,"{""C"": 3, ""B"": 4, ""A"": 5}","{""C"": 5, ""B"": 6, ""A"": 6}",4,4
"{B01,B02,B04,B05,B06,B08,B11}|{B03,B07,B09,B10,B12}",9,37,0.8,"{""B"": 4, ""C"": 3, ""A"": 5}","{""B"": 5, ""C"": 5, ""A"": 7}",4,4
"{B01,B02,B04,B05,B06,B08,B12}|{B03,B07,B09,B10,B11}",9,37,0.8,"{""C"": 3, ""A"": 5, ""B"": 4}","{""C"": 5, ""A"": 6, ""B"": 6}",4,4
"{B01,B02,B04,B05,B06,B09,B10}|{B03,B07,B08,B11,B12}",9,37,0.8,"{""C"": 3, ""B"": 3, ""A"": 5}","{""C"": 5, ""B"": 6, ""A"": 7}",4,4
"{B01,B02,B04,B05,B06,B09,B12}|{B03,B07,B08,B10,B11}",9,37,0.8,"{""C"": 3, ""A"": 5, ""B"": 4}","{""C"": 5, ""A"": 6, ""B"": 6}",4,4
"{B01,B02,B04,B05,B06,B10,B11,B12}|{B03,B07,B08,B09}",9,37,0.8,"{""B"": 4, ""C"": 3, ""A"": 5}","{""B"": 6, ""C"": 5, ""A"": 6}",4,4
"{B01,B02,B04,B05,B06,B11,B12}|{B03,B07,B08,B09,B10}",9,37,0.8,"{""B"": 4, ""C"": 3, ""A"": 5}","{""B"": 6, ""C"": 5, ""A"": 6}",4,4
"{B01,B02,B04,B05,B07,B08,B09,B10}|{B03,B06,B11,B12}",9,37,0.8,"{""B"": 3, ""C"": 4, ""A"": 5}","{""B"": 5, ""C"": 5, ""A"": 7}",4,4
"{B01,B02,B04,B05,B07,B08,B09,B11}|{B03,B06,B10,B12}",9,37,0.8,"{""B"": 3, ""C"": 4, ""A"": 5}","{""B"": 5, ""C"": 5, ""A"": 7}",4,4
"{B01,B02,B04,B05,B07,B08,B10,B11}|{B03,B06,B09,B12}",9,37,0.8,"{""B"": 3, ""C"": 4, ""A"": 5}","{""B"": 5, ""C"": 5, ""A"": 7}",4,4
"{B01,B02,B04,B05,B07,B08,B11,B12}|{B03,B06,B09,B10}",9,37,0.8,"{""B"": 3, ""C"": 4, ""A"": 5}","{""B"": 6, ""C"": 5, ""A"": 6}",4,4
"{B01,B02,B04,B05,B07,B09,B10,B12}|{B03,B06,B08,B11}",9,37,0.8,"{""B"": 3, ""C"": 4, ""A"": 5}","{""B"": 6, ""C"": 5, ""A"": 6}",4,4
"{B01,B02,B04,B05,B07,B09,B11,B12}|{B03,B06,B08,B10}",9,37,0.8,"{""B"": 3, ""C"": 4, ""A"": 5}","{""B"": 6, ""C"": 5, ""A"": 6}",4,4
"{B01,B02,B04,B05,B08,B09,B10,B11}|{B03,B06,B07,B12}",9,37,0.8,"{""B"": 3, ""C"": 4, ""A"": 5}","{""B"": 5, ""C"": 5, ""A"": 7}",4,4
"{B01,B02,B04,B05,B08,B09,B10}|{B03,B06,B07,B11,B12}",9,37,0.8,"{""B"": 3, ""C"": 4, ""A"": 5}","{""B"": 5, ""C"": 5, ""A"": 7}",4,4
"{B01,B02,B04,B05,B08,B09,B12}|{B03,B06,B07,B10,B11}",9,37,0.8,"{""C"": 4, ""A"": 5, ""B"": 4}","{""C"": 5, ""A"": 6, ""B"": 5}",4,4
"{B01,B02,B04,B05,B08,B10,B11,B12}|{B03,B06,B07,B09}",9,37,0.8,"{""B"": 4, ""C"": 4, ""A"": 5}","{""B"": 5, ""C"": 5, ""A"": 6}",4,4
"{B01,B02,B04,B05,B08,B11,B12}|{B03,B06,B07,B09,B10}",9,37,0.8,"{""B"": 4, ""C"": 4, ""A"": 5}","{""B"": 5, ""C"": 5, ""A"": 6}",4,4
"{B01,B02,B04,B05,B09,B10,B11}|{B03,B06,B07,B08,B12}",9,37,0.8,"{""B"": 3, ""C"": 4, ""A"": 5}","{""B"": 5, ""C"": 5, ""A"": 7}",4,4
"{B01,B02,B04,B05,B09,B10,B12}|{B03,B06,B07,B08,B11}",9,37,0.8,"{""B"": 3, ""C"": 4, ""A"": 5}","{""B"": 6, ""C"": 5, ""A"": 6}",4,4
"{B01,B02,B04,B05,B09,B11}|{B03,B06,B07,B08,B10,B12}",9,37,0.8,"{""B"": 3, ""C"": 4, ""A"": 5}","{""B"": 5, ""C"": 5, ""A"": 7}",4,4
"{B01,B02,B04,B08,B10}|{B03,B05,B06,B07,B09,B11,B12}",9,37,0.8,"{""B"": 3, ""C"": 4, ""A"": 5}","{""B"": 5, ""C"": 5, ""A"": 7}",4,4
"{B01,B02,B04,B08,B11}|{B03,B05,B06,B07,B09,B10,B12}",9,37,0.8,"{""B"": 3, ""C"": 4, ""A"": 5}","{""B"": 5, ""C"": 5, ""A"": 7}",4,4
"{B01,B02,B04,B08}|{B03,B05,B06,B07,B09,B10,B11,B12}",9,37,0.8,"{""C"": 4, ""A"": 5, ""B"": 3}","{""C"": 5, ""A"": 7, ""B"": 5}",4,4
"{B01,B02,B04,B09}|{B03,B05,B06,B07,B08,B10,B11,B12}",9,37,0.8,"{""C"": 4, ""A"": 5, ""B"": 3}","{""C"": 5, ""A"": 7, ""B"": 5}",4,4
"{B01,B02,B04,B11}|{B03,B05,B06,B07,B08,B09,B10,B12}",9,37,0.8,"{""B"": 3, ""C"": 4, ""A"": 5}","{""B"": 5, ""C"": 5, ""A"": 7}",4,4
"{B01,B02,B05,B06,B07,B08,B09,B10}|{B03,B04,B11,B12}",9,37,0.8,"{""C"": 4, ""B"": 3, ""A"": 5}","{""C"": 5, ""B"": 5, ""A"": 7}",4,4
"{B01,B02,B05,B06,B07,B08,B09,B11}|{B03,B04,B10,B12}",9,37,0.8,"{""B"": 3, ""C"": 4, ""A"": 5}","{""B"": 5, ""C"": 5, ""A"": 7}",4,4
"{B01,B02,B05,B06,B07,B08,B10,B11}|{B03,B04,B09,B12}",9,37,0.8,"{""B"": 3, ""C"": 4, ""A"": 5}","{""B"": 5, ""C"": 5, ""A"": 7}",4,4
"{B01,B02,B05,B06,B07,B08,B11,B12}|{B03,B04,B09,B10}",9,37,0.8,"{""B"": 3, ""C"": 4, ""A"": 5}","{""B"": 6, ""C"": 5, ""A"": 6}",4,4
"{B01,B02,B05,B06,B07,B09,B10,B12}|{B03,B04,B08,B11}",9,37,0.8,"{""C"": 4, ""B"": 3, ""A"": 5}","{""C"": 5, ""B"": 6, ""A"": 6}",4,4
"{B01,B02,B05,B06,B07,B09,B11,B12}|{B03,B04,B08,B10}",9,37,0.8,"{""B"": 3, ""C"": 4, ""A"": 5}","{""B"": 6, ""C"": 5, ""A"": 6}",4,4
"{B01,B02,B05,B06,B08,B09,B10,B11}|{B03,B04,B07,B12}",9,37,0.8,"{""B"": 3, ""C"": 4, ""A"": 5}","{""B"": 5, ""C"": 5, ""A"": 7}",4,4
"{B01,B02,B05,B06,B08,B09,B10}|{B03,B04,B07,B11,B12}",9,37,0.8,"{""C"": 4, ""B"": 3, ""A"": 5}","{""C"": 5, ""B"": 5, ""A"": 7}",4,4
"{B01,B02,B05,B06,B08,B09,B12}|{B03,B04,B07,B10,B11}",9,37,0.8,"{""C"": 4, ""A"": 5, ""B"": 4}","{""C"": 5, ""A"": 6, ""B"": 5}",4,4
"{B01,B02,B05,B06,B08,B10,B11,B12}|{B03,B04,B07,B09}",9,37,0.8,"{""B"": 4, ""C"": 4, ""A"": 5}","{""B"": 5, ""C"": 5, ""A"": 6}",4,4
"{B01,B02,B05,B06,B08,B11,B12}|{B03,B04,B07,B09,B10}",9,37,0.8,"{""B"": 4, ""C"": 4, ""A"": 5}","{""B"": 5, ""C"": 5, ""A"": 6}",4,4
"{B01,B02,B05,B06,B09,B10,B11}|{B03,B04,B07,B08,B12}",9,37,0.8,"{""B"": 3, ""C"": 4, ""A"": 5}","{""B"": 5, ""C"": 5, ""A"": 7}",4,4
"{B01,B02,B05,B06,B09,B10,B12}|{B03,B04,B07,B08,B11}",9,37,0.8,"{""C"": 4, ""B"": 3, ""A"": 5}","{""C"": 5, ""B"": 6, ""A"": 6}",4,4
"{B01,B02,B05,B06,B09,B11}|{B03,B04,B07,B08,B10,B12}",9,37,0.8,"{""B"": 3, ""C"": 4, ""A"": 5}","{""B"": 5, ""C"": 5, ""A"": 7}",4,4
"{B01,B02,B05,B07,B08,B09,B12}|{B03,B04,B06,B10,B11}",9,37,0.8,"{""C"": 4, ""A"": 5, ""B"": 4}","{""C"": 4, ""A"": 6, ""B"": 6}",4,4
"{B01,B02,B05,B07,B08,B10,B12}|{B03,B04,B06,B09,B11}",9,37,0.8,"{""B"": 4, ""C"": 4, ""A"": 5}","{""B"": 6, ""C"": 4, ""A"": 6}",4,4
"{B01,B02,B05,B07,B08,B11}|{B03,B04,B06,B09,B10,B12}",9,37,0.8,"{""B"": 3, ""C"": 4, ""A"": 5}","{""B"": 6, ""C"": 4, ""A"": 7}",4,4
"{B01,B02,B05,B07,B09,B10}|{B03,B04,B06,B08,B11,B12}",9,37,0.8,"{""B"": 3, ""C"": 4, ""A"": 5}","{""B"": 6, ""C"": 4, ""A"": 7}",4,4
"{B01,B02,B05,B07,B09,B11}|{B03,B04,B06,B08,B10,B12}",9,37,0.8,"{""B"": 3, ""C"": 4, ""A"": 5}","{""B"": 6, ""C"": 4, ""A"": 7}",4,4
"{B01,B02,B05,B07,B10,B11,B12}|{B03,B04,B06,B08,B09}",9,37,0.8,"{""B"": 4, ""C"": 4, ""A"": 5}","{""B"": 6, ""C"": 4, ""A"": 6}",4,4
"{B01,B02,B05,B08,B09}|{B03,B04,B06,B07,B10,B11,B12}",9,37,0.8,"{""C"": 4, ""A"": 5, ""B"": 4}","{""C"": 4, ""A"": 7, ""B"": 5}",4,4
"{B01,B02,B05,B08,B10,B11}|{B03,B04,B06,B07,B09,B12}",9,37,0.8,"{""B"": 4, ""C"": 4, ""A"": 5}","{""B"": 5, ""C"": 4, ""A"": 7}",4,4
"{B01,B02,B05,B08,B10,B12}|{B03,B04,B06,B07,B09,B11}",9,37,0.8,"{""B"": 4, ""C"": 4, ""A"": 5}","{""B"": 6, ""C"": 4, ""A"": 6}",4,4
"{B01,B02,B05,B08,B11}|{B03,B04,B06,B07,B09,B10,B12}",9,37,0.8,"{""B"": 4, ""C"": 4, ""A"": 5}","{""B"": 5, ""C"": 4, ""A"": 7}",4,4
"{B01,B02,B05,B08,B12}|{B03,B04,B06,B07,B09,B10,B11}",9,37,0.8,"{""C"": 4, ""A"": 5, ""B"": 4}","{""C"": 4, ""A"": 6, ""B"": 6}",4,4
"{B01,B02,B05,B09,B10}|{B03,B04,B06,B07,B08,B11,B12}",9,37,0.8,"{""B"": 3, ""C"": 4, ""A"": 5}","{""B"": 6, ""C"": 4, ""A"": 7}",4,4
"{B01,B02,B05,B09,B12}|{B03,B04,B06,B07,B08,B10,B11}",9,37,0.8,"{""C"": 4, ""A"": 5, ""B"": 4}","{""C"": 4, ""A"": 6, ""B"": 6}",4,4
"{B01,B02,B05,B10,B11,B12}|{B03,B04,B06,B07,B08,B09}",9,37,0.8,"{""B"": 4, ""C"": 4, ""A"": 5}","{""B"": 6, ""C"": 4, ""A"": 6}",4,4
"{B01,B02,B05,B11,B12}|{B03,B04,B06,B07,B08,B09,B10}",9,37,0.8,"{""B"": 4, ""C"": 4, ""A"": 5}","{""B"": 6, ""C"": 4, ""A"": 6}",4,4
"{B01,B02,B06,B09,B10}|{B03,B04,B05,B07,B08,B11,B12}",9,37,0.8,"{""C"": 4, ""B"": 2, ""A"": 5}","{""C"": 6, ""B"": 5, ""A"": 7}",4,4
"{B01,B02,B06,B09,B11}|{B03,B04,B05,B07,B08,B10,B12}",9,37,0.8,"{""B"": 3, ""C"": 4, ""A"": 5}","{""B"": 4, ""C"": 6, ""A"": 7}",4,4
"{B01,B02,B07,B08,B11}|{B03,B04,B05,B06,B09,B10,B12}",9,37,0.8,"{""B"": 3, ""C"": 4, ""A"": 5}","{""B"": 5, ""C"": 5, ""A"": 7}",4,4
"{B01,B02,B07,B09,B10}|{B03,B04,B05,B06,B08,B11,B12}",9,37,0.8,"{""B"": 3, ""C"": 4, ""A"": 5}","{""B"": 5, ""C"": 5, ""A"": 7}",4,4
"{B01,B02,B07,B09,B11}|{B03,B04,B05,B06,B08,B10,B12}",9,37,0.8,"{""B"": 3, ""C"": 4, ""A"": 5}","{""B"": 5, ""C"": 5, ""A"": 7}",4,4
"{B01,B02,B08,B09,B10}|{B03,B04,B05,B06,B07,B11,B12}",9,37,0.8,"{""B"": 3, ""C"": 4, ""A"": 5}","{""B"": 5, ""C"": 5, ""A"": 7}",4,4
"{B01,B02,B08,B09,B11}|{B03,B04,B05,B06,B07,B10,B12}",9,37,0.8,"{""B"": 3, ""C"": 4, ""A"": 5}","{""B"": 5, ""C"": 5, ""A"": 7}",4,4
"{B01,B02,B08,B10}|{B03,B04,B05,B06,B07,B09,B11,B12}",9,37,0.8,"{""B"": 3, ""C"": 4, ""A"": 5}","{""B"": 5, ""C"": 5, ""A"": 7}",4,4
"{B01,B02,B08,B11}|{B03,B04,B05,B06,B07,B09,B10,B12}",9,37,0.8,"{""B"": 3, ""C"": 4, ""A"": 5}","{""B"": 5, ""C"": 5, ""A"": 7}",4,4
"{B01,B02,B08}|{B03,B04,B05,B06,B07,B09,B10,B11,B12}",9,37,0.8,"{""C"": 4, ""A"": 5, ""B"": 3}","{""C"": 5, ""A"": 7, ""B"": 5}",4,4
"{B01,B02,B09,B10,B11}|{B03,B04,B05,B06,B07,B08,B12}",9,37,0.8,"{""B"": 3, ""C"": 4, ""A"": 5}","{""B"": 5, ""C"": 5, ""A"": 7}",4,4
"{B01,B02,B09}|{B03,B04,B05,B06,B07,B08,B10,B11,B12}",9,37,0.8,"{""C"": 4, ""A"": 5, ""B"": 3}","{""C"": 5, ""A"": 7, ""B"": 5}",4,4
"{B01,B02,B11}|{B03,B04,B05,B06,B07,B08,B09,B10,B12}",9,37,0.8,"{""B"": 3, ""C"": 4, ""A"": 5}","{""B"": 5, ""C"": 5, ""A"": 7}",4,4
"{B01,B03,B04,B05,B06,B07,B08}|{B02,B09,B10,B11,B12}",9,37,0.8,"{""C"": 3, ""A"": 5, ""B"": 4}","{""C"": 4, ""A"": 7, ""B"": 6}",4,4
"{B01,B03,B04,B05,B06,B07,B09}|{B02,B08,B10,B11,B12}",9,37,0.8,"{""C"": 3, ""A"": 5, ""B"": 4}","{""C"": 4, ""A"": 7, ""B"": 6}",4,4
"{B01,B03,B04,B05,B06,B07,B10,B11}|{B02,B08,B09,B12}",9,37,0.8,"{""C"": 3, ""B"": 4, ""A"": 5}","{""C"": 4, ""B"": 6, ""A"": 7}",4,4
"{B01,B03,B04,B05,B06,B07,B10}|{B02,B08,B09,B11,B12}",9,37,0.8,"{""C"": 3, ""B"": 4, ""A"": 5}","{""C"": 4, ""B"": 6, ""A"": 7}",4,4
"{B01,B03,B04,B05,B06,B07,B11}|{B02,B08,B09,B10,B12}",9,37,0.8,"{""C"": 3, ""B"": 4, ""A"": 5}","{""C"": 4, ""B"": 6, ""A"": 7}",4,4
"{B01,B03,B04,B05,B06,B08,B09,B10,B11}|{B02,B07,B12}",9,37,0.8,"{""C"": 3, ""B"": 4, ""A"": 5}","{""C"": 4, ""B"": 6, ""A"": 7}",4,4
"{B01,B03,B04,B05,B06,B08,B10,B11}|{B02,B07,B09,B12}",9,37,0.8,"{""C"": 3, ""B"": 4, ""A"": 5}","{""C"": 4, ""B"": 6, ""A"": 7}",4,4
"{B01,B03,B04,B05,B06,B09,B10,B11}|{B02,B07,B08,B12}",9,37,0.8,"{""C"": 3, ""B"": 4, ""A"": 5}","{""C"": 4, ""B"": 6, ""A"": 7}",4,4
"{B01,B03,B04,B05,B06,B10,B11}|{B02,B07,B08,B09,B12}",9,37,0.8,"{""C"": 3, ""B"": 4, ""A"": 5}","{""C"": 4, ""B"": 6, ""A"": 7}",4,4
"{B01,B03,B04,B05,B06,B10}|{B02,B07,B08,B09,B11,B12}",9,37,0.8,"{""C"": 3, ""B"": 4, ""A"": 5}","{""C"": 4, ""B"": 6, ""A"": 7}",4,4
"{B01,B03,B04,B05,B06,B11}|{B02,B07,B08,B09,B10,B12}",9,37,0.8,"{""C"": 3, ""B"": 4, ""A"": 5}","{""C"": 4, ""B"": 6, ""A"": 7}",4,4
"{B01,B03,B04,B05,B06}|{B02,B07,B08,B09,B10,B11,B12}",9,37,0.8,"{""C"": 3, ""A"": 5, ""B"": 4}","{""C"": 4, ""A"": 7, ""B"": 6}",4,4
"{B01,B03,B04,B05,B07,B08,B09}|{B02,B06,B10,B11,B12}",9,37,0.8,"{""C"": 3, ""A"": 5, ""B"": 4}","{""C"": 5, ""A"": 7, ""B"": 5}",4,4
"{B01,B03,B04,B05,B07,B08,B10}|{B02,B06,B09,B11,B12}",9,37,0.8,"{""C"": 3, ""B"": 4, ""A"": 5}","{""C"": 5, ""B"": 5, ""A"": 7}",4,4
"{B01,B03,B04,B05,B07,B12}|{B02,B06,B08,B09,B10,B11}",9,37,0.8,"{""C"": 3, ""A"": 4, ""B"": 4}","{""C"": 5, ""A"": 6, ""B"": 7}",4,4
"{B01,B03,B04,B05,B08,B09,B10}|{B02,B06,B07,B11,B12}",9,37,0.8,"{""C"": 3, ""B"": 4, ""A"": 5}","{""C"": 5, ""B"": 5, ""A"": 7}",4,4
"{B01,B03,B04,B05,B08,B09,B11}|{B02,B06,B07,B10,B12}",9,37,0.8,"{""C"": 3, ""B"": 4, ""A"": 5}","{""C"": 5, ""B"": 5, ""A"": 7}",4,4
"{B01,B03,B04,B05,B08,B10}|{B02,B06,B07,B09,B11,B12}",9,37,0.8,"{""C"": 3, ""B"": 4, ""A"": 5}","{""C"": 5, ""B"": 5, ""A"": 7}",4,4
"{B01,B03,B04,B05,B08,B11}|{B02,B06,B07,B09,B10,B12}",9,37,0.8,"{""C"": 3, ""B"": 4, ""A"": 5}","{""C"": 5, ""B"": 5, ""A"": 7}",4,4
"{B01,B03,B04,B05,B08}|{B02,B06,B07,B09,B10,B11,B12}",9,37,0.8,"{""C"": 3, ""A"": 5, ""B"": 4}","{""C"": 5, ""A"": 7, ""B"": 5}",4,4
"{B01,B03,B04,B05,B09,B10}|{B02,B06,B07,B08,B11,B12}",9,37,0.8,"{""C"": 3, ""B"": 4, ""A"": 5}","{""C"": 5, ""B"": 5, ""A"": 7}",4,4
"{B01,B03,B04,B05,B09,B11}|{B02,B06,B07,B08,B10,B12}",9,37,0.8,"{""C"": 3, ""B"": 4, ""A"": 5}","{""C"": 5, ""B"": 5, ""A"": 7}",4,4
"{B01,B03,B04,B05,B09}|{B02,B06,B07,B08,B10,B11,B12}",9,37,0.8,"{""C"": 3, ""A"": 5, ""B"": 4}","{""C"": 5, ""A"": 7, ""B"": 5}",4,4
"{B01,B03,B04,B06,B07,B08,B10,B12}|{B02,B05,B09,B11}",9,37,0.8,"{""C"": 3, ""B"": 3, ""A"": 5}","{""C"": 5, ""B"": 5, ""A"": 8}",4,4
"{B01,B03,B04,B06,B07,B08,B10}|{B02,B05,B09,B11,B12}",9,37,0.8,"{""C"": 3, ""B"": 3, ""A"": 6}","{""C"": 5, ""B"": 5, ""A"": 7}",4,4
"{B01,B03,B04,B06,B07,B08,B12}|{B02,B05,B09,B10,B11}",9,37,0.8,"{""C"": 3, ""A"": 5, ""B"": 3}","{""C"": 5, ""A"": 8, ""B"": 5}",4,4
"{B01,B03,B04,B06,B07,B08}|{B02,B05,B09,B10,B11,B12}",9,37,0.8,"{""C"": 3, ""A"": 6, ""B"": 3}","{""C"": 5, ""A"": 7, ""B"": 5}",4,4
"{B01,B03,B04,B06,B07,B09,B10,B12}|{B02,B05,B08,B11}",9,37,0.8,"{""C"": 3, ""B"": 4, ""A"": 5}","{""C"": 5, ""B"": 4, ""A"": 8}",4,4
"{B01,B03,B04,B06,B07,B09,B10}|{B02,B05,B08,B11,B12}",9,37,0.8,"{""C"": 3, ""B"": 4, ""A"": 6}","{""C"": 5, ""B"": 4, ""A"": 7}",4,4
"{B01,B03,B04,B06,B07,B10,B12}|{B02,B05,B08,B09,B11}",9,37,0.8,"{""C"": 3, ""B"": 3, ""A"": 5}","{""C"": 5, ""B"": 5, ""A"": 8}",4,4
"{B01,B03,B04,B06,B07,B10}|{B02,B05,B08,B09,B11,B12}",9,37,0.8,"{""C"": 3, ""B"": 3, ""A"": 6}","{""C"": 5, ""B"": 5, ""A"": 7}",4,4
"{B01,B03,B04,B06,B07,B11,B12}|{B02,B05,B08,B09,B10}",9,37,0.8,"{""C"": 3, ""B"": 3, ""A"": 5}","{""C"": 5, ""B"": 5, ""A"": 8}",4,4
"{B01,B03,B04,B06,B07,B11}|{B02,B05,B08,B09,B10,B12}",9,37,0.8,"{""C"": 3, ""B"": 3, ""A"": 6}","{""C"": 5, ""B"": 5, ""A"": 7}",4,4
"{B01,B03,B04,B06,B08,B12}|{B02,B05,B07,B09,B10,B11}",9,37,0.8,"{""C"": 3, ""A"": 5, ""B"": 3}","{""C"": 5, ""A"": 8, ""B"": 5}",4,4
"{B01,B03,B04,B06,B09,B10,B12}|{B02,B05,B07,B08,B11}",9,37,0.8,"{""C"": 3, ""B"": 3, ""A"": 5}","{""C"": 5, ""B"": 5, ""A"": 8}",4,4
"{B01,B03,B04,B06,B09,B10}|{B02,B05,B07,B08,B11,B12}",9,37,0.8,"{""C"": 3, ""B"": 3, ""A"": 6}","{""C"": 5, ""B"": 5, ""A"": 7}",4,4
"{B01,B03,B04,B06,B10,B12}|{B02,B05,B07,B08,B09,B11}",9,37,0.8,"{""C"": 3, ""B"": 3, ""A"": 5}","{""C"": 5, ""B"": 5, ""A"": 8}",4,4
"{B01,B03,B04,B06,B11,B12}|{B02,B05,B07,B08,B09,B10}",9,37,0.8,"{""C"": 3, ""B"": 3, ""A"": 5}","{""C"": 5, ""B"": 5, ""A"": 8}",4,4
"{B01,B03,B04,B06,B12}|{B02,B05,B07,B08,B09,B10,B11}",9,37,0.8,"{""C"": 3, ""A"": 5, ""B"": 3}","{""C"": 5, ""A"": 8, ""B"": 5}",4,4
"{B01,B03,B04,B07,B08,B10,B12}|{B02,B05,B06,B09,B11}",9,37,0.8,"{""C"": 3, ""B"": 3, ""A"": 5}","{""C"": 5, ""B"": 5, ""A"": 8}",4,4
"{B01,B03,B04,B07,B08,B12}|{B02,B05,B06,B09,B10,B11}",9,37,0.8,"{""C"": 3, ""A"": 5, ""B"": 3}","{""C"": 5, ""A"": 8, ""B"": 5}",4,4
"{B01,B03,B04,B07,B09,B10,B12}|{B02,B05,B06,B08,B11}",9,37,0.8,"{""C"": 3, ""B"": 4, ""A"": 5}","{""C"": 5, ""B"": 4, ""A"": 8}",4,4
"{B01,B03,B04,B07,B09,B10}|{B02,B05,B06,B08,B11,B12}",9,37,0.8,"{""C"": 3, ""B"": 4, ""A"": 6}","{""C"": 5, ""B"": 4, ""A"": 7}",4,4
"{B01,B03,B04,B07,B10,B12}|{B02,B05,B06,B08,B09,B11}",9,37,0.8,"{""C"": 3, ""B"": 3, ""A"": 5}","{""C"": 5, ""B"": 5, ""A"": 8}",4,4
"{B01,B03,B04,B07,B11,B12}|{B02,B05,B06,B08,B09,B10}",9,37,0.8,"{""C"": 3, ""B"": 3, ""A"": 5}","{""C"": 5, ""B"": 5, ""A"": 8}",4,4
"{B01,B03,B04,B09,B10,B12}|{B02,B05,B06,B07,B08,B11}",9,37,0.8,"{""C"": 3, ""B"": 3, ""A"": 5}","{""C"": 5, ""B"": 5, ""A"": 8}",4,4
"{B01,B03,B04,B10,B12}|{B02,B05,B06,B07,B08,B09,B11}",9,37,0.8,"{""C"": 3, ""B"": 3, ""A"": 5}","{""C"": 5, ""B"": 5, ""A"": 8}",4,4
"{B01,B03,B04,B11,B12}|{B02,B05,B06,B07,B08,B09,B10}",9,37,0.8,"{""C"": 3, ""B"": 3, ""A"": 5}","{""C"": 5, ""B"": 5, ""A"": 8}",4,4
"{B01,B03,B04}|{B02,B05,B06,B07,B08,B09,B10,B11,B12}",9,37,0.8,"{""C"": 3, ""A"": 6, ""B"": 3}","{""C"": 5, ""A"": 7, ""B"": 5}",4,4
"{B01,B03,B05,B06,B07,B08,B09,B10,B11}|{B02,B04,B12}",9,37,0.8,"{""C"": 4, ""B"": 3, ""A"": 5}","{""C"": 5, ""B"": 5, ""A"": 7}",4,4
"{B01,B03,B05,B06,B07,B08,B09,B11}|{B02,B04,B10,B12}",9,37,0.8,"{""C"": 4, ""B"": 3, ""A"": 5}","{""C"": 5, ""B"": 5, ""A"": 7}",4,4
"{B01,B03,B05,B06,B07,B08,B10,B11}|{B02,B04,B09,B12}",9,37,0.8,"{""C"": 4, ""B"": 3, ""A"": 5}","{""C"": 5, ""B"": 5, ""A"": 7}",4,4
"{B01,B03,B05,B06,B07,B08,B11}|{B02,B04,B09,B10,B12}",9,37,0.8,"{""C"": 4, ""B"": 3, ""A"": 5}","{""C"": 5, ""B"": 5, ""A"": 7}",4,4
"{B01,B03,B05,B06,B07,B08,B12}|{B02,B04,B09,B10,B11}",9,37,0.8,"{""C"": 4, ""A"": 4, ""B"": 4}","{""C"": 5, ""A"": 6, ""B"": 6}",4,4
"{B01,B03,B05,B06,B07,B09,B10,B11}|{B02,B04,B08,B12}",9,37,0.8,"{""C"": 4, ""B"": 3, ""A"": 5}","{""C"": 5, ""B"": 5, ""A"": 7}",4,4
"{B01,B03,B05,B06,B07,B09,B10}|{B02,B04,B08,B11,B12}",9,37,0.8,"{""C"": 4, ""B"": 3, ""A"": 5}","{""C"": 5, ""B"": 5, ""A"": 7}",4,4
"{B01,B03,B05,B06,B07,B09,B11}|{B02,B04,B08,B10,B12}",9,37,0.8,"{""C"": 4, ""B"": 3, ""A"": 5}","{""C"": 5, ""B"": 5, ""A"": 7}",4,4
"{B01,B03,B05,B06,B07,B09,B12}|{B02,B04,B08,B10,B11}",9,37,0.8,"{""C"": 4, ""A"": 4, ""B"": 4}","{""C"": 5, ""A"": 6, ""B"": 6}",4,4
"{B01,B03,B05,B06,B07,B10,B11,B12}|{B02,B04,B08,B09}",9,37,0.8,"{""C"": 4, ""B"": 4, ""A"": 4}","{""C"": 5, ""B"": 6, ""A"": 6}",4,4
"{B01,B03,B05,B06,B07,B10,B12}|{B02,B04,B08,B09,B11}",9,37,0.8,"{""C"": 4, ""B"": 4, ""A"": 4}","{""C"": 5, ""B"": 6, ""A"": 6}",4,4
"{B01,B03,B05,B06,B07,B11,B12}|{B02,B04,B08,B09,B10}",9,37,0.8,"{""C"": 4, ""B"": 4, ""A"": 4}","{""C"": 5, ""B"": 6, ""A"": 6}",4,4
"{B01,B03,B05,B06,B08,B09,B10,B11,B12}|{B02,B04,B07}",9,37,0.8,"{""C"": 4, ""B"": 4, ""A"": 4}","{""C"": 5, ""B"": 6, ""A"": 6}",4,4
"{B01,B03,B05,B06,B08,B09}|{B02,B04,B07,B10,B11,B12}",9,37,0.8,"{""C"": 4, ""A"": 5, ""B"": 4}","{""C"": 5, ""A"": 7, ""B"": 4}",4,4
"{B01,B03,B05,B06,B08,B10,B11,B12}|{B02,B04,B07,B09}",9,37,0.8,"{""C"": 4, ""B"": 4, ""A"": 4}","{""C"": 5, ""B"": 6, ""A"": 6}",4,4
"{B01,B03,B05,B06,B09,B10,B11,B12}|{B02,B04,B07,B08}",9,37,0.8,"{""C"": 4, ""B"": 4, ""A"": 4}","{""C"": 5, ""B"": 6, ""A"": 6}",4,4
"{B01,B03,B05,B06,B10,B11,B12}|{B02,B04,B07,B08,B09}",9,37,0.8,"{""C"": 4, ""B"": 4, ""A"": 4}","{""C"": 5, ""B"": 6, ""A"": 6}",4,4
"{B01,B03,B05,B06,B10,B12}|{B02,B04,B07,B08,B09,B11}",9,37,0.8,"{""C"": 4, ""B"": 4, ""A"": 4}","{""C"": 5, ""B"": 6, ""A"": 6}",4,4
"{B01,B03,B05,B06,B11,B12}|{B02,B04,B07,B08,B09,B10}",9,37,0.8,"{""C"": 4, ""B"": 4, ""A"": 4}","{""C"": 5, ""B"": 6, ""A"": 6}",4,4
"{B01,B03,B05,B06,B12}|{B02,B04,B07,B08,B09,B10,B11}",9,37,0.8,"{""C"": 4, ""A"": 4, ""B"": 4}","{""C"": 5, ""A"": 6, ""B"": 6}",4,4
"{B01,B03,B05,B07,B08,B09,B10,B11}|{B02,B04,B06,B12}",9,37,0.8,"{""C"": 4, ""B"": 3, ""A"": 5}","{""C"": 5, ""B"": 5, ""A"": 7}",4,4
"{B01,B03,B05,B07,B08,B09,B11}|{B02,B04,B06,B10,B12}",9,37,0.8,"{""C"": 4, ""B"": 3, ""A"": 5}","{""C"": 5, ""B"": 5, ""A"": 7}",4,4
"{B01,B03,B05,B07,B08,B10,B11}|{B02,B04,B06,B09,B12}",9,37,0.8,"{""C"": 4, ""B"": 3, ""A"": 5}","{""C"": 5, ""B"": 5, ""A"": 7}",4,4
"{B01,B03,B05,B07,B08,B11}|{B02,B04,B06,B09,B10,B12}",9,37,0.8,"{""C"": 4, ""B"": 3, ""A"": 5}","{""C"": 5, ""B"": 5, ""A"": 7}",4,4
"{B01,B03,B05,B07,B08,B12}|{B02,B04,B06,B09,B10,B11}",9,37,0.8,"{""C"": 4, ""A"": 4, ""B"": 4}","{""C"": 5, ""A"": 6, ""B"": 6}",4,4
"{B01,B03,B05,B07,B09,B10,B11}|{B02,B04,B06,B08,B12}",9,37,0.8,"{""C"": 4, ""B"": 3, ""A"": 5}","{""C"": 5, ""B"": 5, ""A"": 7}",4,4
"{B01,B03,B05,B07,B09,B10}|{B02,B04,B06,B08,B11,B12}",9,37,0.8,"{""C"": 4, ""B"": 3, ""A"": 5}","{""C"": 5, ""B"": 5, ""A"": 7}",4,4
"{B01,B03,B05,B07,B09,B11}|{B02,B04,B06,B08,B10,B12}",9,37,0.8,"{""C"": 4, ""B"": 3, ""A"": 5}","{""C"": 5, ""B"": 5, ""A"": 7}",4,4
"{B01,B03,B05,B07,B09,B12}|{B02,B04,B06,B08,B10,B11}",9,37,0.8,"{""C"": 4, ""A"": 4, ""B"": 4}","{""C"": 5, ""A"": 6, ""B"": 6}",4,4
"{B01,B03,B05,B07,B10,B11,B12}|{B02,B04,B06,B08,B09}",9,37,0.8,"{""C"": 4, ""B"": 4, ""A"": 4}","{""C"": 5, ""B"": 6, ""A"": 6}",4,4
"{B01,B03,B05,B07,B10,B12}|{B02,B04,B06,B08,B09,B11}",9,37,0.8,"{""C"": 4, ""B"": 4, ""A"": 4}","{""C"": 5, ""B"": 6, ""A"": 6}",4,4
"{B01,B03,B05,B07,B11,B12}|{B02,B04,B06,B08,B09,B10}",9,37,0.8,"{""C"": 4, ""B"": 4, ""A"": 4}","{""C"": 5, ""B"": 6, ""A"": 6}",4,4
"{B01,B03,B05,B08,B09,B10,B11,B12}|{B02,B04,B06,B07}",9,37,0.8,"{""C"": 4, ""B"": 4, ""A"": 4}","{""C"": 5, ""B"": 6, ""A"": 6}",4,4
"{B01,B03,B05,B08,B09}|{B02,B04,B06,B07,B10,B11,B12}",9,37,0.8,"{""C"": 4, ""A"": 5, ""B"": 4}","{""C"": 5, ""A"": 7, ""B"": 4}",4,4
"{B01,B03,B05,B08,B10,B11,B12}|{B02,B04,B06,B07,B09}",9,37,0.8,"{""C"": 4, ""B"": 4, ""A"": 4}","{""C"": 5, ""B"": 6, ""A"": 6}",4,4
"{B01,B03,B05,B09,B10,B11,B12}|{B02,B04,B06,B07,B08}",9,37,0.8,"{""C"": 4, ""B"": 4, ""A"": 4}","{""C"": 5, ""B"": 6, ""A"": 6}",4,4
"{B01,B03,B05,B10,B11,B12}|{B02,B04,B06,B07,B08,B09}",9,37,0.8,"{""C"": 4, ""B"": 4, ""A"": 4}","{""C"": 5, ""B"": 6, ""A"": 6}",4,4
"{B01,B03,B05,B10,B12}|{B02,B04,B06,B07,B08,B09,B11}",9,37,0.8,"{""C"": 4, ""B"": 4, ""A"": 4}","{""C"": 5, ""B"": 6, ""A"": 6}",4,4
"{B01,B03,B05,B11,B12}|{B02,B04,B06,B07,B08,B09,B10}",9,37,0.8,"{""C"": 4, ""B"": 4, ""A"": 4}","{""C"": 5, ""B"": 6, ""A"": 6}",4,4
"{B01,B03,B05,B12}|{B02,B04,B06,B07,B08,B09,B10,B11}",9,37,0.8,"{""C"": 4, ""A"": 4, ""B"": 4}","{""C"": 5, ""A"": 6, ""B"": 6}",4,4
"{B01,B03,B07,B08}|{B02,B04,B05,B06,B09,B10,B11,B12}",9,37,0.8,"{""C"": 3, ""A"": 6, ""B"": 3}","{""C"": 5, ""A"": 7, ""B"": 5}",4,4
"{B01,B03,B07,B10}|{B02,B04,B05,B06,B08,B09,B11,B12}",9,37,0.8,"{""C"": 3, ""B"": 3, ""A"": 6}","{""C"": 5, ""B"": 5, ""A"": 7}",4,4
"{B01,B03,B07,B11}|{B02,B04,B05,B06,B08,B09,B10,B12}",9,37,0.8,"{""C"": 3, ""B"": 3, ""A"": 6}","{""C"": 5, ""B"": 5, ""A"": 7}",4,4
"{B01,B03,B08}|{B02,B04,B05,B06,B07,B09,B10,B11,B12}",9,37,0.8,"{""C"": 3, ""A"": 6, ""B"": 3}","{""C"": 5, ""A"": 7, ""B"": 5}",4,4
"{B01,B03,B09,B10}|{B02,B04,B05,B06,B07,B08,B11,B12}",9,37,0.8,"{""C"": 3, ""B"": 3, ""A"": 6}","{""C"": 5, ""B"": 5, ""A"": 7}",4,4
"{B01,B03,B10}|{B02,B04,B05,B06,B07,B08,B09,B11,B12}",9,37,0.8,"{""C"": 3, ""B"": 3, ""A"": 6}","{""C"": 5, ""B"": 5, ""A"": 7}",4,4
"{B01,B03,B11}|{B02,B04,B05,B06,B07,B08,B09,B10,B12}",9,37,0.8,"{""C"": 3, ""B"": 3, ""A"": 6}","{""C"": 5, ""B"": 5, ""A"": 7}",4,4
"{B01,B03,B12}|{B02,B04,B05,B06,B07,B08,B09,B10,B11}",9,37,0.8,"{""C"": 3, ""A"": 5, ""B"": 3}","{""C"": 5, ""A"": 8, ""B"": 5}",4,4
"{B01,B03}|{B02,B04,B05,B06,B07,B08,B09,B10,B11,B12}",9,37,0.8,"{""C"": 3, ""A"": 6, ""B"": 3}","{""C"": 5, ""A"": 7, ""B"": 5}",4,4
"{B01,B04,B05,B06,B07,B08,B09}|{B02,B03,B10,B11,B12}",9,37,0.8,"{""C"": 3, ""A"": 5, ""B"": 4}","{""C"": 5, ""A"": 7, ""B"": 5}",4,4
"{B01,B04,B05,B06,B07,B08,B10}|{B02,B03,B09,B11,B12}",9,37,0.8,"{""C"": 3, ""B"": 4, ""A"": 5}","{""C"": 5, ""B"": 5, ""A"": 7}",4,4
"{B01,B04,B05,B06,B07,B08,B12}|{B02,B03,B09,B10,B11}",9,37,0.8,"{""C"": 3, ""A"": 5, ""B"": 4}","{""C"": 5, ""A"": 6, ""B"": 6}",4,4
"{B01,B04,B05,B06,B07,B09,B12}|{B02,B03,B08,B10,B11}",9,37,0.8,"{""C"": 3, ""A"": 5, ""B"": 4}","{""C"": 5, ""A"": 6, ""B"": 6}",4,4
"{B01,B04,B05,B06,B07,B10,B11,B12}|{B02,B03,B08,B09}",9,37,0.8,"{""B"": 4, ""C"": 3, ""A"": 5}","{""B"": 6, ""C"": 5, ""A"": 6}",4,4
"{B01,B04,B05,B06,B07,B10,B12}|{B02,B03,B08,B09,B11}",9,37,0.8,"{""C"": 3, ""B"": 4, ""A"": 5}","{""C"": 5, ""B"": 6, ""A"": 6}",4,4
"{B01,B04,B05,B06,B07,B11,B12}|{B02,B03,B08,B09,B10}",9,37,0.8,"{""B"": 4, ""C"": 3, ""A"": 5}","{""B"": 6, ""C"": 5, ""A"": 6}",4,4
"{B01,B04,B05,B06,B08,B09,B10,B11,B12}|{B02,B03,B07}",9,37,0.8,"{""B"": 4, ""C"": 3, ""A"": 5}","{""B"": 6, ""C"": 5, ""A"": 6}",4,4
"{B01,B04,B05,B06,B08,B09,B10}|{B02,B03,B07,B11,B12}",9,37,0.8,"{""C"": 3, ""B"": 4, ""A"": 5}","{""C"": 5, ""B"": 5, ""A"": 7}",4,4
"{B01,B04,B05,B06,B08,B09,B11}|{B02,B03,B07,B10,B12}",9,37,0.8,"{""B"": 4, ""C"": 3, ""A"": 5}","{""B"": 5, ""C"": 5, ""A"": 7}",4,4
"{B01,B04,B05,B06,B08,B10,B11,B12}|{B02,B03,B07,B09}",9,37,0.8,"{""B"": 4, ""C"": 3, ""A"": 5}","{""B"": 6, ""C"": 5, ""A"": 6}",4,4
"{B01,B04,B05,B06,B08,B10}|{B02,B03,B07,B09,B11,B12}",9,37,0.8,"{""C"": 3, ""B"": 4, ""A"": 5}","{""C"": 5, ""B"": 5, ""A"": 7}",4,4
"{B01,B04,B05,B06,B08,B11}|{B02,B03,B07,B09,B10,B12}",9,37,0.8,"{""B"": 4, ""C"": 3, ""A"": 5}","{""B"": 5, ""C"": 5, ""A"": 7}",4,4
"{B01,B04,B05,B06,B08}|{B02,B03,B07,B09,B10,B11,B12}",9,37,0.8,"{""C"": 3, ""A"": 5, ""B"": 4}","{""C"": 5, ""A"": 7, ""B"": 5}",4,4
"{B01,B04,B05,B06,B09,B10,B11,B12}|{B02,B03,B07,B08}",9,37,0.8,"{""B"": 4, ""C"": 3, ""A"": 5}","{""B"": 6, ""C"": 5, ""A"": 6}",4,4
"{B01,B04,B05,B06,B09,B10}|{B02,B03,B07,B08,B11,B12}",9,37,0.8,"{""C"": 3, ""B"": 4, ""A"": 5}","{""C"": 5, ""B"": 5, ""A"": 7}",4,4
"{B01,B04,B05,B06,B09,B11}|{B02,B03,B07,B08,B10,B12}",9,37,0.8,"{""B"": 4, ""C"": 3, ""A"": 5}","{""B"": 5, ""C"": 5, ""A"": 7}",4,4
"{B01,B04,B05,B06,B09}|{B02,B03,B07,B08,B10,B11,B12}",9,37,0.8,"{""C"": 3, ""A"": 5, ""B"": 4}","{""C"": 5, ""A"": 7, ""B"": 5}",4,4
"{B01,B04,B05,B06,B10,B11,B12}|{B02,B03,B07,B08,B09}",9,37,0.8,"{""B"": 4, ""C"": 3, ""A"": 5}","{""B"": 6, ""C"": 5, ""A"": 6}",4,4
"{B01,B04,B05,B06,B10,B12}|{B02,B03,B07,B08,B09,B11}",9,37,0.8,"{""C"": 3, ""B"": 4, ""A"": 5}","{""C"": 5, ""B"": 6, ""A"": 6}",4,4
"{B01,B04,B05,B06,B11,B12}|{B02,B03,B07,B08,B09,B10}",9,37,0.8,"{""B"": 4, ""C"": 3, ""A"": 5}","{""B"": 6, ""C"": 5, ""A"": 6}",4,4
"{B01,B04,B05,B06,B12}|{B02,B03,B07,B08,B09,B10,B11}",9,37,0.8,"{""C"": 3, ""A"": 5, ""B"": 4}","{""C"": 5, ""A"": 6, ""B"": 6}",4,4
"{B01,B04,B05,B07,B08,B09}|{B02,B03,B06,B10,B11,B12}",9,37,0.8,"{""C"": 3, ""A"": 5, ""B"": 4}","{""C"": 5, ""A"": 7, ""B"": 5}",4,4
"{B01,B04,B05,B07,B08,B10}|{B02,B03,B06,B09,B11,B12}",9,37,0.8,"{""B"": 4, ""C"": 3, ""A"": 5}","{""B"": 5, ""C"": 5, ""A"": 7}",4,4
"{B01,B04,B05,B07,B08,B12}|{B02,B03,B06,B09,B10,B11}",9,37,0.8,"{""C"": 3, ""A"": 5, ""B"": 4}","{""C"": 5, ""A"": 6, ""B"": 6}",4,4
"{B01,B04,B05,B07,B09,B12}|{B02,B03,B06,B08,B10,B11}",9,37,0.8,"{""C"": 3, ""A"": 5, ""B"": 4}","{""C"": 5, ""A"": 6, ""B"": 6}",4,4
"{B01,B04,B05,B07,B10,B11,B12}|{B02,B03,B06,B08,B09}",9,37,0.8,"{""B"": 4, ""C"": 3, ""A"": 5}","{""B"": 6, ""C"": 5, ""A"": 6}",4,4
"{B01,B04,B05,B07,B10,B12}|{B02,B03,B06,B08,B09,B11}",9,37,0.8,"{""B"": 4, ""C"": 3, ""A"": 5}","{""B"": 6, ""C"": 5, ""A"": 6}",4,4
"{B01,B04,B05,B07,B11,B12}|{B02,B03,B06,B08,B09,B10}",9,37,0.8,"{""B"": 4, ""C"": 3, ""A"": 5}","{""B"": 6, ""C"": 5, ""A"": 6}",4,4
"{B01,B04,B05,B08,B09,B10,B11,B12}|{B02,B03,B06,B07}",9,37,0.8,"{""B"": 4, ""C"": 3, ""A"": 5}","{""B"": 6, ""C"": 5, ""A"": 6}",4,4
"{B01,B04,B05,B08,B09,B10}|{B02,B03,B06,B07,B11,B12}",9,37,0.8,"{""B"": 4, ""C"": 3, ""A"": 5}","{""B"": 5, ""C"": 5, ""A"": 7}",4,4
"{B01,B04,B05,B08,B09,B11}|{B02,B03,B06,B07,B10,B12}",9,37,0.8,"{""B"": 4, ""C"": 3, ""A"": 5}","{""B"": 5, ""C"": 5, ""A"": 7}",4,4
"{B01,B04,B05,B08,B10,B11,B12}|{B02,B03,B06,B07,B09}",9,37,0.8,"{""B"": 4, ""C"": 3, ""A"": 5}","{""B"": 6, ""C"": 5, ""A"": 6}",4,4
"{B01,B04,B05,B08,B11}|{B02,B03,B06,B07,B09,B10,B12}",9,37,0.8,"{""B"": 4, ""C"": 3, ""A"": 5}","{""B"": 5, ""C"": 5, ""A"": 7}",4,4
"{B01,B04,B05,B09,B10,B11,B12}|{B02,B03,B06,B07,B08}",9,37,0.8,"{""B"": 4, ""C"": 3, ""A"": 5}","{""B"": 6, ""C"": 5, ""A"": 6}",4,4
"{B01,B04,B05,B09,B10}|{B02,B03,B06,B07,B08,B11,B12}",9,37,0.8,"{""B"": 4, ""C"": 3, ""A"": 5}","{""B"": 5, ""C"": 5, ""A"": 7}",4,4
"{B01,B04,B05,B09,B11}|{B02,B03,B06,B07,B08,B10,B12}",9,37,0.8,"{""B"": 4, ""C"": 3, ""A"": 5}","{""B"": 5, ""C"": 5, ""A"": 7}",4,4
"{B01,B04,B05,B10,B11,B12}|{B02,B03,B06,B07,B08,B09}",9,37,0.8,"{""B"": 4, ""C"": 3, ""A"": 5}","{""B"": 6, ""C"": 5, ""A"": 6}",4,4
"{B01,B04,B05,B10,B12}|{B02,B03,B06,B07,B08,B09,B11}",9,37,0.8,"{""B"": 4, ""C"": 3, ""A"": 5}","{""B"": 6, ""C"": 5, ""A"": 6}",4,4
"{B01,B04,B05,B11,B12}|{B02,B03,B06,B07,B08,B09,B10}",9,37,0.8,"{""B"": 4, ""C"": 3, ""A"": 5}","{""B"": 6, ""C"": 5, ""A"": 6}",4,4
"{B01,B04,B06,B09}|{B02,B03,B05,B07,B08,B10,B11,B12}",9,37,0.8,"{""C"": 4, ""A"": 5, ""B"": 3}","{""C"": 6, ""A"": 7, ""B"": 4}",4,4
"{B01,B04,B07,B08,B09,B10}|{B02,B03,B05,B06,B11,B12}",9,37,0.8,"{""B"": 4, ""C"": 3, ""A"": 5}","{""B"": 5, ""C"": 5, ""A"": 7}",4,4
"{B01,B04,B07,B08,B09}|{B02,B03,B05,B06,B10,B11,B12}",9,37,0.8,"{""C"": 3, ""A"": 5, ""B"": 4}","{""C"": 5, ""A"": 7, ""B"": 5}",4,4
"{B01,B04,B07,B08,B11}|{B02,B03,B05,B06,B09,B10,B12}",9,37,0.8,"{""B"": 3, ""C"": 3, ""A"": 5}","{""B"": 6, ""C"": 5, ""A"": 7}",4,4
"{B01,B04,B07,B09,B10,B11}|{B02,B03,B05,B06,B08,B12}",9,37,0.8,"{""B"": 4, ""C"": 3, ""A"": 5}","{""B"": 5, ""C"": 5, ""A"": 7}",4,4
"{B01,B04,B07,B09,B11}|{B02,B03,B05,B06,B08,B10,B12}",9,37,0.8,"{""B"": 4, ""C"": 3, ""A"": 5}","{""B"": 5, ""C"": 5, ""A"": 7}",4,4
"{B01,B04,B07,B09}|{B02,B03,B05,B06,B08,B10,B11,B12}",9,37,0.8,"{""C"": 3, ""A"": 5, ""B"": 4}","{""C"": 5, ""A"": 7, ""B"": 5}",4,4
"{B01,B04,B07,B10,B11}|{B02,B03,B05,B06,B08,B09,B12}",9,37,0.8,"{""B"": 4, ""C"": 3, ""A"": 5}","{""B"": 5, ""C"": 5, ""A"": 7}",4,4
"{B01,B04,B07}|{B02,B03,B05,B06,B08,B09,B10,B11,B12}",9,37,0.8,"{""C"": 3, ""A"": 5, ""B"": 3}","{""C"": 5, ""A"": 7, ""B"": 6}",4,4
"{B01,B04,B08,B09}|{B02,B03,B05,B06,B07,B10,B11,B12}",9,37,0.8,"{""C"": 3, ""A"": 5, ""B"": 4}","{""C"": 5, ""A"": 7, ""B"": 5}",4,4
"{B01,B04,B08,B10}|{B02,B03,B05,B06,B07,B09,B11,B12}",9,37,0.8,"{""B"": 3, ""C"": 3, ""A"": 5}","{""B"": 6, ""C"": 5, ""A"": 7}",4,4
"{B01,B04,B08,B11}|{B02,B03,B05,B06,B07,B09,B10,B12}",9,37,0.8,"{""B"": 3, ""C"": 3, ""A"": 5}","{""B"": 6, ""C"": 5, ""A"": 7}",4,4
"{B01,B04,B09,B11}|{B02,B03,B05,B06,B07,B08,B10,B12}",9,37,0.8,"{""B"": 4, ""C"": 3, ""A"": 5}","{""B"": 5, ""C"": 5, ""A"": 7}",4,4
"{B01,B04,B09,B12}|{B02,B03,B05,B06,B07,B08,B10,B11}",9,37,0.8,"{""C"": 3, ""A"": 6, ""B"": 3}","{""C"": 5, ""A"": 8, ""B"": 4}",4,4
"{B01,B05,B06,B07,B08,B09,B10,B11}|{B02,B03,B04,B12}",9,37,0.8,"{""B"": 3, ""C"": 4, ""A"": 5}","{""B"": 5, ""C"": 5, ""A"": 7}",4,4
"{B01,B05,B06,B07,B08,B09,B11}|{B02,B03,B04,B10,B12}",9,37,0.8,"{""B"": 3, ""C"": 4, ""A"": 5}","{""B"": 5, ""C"": 5, ""A"": 7}",4,4
"{B01,B05,B06,B07,B08,B09,B12}|{B02,B03,B04,B10,B11}",9,37,0.8,"{""C"": 4, ""A"": 5, ""B"": 4}","{""C"": 5, ""A"": 6, ""B"": 5}",4,4
"{B01,B05,B06,B07,B08,B10,B11}|{B02,B03,B04,B09,B12}",9,37,0.8,"{""B"": 3, ""C"": 4, ""A"": 5}","{""B"": 5, ""C"": 5, ""A"": 7}",4,4
"{B01,B05,B06,B07,B08,B10,B12}|{B02,B03,B04,B09,B11}",9,37,0.8,"{""C"": 4, ""B"": 4, ""A"": 5}","{""C"": 5, ""B"": 5, ""A"": 6}",4,4
"{B01,B05,B06,B07,B09,B10,B11}|{B02,B03,B04,B08,B12}",9,37,0.8,"{""B"": 3, ""C"": 4, ""A"": 5}","{""B"": 5, ""C"": 5, ""A"": 7}",4,4
"{B01,B05,B06,B07,B09,B10}|{B02,B03,B04,B08,B11,B12}",9,37,0.8,"{""C"": 4, ""B"": 3, ""A"": 5}","{""C"": 5, ""B"": 5, ""A"": 7}",4,4
"{B01,B05,B06,B07,B09,B11}|{B02,B03,B04,B08,B10,B12}",9,37,0.8,"{""B"": 3, ""C"": 4, ""A"": 5}","{""B"": 5, ""C"": 5, ""A"": 7}",4,4
"{B01,B05,B06,B08,B09,B10,B12}|{B02,B03,B04,B07,B11}",9,37,0.8,"{""C"": 4, ""B"": 4, ""A"": 5}","{""C"": 5, ""B"": 5, ""A"": 6}",4,4
"{B01,B05,B06,B08,B09,B11,B12}|{B02,B03,B04,B07,B10}",9,37,0.8,"{""B"": 4, ""C"": 4, ""A"": 5}","{""B"": 5, ""C"": 5, ""A"": 6}",4,4
"{B01,B05,B06,B08,B10,B12}|{B02,B03,B04,B07,B09,B11}",9,37,0.8,"{""C"": 4, ""B"": 4, ""A"": 5}","{""C"": 5, ""B"": 5, ""A"": 6}",4,4
"{B01,B05,B06,B08,B11,B12}|{B02,B03,B04,B07,B09,B10}",9,37,0.8,"{""B"": 4, ""C"": 4, ""A"": 5}","{""B"": 5, ""C"": 5, ""A"": 6}",4,4
"{B01,B05,B06,B09,B10,B12}|{B02,B03,B04,B07,B08,B11}",9,37,0.8,"{""C"": 4, ""B"": 4, ""A"": 5}","{""C"": 5, ""B"": 5, ""A"": 6}",4,4
"{B01,B05,B06,B09,B11,B12}|{B02,B03,B04,B07,B08,B10}",9,37,0.8,"{""B"": 4, ""C"": 4, ""A"": 5}","{""B"": 5, ""C"": 5, ""A"": 6}",4,4
"{B01,B05}|{B02,B03,B04,B06,B07,B08,B09,B10,B11,B12}",9,37,0.8,"{""C"": 3, ""A"": 5, ""B"": 4}","{""C"": 4, ""A"": 7, ""B"": 6}",4,4
"{B01,B06,B09}|{B02,B03,B04,B05,B07,B08,B10,B11,B12}",9,37,0.8,"{""C"": 4, ""A"": 5, ""B"": 3}","{""C"": 6, ""A"": 7, ""B"": 4}",4,4
"{B01,B07,B08,B09,B10}|{B02,B03,B04,B05,B06,B11,B12}",9,37,0.8,"{""B"": 4, ""C"": 3, ""A"": 5}","{""B"": 5, ""C"": 5, ""A"": 7}",4,4
"{B01,B07,B08,B09}|{B02,B03,B04,B05,B06,B10,B11,B12}",9,37,0.8,"{""C"": 3, ""A"": 5, ""B"": 4}","{""C"": 5, ""A"": 7, ""B"": 5}",4,4
"{B01,B07,B08,B11}|{B02,B03,B04,B05,B06,B09,B10,B12}",9,37,0.8,"{""B"": 3, ""C"": 3, ""A"": 5}","{""B"": 6, ""C"": 5, ""A"": 7}",4,4
"{B01,B07,B09,B10,B11}|{B02,B03,B04,B05,B06,B08,B12}",9,37,0.8,"{""B"": 4, ""C"": 3, ""A"": 5}","{""B"": 5, ""C"": 5, ""A"": 7}",4,4
"{B01,B07,B09,B11}|{B02,B03,B04,B05,B06,B08,B10,B12}",9,37,0.8,"{""B"": 4, ""C"": 3, ""A"": 5}","{""B"": 5, ""C"": 5, ""A"": 7}",4,4
"{B01,B07,B09}|{B02,B03,B04,B05,B06,B08,B10,B11,B12}",9,37,0.8,"{""C"": 3, ""A"": 5, ""B"": 4}","{""C"": 5, ""A"": 7, ""B"": 5}",4,4
"{B01,B07,B10,B11}|{B02,B03,B04,B05,B06,B08,B09,B12}",9,37,0.8,"{""B"": 4, ""C"": 3, ""A"": 5}","{""B"": 5, ""C"": 5, ""A"": 7}",4,4
"{B01,B07}|{B02,B03,B04,B05,B06,B08,B09,B10,B11,B12}",9,37,0.8,"{""C"": 3, ""A"": 5, ""B"": 3}","{""C"": 5, ""A"": 7, ""B"": 6}",4,4
"{B01,B09,B12}|{B02,B03,B04,B05,B06,B07,B08,B10,B11}",9,37,0.8,"{""C"": 3, ""A"": 6, ""B"": 3}","{""C"": 5, ""A"": 8, ""B"": 4}",4,4
"{B01,B02,B07,B08,B09,B10,B11,B12}|{B03,B04,B05,B06}",10,37,0.6,"{""B"": 3, ""C"": 4, ""A"": 6}","{""B"": 5, ""C"": 5, ""A"": 8}",3,3
"{B01,B02,B04,B06,B07,B09,B10,B11,B12}|{B03,B05,B08}",10,37,1.0,"{""B"": 3, ""C"": 4, ""A"": 6}","{""B"": 4, ""C"": 6, ""A"": 8}",3,3
"{B01,B02,B04,B07,B08,B09,B10,B11,B12}|{B03,B05,B06}",10,37,1.0,"{""B"": 3, ""C"": 4, ""A"": 6}","{""B"": 5, ""C"": 5, ""A"": 8}",3,3
"{B01,B02,B06,B07,B09,B10,B11,B12}|{B03,B04,B05,B08}",10,37,1.0,"{""B"": 3, ""C"": 4, ""A"": 6}","{""B"": 4, ""C"": 6, ""A"": 8}",3,3
"{B01,B08,B09,B10,B11}|{B02,B03,B04,B05,B06,B07,B12}",10,37,1.0,"{""B"": 4, ""C"": 3, ""A"": 5}","{""B"": 7, ""C"": 5, ""A"": 7}",3,3
"{B01,B08,B10,B11}|{B02,B03,B04,B05,B06,B07,B09,B12}",10,37,1.0,"{""B"": 4, ""C"": 3, ""A"": 5}","{""B"": 7, ""C"": 5, ""A"": 7}",3,3
"{B01,B02,B04,B06,B07,B08,B11}|{B03,B05,B09,B10,B12}",10,38,0.0,"{""B"": 3, ""C"": 4, ""A"": 5}","{""B"": 5, ""C"": 6, ""A"": 7}",4,4
"{B01,B02,B04,B06,B08,B09,B10}|{B03,B05,B07,B11,B12}",10,38,0.0,"{""C"": 4, ""B"": 3, ""A"": 5}","{""C"": 6, ""B"": 5, ""A"": 7}",4,4
"{B01,B02,B04,B08,B09,B10,B11}|{B03,B05,B06,B07,B12}",10,38,0.0,"{""B"": 3, ""C"": 4, ""A"": 5}","{""B"": 6, ""C"": 5, ""A"": 7}",4,4
"{B01,B02,B06,B07,B08,B09,B10}|{B03,B04,B05,B11,B12}",10,38,0.0,"{""C"": 4, ""B"": 3, ""A"": 5}","{""C"": 6, ""B"": 5, ""A"": 7}",4,4
"{B01,B02,B06,B07,B08,B09,B11}|{B03,B04,B05,B10,B12}",10,38,0.0,"{""B"": 3, ""C"": 4, ""A"": 5}","{""B"": 5, ""C"": 6, ""A"": 7}",4,4
"{B01,B02,B06,B07,B08,B10,B11}|{B03,B04,B05,B09,B12}",10,38,0.0,"{""B"": 3, ""C"": 4, ""A"": 5}","{""B"": 5, ""C"": 6, ""A"": 7}",4,4
"{B01,B03,B07,B08,B09,B10}|{B02,B04,B05,B06,B11,B12}",10,38,0.0,"{""C"": 3, ""B"": 4, ""A"": 6}","{""C"": 5, ""B"": 5, ""A"": 7}",4,4
"{B01,B03,B08,B10,B12}|{B02,B04,B05,B06,B07,B09,B11}",10,38,0.0,"{""C"": 3, ""B"": 3, ""A"": 5}","{""C"": 5, ""B"": 6, ""A"": 8}",4,4
"{B01,B04,B05,B10}|{B02,B03,B06,B07,B08,B09,B11,B12}",10,38,0.0,"{""B"": 4, ""C"": 3, ""A"": 5}","{""B"": 6, ""C"": 5, ""A"": 7}",4,4
"{B01,B04,B05,B11}|{B02,B03,B06,B07,B08,B09,B10,B12}",10,38,0.0,"{""B"": 4, ""C"": 3, ""A"": 5}","{""B"": 6, ""C"": 5, ""A"": 7}",4,4
"{B01,B05,B06,B09}|{B02,B03,B04,B07,B08,B10,B11,B12}",10,38,0.0,"{""C"": 4, ""A"": 5, ""B"": 4}","{""C"": 5, ""A"": 7, ""B"": 5}",4,4
"{B01,B05,B06,B12}|{B02,B03,B04,B07,B08,B09,B10,B11}",10,38,0.0,"{""C"": 4, ""A"": 5, ""B"": 4}","{""C"": 5, ""A"": 6, ""B"": 6}",4,4
"{B01,B02,B03,B04}|{B05,B06,B07,B08,B09,B10,B11,B12}",10,38,0.2,"{""C"": 3, ""A"": 6, ""B"": 3}","{""C"": 5, ""A"": 7, ""B"": 6}",4,4
"{B01,B02,B03,B10}|{B04,B05,B06,B07,B08,B09,B11,B12}",10,38,0.2,"{""C"": 3, ""B"": 3, ""A"": 6}","{""C"": 5, ""B"": 6, ""A"": 7}",4,4
"{B01,B02,B04,B06,B08,B10}|{B03,B05,B07,B09,B11,B12}",10,38,0.2,"{""C"": 4, ""B"": 3, ""A"": 5}","{""C"": 6, ""B"": 5, ""A"": 7}",4,4
"{B01,B02,B04,B06,B08,B11}|{B03,B05,B07,B09,B10,B12}",10,38,0.2,"{""B"": 3, ""C"": 4, ""A"": 5}","{""B"": 5, ""C"": 6, ""A"": 7}",4,4
"{B01,B02,B04,B07,B08,B10}|{B03,B05,B06,B09,B11,B12}",10,38,0.2,"{""B"": 4, ""C"": 4, ""A"": 5}","{""B"": 5, ""C"": 5, ""A"": 7}",4,4
"{B01,B02,B04,B07,B10,B11}|{B03,B05,B06,B08,B09,B12}",10,38,0.2,"{""B"": 4, ""C"": 4, ""A"": 5}","{""B"": 5, ""C"": 5, ""A"": 7}",4,4
"{B01,B03,B04,B06,B07}|{B02,B05,B08,B09,B10,B11,B12}",10,38,0.2,"{""C"": 3, ""A"": 6, ""B"": 3}","{""C"": 5, ""A"": 7, ""B"": 6}",4,4
"{B01,B03,B04,B07,B09}|{B02,B05,B06,B08,B10,B11,B12}",10,38,0.2,"{""C"": 3, ""A"": 6, ""B"": 4}","{""C"": 5, ""A"": 7, ""B"": 5}",4,4
"{B01,B03,B04,B08,B09}|{B02,B05,B06,B07,B10,B11,B12}",10,38,0.2,"{""C"": 3, ""A"": 6, ""B"": 4}","{""C"": 5, ""A"": 7, ""B"": 5}",4,4
"{B01,B03,B04,B08,B10}|{B02,B05,B06,B07,B09,B11,B12}",10,38,0.2,"{""C"": 3, ""B"": 3, ""A"": 6}","{""C"": 5, ""B"": 6, ""A"": 7}",4,4
"{B01,B03,B04,B08,B11}|{B02,B05,B06,B07,B09,B10,B12}",10,38,0.2,"{""C"": 3, ""B"": 3, ""A"": 6}","{""C"": 5, ""B"": 6, ""A"": 7}",4,4
"{B01,B03,B04,B09,B11}|{B02,B05,B06,B07,B08,B10,B12}",10,38,0.2,"{""C"": 3, ""B"": 4, ""A"": 6}","{""C"": 5, ""B"": 5, ""A"": 7}",4,4
"{B01,B03,B07,B08,B09}|{B02,B04,B05,B06,B10,B11,B12}",10,38,0.2,"{""C"": 3, ""A"": 6, ""B"": 4}","{""C"": 5, ""A"": 7, ""B"": 5}",4,4
"{B01,B03,B07,B08,B11}|{B02,B04,B05,B06,B09,B10,B12}",10,38,0.2,"{""C"": 3, ""B"": 3, ""A"": 6}","{""C"": 5, ""B"": 6, ""A"": 7}",4,4
"{B01,B03,B07,B09,B11}|{B02,B04,B05,B06,B08,B10,B12}",10,38,0.2,"{""C"": 3, ""B"": 4, ""A"": 6}","{""C"": 5, ""B"": 5, ""A"": 7}",4,4
"{B01,B03,B07,B10,B11}|{B02,B04,B05,B06,B08,B09,B12}",10,38,0.2,"{""C"": 3, ""B"": 4, ""A"": 6}","{""C"": 5, ""B"": 5, ""A"": 7}",4,4
"{B01,B05,B06,B08,B10}|{B02,B03,B04,B07,B09,B11,B12}",10,38,0.2,"{""C"": 4, ""B"": 4, ""A"": 5}","{""C"": 5, ""B"": 5, ""A"": 7}",4,4
"{B01,B05,B06,B08,B11}|{B02,B03,B04,B07,B09,B10,B12}",10,38,0.2,"{""B"": 4, ""C"": 4, ""A"": 5}","{""B"": 5, ""C"": 5, ""A"": 7}",4,4
"{B01,B05,B06,B09,B10}|{B02,B03,B04,B07,B08,B11,B12}",10,38,0.2,"{""C"": 4, ""B"": 4, ""A"": 5}","{""C"": 5, ""B"": 5, ""A"": 7}",4,4
"{B01,B05,B06,B09,B11}|{B02,B03,B04,B07,B08,B10,B12}",10,38,0.2,"{""B"": 4, ""C"": 4, ""A"": 5}","{""B"": 5, ""C"": 5, ""A"": 7}",4,4
"{B01,B02,B06,B07,B08,B11}|{B03,B04,B05,B09,B10,B12}",10,38,0.4,"{""B"": 3, ""C"": 4, ""A"": 5}","{""B"": 5, ""C"": 6, ""A"": 7}",4,4
"{B01,B02,B06,B07,B09,B10}|{B03,B04,B05,B08,B11,B12}",10,38,0.4,"{""C"": 4, ""B"": 3, ""A"": 5}","{""C"": 6, ""B"": 5, ""A"": 7}",4,4
"{B01,B02,B06,B07,B09,B11}|{B03,B04,B05,B08,B10,B12}",10,38,0.4,"{""B"": 3, ""C"": 4, ""A"": 5}","{""B"": 5, ""C"": 6, ""A"": 7}",4,4
"{B01,B02,B06,B08,B09,B10}|{B03,B04,B05,B07,B11,B12}",10,38,0.4,"{""C"": 4, ""B"": 3, ""A"": 5}","{""C"": 6, ""B"": 5, ""A"": 7}",4,4
"{B01,B02,B06,B08,B09,B11}|{B03,B04,B05,B07,B10,B12}",10,38,0.4,"{""B"": 3, ""C"": 4, ""A"": 5}","{""B"": 5, ""C"": 6, ""A"": 7}",4,4
"{B01,B02,B06,B09,B10,B11}|{B03,B04,B05,B07,B08,B12}",10,38,0.4,"{""B"": 3, ""C"": 4, ""A"": 5}","{""B"": 5, ""C"": 6, ""A"": 7}",4,4
"{B01,B02,B04,B06,B07,B09,B10}|{B03,B05,B08,B11,B12}",10,38,0.4,"{""C"": 4, ""B"": 3, ""A"": 5}","{""C"": 6, ""B"": 5, ""A"": 7}",4,4
"{B01,B02,B04,B06,B08,B09,B11}|{B03,B05,B07,B10,B12}",10,38,0.4,"{""B"": 3, ""C"": 4, ""A"": 5}","{""B"": 5, ""C"": 6, ""A"": 7}",4,4
"{B01,B03,B04,B07,B08,B09}|{B02,B05,B06,B10,B11,B12}",10,38,0.4,"{""C"": 3, ""A"": 6, ""B"": 4}","{""C"": 5, ""A"": 7, ""B"": 5}",4,4
"{B01,B03,B04,B07,B08,B11}|{B02,B05,B06,B09,B10,B12}",10,38,0.4,"{""C"": 3, ""B"": 3, ""A"": 6}","{""C"": 5, ""B"": 6, ""A"": 7}",4,4
"{B01,B03,B04,B07}|{B02,B05,B06,B08,B09,B10,B11,B12}",10,38,0.4,"{""C"": 3, ""A"": 6, ""B"": 3}","{""C"": 5, ""A"": 7, ""B"": 6}",4,4
"{B01,B03,B06,B09,B12}|{B02,B04,B05,B07,B08,B10,B11}",10,38,0.4,"{""C"": 4, ""A"": 5, ""B"": 3}","{""C"": 6, ""A"": 8, ""B"": 4}",4,4
"{B01,B03,B07,B08,B09,B12}|{B02,B04,B05,B06,B10,B11}",10,38,0.4,"{""C"": 3, ""A"": 5, ""B"": 4}","{""C"": 5, ""A"": 8, ""B"": 5}",4,4
"{B01,B03,B07,B08,B11,B12}|{B02,B04,B05,B06,B09,B10}",10,38,0.4,"{""C"": 3, ""B"": 3, ""A"": 5}","{""C"": 5, ""B"": 6, ""A"": 8}",4,4
"{B01,B03,B07,B09,B10,B11}|{B02,B04,B05,B06,B08,B12}",10,38,0.4,"{""C"": 3, ""B"": 4, ""A"": 6}","{""C"": 5, ""B"": 5, ""A"": 7}",4,4
"{B01,B03,B07,B09,B11,B12}|{B02,B04,B05,B06,B08,B10}",10,38,0.4,"{""C"": 3, ""B"": 4, ""A"": 5}","{""C"": 5, ""B"": 5, ""A"": 8}",4,4
"{B01,B03,B07,B09,B12}|{B02,B04,B05,B06,B08,B10,B11}",10,38,0.4,"{""C"": 3, ""A"": 5, ""B"": 4}","{""C"": 5, ""A"": 8, ""B"": 5}",4,4
"{B01,B03,B07,B10,B11,B12}|{B02,B04,B05,B06,B08,B09}",10,38,0.4,"{""C"": 3, ""B"": 4, ""A"": 5}","{""C"": 5, ""B"": 5, ""A"": 8}",4,4
"{B01,B03,B08,B09,B12}|{B02,B04,B05,B06,B07,B10,B11}",10,38,0.4,"{""C"": 3, ""A"": 5, ""B"": 4}","{""C"": 5, ""A"": 8, ""B"": 5}",4,4
"{B01,B03,B08,B11,B12}|{B02,B04,B05,B06,B07,B09,B10}",10,38,0.4,"{""C"": 3, ""B"": 3, ""A"": 5}","{""C"": 5, ""B"": 6, ""A"": 8}",4,4
"{B01,B03,B09,B11,B12}|{B02,B04,B05,B06,B07,B08,B10}",10,38,0.4,"{""C"": 3, ""B"": 4, ""A"": 5}","{""C"": 5, ""B"": 5, ""A"": 8}",4,4
"{B01,B05,B06,B07,B08,B10}|{B02,B03,B04,B09,B11,B12}",10,38,0.4,"{""C"": 4, ""B"": 4, ""A"": 5}","{""C"": 5, ""B"": 5, ""A"": 7}",4,4
"{B01,B05,B06,B08,B09,B10}|{B02,B03,B04,B07,B11,B12}",10,38,0.4,"{""C"": 4, ""B"": 4, ""A"": 5}","{""C"": 5, ""B"": 5, ""A"": 7}",4,4
"{B01,B05,B06,B08}|{B02,B03,B04,B07,B09,B10,B11,B12}",10,38,0.4,"{""C"": 4, ""A"": 5, ""B"": 4}","{""C"": 5, ""A"": 7, ""B"": 5}",4,4
"{B01,B02,B03}|{B04,B05,B06,B07,B08,B09,B10,B11,B12}",10,38,0.6,"{""C"": 3, ""A"": 6, ""B"": 3}","{""C"": 5, ""A"": 7, ""B"": 6}",4,4
"{B01,B02,B04,B06,B08}|{B03,B05,B07,B09,B10,B11,B12}",10,38,0.6,"{""C"": 4, ""A"": 5, ""B"": 3}","{""C"": 6, ""A"": 7, ""B"": 5}",4,4
"{B01,B02,B04,B06,B09}|{B03,B05,B07,B08,B10,B11,B12}",10,38,0.6,"{""C"": 4, ""A"": 5, ""B"": 3}","{""C"": 6, ""A"": 7, ""B"": 5}",4,4
"{B01,B02,B04,B06,B11}|{B03,B05,B07,B08,B09,B10,B12}",10,38,0.6,"{""B"": 3, ""C"": 4, ""A"": 5}","{""B"": 5, ""C"": 6, ""A"": 7}",4,4
"{B01,B02,B05,B08}|{B03,B04,B06,B07,B09,B10,B11,B12}",10,38,0.6,"{""C"": 4, ""A"": 5, ""B"": 4}","{""C"": 4, ""A"": 7, ""B"": 6}",4,4
"{B01,B02,B05,B09}|{B03,B04,B06,B07,B08,B10,B11,B12}",10,38,0.6,"{""C"": 4, ""A"": 5, ""B"": 4}","{""C"": 4, ""A"": 7, ""B"": 6}",4,4
"{B01,B02,B05,B11}|{B03,B04,B06,B07,B08,B09,B10,B12}",10,38,0.6,"{""B"": 4, ""C"": 4, ""A"": 5}","{""B"": 6, ""C"": 4, ""A"": 7}",4,4
"{B01,B02,B05,B12}|{B03,B04,B06,B07,B08,B09,B10,B11}",10,38,0.6,"{""C"": 4, ""A"": 5, ""B"": 4}","{""C"": 4, ""A"": 6, ""B"": 7}",4,4
"{B01,B02,B08,B09,B10,B11}|{B03,B04,B05,B06,B07,B12}",10,38,0.6,"{""B"": 3, ""C"": 4, ""A"": 5}","{""B"": 6, ""C"": 5, ""A"": 7}",4,4
"{B01,B02,B09,B10,B12}|{B03,B04,B05,B06,B07,B08,B11}",10,38,0.6,"{""B"": 2, ""C"": 4, ""A"": 6}","{""B"": 5, ""C"": 5, ""A"": 8}",4,4
"{B01,B02,B09,B11,B12}|{B03,B04,B05,B06,B07,B08,B10}",10,38,0.6,"{""B"": 3, ""C"": 4, ""A"": 6}","{""B"": 4, ""C"": 5, ""A"": 8}",4,4
"{B01,B03,B06,B09}|{B02,B04,B05,B07,B08,B10,B11,B12}",10,38,0.6,"{""C"": 4, ""A"": 6, ""B"": 3}","{""C"": 6, ""A"": 7, ""B"": 4}",4,4
"{B01,B03,B07,B12}|{B02,B04,B05,B06,B08,B09,B10,B11}",10,38,0.6,"{""C"": 3, ""A"": 5, ""B"": 3}","{""C"": 5, ""A"": 8, ""B"": 6}",4,4
"{B01,B04,B05,B06}|{B02,B03,B07,B08,B09,B10,B11,B12}",10,38,0.6,"{""C"": 3, ""A"": 5, ""B"": 4}","{""C"": 5, ""A"": 7, ""B"": 6}",4,4
"{B01,B04,B05}|{B02,B03,B06,B07,B08,B09,B10,B11,B12}",10,38,0.6,"{""C"": 3, ""A"": 5, ""B"": 4}","{""C"": 5, ""A"": 7, ""B"": 6}",4,4
"{B01,B04,B07,B08,B09,B10,B11}|{B02,B03,B05,B06,B12}",10,38,0.6,"{""B"": 4, ""C"": 3, ""A"": 5}","{""B"": 6, ""C"": 5, ""A"": 7}",4,4
"{B01,B04,B07,B08,B10,B12}|{B02,B03,B05,B06,B09,B11}",10,38,0.6,"{""B"": 3, ""C"": 3, ""A"": 6}","{""B"": 5, ""C"": 5, ""A"": 8}",4,4
"{B01,B04,B07,B09,B10,B12}|{B02,B03,B05,B06,B08,B11}",10,38,0.6,"{""B"": 4, ""C"": 3, ""A"": 6}","{""B"": 4, ""C"": 5, ""A"": 8}",4,4
"{B01,B05,B06,B10,B12}|{B02,B03,B04,B07,B08,B09,B11}",10,38,0.6,"{""C"": 4, ""B"": 4, ""A"": 5}","{""C"": 5, ""B"": 6, ""A"": 6}",4,4
"{B01,B05,B06,B11,B12}|{B02,B03,B04,B07,B08,B09,B10}",10,38,0.6,"{""B"": 4, ""C"": 4, ""A"": 5}","{""B"": 6, ""C"": 5, ""A"": 6}",4,4
"{B01,B05,B07}|{B02,B03,B04,B06,B08,B09,B10,B11,B12}",10,38,0.6,"{""C"": 3, ""A"": 5, ""B"": 4}","{""C"": 4, ""A"": 7, ""B"": 7}",4,4
"{B01,B02,B03,B04,B05,B06,B07}|{B08,B09,B10,B11,B12}",10,38,0.8,"{""C"": 2, ""A"": 5, ""B"": 4}","{""C"": 4, ""A"": 7, ""B"": 8}",4,4
"{B01,B02,B03,B04,B05,B07,B08,B09}|{B06,B10,B11,B12}",10,38,0.8,"{""C"": 3, ""A"": 5, ""B"": 4}","{""C"": 5, ""A"": 7, ""B"": 6}",4,4
"{B01,B02,B03,B04,B05,B07,B08,B10}|{B06,B09,B11,B12}",10,38,0.8,"{""C"": 3, ""B"": 4, ""A"": 5}","{""C"": 5, ""B"": 6, ""A"": 7}",4,4
"{B01,B02,B03,B04,B05,B07,B10,B11}|{B06,B08,B09,B12}",10,38,0.8,"{""C"": 3, ""B"": 4, ""A"": 5}","{""C"": 5, ""B"": 6, ""A"": 7}",4,4
"{B01,B02,B03,B04,B05,B07,B12}|{B06,B08,B09,B10,B11}",10,38,0.8,"{""C"": 3, ""A"": 4, ""B"": 4}","{""C"": 5, ""A"": 6, ""B"": 8}",4,4
"{B01,B02,B03,B04,B05,B08,B10}|{B06,B07,B09,B11,B12}",10,38,0.8,"{""C"": 3, ""B"": 4, ""A"": 5}","{""C"": 5, ""B"": 6, ""A"": 7}",4,4
"{B01,B02,B03,B04,B05,B08}|{B06,B07,B09,B10,B11,B12}",10,38,0.8,"{""C"": 3, ""A"": 5, ""B"": 4}","{""C"": 5, ""A"": 7, ""B"": 6}",4,4
"{B01,B02,B03,B04,B05,B09}|{B06,B07,B08,B10,B11,B12}",10,38,0.8,"{""C"": 3, ""A"": 5, ""B"": 4}","{""C"": 5, ""A"": 7, ""B"": 6}",4,4
"{B01,B02,B03,B04,B05,B10,B11}|{B06,B07,B08,B09,B12}",10,38,0.8,"{""C"": 3, ""B"": 4, ""A"": 5}","{""C"": 5, ""B"": 6, ""A"": 7}",4,4
"{B01,B02,B03,B04,B05,B11}|{B06,B07,B08,B09,B10,B12}",10,38,0.8,"{""C"": 3, ""B"": 4, ""A"": 5}","{""C"": 5, ""B"": 6, ""A"": 7}",4,4
"{B01,B02,B03,B04,B06,B07,B08,B10,B12}|{B05,B09,B11}",10,38,0.8,"{""C"": 3, ""B"": 4, ""A"": 5}","{""C"": 5, ""B"": 5, ""A"": 8}",4,4
"{B01,B02,B03,B04,B06,B07,B08,B10}|{B05,B09,B11,B12}",10,38,0.8,"{""C"": 3, ""B"": 4, ""A"": 6}","{""C"": 5, ""B"": 5, ""A"": 7}",4,4
"{B01,B02,B03,B04,B06,B07,B10,B11,B12}|{B05,B08,B09}",10,38,0.8,"{""C"": 3, ""B"": 4, ""A"": 5}","{""C"": 5, ""B"": 5, ""A"": 8}",4,4
"{B01,B02,B03,B04,B06,B07,B10,B11}|{B05,B08,B09,B12}",10,38,0.8,"{""C"": 3, ""B"": 4, ""A"": 6}","{""C"": 5, ""B"": 5, ""A"": 7}",4,4
"{B01,B02,B03,B04,B06,B08,B09,B10,B11,B12}|{B05,B07}",10,38,0.8,"{""C"": 3, ""B"": 3, ""A"": 5}","{""C"": 5, ""B"": 6, ""A"": 8}",4,4
"{B01,B02,B03,B04,B06,B08,B09,B10,B11}|{B05,B07,B12}",10,38,0.8,"{""C"": 3, ""B"": 3, ""A"": 6}","{""C"": 5, ""B"": 6, ""A"": 7}",4,4
"{B01,B02,B03,B04,B06,B08,B09,B12}|{B05,B07,B10,B11}",10,38,0.8,"{""C"": 3, ""A"": 5, ""B"": 4}","{""C"": 5, ""A"": 8, ""B"": 5}",4,4
"{B01,B02,B03,B04,B06,B08,B09}|{B05,B07,B10,B11,B12}",10,38,0.8,"{""C"": 3, ""A"": 6, ""B"": 4}","{""C"": 5, ""A"": 7, ""B"": 5}",4,4
"{B01,B02,B03,B04,B06,B10,B11,B12}|{B05,B07,B08,B09}",10,38,0.8,"{""C"": 3, ""B"": 4, ""A"": 5}","{""C"": 5, ""B"": 5, ""A"": 8}",4,4
"{B01,B02,B03,B04,B06,B10,B11}|{B05,B07,B08,B09,B12}",10,38,0.8,"{""C"": 3, ""B"": 4, ""A"": 6}","{""C"": 5, ""B"": 5, ""A"": 7}",4,4
"{B01,B02,B03,B04,B06,B10,B12}|{B05,B07,B08,B09,B11}",10,38,0.8,"{""C"": 3, ""B"": 3, ""A"": 5}","{""C"": 5, ""B"": 6, ""A"": 8}",4,4
"{B01,B02,B03,B04,B06,B10}|{B05,B07,B08,B09,B11,B12}",10,38,0.8,"{""C"": 3, ""B"": 3, ""A"": 6}","{""C"": 5, ""B"": 6, ""A"": 7}",4,4
"{B01,B02,B03,B04,B06,B12}|{B05,B07,B08,B09,B10,B11}",10,38,0.8,"{""C"": 3, ""A"": 5, ""B"": 3}","{""C"": 5, ""A"": 8, ""B"": 6}",4,4
"{B01,B02,B03,B04,B06}|{B05,B07,B08,B09,B10,B11,B12}",10,38,0.8,"{""C"": 3, ""A"": 6, ""B"": 3}","{""C"": 5, ""A"": 7, ""B"": 6}",4,4
"{B01,B02,B03,B04,B07,B08,B10,B12}|{B05,B06,B09,B11}",10,38,0.8,"{""C"": 3, ""B"": 4, ""A"": 5}","{""C"": 5, ""B"": 5, ""A"": 8}",4,4
"{B01,B02,B03,B04,B07,B08,B10}|{B05,B06,B09,B11,B12}",10,38,0.8,"{""C"": 3, ""B"": 4, ""A"": 6}","{""C"": 5, ""B"": 5, ""A"": 7}",4,4
"{B01,B02,B03,B04,B07,B10,B11,B12}|{B05,B06,B08,B09}",10,38,0.8,"{""C"": 3, ""B"": 4, ""A"": 5}","{""C"": 5, ""B"": 5, ""A"": 8}",4,4
"{B01,B02,B03,B04,B07,B10,B11}|{B05,B06,B08,B09,B12}",10,38,0.8,"{""C"": 3, ""B"": 4, ""A"": 6}","{""C"": 5, ""B"": 5, ""A"": 7}",4,4
"{B01,B02,B03,B04,B08,B09,B10,B11,B12}|{B05,B06,B07}",10,38,0.8,"{""C"": 3, ""B"": 3, ""A"": 5}","{""C"": 5, ""B"": 6, ""A"": 8}",4,4
"{B01,B02,B03,B04,B08,B09,B10,B11}|{B05,B06,B07,B12}",10,38,0.8,"{""C"": 3, ""B"": 3, ""A"": 6}","{""C"": 5, ""B"": 6, ""A"": 7}",4,4
"{B01,B02,B03,B04,B08,B09,B12}|{B05,B06,B07,B10,B11}",10,38,0.8,"{""C"": 3, ""A"": 5, ""B"": 4}","{""C"": 5, ""A"": 8, ""B"": 5}",4,4
"{B01,B02,B03,B04,B08,B09}|{B05,B06,B07,B10,B11,B12}",10,38,0.8,"{""C"": 3, ""A"": 6, ""B"": 4}","{""C"": 5, ""A"": 7, ""B"": 5}",4,4
"{B01,B02,B03,B04,B10,B11,B12}|{B05,B06,B07,B08,B09}",10,38,0.8,"{""C"": 3, ""B"": 4, ""A"": 5}","{""C"": 5, ""B"": 5, ""A"": 8}",4,4
"{B01,B02,B03,B04,B10,B11}|{B05,B06,B07,B08,B09,B12}",10,38,0.8,"{""C"": 3, ""B"": 4, ""A"": 6}","{""C"": 5, ""B"": 5, ""A"": 7}",4,4
"{B01,B02,B03,B04,B10,B12}|{B05,B06,B07,B08,B09,B11}",10,38,0.8,"{""C"": 3, ""B"": 3, ""A"": 5}","{""C"": 5, ""B"": 6, ""A"": 8}",4,4
"{B01,B02,B03,B04,B10}|{B05,B06,B07,B08,B09,B11,B12}",10,38,0.8,"{""C"": 3, ""B"": 3, ""A"": 6}","{""C"": 5, ""B"": 6, ""A"": 7}",4,4
"{B01,B02,B03,B04,B12}|{B05,B06,B07,B08,B09,B10,B11}",10,38,0.8,"{""C"": 3, ""A"": 5, ""B"": 3}","{""C"": 5, ""A"": 8, ""B"": 6}",4,4
"{B01,B02,B03,B05,B06,B07,B08,B09}|{B04,B10,B11,B12}",10,38,0.8,"{""C"": 3, ""A"": 5, ""B"": 4}","{""C"": 5, ""A"": 7, ""B"": 6}",4,4
"{B01,B02,B03,B05,B06,B07,B08,B10}|{B04,B09,B11,B12}",10,38,0.8,"{""C"": 3, ""B"": 4, ""A"": 5}","{""C"": 5, ""B"": 6, ""A"": 7}",4,4
"{B01,B02,B03,B05,B06,B07,B10,B11}|{B04,B08,B09,B12}",10,38,0.8,"{""C"": 3, ""B"": 4, ""A"": 5}","{""C"": 5, ""B"": 6, ""A"": 7}",4,4
"{B01,B02,B03,B05,B06,B07,B12}|{B04,B08,B09,B10,B11}",10,38,0.8,"{""C"": 3, ""A"": 4, ""B"": 4}","{""C"": 5, ""A"": 6, ""B"": 8}",4,4
"{B01,B02,B03,B05,B06,B08,B10}|{B04,B07,B09,B11,B12}",10,38,0.8,"{""C"": 3, ""B"": 4, ""A"": 5}","{""C"": 5, ""B"": 6, ""A"": 7}",4,4
"{B01,B02,B03,B05,B06,B08}|{B04,B07,B09,B10,B11,B12}",10,38,0.8,"{""C"": 3, ""A"": 5, ""B"": 4}","{""C"": 5, ""A"": 7, ""B"": 6}",4,4
"{B01,B02,B03,B05,B06,B09}|{B04,B07,B08,B10,B11,B12}",10,38,0.8,"{""C"": 3, ""A"": 5, ""B"": 4}","{""C"": 5, ""A"": 7, ""B"": 6}",4,4
"{B01,B02,B03,B05,B06,B10,B11}|{B04,B07,B08,B09,B12}",10,38,0.8,"{""C"": 3, ""B"": 4, ""A"": 5}","{""C"": 5, ""B"": 6, ""A"": 7}",4,4
"{B01,B02,B03,B05,B06,B11}|{B04,B07,B08,B09,B10,B12}",10,38,0.8,"{""C"": 3, ""B"": 4, ""A"": 5}","{""C"": 5, ""B"": 6, ""A"": 7}",4,4
"{B01,B02,B03,B05,B07,B08,B09}|{B04,B06,B10,B11,B12}",10,38,0.8,"{""C"": 3, ""A"": 5, ""B"": 4}","{""C"": 5, ""A"": 7, ""B"": 6}",4,4
"{B01,B02,B03,B05,B07,B08,B10}|{B04,B06,B09,B11,B12}",10,38,0.8,"{""C"": 3, ""B"": 4, ""A"": 5}","{""C"": 5, ""B"": 6, ""A"": 7}",4,4
"{B01,B02,B03,B05,B07,B10,B11}|{B04,B06,B08,B09,B12}",10,38,0.8,"{""C"": 3, ""B"": 4, ""A"": 5}","{""C"": 5, ""B"": 6, ""A"": 7}",4,4
"{B01,B02,B03,B05,B07,B12}|{B04,B06,B08,B09,B10,B11}",10,38,0.8,"{""C"": 3, ""A"": 4, ""B"": 4}","{""C"": 5, ""A"": 6, ""B"": 8}",4,4
"{B01,B02,B03,B05,B08,B10}|{B04,B06,B07,B09,B11,B12}",10,38,0.8,"{""C"": 3, ""B"": 4, ""A"": 5}","{""C"": 5, ""B"": 6, ""A"": 7}",4,4
"{B01,B02,B03,B05,B08}|{B04,B06,B07,B09,B10,B11,B12}",10,38,0.8,"{""C"": 3, ""A"": 5, ""B"": 4}","{""C"": 5, ""A"": 7, ""B"": 6}",4,4
"{B01,B02,B03,B05,B09}|{B04,B06,B07,B08,B10,B11,B12}",10,38,0.8,"{""C"": 3, ""A"": 5, ""B"": 4}","{""C"": 5, ""A"": 7, ""B"": 6}",4,4
"{B01,B02,B03,B05,B10,B11}|{B04,B06,B07,B08,B09,B12}",10,38,0.8,"{""C"": 3, ""B"": 4, ""A"": 5}","{""C"": 5, ""B"": 6, ""A"": 7}",4,4
"{B01,B02,B03,B05,B11}|{B04,B06,B07,B08,B09,B10,B12}",10,38,0.8,"{""C"": 3, ""B"": 4, ""A"": 5}","{""C"": 5, ""B"": 6, ""A"": 7}",4,4
"{B01,B02,B03,B06,B07,B08,B09,B10,B12}|{B04,B05,B11}",10,38,0.8,"{""C"": 3, ""B"": 3, ""A"": 5}","{""C"": 6, ""B"": 5, ""A"": 8}",4,4
"{B01,B02,B03,B06,B07,B08,B09,B10}|{B04,B05,B11,B12}",10,38,0.8,"{""C"": 3, ""B"": 3, ""A"": 6}","{""C"": 6, ""B"": 5, ""A"": 7}",4,4
"{B01,B02,B03,B06,B07,B08,B09,B11,B12}|{B04,B05,B10}",10,38,0.8,"{""C"": 3, ""B"": 3, ""A"": 5}","{""C"": 6, ""B"": 5, ""A"": 8}",4,4
"{B01,B02,B03,B06,B07,B08,B09,B11}|{B04,B05,B10,B12}",10,38,0.8,"{""C"": 3, ""B"": 3, ""A"": 6}","{""C"": 6, ""B"": 5, ""A"": 7}",4,4
"{B01,B02,B03,B06,B07,B08,B10,B11,B12}|{B04,B05,B09}",10,38,0.8,"{""C"": 3, ""B"": 3, ""A"": 5}","{""C"": 6, ""B"": 5, ""A"": 8}",4,4
"{B01,B02,B03,B06,B07,B08,B10,B11}|{B04,B05,B09,B12}",10,38,0.8,"{""C"": 3, ""B"": 3, ""A"": 6}","{""C"": 6, ""B"": 5, ""A"": 7}",4,4
"{B01,B02,B03,B06,B07,B08,B11,B12}|{B04,B05,B09,B10}",10,38,0.8,"{""C"": 3, ""B"": 3, ""A"": 5}","{""C"": 6, ""B"": 5, ""A"": 8}",4,4
"{B01,B02,B03,B06,B07,B08,B11}|{B04,B05,B09,B10,B12}",10,38,0.8,"{""C"": 3, ""B"": 3, ""A"": 6}","{""C"": 6, ""B"": 5, ""A"": 7}",4,4
"{B01,B02,B03,B06,B07,B09,B10,B12}|{B04,B05,B08,B11}",10,38,0.8,"{""C"": 3, ""B"": 3, ""A"": 5}","{""C"": 6, ""B"": 5, ""A"": 8}",4,4
"{B01,B02,B03,B06,B07,B09,B10}|{B04,B05,B08,B11,B12}",10,38,0.8,"{""C"": 3, ""B"": 3, ""A"": 6}","{""C"": 6, ""B"": 5, ""A"": 7}",4,4
"{B01,B02,B03,B06,B07,B09,B11,B12}|{B04,B05,B08,B10}",10,38,0.8,"{""C"": 3, ""B"": 3, ""A"": 5}","{""C"": 6, ""B"": 5, ""A"": 8}",4,4
"{B01,B02,B03,B06,B07,B09,B11}|{B04,B05,B08,B10,B12}",10,38,0.8,"{""C"": 3, ""B"": 3, ""A"": 6}","{""C"": 6, ""B"": 5, ""A"": 7}",4,4
"{B01,B02,B03,B06,B08,B09,B10,B12}|{B04,B05,B07,B11}",10,38,0.8,"{""C"": 3, ""B"": 3, ""A"": 5}","{""C"": 6, ""B"": 5, ""A"": 8}",4,4
"{B01,B02,B03,B06,B08,B09,B10}|{B04,B05,B07,B11,B12}",10,38,0.8,"{""C"": 3, ""B"": 3, ""A"": 6}","{""C"": 6, ""B"": 5, ""A"": 7}",4,4
"{B01,B02,B03,B06,B08,B09,B11,B12}|{B04,B05,B07,B10}",10,38,0.8,"{""C"": 3, ""B"": 3, ""A"": 5}","{""C"": 6, ""B"": 5, ""A"": 8}",4,4
"{B01,B02,B03,B06,B08,B09,B11}|{B04,B05,B07,B10,B12}",10,38,0.8,"{""C"": 3, ""B"": 3, ""A"": 6}","{""C"": 6, ""B"": 5, ""A"": 7}",4,4
"{B01,B02,B03,B06,B08,B10,B12}|{B04,B05,B07,B09,B11}",10,38,0.8,"{""C"": 3, ""B"": 3, ""A"": 5}","{""C"": 6, ""B"": 5, ""A"": 8}",4,4
"{B01,B02,B03,B06,B08,B10}|{B04,B05,B07,B09,B11,B12}",10,38,0.8,"{""C"": 3, ""B"": 3, ""A"": 6}","{""C"": 6, ""B"": 5, ""A"": 7}",4,4
"{B01,B02,B03,B06,B08,B11,B12}|{B04,B05,B07,B09,B10}",10,38,0.8,"{""C"": 3, ""B"": 3, ""A"": 5}","{""C"": 6, ""B"": 5, ""A"": 8}",4,4
"{B01,B02,B03,B06,B08,B11}|{B04,B05,B07,B09,B10,B12}",10,38,0.8,"{""C"": 3, ""B"": 3, ""A"": 6}","{""C"": 6, ""B"": 5, ""A"": 7}",4,4
"{B01,B02,B03,B06,B08,B12}|{B04,B05,B07,B09,B10,B11}",10,38,0.8,"{""C"": 3, ""A"": 5, ""B"": 3}","{""C"": 6, ""A"": 8, ""B"": 5}",4,4
"{B01,B02,B03,B06,B08}|{B04,B05,B07,B09,B10,B11,B12}",10,38,0.8,"{""C"": 3, ""A"": 6, ""B"": 3}","{""C"": 6, ""A"": 7, ""B"": 5}",4,4
"{B01,B02,B03,B06,B09,B10,B11,B12}|{B04,B05,B07,B08}",10,38,0.8,"{""C"": 3, ""B"": 3, ""A"": 5}","{""C"": 6, ""B"": 5, ""A"": 8}",4,4
"{B01,B02,B03,B06,B09,B10,B11}|{B04,B05,B07,B08,B12}",10,38,0.8,"{""C"": 3, ""B"": 3, ""A"": 6}","{""C"": 6, ""B"": 5, ""A"": 7}",4,4
"{B01,B02,B03,B06,B09,B12}|{B04,B05,B07,B08,B10,B11}",10,38,0.8,"{""C"": 3, ""A"": 5, ""B"": 3}","{""C"": 6, ""A"": 8, ""B"": 5}",4,4
"{B01,B02,B03,B06,B09}|{B04,B05,B07,B08,B10,B11,B12}",10,38,0.8,"{""C"": 3, ""A"": 6, ""B"": 3}","{""C"": 6, ""A"": 7, ""B"": 5}",4,4
"{B01,B02,B03,B06,B11,B12}|{B04,B05,B07,B08,B09,B10}",10,38,0.8,"{""C"": 3, ""B"": 3, ""A"": 5}","{""C"": 6, ""B"": 5, ""A"": 8}",4,4
"{B01,B02,B03,B06,B11}|{B04,B05,B07,B08,B09,B10,B12}",10,38,0.8,"{""C"": 3, ""B"": 3, ""A"": 6}","{""C"": 6, ""B"": 5, ""A"": 7}",4,4
"{B01,B02,B03,B07,B08,B10,B12}|{B04,B05,B06,B09,B11}",10,38,0.8,"{""C"": 3, ""B"": 4, ""A"": 5}","{""C"": 5, ""B"": 5, ""A"": 8}",4,4
"{B01,B02,B03,B07,B08,B10}|{B04,B05,B06,B09,B11,B12}",10,38,0.8,"{""C"": 3, ""B"": 4, ""A"": 6}","{""C"": 5, ""B"": 5, ""A"": 7}",4,4
"{B01,B02,B03,B07,B10,B11,B12}|{B04,B05,B06,B08,B09}",10,38,0.8,"{""C"": 3, ""B"": 4, ""A"": 5}","{""C"": 5, ""B"": 5, ""A"": 8}",4,4
"{B01,B02,B03,B07,B10,B11}|{B04,B05,B06,B08,B09,B12}",10,38,0.8,"{""C"": 3, ""B"": 4, ""A"": 6}","{""C"": 5, ""B"": 5, ""A"": 7}",4,4
"{B01,B02,B03,B08,B09,B10,B11,B12}|{B04,B05,B06,B07}",10,38,0.8,"{""C"": 3, ""B"": 3, ""A"": 5}","{""C"": 5, ""B"": 6, ""A"": 8}",4,4
"{B01,B02,B03,B08,B09,B10,B11}|{B04,B05,B06,B07,B12}",10,38,0.8,"{""C"": 3, ""B"": 3, ""A"": 6}","{""C"": 5, ""B"": 6, ""A"": 7}",4,4
"{B01,B02,B03,B08,B09,B12}|{B04,B05,B06,B07,B10,B11}",10,38,0.8,"{""C"": 3, ""A"": 5, ""B"": 4}","{""C"": 5, ""A"": 8, ""B"": 5}",4,4
"{B01,B02,B03,B08,B09}|{B04,B05,B06,B07,B10,B11,B12}",10,38,0.8,"{""C"": 3, ""A"": 6, ""B"": 4}","{""C"": 5, ""A"": 7, ""B"": 5}",4,4
"{B01,B02,B03,B10,B11,B12}|{B04,B05,B06,B07,B08,B09}",10,38,0.8,"{""C"": 3, ""B"": 4, ""A"": 5}","{""C"": 5, ""B"": 5, ""A"": 8}",4,4
"{B01,B02,B03,B10,B11}|{B04,B05,B06,B07,B08,B09,B12}",10,38,0.8,"{""C"": 3, ""B"": 4, ""A"": 6}","{""C"": 5, ""B"": 5, ""A"": 7}",4,4
"{B01,B02,B03,B10,B12}|{B04,B05,B06,B07,B08,B09,B11}",10,38,0.8,"{""C"": 3, ""B"": 3, ""A"": 5}","{""C"": 5, ""B"": 6, ""A"": 8}",4,4
"{B01,B02,B03,B12}|{B04,B05,B06,B07,B08,B09,B10,B11}",10,38,0.8,"{""C"": 3, ""A"": 5, ""B"": 3}","{""C"": 5, ""A"": 8, ""B"": 6}",4,4
"{B01,B02,B04,B05,B06,B07,B08,B09}|{B03,B10,B11,B12}",10,38,0.8,"{""C"": 3, ""A"": 5, ""B"": 4}","{""C"": 5, ""A"": 7, ""B"": 6}",4,4
"{B01,B02,B04,B05,B06,B07,B08,B10}|{B03,B09,B11,B12}",10,38,0.8,"{""C"": 3, ""B"": 4, ""A"": 5}","{""C"": 5, ""B"": 6, ""A"": 7}",4,4
"{B01,B02,B04,B05,B06,B07,B08,B12}|{B03,B09,B10,B11}",10,38,0.8,"{""C"": 3, ""A"": 5, ""B"": 4}","{""C"": 5, ""A"": 6, ""B"": 7}",4,4
"{B01,B02,B04,B05,B06,B07,B09,B12}|{B03,B08,B10,B11}",10,38,0.8,"{""C"": 3, ""A"": 5, ""B"": 4}","{""C"": 5, ""A"": 6, ""B"": 7}",4,4
"{B01,B02,B04,B05,B06,B07,B10,B11}|{B03,B08,B09,B12}",10,38,0.8,"{""B"": 4, ""C"": 3, ""A"": 5}","{""B"": 6, ""C"": 5, ""A"": 7}",4,4
"{B01,B02,B04,B05,B06,B07,B10,B12}|{B03,B08,B09,B11}",10,38,0.8,"{""C"": 3, ""B"": 4, ""A"": 5}","{""C"": 5, ""B"": 7, ""A"": 6}",4,4
"{B01,B02,B04,B05,B06,B07,B11,B12}|{B03,B08,B09,B10}",10,38,0.8,"{""B"": 4, ""C"": 3, ""A"": 5}","{""B"": 7, ""C"": 5, ""A"": 6}",4,4
"{B01,B02,B04,B05,B06,B08,B10}|{B03,B07,B09,B11,B12}",10,38,0.8,"{""C"": 3, ""B"": 4, ""A"": 5}","{""C"": 5, ""B"": 6, ""A"": 7}",4,4
"{B01,B02,B04,B05,B06,B08}|{B03,B07,B09,B10,B11,B12}",10,38,0.8,"{""C"": 3, ""A"": 5, ""B"": 4}","{""C"": 5, ""A"": 7, ""B"": 6}",4,4
"{B01,B02,B04,B05,B06,B09}|{B03,B07,B08,B10,B11,B12}",10,38,0.8,"{""C"": 3, ""A"": 5, ""B"": 4}","{""C"": 5, ""A"": 7, ""B"": 6}",4,4
"{B01,B02,B04,B05,B06,B10,B11}|{B03,B07,B08,B09,B12}",10,38,0.8,"{""B"": 4, ""C"": 3, ""A"": 5}","{""B"": 6, ""C"": 5, ""A"": 7}",4,4
"{B01,B02,B04,B05,B06,B10,B12}|{B03,B07,B08,B09,B11}",10,38,0.8,"{""C"": 3, ""B"": 4, ""A"": 5}","{""C"": 5, ""B"": 7, ""A"": 6}",4,4
"{B01,B02,B04,B05,B06,B11}|{B03,B07,B08,B09,B10,B12}",10,38,0.8,"{""B"": 4, ""C"": 3, ""A"": 5}","{""B"": 6, ""C"": 5, ""A"": 7}",4,4
"{B01,B02,B04,B05,B06,B12}|{B03,B07,B08,B09,B10,B11}",10,38,0.8,"{""C"": 3, ""A"": 5, ""B"": 4}","{""C"": 5, ""A"": 6, ""B"": 7}",4,4
"{B01,B02,B04,B05,B07,B08,B09,B12}|{B03,B06,B10,B11}",10,38,0.8,"{""C"": 4, ""A"": 5, ""B"": 4}","{""C"": 5, ""A"": 6, ""B"": 6}",4,4
"{B01,B02,B04,B05,B07,B08,B10,B12}|{B03,B06,B09,B11}",10,38,0.8,"{""B"": 4, ""C"": 4, ""A"": 5}","{""B"": 6, ""C"": 5, ""A"": 6}",4,4
"{B01,B02,B04,B05,B07,B08,B11}|{B03,B06,B09,B10,B12}",10,38,0.8,"{""B"": 3, ""C"": 4, ""A"": 5}","{""B"": 6, ""C"": 5, ""A"": 7}",4,4
"{B01,B02,B04,B05,B07,B09,B10}|{B03,B06,B08,B11,B12}",10,38,0.8,"{""B"": 3, ""C"": 4, ""A"": 5}","{""B"": 6, ""C"": 5, ""A"": 7}",4,4
"{B01,B02,B04,B05,B07,B09,B11}|{B03,B06,B08,B10,B12}",10,38,0.8,"{""B"": 3, ""C"": 4, ""A"": 5}","{""B"": 6, ""C"": 5, ""A"": 7}",4,4
"{B01,B02,B04,B05,B07,B10,B11,B12}|{B03,B06,B08,B09}",10,38,0.8,"{""B"": 4, ""C"": 4, ""A"": 5}","{""B"": 6, ""C"": 5, ""A"": 6}",4,4
"{B01,B02,B04,B05,B08,B09}|{B03,B06,B07,B10,B11,B12}",10,38,0.8,"{""C"": 4, ""A"": 5, ""B"": 4}","{""C"": 5, ""A"": 7, ""B"": 5}",4,4
"{B01,B02,B04,B05,B08,B10,B11}|{B03,B06,B07,B09,B12}",10,38,0.8,"{""B"": 4, ""C"": 4, ""A"": 5}","{""B"": 5, ""C"": 5, ""A"": 7}",4,4
"{B01,B02,B04,B05,B08,B10,B12}|{B03,B06,B07,B09,B11}",10,38,0.8,"{""B"": 4, ""C"": 4, ""A"": 5}","{""B"": 6, ""C"": 5, ""A"": 6}",4,4
"{B01,B02,B04,B05,B08,B11}|{B03,B06,B07,B09,B10,B12}",10,38,0.8,"{""B"": 4, ""C"": 4, ""A"": 5}","{""B"": 5, ""C"": 5, ""A"": 7}",4,4
"{B01,B02,B04,B05,B08,B12}|{B03,B06,B07,B09,B10,B11}",10,38,0.8,"{""C"": 4, ""A"": 5, ""B"": 4}","{""C"": 5, ""A"": 6, ""B"": 6}",4,4
"{B01,B02,B04,B05,B09,B10}|{B03,B06,B07,B08,B11,B12}",10,38,0.8,"{""B"": 3, ""C"": 4, ""A"": 5}","{""B"": 6, ""C"": 5, ""A"": 7}",4,4
"{B01,B02,B04,B05,B09,B12}|{B03,B06,B07,B08,B10,B11}",10,38,0.8,"{""C"": 4, ""A"": 5, ""B"": 4}","{""C"": 5, ""A"": 6, ""B"": 6}",4,4
"{B01,B02,B04,B05,B10,B11,B12}|{B03,B06,B07,B08,B09}",10,38,0.8,"{""B"": 4, ""C"": 4, ""A"": 5}","{""B"": 6, ""C"": 5, ""A"": 6}",4,4
"{B01,B02,B04,B05,B11,B12}|{B03,B06,B07,B08,B09,B10}",10,38,0.8,"{""B"": 4, ""C"": 4, ""A"": 5}","{""B"": 6, ""C"": 5, ""A"": 6}",4,4
"{B01,B02,B04,B06,B07,B08,B09,B10}|{B03,B05,B11,B12}",10,38,0.8,"{""C"": 4, ""B"": 3, ""A"": 5}","{""C"": 6, ""B"": 5, ""A"": 7}",4,4
"{B01,B02,B04,B06,B07,B08,B09,B11}|{B03,B05,B10,B12}",10,38,0.8,"{""B"": 3, ""C"": 4, ""A"": 5}","{""B"": 5, ""C"": 6, ""A"": 7}",4,4
"{B01,B02,B04,B06,B07,B08,B10,B11}|{B03,B05,B09,B12}",10,38,0.8,"{""B"": 3, ""C"": 4, ""A"": 5}","{""B"": 5, ""C"": 6, ""A"": 7}",4,4
"{B01,B02,B04,B06,B07,B09,B11}|{B03,B05,B08,B10,B12}",10,38,0.8,"{""B"": 3, ""C"": 4, ""A"": 5}","{""B"": 5, ""C"": 6, ""A"": 7}",4,4
"{B01,B02,B04,B06,B09,B10,B11}|{B03,B05,B07,B08,B12}",10,38,0.8,"{""B"": 3, ""C"": 4, ""A"": 5}","{""B"": 5, ""C"": 6, ""A"": 7}",4,4
"{B01,B02,B04,B08,B09}|{B03,B05,B06,B07,B10,B11,B12}",10,38,0.8,"{""C"": 4, ""A"": 5, ""B"": 4}","{""C"": 5, ""A"": 7, ""B"": 5}",4,4
"{B01,B02,B04,B09,B10,B12}|{B03,B05,B06,B07,B08,B11}",10,38,0.8,"{""B"": 2, ""C"": 4, ""A"": 6}","{""B"": 5, ""C"": 5, ""A"": 8}",4,4
"{B01,B02,B04,B09,B11,B12}|{B03,B05,B06,B07,B08,B10}",10,38,0.8,"{""B"": 3, ""C"": 4, ""A"": 6}","{""B"": 4, ""C"": 5, ""A"": 8}",4,4
"{B01,B02,B04,B10,B11}|{B03,B05,B06,B07,B08,B09,B12}",10,38,0.8,"{""B"": 4, ""C"": 4, ""A"": 5}","{""B"": 5, ""C"": 5, ""A"": 7}",4,4
"{B01,B02,B04,B10}|{B03,B05,B06,B07,B08,B09,B11,B12}",10,38,0.8,"{""B"": 3, ""C"": 4, ""A"": 5}","{""B"": 6, ""C"": 5, ""A"": 7}",4,4
"{B01,B02,B04}|{B03,B05,B06,B07,B08,B09,B10,B11,B12}",10,38,0.8,"{""C"": 4, ""A"": 5, ""B"": 3}","{""C"": 5, ""A"": 7, ""B"": 6}",4,4
"{B01,B02,B05,B06,B07,B08,B09,B12}|{B03,B04,B10,B11}",10,38,0.8,"{""C"": 4, ""A"": 5, ""B"": 4}","{""C"": 5, ""A"": 6, ""B"": 6}",4,4
"{B01,B02,B05,B06,B07,B08,B10,B12}|{B03,B04,B09,B11}",10,38,0.8,"{""C"": 4, ""B"": 4, ""A"": 5}","{""C"": 5, ""B"": 6, ""A"": 6}",4,4
"{B01,B02,B05,B06,B07,B08,B11}|{B03,B04,B09,B10,B12}",10,38,0.8,"{""B"": 3, ""C"": 4, ""A"": 5}","{""B"": 6, ""C"": 5, ""A"": 7}",4,4
"{B01,B02,B05,B06,B07,B09,B10}|{B03,B04,B08,B11,B12}",10,38,0.8,"{""C"": 4, ""B"": 3, ""A"": 5}","{""C"": 5, ""B"": 6, ""A"": 7}",4,4
"{B01,B02,B05,B06,B07,B09,B11}|{B03,B04,B08,B10,B12}",10,38,0.8,"{""B"": 3, ""C"": 4, ""A"": 5}","{""B"": 6, ""C"": 5, ""A"": 7}",4,4
"{B01,B02,B05,B06,B07,B10,B11,B12}|{B03,B04,B08,B09}",10,38,0.8,"{""B"": 4, ""C"": 4, ""A"": 5}","{""B"": 6, ""C"": 5, ""A"": 6}",4,4
"{B01,B02,B05,B06,B08,B09}|{B03,B04,B07,B10,B11,B12}",10,38,0.8,"{""C"": 4, ""A"": 5, ""B"": 4}","{""C"": 5, ""A"": 7, ""B"": 5}",4,4
"{B01,B02,B05,B06,B08,B10,B11}|{B03,B04,B07,B09,B12}",10,38,0.8,"{""B"": 4, ""C"": 4, ""A"": 5}","{""B"": 5, ""C"": 5, ""A"": 7}",4,4
"{B01,B02,B05,B06,B08,B10,B12}|{B03,B04,B07,B09,B11}",10,38,0.8,"{""C"": 4, ""B"": 4, ""A"": 5}","{""C"": 5, ""B"": 6, ""A"": 6}",4,4
"{B01,B02,B05,B06,B08,B11}|{B03,B04,B07,B09,B10,B12}",10,38,0.8,"{""B"": 4, ""C"": 4, ""A"": 5}","{""B"": 5, ""C"": 5, ""A"": 7}",4,4
"{B01,B02,B05,B06,B08,B12}|{B03,B04,B07,B09,B10,B11}",10,38,0.8,"{""C"": 4, ""A"": 5, ""B"": 4}","{""C"": 5, ""A"": 6, ""B"": 6}",4,4
"{B01,B02,B05,B06,B09,B10}|{B03,B04,B07,B08,B11,B12}",10,38,0.8,"{""C"": 4, ""B"": 3, ""A"": 5}","{""C"": 5, ""B"": 6, ""A"": 7}",4,4
"{B01,B02,B05,B06,B09,B12}|{B03,B04,B07,B08,B10,B11}",10,38,0.8,"{""C"": 4, ""A"": 5, ""B"": 4}","{""C"": 5, ""A"": 6, ""B"": 6}",4,4
"{B01,B02,B05,B06,B10,B11,B12}|{B03,B04,B07,B08,B09}",10,38,0.8,"{""B"": 4, ""C"": 4, ""A"": 5}","{""B"": 6, ""C"": 5, ""A"": 6}",4,4
"{B01,B02,B05,B06,B11,B12}|{B03,B04,B07,B08,B09,B10}",10,38,0.8,"{""B"": 4, ""C"": 4, ""A"": 5}","{""B"": 6, ""C"": 5, ""A"": 6}",4,4
"{B01,B02,B05,B07,B08,B09}|{B03,B04,B06,B10,B11,B12}",10,38,0.8,"{""C"": 4, ""A"": 5, ""B"": 4}","{""C"": 4, ""A"": 7, ""B"": 6}",4,4
"{B01,B02,B05,B07,B08,B10}|{B03,B04,B06,B09,B11,B12}",10,38,0.8,"{""B"": 4, ""C"": 4, ""A"": 5}","{""B"": 6, ""C"": 4, ""A"": 7}",4,4
"{B01,B02,B05,B07,B08,B12}|{B03,B04,B06,B09,B10,B11}",10,38,0.8,"{""C"": 4, ""A"": 5, ""B"": 4}","{""C"": 4, ""A"": 6, ""B"": 7}",4,4
"{B01,B02,B05,B07,B09,B12}|{B03,B04,B06,B08,B10,B11}",10,38,0.8,"{""C"": 4, ""A"": 5, ""B"": 4}","{""C"": 4, ""A"": 6, ""B"": 7}",4,4
"{B01,B02,B05,B07,B10,B11}|{B03,B04,B06,B08,B09,B12}",10,38,0.8,"{""B"": 4, ""C"": 4, ""A"": 5}","{""B"": 6, ""C"": 4, ""A"": 7}",4,4
"{B01,B02,B05,B07,B10,B12}|{B03,B04,B06,B08,B09,B11}",10,38,0.8,"{""B"": 4, ""C"": 4, ""A"": 5}","{""B"": 7, ""C"": 4, ""A"": 6}",4,4
"{B01,B02,B05,B07,B11,B12}|{B03,B04,B06,B08,B09,B10}",10,38,0.8,"{""B"": 4, ""C"": 4, ""A"": 5}","{""B"": 7, ""C"": 4, ""A"": 6}",4,4
"{B01,B02,B05,B08,B10}|{B03,B04,B06,B07,B09,B11,B12}",10,38,0.8,"{""B"": 4, ""C"": 4, ""A"": 5}","{""B"": 6, ""C"": 4, ""A"": 7}",4,4
"{B01,B02,B05,B10,B11}|{B03,B04,B06,B07,B08,B09,B12}",10,38,0.8,"{""B"": 4, ""C"": 4, ""A"": 5}","{""B"": 6, ""C"": 4, ""A"": 7}",4,4
"{B01,B02,B05,B10,B12}|{B03,B04,B06,B07,B08,B09,B11}",10,38,0.8,"{""B"": 4, ""C"": 4, ""A"": 5}","{""B"": 7, ""C"": 4, ""A"": 6}",4,4
"{B01,B02,B06,B08,B10}|{B03,B04,B05,B07,B09,B11,B12}",10,38,0.8,"{""C"": 4, ""B"": 3, ""A"": 5}","{""C"": 6, ""B"": 5, ""A"": 7}",4,4
"{B01,B02,B06,B08,B11}|{B03,B04,B05,B07,B09,B10,B12}",10,38,0.8,"{""B"": 3, ""C"": 4, ""A"": 5}","{""B"": 5, ""C"": 6, ""A"": 7}",4,4
"{B01,B02,B06,B08}|{B03,B04,B05,B07,B09,B10,B11,B12}",10,38,0.8,"{""C"": 4, ""A"": 5, ""B"": 3}","{""C"": 6, ""A"": 7, ""B"": 5}",4,4
"{B01,B02,B06,B09}|{B03,B04,B05,B07,B08,B10,B11,B12}",10,38,0.8,"{""C"": 4, ""A"": 5, ""B"": 3}","{""C"": 6, ""A"": 7, ""B"": 5}",4,4
"{B01,B02,B06,B11}|{B03,B04,B05,B07,B08,B09,B10,B12}",10,38,0.8,"{""B"": 3, ""C"": 4, ""A"": 5}","{""B"": 5, ""C"": 6, ""A"": 7}",4,4
"{B01,B02,B07,B08,B10}|{B03,B04,B05,B06,B09,B11,B12}",10,38,0.8,"{""B"": 4, ""C"": 4, ""A"": 5}","{""B"": 5, ""C"": 5, ""A"": 7}",4,4
"{B01,B02,B07,B10,B11}|{B03,B04,B05,B06,B08,B09,B12}",10,38,0.8,"{""B"": 4, ""C"": 4, ""A"": 5}","{""B"": 5, ""C"": 5, ""A"": 7}",4,4
"{B01,B02,B08,B09}|{B03,B04,B05,B06,B07,B10,B11,B12}",10,38,0.8,"{""C"": 4, ""A"": 5, ""B"": 4}","{""C"": 5, ""A"": 7, ""B"": 5}",4,4
"{B01,B02,B10,B11}|{B03,B04,B05,B06,B07,B08,B09,B12}",10,38,0.8,"{""B"": 4, ""C"": 4, ""A"": 5}","{""B"": 5, ""C"": 5, ""A"": 7}",4,4
"{B01,B02,B10}|{B03,B04,B05,B06,B07,B08,B09,B11,B12}",10,38,0.8,"{""B"": 3, ""C"": 4, ""A"": 5}","{""B"": 6, ""C"": 5, ""A"": 7}",4,4
"{B01,B02}|{B03,B04,B05,B06,B07,B08,B09,B10,B11,B12}",10,38,0.8,"{""C"": 4, ""A"": 5, ""B"": 3}","{""C"": 5, ""A"": 7, ""B"": 6}",4,4
"{B01,B03,B04,B05,B06,B07}|{B02,B08,B09,B10,B11,B12}",10,38,0.8,"{""C"": 3, ""A"": 5, ""B"": 4}","{""C"": 4, ""A"": 7, ""B"": 7}",4,4
"{B01,B03,B04,B05,B07,B08}|{B02,B06,B09,B10,B11,B12}",10,38,0.8,"{""C"": 3, ""A"": 5, ""B"": 4}","{""C"": 5, ""A"": 7, ""B"": 6}",4,4
"{B01,B03,B04,B05,B07,B09}|{B02,B06,B08,B10,B11,B12}",10,38,0.8,"{""C"": 3, ""A"": 5, ""B"": 4}","{""C"": 5, ""A"": 7, ""B"": 6}",4,4
"{B01,B03,B04,B05,B07,B10,B11}|{B02,B06,B08,B09,B12}",10,38,0.8,"{""C"": 3, ""B"": 4, ""A"": 5}","{""C"": 5, ""B"": 6, ""A"": 7}",4,4
"{B01,B03,B04,B05,B07,B10}|{B02,B06,B08,B09,B11,B12}",10,38,0.8,"{""C"": 3, ""B"": 4, ""A"": 5}","{""C"": 5, ""B"": 6, ""A"": 7}",4,4
"{B01,B03,B04,B05,B07,B11}|{B02,B06,B08,B09,B10,B12}",10,38,0.8,"{""C"": 3, ""B"": 4, ""A"": 5}","{""C"": 5, ""B"": 6, ""A"": 7}",4,4
"{B01,B03,B04,B05,B08,B09,B10,B11}|{B02,B06,B07,B12}",10,38,0.8,"{""C"": 3, ""B"": 4, ""A"": 5}","{""C"": 5, ""B"": 6, ""A"": 7}",4,4
"{B01,B03,B04,B05,B08,B10,B11}|{B02,B06,B07,B09,B12}",10,38,0.8,"{""C"": 3, ""B"": 4, ""A"": 5}","{""C"": 5, ""B"": 6, ""A"": 7}",4,4
"{B01,B03,B04,B05,B09,B10,B11}|{B02,B06,B07,B08,B12}",10,38,0.8,"{""C"": 3, ""B"": 4, ""A"": 5}","{""C"": 5, ""B"": 6, ""A"": 7}",4,4
"{B01,B03,B04,B05,B10,B11}|{B02,B06,B07,B08,B09,B12}",10,38,0.8,"{""C"": 3, ""B"": 4, ""A"": 5}","{""C"": 5, ""B"": 6, ""A"": 7}",4,4
"{B01,B03,B04,B05,B10}|{B02,B06,B07,B08,B09,B11,B12}",10,38,0.8,"{""C"": 3, ""B"": 4, ""A"": 5}","{""C"": 5, ""B"": 6, ""A"": 7}",4,4
"{B01,B03,B04,B05,B11}|{B02,B06,B07,B08,B09,B10,B12}",10,38,0.8,"{""C"": 3, ""B"": 4, ""A"": 5}","{""C"": 5, ""B"": 6, ""A"": 7}",4,4
"{B01,B03,B04,B05}|{B02,B06,B07,B08,B09,B10,B11,B12}",10,38,0.8,"{""C"": 3, ""A"": 5, ""B"": 4}","{""C"": 5, ""A"": 7, ""B"": 6}",4,4
"{B01,B03,B04,B06,B07,B08,B09,B10,B12}|{B02,B05,B11}",10,38,0.8,"{""C"": 3, ""B"": 4, ""A"": 5}","{""C"": 5, ""B"": 5, ""A"": 8}",4,4
"{B01,B03,B04,B06,B07,B08,B09,B10}|{B02,B05,B11,B12}",10,38,0.8,"{""C"": 3, ""B"": 4, ""A"": 6}","{""C"": 5, ""B"": 5, ""A"": 7}",4,4
"{B01,B03,B04,B06,B07,B08,B09,B12}|{B02,B05,B10,B11}",10,38,0.8,"{""C"": 3, ""A"": 5, ""B"": 4}","{""C"": 5, ""A"": 8, ""B"": 5}",4,4
"{B01,B03,B04,B06,B07,B08,B09}|{B02,B05,B10,B11,B12}",10,38,0.8,"{""C"": 3, ""A"": 6, ""B"": 4}","{""C"": 5, ""A"": 7, ""B"": 5}",4,4
"{B01,B03,B04,B06,B07,B08,B11,B12}|{B02,B05,B09,B10}",10,38,0.8,"{""C"": 3, ""B"": 3, ""A"": 5}","{""C"": 5, ""B"": 6, ""A"": 8}",4,4
"{B01,B03,B04,B06,B07,B08,B11}|{B02,B05,B09,B10,B12}",10,38,0.8,"{""C"": 3, ""B"": 3, ""A"": 6}","{""C"": 5, ""B"": 6, ""A"": 7}",4,4
"{B01,B03,B04,B06,B07,B09,B10,B11,B12}|{B02,B05,B08}",10,38,0.8,"{""C"": 3, ""B"": 4, ""A"": 5}","{""C"": 5, ""B"": 5, ""A"": 8}",4,4
"{B01,B03,B04,B06,B07,B09,B10,B11}|{B02,B05,B08,B12}",10,38,0.8,"{""C"": 3, ""B"": 4, ""A"": 6}","{""C"": 5, ""B"": 5, ""A"": 7}",4,4
"{B01,B03,B04,B06,B07,B09,B11,B12}|{B02,B05,B08,B10}",10,38,0.8,"{""C"": 3, ""B"": 4, ""A"": 5}","{""C"": 5, ""B"": 5, ""A"": 8}",4,4
"{B01,B03,B04,B06,B07,B09,B11}|{B02,B05,B08,B10,B12}",10,38,0.8,"{""C"": 3, ""B"": 4, ""A"": 6}","{""C"": 5, ""B"": 5, ""A"": 7}",4,4
"{B01,B03,B04,B06,B07,B09,B12}|{B02,B05,B08,B10,B11}",10,38,0.8,"{""C"": 3, ""A"": 5, ""B"": 4}","{""C"": 5, ""A"": 8, ""B"": 5}",4,4
"{B01,B03,B04,B06,B07,B09}|{B02,B05,B08,B10,B11,B12}",10,38,0.8,"{""C"": 3, ""A"": 6, ""B"": 4}","{""C"": 5, ""A"": 7, ""B"": 5}",4,4
"{B01,B03,B04,B06,B07,B10,B11,B12}|{B02,B05,B08,B09}",10,38,0.8,"{""C"": 3, ""B"": 4, ""A"": 5}","{""C"": 5, ""B"": 5, ""A"": 8}",4,4
"{B01,B03,B04,B06,B07,B10,B11}|{B02,B05,B08,B09,B12}",10,38,0.8,"{""C"": 3, ""B"": 4, ""A"": 6}","{""C"": 5, ""B"": 5, ""A"": 7}",4,4
"{B01,B03,B04,B06,B07,B12}|{B02,B05,B08,B09,B10,B11}",10,38,0.8,"{""C"": 3, ""A"": 5, ""B"": 3}","{""C"": 5, ""A"": 8, ""B"": 6}",4,4
"{B01,B03,B04,B06,B08,B09,B12}|{B02,B05,B07,B10,B11}",10,38,0.8,"{""C"": 3, ""A"": 5, ""B"": 4}","{""C"": 5, ""A"": 8, ""B"": 5}",4,4
"{B01,B03,B04,B06,B08,B09}|{B02,B05,B07,B10,B11,B12}",10,38,0.8,"{""C"": 3, ""A"": 6, ""B"": 4}","{""C"": 5, ""A"": 7, ""B"": 5}",4,4
"{B01,B03,B04,B06,B08,B10,B12}|{B02,B05,B07,B09,B11}",10,38,0.8,"{""C"": 3, ""B"": 3, ""A"": 5}","{""C"": 5, ""B"": 6, ""A"": 8}",4,4
"{B01,B03,B04,B06,B08,B10}|{B02,B05,B07,B09,B11,B12}",10,38,0.8,"{""C"": 3, ""B"": 3, ""A"": 6}","{""C"": 5, ""B"": 6, ""A"": 7}",4,4
"{B01,B03,B04,B06,B08,B11,B12}|{B02,B05,B07,B09,B10}",10,38,0.8,"{""C"": 3, ""B"": 3, ""A"": 5}","{""C"": 5, ""B"": 6, ""A"": 8}",4,4
"{B01,B03,B04,B06,B08,B11}|{B02,B05,B07,B09,B10,B12}",10,38,0.8,"{""C"": 3, ""B"": 3, ""A"": 6}","{""C"": 5, ""B"": 6, ""A"": 7}",4,4
"{B01,B03,B04,B06,B09,B11,B12}|{B02,B05,B07,B08,B10}",10,38,0.8,"{""C"": 3, ""B"": 4, ""A"": 5}","{""C"": 5, ""B"": 5, ""A"": 8}",4,4
"{B01,B03,B04,B06,B09,B11}|{B02,B05,B07,B08,B10,B12}",10,38,0.8,"{""C"": 3, ""B"": 4, ""A"": 6}","{""C"": 5, ""B"": 5, ""A"": 7}",4,4
"{B01,B03,B04,B07,B08,B09,B10,B12}|{B02,B05,B06,B11}",10,38,0.8,"{""C"": 3, ""B"": 4, ""A"": 5}","{""C"": 5, ""B"": 5, ""A"": 8}",4,4
"{B01,B03,B04,B07,B08,B09,B10}|{B02,B05,B06,B11,B12}",10,38,0.8,"{""C"": 3, ""B"": 4, ""A"": 6}","{""C"": 5, ""B"": 5, ""A"": 7}",4,4
"{B01,B03,B04,B07,B08,B09,B12}|{B02,B05,B06,B10,B11}",10,38,0.8,"{""C"": 3, ""A"": 5, ""B"": 4}","{""C"": 5, ""A"": 8, ""B"": 5}",4,4
"{B01,B03,B04,B07,B08,B11,B12}|{B02,B05,B06,B09,B10}",10,38,0.8,"{""C"": 3, ""B"": 3, ""A"": 5}","{""C"": 5, ""B"": 6, ""A"": 8}",4,4
"{B01,B03,B04,B07,B09,B10,B11,B12}|{B02,B05,B06,B08}",10,38,0.8,"{""C"": 3, ""B"": 4, ""A"": 5}","{""C"": 5, ""B"": 5, ""A"": 8}",4,4
"{B01,B03,B04,B07,B09,B10,B11}|{B02,B05,B06,B08,B12}",10,38,0.8,"{""C"": 3, ""B"": 4, ""A"": 6}","{""C"": 5, ""B"": 5, ""A"": 7}",4,4
"{B01,B03,B04,B07,B09,B11,B12}|{B02,B05,B06,B08,B10}",10,38,0.8,"{""C"": 3, ""B"": 4, ""A"": 5}","{""C"": 5, ""B"": 5, ""A"": 8}",4,4
"{B01,B03,B04,B07,B09,B11}|{B02,B05,B06,B08,B10,B12}",10,38,0.8,"{""C"": 3, ""B"": 4, ""A"": 6}","{""C"": 5, ""B"": 5, ""A"": 7}",4,4
"{B01,B03,B04,B07,B09,B12}|{B02,B05,B06,B08,B10,B11}",10,38,0.8,"{""C"": 3, ""A"": 5, ""B"": 4}","{""C"": 5, ""A"": 8, ""B"": 5}",4,4
"{B01,B03,B04,B07,B10,B11,B12}|{B02,B05,B06,B08,B09}",10,38,0.8,"{""C"": 3, ""B"": 4, ""A"": 5}","{""C"": 5, ""B"": 5, ""A"": 8}",4,4
"{B01,B03,B04,B07,B10,B11}|{B02,B05,B06,B08,B09,B12}",10,38,0.8,"{""C"": 3, ""B"": 4, ""A"": 6}","{""C"": 5, ""B"": 5, ""A"": 7}",4,4
"{B01,B03,B04,B07,B12}|{B02,B05,B06,B08,B09,B10,B11}",10,38,0.8,"{""C"": 3, ""A"": 5, ""B"": 3}","{""C"": 5, ""A"": 8, ""B"": 6}",4,4
"{B01,B03,B04,B08,B09,B12}|{B02,B05,B06,B07,B10,B11}",10,38,0.8,"{""C"": 3, ""A"": 5, ""B"": 4}","{""C"": 5, ""A"": 8, ""B"": 5}",4,4
"{B01,B03,B04,B08,B10,B12}|{B02,B05,B06,B07,B09,B11}",10,38,0.8,"{""C"": 3, ""B"": 3, ""A"": 5}","{""C"": 5, ""B"": 6, ""A"": 8}",4,4
"{B01,B03,B04,B08,B11,B12}|{B02,B05,B06,B07,B09,B10}",10,38,0.8,"{""C"": 3, ""B"": 3, ""A"": 5}","{""C"": 5, ""B"": 6, ""A"": 8}",4,4
"{B01,B03,B04,B09,B11,B12}|{B02,B05,B06,B07,B08,B10}",10,38,0.8,"{""C"": 3, ""B"": 4, ""A"": 5}","{""C"": 5, ""B"": 5, ""A"": 8}",4,4
"{B01,B03,B05,B06,B07,B08,B09}|{B02,B04,B10,B11,B12}",10,38,0.8,"{""C"": 4, ""A"": 5, ""B"": 4}","{""C"": 5, ""A"": 7, ""B"": 5}",4,4
"{B01,B03,B05,B06,B07,B08,B10}|{B02,B04,B09,B11,B12}",10,38,0.8,"{""C"": 4, ""B"": 4, ""A"": 5}","{""C"": 5, ""B"": 5, ""A"": 7}",4,4
"{B01,B03,B05,B06,B07,B12}|{B02,B04,B08,B09,B10,B11}",10,38,0.8,"{""C"": 4, ""A"": 4, ""B"": 4}","{""C"": 5, ""A"": 6, ""B"": 7}",4,4
"{B01,B03,B05,B06,B08,B09,B10}|{B02,B04,B07,B11,B12}",10,38,0.8,"{""C"": 4, ""B"": 4, ""A"": 5}","{""C"": 5, ""B"": 5, ""A"": 7}",4,4
"{B01,B03,B05,B06,B08,B09,B11}|{B02,B04,B07,B10,B12}",10,38,0.8,"{""C"": 4, ""B"": 4, ""A"": 5}","{""C"": 5, ""B"": 5, ""A"": 7}",4,4
"{B01,B03,B05,B06,B08,B10}|{B02,B04,B07,B09,B11,B12}",10,38,0.8,"{""C"": 4, ""B"": 4, ""A"": 5}","{""C"": 5, ""B"": 5, ""A"": 7}",4,4
"{B01,B03,B05,B06,B08,B11}|{B02,B04,B07,B09,B10,B12}",10,38,0.8,"{""C"": 4, ""B"": 4, ""A"": 5}","{""C"": 5, ""B"": 5, ""A"": 7}",4,4
"{B01,B03,B05,B06,B08}|{B02,B04,B07,B09,B10,B11,B12}",10,38,0.8,"{""C"": 4, ""A"": 5, ""B"": 4}","{""C"": 5, ""A"": 7, ""B"": 5}",4,4
"{B01,B03,B05,B06,B09,B10}|{B02,B04,B07,B08,B11,B12}",10,38,0.8,"{""C"": 4, ""B"": 4, ""A"": 5}","{""C"": 5, ""B"": 5, ""A"": 7}",4,4
"{B01,B03,B05,B06,B09,B11}|{B02,B04,B07,B08,B10,B12}",10,38,0.8,"{""C"": 4, ""B"": 4, ""A"": 5}","{""C"": 5, ""B"": 5, ""A"": 7}",4,4
"{B01,B03,B05,B06,B09}|{B02,B04,B07,B08,B10,B11,B12}",10,38,0.8,"{""C"": 4, ""A"": 5, ""B"": 4}","{""C"": 5, ""A"": 7, ""B"": 5}",4,4
"{B01,B03,B05,B07,B08,B09}|{B02,B04,B06,B10,B11,B12}",10,38,0.8,"{""C"": 4, ""A"": 5, ""B"": 4}","{""C"": 5, ""A"": 7, ""B"": 5}",4,4
"{B01,B03,B05,B07,B08,B10}|{B02,B04,B06,B09,B11,B12}",10,38,0.8,"{""C"": 4, ""B"": 4, ""A"": 5}","{""C"": 5, ""B"": 5, ""A"": 7}",4,4
"{B01,B03,B05,B07,B12}|{B02,B04,B06,B08,B09,B10,B11}",10,38,0.8,"{""C"": 4, ""A"": 4, ""B"": 4}","{""C"": 5, ""A"": 6, ""B"": 7}",4,4
"{B01,B03,B05,B08,B09,B10}|{B02,B04,B06,B07,B11,B12}",10,38,0.8,"{""C"": 4, ""B"": 4, ""A"": 5}","{""C"": 5, ""B"": 5, ""A"": 7}",4,4
"{B01,B03,B05,B08,B09,B11}|{B02,B04,B06,B07,B10,B12}",10,38,0.8,"{""C"": 4, ""B"": 4, ""A"": 5}","{""C"": 5, ""B"": 5, ""A"": 7}",4,4
"{B01,B03,B05,B08,B10}|{B02,B04,B06,B07,B09,B11,B12}",10,38,0.8,"{""C"": 4, ""B"": 4, ""A"": 5}","{""C"": 5, ""B"": 5, ""A"": 7}",4,4
"{B01,B03,B05,B08,B11}|{B02,B04,B06,B07,B09,B10,B12}",10,38,0.8,"{""C"": 4, ""B"": 4, ""A"": 5}","{""C"": 5, ""B"": 5, ""A"": 7}",4,4
"{B01,B03,B05,B08}|{B02,B04,B06,B07,B09,B10,B11,B12}",10,38,0.8,"{""C"": 4, ""A"": 5, ""B"": 4}","{""C"": 5, ""A"": 7, ""B"": 5}",4,4
"{B01,B03,B05,B09,B10}|{B02,B04,B06,B07,B08,B11,B12}",10,38,0.8,"{""C"": 4, ""B"": 4, ""A"": 5}","{""C"": 5, ""B"": 5, ""A"": 7}",4,4
"{B01,B03,B05,B09,B11}|{B02,B04,B06,B07,B08,B10,B12}",10,38,0.8,"{""C"": 4, ""B"": 4, ""A"": 5}","{""C"": 5, ""B"": 5, ""A"": 7}",4,4
"{B01,B03,B05,B09}|{B02,B04,B06,B07,B08,B10,B11,B12}",10,38,0.8,"{""C"": 4, ""A"": 5, ""B"": 4}","{""C"": 5, ""A"": 7, ""B"": 5}",4,4
"{B01,B03,B07,B08,B09,B10,B12}|{B02,B04,B05,B06,B11}",10,38,0.8,"{""C"": 3, ""B"": 4, ""A"": 5}","{""C"": 5, ""B"": 5, ""A"": 8}",4,4
"{B01,B03,B07,B09,B10,B11,B12}|{B02,B04,B05,B06,B08}",10,38,0.8,"{""C"": 3, ""B"": 4, ""A"": 5}","{""C"": 5, ""B"": 5, ""A"": 8}",4,4
"{B01,B03,B07,B09}|{B02,B04,B05,B06,B08,B10,B11,B12}",10,38,0.8,"{""C"": 3, ""A"": 6, ""B"": 4}","{""C"": 5, ""A"": 7, ""B"": 5}",4,4
"{B01,B03,B07}|{B02,B04,B05,B06,B08,B09,B10,B11,B12}",10,38,0.8,"{""C"": 3, ""A"": 6, ""B"": 3}","{""C"": 5, ""A"": 7, ""B"": 6}",4,4
"{B01,B03,B08,B09}|{B02,B04,B05,B06,B07,B10,B11,B12}",10,38,0.8,"{""C"": 3, ""A"": 6, ""B"": 4}","{""C"": 5, ""A"": 7, ""B"": 5}",4,4
"{B01,B03,B08,B10}|{B02,B04,B05,B06,B07,B09,B11,B12}",10,38,0.8,"{""C"": 3, ""B"": 3, ""A"": 6}","{""C"": 5, ""B"": 6, ""A"": 7}",4,4
"{B01,B03,B08,B11}|{B02,B04,B05,B06,B07,B09,B10,B12}",10,38,0.8,"{""C"": 3, ""B"": 3, ""A"": 6}","{""C"": 5, ""B"": 6, ""A"": 7}",4,4
"{B01,B03,B09,B11}|{B02,B04,B05,B06,B07,B08,B10,B12}",10,38,0.8,"{""C"": 3, ""B"": 4, ""A"": 6}","{""C"": 5, ""B"": 5, ""A"": 7}",4,4
"{B01,B04,B05,B06,B07,B08}|{B02,B03,B09,B10,B11,B12}",10,38,0.8,"{""C"": 3, ""A"": 5, ""B"": 4}","{""C"": 5, ""A"": 7, ""B"": 6}",4,4
"{B01,B04,B05,B06,B07,B09}|{B02,B03,B08,B10,B11,B12}",10,38,0.8,"{""C"": 3, ""A"": 5, ""B"": 4}","{""C"": 5, ""A"": 7, ""B"": 6}",4,4
"{B01,B04,B05,B06,B07,B10,B11}|{B02,B03,B08,B09,B12}",10,38,0.8,"{""B"": 4, ""C"": 3, ""A"": 5}","{""B"": 6, ""C"": 5, ""A"": 7}",4,4
"{B01,B04,B05,B06,B07,B10}|{B02,B03,B08,B09,B11,B12}",10,38,0.8,"{""C"": 3, ""B"": 4, ""A"": 5}","{""C"": 5, ""B"": 6, ""A"": 7}",4,4
"{B01,B04,B05,B06,B07,B11}|{B02,B03,B08,B09,B10,B12}",10,38,0.8,"{""B"": 4, ""C"": 3, ""A"": 5}","{""B"": 6, ""C"": 5, ""A"": 7}",4,4
"{B01,B04,B05,B06,B07,B12}|{B02,B03,B08,B09,B10,B11}",10,38,0.8,"{""C"": 3, ""A"": 5, ""B"": 4}","{""C"": 5, ""A"": 6, ""B"": 7}",4,4
"{B01,B04,B05,B06,B08,B09,B10,B11}|{B02,B03,B07,B12}",10,38,0.8,"{""B"": 4, ""C"": 3, ""A"": 5}","{""B"": 6, ""C"": 5, ""A"": 7}",4,4
"{B01,B04,B05,B06,B08,B10,B11}|{B02,B03,B07,B09,B12}",10,38,0.8,"{""B"": 4, ""C"": 3, ""A"": 5}","{""B"": 6, ""C"": 5, ""A"": 7}",4,4
"{B01,B04,B05,B06,B09,B10,B11}|{B02,B03,B07,B08,B12}",10,38,0.8,"{""B"": 4, ""C"": 3, ""A"": 5}","{""B"": 6, ""C"": 5, ""A"": 7}",4,4
"{B01,B04,B05,B06,B10,B11}|{B02,B03,B07,B08,B09,B12}",10,38,0.8,"{""B"": 4, ""C"": 3, ""A"": 5}","{""B"": 6, ""C"": 5, ""A"": 7}",4,4
"{B01,B04,B05,B06,B10}|{B02,B03,B07,B08,B09,B11,B12}",10,38,0.8,"{""C"": 3, ""B"": 4, ""A"": 5}","{""C"": 5, ""B"": 6, ""A"": 7}",4,4
"{B01,B04,B05,B06,B11}|{B02,B03,B07,B08,B09,B10,B12}",10,38,0.8,"{""B"": 4, ""C"": 3, ""A"": 5}","{""B"": 6, ""C"": 5, ""A"": 7}",4,4
"{B01,B04,B05,B07,B08}|{B02,B03,B06,B09,B10,B11,B12}",10,38,0.8,"{""C"": 3, ""A"": 5, ""B"": 4}","{""C"": 5, ""A"": 7, ""B"": 6}",4,4
"{B01,B04,B05,B07,B09}|{B02,B03,B06,B08,B10,B11,B12}",10,38,0.8,"{""C"": 3, ""A"": 5, ""B"": 4}","{""C"": 5, ""A"": 7, ""B"": 6}",4,4
"{B01,B04,B05,B07,B10,B11}|{B02,B03,B06,B08,B09,B12}",10,38,0.8,"{""B"": 4, ""C"": 3, ""A"": 5}","{""B"": 6, ""C"": 5, ""A"": 7}",4,4
"{B01,B04,B05,B07,B10}|{B02,B03,B06,B08,B09,B11,B12}",10,38,0.8,"{""B"": 4, ""C"": 3, ""A"": 5}","{""B"": 6, ""C"": 5, ""A"": 7}",4,4
"{B01,B04,B05,B07,B11}|{B02,B03,B06,B08,B09,B10,B12}",10,38,0.8,"{""B"": 4, ""C"": 3, ""A"": 5}","{""B"": 6, ""C"": 5, ""A"": 7}",4,4
"{B01,B04,B05,B07,B12}|{B02,B03,B06,B08,B09,B10,B11}",10,38,0.8,"{""C"": 3, ""A"": 5, ""B"": 4}","{""C"": 5, ""A"": 6, ""B"": 7}",4,4
"{B01,B04,B05,B08,B09,B10,B11}|{B02,B03,B06,B07,B12}",10,38,0.8,"{""B"": 4, ""C"": 3, ""A"": 5}","{""B"": 6, ""C"": 5, ""A"": 7}",4,4
"{B01,B04,B05,B08,B10,B11}|{B02,B03,B06,B07,B09,B12}",10,38,0.8,"{""B"": 4, ""C"": 3, ""A"": 5}","{""B"": 6, ""C"": 5, ""A"": 7}",4,4
"{B01,B04,B05,B09,B10,B11}|{B02,B03,B06,B07,B08,B12}",10,38,0.8,"{""B"": 4, ""C"": 3, ""A"": 5}","{""B"": 6, ""C"": 5, ""A"": 7}",4,4
"{B01,B04,B05,B10,B11}|{B02,B03,B06,B07,B08,B09,B12}",10,38,0.8,"{""B"": 4, ""C"": 3, ""A"": 5}","{""B"": 6, ""C"": 5, ""A"": 7}",4,4
"{B01,B04,B06,B07,B08,B10}|{B02,B03,B05,B09,B11,B12}",10,38,0.8,"{""C"": 4, ""B"": 3, ""A"": 5}","{""C"": 6, ""B"": 5, ""A"": 7}",4,4
"{B01,B04,B06,B07,B08}|{B02,B03,B05,B09,B10,B11,B12}",10,38,0.8,"{""C"": 4, ""A"": 5, ""B"": 3}","{""C"": 6, ""A"": 7, ""B"": 5}",4,4
"{B01,B04,B06,B07,B09,B10}|{B02,B03,B05,B08,B11,B12}",10,38,0.8,"{""C"": 4, ""B"": 4, ""A"": 5}","{""C"": 6, ""B"": 4, ""A"": 7}",4,4
"{B01,B04,B06,B07,B10}|{B02,B03,B05,B08,B09,B11,B12}",10,38,0.8,"{""C"": 4, ""B"": 3, ""A"": 5}","{""C"": 6, ""B"": 5, ""A"": 7}",4,4
"{B01,B04,B06,B07,B11}|{B02,B03,B05,B08,B09,B10,B12}",10,38,0.8,"{""B"": 3, ""C"": 4, ""A"": 5}","{""B"": 5, ""C"": 6, ""A"": 7}",4,4
"{B01,B04,B06,B08}|{B02,B03,B05,B07,B09,B10,B11,B12}",10,38,0.8,"{""C"": 4, ""A"": 5, ""B"": 3}","{""C"": 6, ""A"": 7, ""B"": 5}",4,4
"{B01,B04,B06,B09,B10}|{B02,B03,B05,B07,B08,B11,B12}",10,38,0.8,"{""C"": 4, ""B"": 3, ""A"": 5}","{""C"": 6, ""B"": 5, ""A"": 7}",4,4
"{B01,B04,B06,B10}|{B02,B03,B05,B07,B08,B09,B11,B12}",10,38,0.8,"{""C"": 4, ""B"": 3, ""A"": 5}","{""C"": 6, ""B"": 5, ""A"": 7}",4,4
"{B01,B04,B06,B11}|{B02,B03,B05,B07,B08,B09,B10,B12}",10,38,0.8,"{""B"": 3, ""C"": 4, ""A"": 5}","{""B"": 5, ""C"": 6, ""A"": 7}",4,4
"{B01,B04,B06}|{B02,B03,B05,B07,B08,B09,B10,B11,B12}",10,38,0.8,"{""C"": 4, ""A"": 5, ""B"": 3}","{""C"": 6, ""A"": 7, ""B"": 5}",4,4
"{B01,B04,B07,B08,B09,B11}|{B02,B03,B05,B06,B10,B12}",10,38,0.8,"{""B"": 4, ""C"": 3, ""A"": 5}","{""B"": 6, ""C"": 5, ""A"": 7}",4,4
"{B01,B04,B07,B08,B10,B11}|{B02,B03,B05,B06,B09,B12}",10,38,0.8,"{""B"": 4, ""C"": 3, ""A"": 5}","{""B"": 6, ""C"": 5, ""A"": 7}",4,4
"{B01,B04,B07,B08,B12}|{B02,B03,B05,B06,B09,B10,B11}",10,38,0.8,"{""C"": 3, ""A"": 6, ""B"": 3}","{""C"": 5, ""A"": 8, ""B"": 5}",4,4
"{B01,B04,B07,B10,B12}|{B02,B03,B05,B06,B08,B09,B11}",10,38,0.8,"{""B"": 3, ""C"": 3, ""A"": 6}","{""B"": 5, ""C"": 5, ""A"": 8}",4,4
"{B01,B04,B07,B11,B12}|{B02,B03,B05,B06,B08,B09,B10}",10,38,0.8,"{""B"": 3, ""C"": 3, ""A"": 6}","{""B"": 5, ""C"": 5, ""A"": 8}",4,4
"{B01,B04,B08,B09,B10}|{B02,B03,B05,B06,B07,B11,B12}",10,38,0.8,"{""B"": 4, ""C"": 3, ""A"": 5}","{""B"": 6, ""C"": 5, ""A"": 7}",4,4
"{B01,B04,B08,B09,B11}|{B02,B03,B05,B06,B07,B10,B12}",10,38,0.8,"{""B"": 4, ""C"": 3, ""A"": 5}","{""B"": 6, ""C"": 5, ""A"": 7}",4,4
"{B01,B04,B08,B12}|{B02,B03,B05,B06,B07,B09,B10,B11}",10,38,0.8,"{""C"": 3, ""A"": 6, ""B"": 3}","{""C"": 5, ""A"": 8, ""B"": 5}",4,4
"{B01,B04,B09,B10,B11}|{B02,B03,B05,B06,B07,B08,B12}",10,38,0.8,"{""B"": 4, ""C"": 3, ""A"": 5}","{""B"": 6, ""C"": 5, ""A"": 7}",4,4
"{B01,B04,B09,B10,B12}|{B02,B03,B05,B06,B07,B08,B11}",10,38,0.8,"{""B"": 3, ""C"": 3, ""A"": 6}","{""B"": 5, ""C"": 5, ""A"": 8}",4,4
"{B01,B04,B10,B11}|{B02,B03,B05,B06,B07,B08,B09,B12}",10,38,0.8,"{""B"": 4, ""C"": 3, ""A"": 5}","{""B"": 6, ""C"": 5, ""A"": 7}",4,4
"{B01,B04,B10,B12}|{B02,B03,B05,B06,B07,B08,B09,B11}",10,38,0.8,"{""B"": 3, ""C"": 3, ""A"": 6}","{""B"": 5, ""C"": 5, ""A"": 8}",4,4
"{B01,B04,B11,B12}|{B02,B03,B05,B06,B07,B08,B09,B10}",10,38,0.8,"{""B"": 3, ""C"": 3, ""A"": 6}","{""B"": 5, ""C"": 5, ""A"": 8}",4,4
"{B01,B04,B12}|{B02,B03,B05,B06,B07,B08,B09,B10,B11}",10,38,0.8,"{""C"": 3, ""A"": 6, ""B"": 3}","{""C"": 5, ""A"": 8, ""B"": 5}",4,4
"{B01,B05,B06,B07,B08,B09}|{B02,B03,B04,B10,B11,B12}",10,38,0.8,"{""C"": 4, ""A"": 5, ""B"": 4}","{""C"": 5, ""A"": 7, ""B"": 5}",4,4
"{B01,B05,B06,B07,B08,B12}|{B02,B03,B04,B09,B10,B11}",10,38,0.8,"{""C"": 4, ""A"": 5, ""B"": 4}","{""C"": 5, ""A"": 6, ""B"": 6}",4,4
"{B01,B05,B06,B07,B09,B12}|{B02,B03,B04,B08,B10,B11}",10,38,0.8,"{""C"": 4, ""A"": 5, ""B"": 4}","{""C"": 5, ""A"": 6, ""B"": 6}",4,4
"{B01,B05,B06,B07,B10,B11,B12}|{B02,B03,B04,B08,B09}",10,38,0.8,"{""B"": 4, ""C"": 4, ""A"": 5}","{""B"": 6, ""C"": 5, ""A"": 6}",4,4
"{B01,B05,B06,B07,B10,B12}|{B02,B03,B04,B08,B09,B11}",10,38,0.8,"{""C"": 4, ""B"": 4, ""A"": 5}","{""C"": 5, ""B"": 6, ""A"": 6}",4,4
"{B01,B05,B06,B07,B11,B12}|{B02,B03,B04,B08,B09,B10}",10,38,0.8,"{""B"": 4, ""C"": 4, ""A"": 5}","{""B"": 6, ""C"": 5, ""A"": 6}",4,4
"{B01,B05,B06,B08,B09,B10,B11,B12}|{B02,B03,B04,B07}",10,38,0.8,"{""B"": 4, ""C"": 4, ""A"": 5}","{""B"": 6, ""C"": 5, ""A"": 6}",4,4
"{B01,B05,B06,B08,B09,B11}|{B02,B03,B04,B07,B10,B12}",10,38,0.8,"{""B"": 4, ""C"": 4, ""A"": 5}","{""B"": 5, ""C"": 5, ""A"": 7}",4,4
"{B01,B05,B06,B08,B10,B11,B12}|{B02,B03,B04,B07,B09}",10,38,0.8,"{""B"": 4, ""C"": 4, ""A"": 5}","{""B"": 6, ""C"": 5, ""A"": 6}",4,4
"{B01,B05,B06,B09,B10,B11,B12}|{B02,B03,B04,B07,B08}",10,38,0.8,"{""B"": 4, ""C"": 4, ""A"": 5}","{""B"": 6, ""C"": 5, ""A"": 6}",4,4
"{B01,B05,B06,B10,B11,B12}|{B02,B03,B04,B07,B08,B09}",10,38,0.8,"{""B"": 4, ""C"": 4, ""A"": 5}","{""B"": 6, ""C"": 5, ""A"": 6}",4,4
"{B01,B06,B07,B08,B10}|{B02,B03,B04,B05,B09,B11,B12}",10,38,0.8,"{""C"": 4, ""B"": 3, ""A"": 5}","{""C"": 6, ""B"": 5, ""A"": 7}",4,4
"{B01,B06,B07,B08}|{B02,B03,B04,B05,B09,B10,B11,B12}",10,38,0.8,"{""C"": 4, ""A"": 5, ""B"": 3}","{""C"": 6, ""A"": 7, ""B"": 5}",4,4
"{B01,B06,B07,B09,B10}|{B02,B03,B04,B05,B08,B11,B12}",10,38,0.8,"{""C"": 4, ""B"": 4, ""A"": 5}","{""C"": 6, ""B"": 4, ""A"": 7}",4,4
"{B01,B06,B07,B10}|{B02,B03,B04,B05,B08,B09,B11,B12}",10,38,0.8,"{""C"": 4, ""B"": 3, ""A"": 5}","{""C"": 6, ""B"": 5, ""A"": 7}",4,4
"{B01,B06,B07,B11}|{B02,B03,B04,B05,B08,B09,B10,B12}",10,38,0.8,"{""B"": 3, ""C"": 4, ""A"": 5}","{""B"": 5, ""C"": 6, ""A"": 7}",4,4
"{B01,B06,B08}|{B02,B03,B04,B05,B07,B09,B10,B11,B12}",10,38,0.8,"{""C"": 4, ""A"": 5, ""B"": 3}","{""C"": 6, ""A"": 7, ""B"": 5}",4,4
"{B01,B06,B09,B10}|{B02,B03,B04,B05,B07,B08,B11,B12}",10,38,0.8,"{""C"": 4, ""B"": 3, ""A"": 5}","{""C"": 6, ""B"": 5, ""A"": 7}",4,4
"{B01,B06,B10}|{B02,B03,B04,B05,B07,B08,B09,B11,B12}",10,38,0.8,"{""C"": 4, ""B"": 3, ""A"": 5}","{""C"": 6, ""B"": 5, ""A"": 7}",4,4
"{B01,B06,B11}|{B02,B03,B04,B05,B07,B08,B09,B10,B12}",10,38,0.8,"{""B"": 3, ""C"": 4, ""A"": 5}","{""B"": 5, ""C"": 6, ""A"": 7}",4,4
"{B01,B06}|{B02,B03,B04,B05,B07,B08,B09,B10,B11,B12}",10,38,0.8,"{""C"": 4, ""A"": 5, ""B"": 3}","{""C"": 6, ""A"": 7, ""B"": 5}",4,4
"{B01,B07,B08,B09,B10,B11}|{B02,B03,B04,B05,B06,B12}",10,38,0.8,"{""B"": 4, ""C"": 3, ""A"": 5}","{""B"": 6, ""C"": 5, ""A"": 7}",4,4
"{B01,B07,B08,B09,B11}|{B02,B03,B04,B05,B06,B10,B12}",10,38,0.8,"{""B"": 4, ""C"": 3, ""A"": 5}","{""B"": 6, ""C"": 5, ""A"": 7}",4,4
"{B01,B07,B08,B10,B11}|{B02,B03,B04,B05,B06,B09,B12}",10,38,0.8,"{""B"": 4, ""C"": 3, ""A"": 5}","{""B"": 6, ""C"": 5, ""A"": 7}",4,4
"{B01,B07,B08,B10,B12}|{B02,B03,B04,B05,B06,B09,B11}",10,38,0.8,"{""B"": 3, ""C"": 3, ""A"": 6}","{""B"": 5, ""C"": 5, ""A"": 8}",4,4
"{B01,B07,B08,B12}|{B02,B03,B04,B05,B06,B09,B10,B11}",10,38,0.8,"{""C"": 3, ""A"": 6, ""B"": 3}","{""C"": 5, ""A"": 8, ""B"": 5}",4,4
"{B01,B07,B09,B10,B12}|{B02,B03,B04,B05,B06,B08,B11}",10,38,0.8,"{""B"": 4, ""C"": 3, ""A"": 6}","{""B"": 4, ""C"": 5, ""A"": 8}",4,4
"{B01,B07,B10,B12}|{B02,B03,B04,B05,B06,B08,B09,B11}",10,38,0.8,"{""B"": 3, ""C"": 3, ""A"": 6}","{""B"": 5, ""C"": 5, ""A"": 8}",4,4
"{B01,B07,B11,B12}|{B02,B03,B04,B05,B06,B08,B09,B10}",10,38,0.8,"{""B"": 3, ""C"": 3, ""A"": 6}","{""B"": 5, ""C"": 5, ""A"": 8}",4,4
"{B01,B08,B12}|{B02,B03,B04,B05,B06,B07,B09,B10,B11}",10,38,0.8,"{""C"": 3, ""A"": 6, ""B"": 3}","{""C"": 5, ""A"": 8, ""B"": 5}",4,4
"{B01,B09,B10,B12}|{B02,B03,B04,B05,B06,B07,B08,B11}",10,38,0.8,"{""B"": 3, ""C"": 3, ""A"": 6}","{""B"": 5, ""C"": 5, ""A"": 8}",4,4
"{B01,B10,B12}|{B02,B03,B04,B05,B06,B07,B08,B09,B11}",10,38,0.8,"{""B"": 3, ""C"": 3, ""A"": 6}","{""B"": 5, ""C"": 5, ""A"": 8}",4,4
"{B01,B11,B12}|{B02,B03,B04,B05,B06,B07,B08,B09,B10}",10,38,0.8,"{""B"": 3, ""C"": 3, ""A"": 6}","{""B"": 5, ""C"": 5, ""A"": 8}",4,4
"{B01,B12}|{B02,B03,B04,B05,B06,B07,B08,B09,B10,B11}",10,38,0.8,"{""C"": 3, ""A"": 6, ""B"": 3}","{""C"": 5, ""A"": 8, ""B"": 5}",4,4
"{B01,B02,B04,B06,B07,B08,B09,B10,B11,B12}|{B03,B05}",11,38,1.0,"{""B"": 3, ""C"": 4, ""A"": 6}","{""B"": 5, ""C"": 6, ""A"": 8}",3,3
"{B01,B02,B06,B07,B08,B09,B10,B11,B12}|{B03,B04,B05}",11,38,1.0,"{""B"": 3, ""C"": 4, ""A"": 6}","{""B"": 5, ""C"": 6, ""A"": 8}",3,3
"{B01,B02,B04,B06,B07,B08,B10}|{B03,B05,B09,B11,B12}",11,39,0.0,"{""C"": 4, ""B"": 4, ""A"": 5}","{""C"": 6, ""B"": 5, ""A"": 7}",4,4
"{B01,B02,B04,B08,B10,B12}|{B03,B05,B06,B07,B09,B11}",11,39,0.0,"{""B"": 3, ""C"": 4, ""A"": 6}","{""B"": 5, ""C"": 5, ""A"": 8}",4,4
"{B01,B02,B04,B08,B11,B12}|{B03,B05,B06,B07,B09,B10}",11,39,0.0,"{""B"": 3, ""C"": 4, ""A"": 6}","{""B"": 5, ""C"": 5, ""A"": 8}",4,4
"{B01,B02,B05}|{B03,B04,B06,B07,B08,B09,B10,B11,B12}",11,39,0.0,"{""C"": 4, ""A"": 5, ""B"": 4}","{""C"": 4, ""A"": 7, ""B"": 7}",4,4
"{B01,B02,B06,B08,B09,B10,B11}|{B03,B04,B05,B07,B12}",11,39,0.0,"{""B"": 3, ""C"": 4, ""A"": 5}","{""B"": 6, ""C"": 6, ""A"": 7}",4,4
"{B01,B03,B06,B07,B08,B10}|{B02,B04,B05,B09,B11,B12}",11,39,0.0,"{""C"": 4, ""B"": 3, ""A"": 6}","{""C"": 6, ""B"": 5, ""A"": 7}",4,4
"{B01,B03,B07,B08,B09,B11}|{B02,B04,B05,B06,B10,B12}",11,39,0.0,"{""C"": 3, ""B"": 4, ""A"": 6}","{""C"": 5, ""B"": 6, ""A"": 7}",4,4
"{B01,B03,B07,B08,B10,B11}|{B02,B04,B05,B06,B09,B12}",11,39,0.0,"{""C"": 3, ""B"": 4, ""A"": 6}","{""C"": 5, ""B"": 6, ""A"": 7}",4,4
"{B01,B04,B05,B07}|{B02,B03,B06,B08,B09,B10,B11,B12}",11,39,0.0,"{""C"": 3, ""A"": 5, ""B"": 4}","{""C"": 5, ""A"": 7, ""B"": 7}",4,4
"{B01,B05,B06,B10}|{B02,B03,B04,B07,B08,B09,B11,B12}",11,39,0.0,"{""C"": 4, ""B"": 4, ""A"": 5}","{""C"": 5, ""B"": 6, ""A"": 7}",4,4
"{B01,B05,B06,B11}|{B02,B03,B04,B07,B08,B09,B10,B12}",11,39,0.0,"{""B"": 4, ""C"": 4, ""A"": 5}","{""B"": 6, ""C"": 5, ""A"": 7}",4,4
"{B01,B02,B03,B06}|{B04,B05,B07,B08,B09,B10,B11,B12}",11,39,0.2,"{""C"": 3, ""A"": 6, ""B"": 3}","{""C"": 6, ""A"": 7, ""B"": 6}",4,4
"{B01,B02,B04,B06,B08,B09}|{B03,B05,B07,B10,B11,B12}",11,39,0.2,"{""C"": 4, ""A"": 5, ""B"": 4}","{""C"": 6, ""A"": 7, ""B"": 5}",4,4
"{B01,B02,B04,B06,B10,B11}|{B03,B05,B07,B08,B09,B12}",11,39,0.2,"{""B"": 4, ""C"": 4, ""A"": 5}","{""B"": 5, ""C"": 6, ""A"": 7}",4,4
"{B01,B02,B04,B07,B08,B09}|{B03,B05,B06,B10,B11,B12}",11,39,0.2,"{""C"": 4, ""A"": 5, ""B"": 4}","{""C"": 5, ""A"": 7, ""B"": 6}",4,4
"{B01,B02,B04,B08,B10,B11}|{B03,B05,B06,B07,B09,B12}",11,39,0.2,"{""B"": 4, ""C"": 4, ""A"": 5}","{""B"": 6, ""C"": 5, ""A"": 7}",4,4
"{B01,B02,B06,B09,B10,B12}|{B03,B04,B05,B07,B08,B11}",11,39,0.2,"{""C"": 4, ""B"": 2, ""A"": 6}","{""C"": 6, ""B"": 5, ""A"": 8}",4,4
"{B01,B02,B06,B09,B11,B12}|{B03,B04,B05,B07,B08,B10}",11,39,0.2,"{""B"": 3, ""C"": 4, ""A"": 6}","{""B"": 4, ""C"": 6, ""A"": 8}",4,4
"{B01,B03,B04,B10,B11}|{B02,B05,B06,B07,B08,B09,B12}",11,39,0.2,"{""C"": 3, ""B"": 4, ""A"": 6}","{""C"": 5, ""B"": 6, ""A"": 7}",4,4
"{B01,B03,B06,B07,B08}|{B02,B04,B05,B09,B10,B11,B12}",11,39,0.2,"{""C"": 4, ""A"": 6, ""B"": 3}","{""C"": 6, ""A"": 7, ""B"": 5}",4,4
"{B01,B03,B06,B07,B10}|{B02,B04,B05,B08,B09,B11,B12}",11,39,0.2,"{""C"": 4, ""B"": 3, ""A"": 6}","{""C"": 6, ""B"": 5, ""A"": 7}",4,4
"{B01,B03,B06,B07,B11}|{B02,B04,B05,B08,B09,B10,B12}",11,39,0.2,"{""C"": 4, ""B"": 3, ""A"": 6}","{""C"": 6, ""B"": 5, ""A"": 7}",4,4
"{B01,B03,B06,B09,B10}|{B02,B04,B05,B07,B08,B11,B12}",11,39,0.2,"{""C"": 4, ""B"": 3, ""A"": 6}","{""C"": 6, ""B"": 5, ""A"": 7}",4,4
"{B01,B03,B08,B09,B10}|{B02,B04,B05,B06,B07,B11,B12}",11,39,0.2,"{""C"": 3, ""B"": 4, ""A"": 6}","{""C"": 5, ""B"": 6, ""A"": 7}",4,4
"{B01,B03,B08,B09,B11}|{B02,B04,B05,B06,B07,B10,B12}",11,39,0.2,"{""C"": 3, ""B"": 4, ""A"": 6}","{""C"": 5, ""B"": 6, ""A"": 7}",4,4
"{B01,B03,B09,B10,B11}|{B02,B04,B05,B06,B07,B08,B12}",11,39,0.2,"{""C"": 3, ""B"": 4, ""A"": 6}","{""C"": 5, ""B"": 6, ""A"": 7}",4,4
"{B01,B04,B06,B07,B08,B09,B10}|{B02,B03,B05,B11,B12}",11,39,0.2,"{""C"": 4, ""B"": 4, ""A"": 5}","{""C"": 6, ""B"": 5, ""A"": 7}",4,4
"{B01,B04,B06,B07,B09,B10,B11}|{B02,B03,B05,B08,B12}",11,39,0.2,"{""B"": 4, ""C"": 4, ""A"": 5}","{""B"": 5, ""C"": 6, ""A"": 7}",4,4
"{B01,B05,B06,B07,B08}|{B02,B03,B04,B09,B10,B11,B12}",11,39,0.2,"{""C"": 4, ""A"": 5, ""B"": 4}","{""C"": 5, ""A"": 7, ""B"": 6}",4,4
"{B01,B05,B06,B07,B09}|{B02,B03,B04,B08,B10,B11,B12}",11,39,0.2,"{""C"": 4, ""A"": 5, ""B"": 4}","{""C"": 5, ""A"": 7, ""B"": 6}",4,4
"{B01,B05,B06,B07,B10}|{B02,B03,B04,B08,B09,B11,B12}",11,39,0.2,"{""C"": 4, ""B"": 4, ""A"": 5}","{""C"": 5, ""B"": 6, ""A"": 7}",4,4
"{B01,B05,B06,B07,B11}|{B02,B03,B04,B08,B09,B10,B12}",11,39,0.2,"{""B"": 4, ""C"": 4, ""A"": 5}","{""B"": 6, ""C"": 5, ""A"": 7}",4,4
"{B01,B05,B06,B10,B11}|{B02,B03,B04,B07,B08,B09,B12}",11,39,0.2,"{""B"": 4, ""C"": 4, ""A"": 5}","{""B"": 6, ""C"": 5, ""A"": 7}",4,4
"{B01,B02,B06,B07,B08,B10}|{B03,B04,B05,B09,B11,B12}",11,39,0.4,"{""C"": 4, ""B"": 4, ""A"": 5}","{""C"": 6, ""B"": 5, ""A"": 7}",4,4
"{B01,B02,B06,B07,B10,B11}|{B03,B04,B05,B08,B09,B12}",11,39,0.4,"{""B"": 4, ""C"": 4, ""A"": 5}","{""B"": 5, ""C"": 6, ""A"": 7}",4,4
"{B01,B03,B06,B12}|{B02,B04,B05,B07,B08,B09,B10,B11}",11,39,0.4,"{""C"": 4, ""A"": 5, ""B"": 3}","{""C"": 6, ""A"": 8, ""B"": 5}",4,4
"{B01,B02,B03,B07,B08}|{B04,B05,B06,B09,B10,B11,B12}",11,39,0.4,"{""C"": 3, ""A"": 6, ""B"": 4}","{""C"": 5, ""A"": 7, ""B"": 6}",4,4
"{B01,B02,B04,B06,B07,B10,B11}|{B03,B05,B08,B09,B12}",11,39,0.4,"{""B"": 4, ""C"": 4, ""A"": 5}","{""B"": 5, ""C"": 6, ""A"": 7}",4,4
"{B01,B02,B07,B08,B09,B10,B12}|{B03,B04,B05,B06,B11}",11,39,0.4,"{""B"": 3, ""C"": 4, ""A"": 6}","{""B"": 5, ""C"": 5, ""A"": 8}",4,4
"{B01,B02,B07,B08,B09,B11,B12}|{B03,B04,B05,B06,B10}",11,39,0.4,"{""B"": 3, ""C"": 4, ""A"": 6}","{""B"": 5, ""C"": 5, ""A"": 8}",4,4
"{B01,B02,B07,B08,B10,B11,B12}|{B03,B04,B05,B06,B09}",11,39,0.4,"{""B"": 3, ""C"": 4, ""A"": 6}","{""B"": 5, ""C"": 5, ""A"": 8}",4,4
"{B01,B02,B07,B08,B11,B12}|{B03,B04,B05,B06,B09,B10}",11,39,0.4,"{""B"": 3, ""C"": 4, ""A"": 6}","{""B"": 5, ""C"": 5, ""A"": 8}",4,4
"{B01,B02,B07,B09,B10,B12}|{B03,B04,B05,B06,B08,B11}",11,39,0.4,"{""B"": 3, ""C"": 4, ""A"": 6}","{""B"": 5, ""C"": 5, ""A"": 8}",4,4
"{B01,B02,B07,B09,B11,B12}|{B03,B04,B05,B06,B08,B10}",11,39,0.4,"{""B"": 3, ""C"": 4, ""A"": 6}","{""B"": 5, ""C"": 5, ""A"": 8}",4,4
"{B01,B02,B08,B09,B10,B12}|{B03,B04,B05,B06,B07,B11}",11,39,0.4,"{""B"": 3, ""C"": 4, ""A"": 6}","{""B"": 5, ""C"": 5, ""A"": 8}",4,4
"{B01,B02,B08,B09,B11,B12}|{B03,B04,B05,B06,B07,B10}",11,39,0.4,"{""B"": 3, ""C"": 4, ""A"": 6}","{""B"": 5, ""C"": 5, ""A"": 8}",4,4
"{B01,B02,B09,B10,B11,B12}|{B03,B04,B05,B06,B07,B08}",11,39,0.4,"{""B"": 3, ""C"": 4, ""A"": 6}","{""B"": 5, ""C"": 5, ""A"": 8}",4,4
"{B01,B03,B04,B08,B09,B10}|{B02,B05,B06,B07,B11,B12}",11,39,0.4,"{""C"": 3, ""B"": 4, ""A"": 6}","{""C"": 5, ""B"": 6, ""A"": 7}",4,4
"{B01,B03,B06,B07,B08,B12}|{B02,B04,B05,B09,B10,B11}",11,39,0.4,"{""C"": 4, ""A"": 5, ""B"": 3}","{""C"": 6, ""A"": 8, ""B"": 5}",4,4
"{B01,B03,B06,B07,B09,B10}|{B02,B04,B05,B08,B11,B12}",11,39,0.4,"{""C"": 4, ""B"": 4, ""A"": 6}","{""C"": 6, ""B"": 4, ""A"": 7}",4,4
"{B01,B03,B06,B08,B12}|{B02,B04,B05,B07,B09,B10,B11}",11,39,0.4,"{""C"": 4, ""A"": 5, ""B"": 3}","{""C"": 6, ""A"": 8, ""B"": 5}",4,4
"{B01,B03,B06,B10,B12}|{B02,B04,B05,B07,B08,B09,B11}",11,39,0.4,"{""C"": 4, ""B"": 3, ""A"": 5}","{""C"": 6, ""B"": 5, ""A"": 8}",4,4
"{B01,B03,B06,B11,B12}|{B02,B04,B05,B07,B08,B09,B10}",11,39,0.4,"{""C"": 4, ""B"": 3, ""A"": 5}","{""C"": 6, ""B"": 5, ""A"": 8}",4,4
"{B01,B03,B07,B08,B09,B10,B11}|{B02,B04,B05,B06,B12}",11,39,0.4,"{""C"": 3, ""B"": 4, ""A"": 6}","{""C"": 5, ""B"": 6, ""A"": 7}",4,4
"{B01,B03,B07,B08,B10,B11,B12}|{B02,B04,B05,B06,B09}",11,39,0.4,"{""C"": 3, ""B"": 4, ""A"": 5}","{""C"": 5, ""B"": 6, ""A"": 8}",4,4
"{B01,B03,B08,B09,B10,B12}|{B02,B04,B05,B06,B07,B11}",11,39,0.4,"{""C"": 3, ""B"": 4, ""A"": 5}","{""C"": 5, ""B"": 6, ""A"": 8}",4,4
"{B01,B03,B08,B09,B11,B12}|{B02,B04,B05,B06,B07,B10}",11,39,0.4,"{""C"": 3, ""B"": 4, ""A"": 5}","{""C"": 5, ""B"": 6, ""A"": 8}",4,4
"{B01,B03,B09,B10,B11,B12}|{B02,B04,B05,B06,B07,B08}",11,39,0.4,"{""C"": 3, ""B"": 4, ""A"": 5}","{""C"": 5, ""B"": 6, ""A"": 8}",4,4
"{B01,B03,B10,B11,B12}|{B02,B04,B05,B06,B07,B08,B09}",11,39,0.4,"{""C"": 3, ""B"": 4, ""A"": 5}","{""C"": 5, ""B"": 6, ""A"": 8}",4,4
"{B01,B04,B07,B08,B09,B10,B12}|{B02,B03,B05,B06,B11}",11,39,0.4,"{""B"": 4, ""C"": 3, ""A"": 6}","{""B"": 5, ""C"": 5, ""A"": 8}",4,4
"{B01,B04,B07,B09,B10,B11,B12}|{B02,B03,B05,B06,B08}",11,39,0.4,"{""B"": 4, ""C"": 3, ""A"": 6}","{""B"": 5, ""C"": 5, ""A"": 8}",4,4
"{B01,B05,B06,B08,B10,B11}|{B02,B03,B04,B07,B09,B12}",11,39,0.4,"{""B"": 4, ""C"": 4, ""A"": 5}","{""B"": 6, ""C"": 5, ""A"": 7}",4,4
"{B01,B02,B04,B06,B10}|{B03,B05,B07,B08,B09,B11,B12}",11,39,0.6,"{""C"": 4, ""B"": 3, ""A"": 5}","{""C"": 6, ""B"": 6, ""A"": 7}",4,4
"{B01,B02,B04,B08,B12}|{B03,B05,B06,B07,B09,B10,B11}",11,39,0.6,"{""C"": 4, ""A"": 6, ""B"": 3}","{""C"": 5, ""A"": 8, ""B"": 5}",4,4
"{B01,B02,B04,B09,B12}|{B03,B05,B06,B07,B08,B10,B11}",11,39,0.6,"{""C"": 4, ""A"": 6, ""B"": 3}","{""C"": 5, ""A"": 8, ""B"": 5}",4,4
"{B01,B02,B04,B11,B12}|{B03,B05,B06,B07,B08,B09,B10}",11,39,0.6,"{""B"": 3, ""C"": 4, ""A"": 6}","{""B"": 5, ""C"": 5, ""A"": 8}",4,4
"{B01,B02,B05,B10}|{B03,B04,B06,B07,B08,B09,B11,B12}",11,39,0.6,"{""B"": 4, ""C"": 4, ""A"": 5}","{""B"": 7, ""C"": 4, ""A"": 7}",4,4
"{B01,B02,B08,B10,B12}|{B03,B04,B05,B06,B07,B09,B11}",11,39,0.6,"{""B"": 3, ""C"": 4, ""A"": 6}","{""B"": 5, ""C"": 5, ""A"": 8}",4,4
"{B01,B02,B08,B11,B12}|{B03,B04,B05,B06,B07,B09,B10}",11,39,0.6,"{""B"": 3, ""C"": 4, ""A"": 6}","{""B"": 5, ""C"": 5, ""A"": 8}",4,4
"{B01,B03,B06,B08}|{B02,B04,B05,B07,B09,B10,B11,B12}",11,39,0.6,"{""C"": 4, ""A"": 6, ""B"": 3}","{""C"": 6, ""A"": 7, ""B"": 5}",4,4
"{B01,B03,B06,B10}|{B02,B04,B05,B07,B08,B09,B11,B12}",11,39,0.6,"{""C"": 4, ""B"": 3, ""A"": 6}","{""C"": 6, ""B"": 5, ""A"": 7}",4,4
"{B01,B03,B06,B11}|{B02,B04,B05,B07,B08,B09,B10,B12}",11,39,0.6,"{""C"": 4, ""B"": 3, ""A"": 6}","{""C"": 6, ""B"": 5, ""A"": 7}",4,4
"{B01,B04,B07,B08,B09,B12}|{B02,B03,B05,B06,B10,B11}",11,39,0.6,"{""C"": 3, ""A"": 6, ""B"": 4}","{""C"": 5, ""A"": 8, ""B"": 5}",4,4
"{B01,B04,B07,B08,B11,B12}|{B02,B03,B05,B06,B09,B10}",11,39,0.6,"{""B"": 3, ""C"": 3, ""A"": 6}","{""B"": 6, ""C"": 5, ""A"": 8}",4,4
"{B01,B04,B07,B09,B11,B12}|{B02,B03,B05,B06,B08,B10}",11,39,0.6,"{""B"": 4, ""C"": 3, ""A"": 6}","{""B"": 5, ""C"": 5, ""A"": 8}",4,4
"{B01,B04,B07,B10,B11,B12}|{B02,B03,B05,B06,B08,B09}",11,39,0.6,"{""B"": 4, ""C"": 3, ""A"": 6}","{""B"": 5, ""C"": 5, ""A"": 8}",4,4
"{B01,B05,B06,B07,B12}|{B02,B03,B04,B08,B09,B10,B11}",11,39,0.6,"{""C"": 4, ""A"": 5, ""B"": 4}","{""C"": 5, ""A"": 6, ""B"": 7}",4,4
"{B01,B05,B06}|{B02,B03,B04,B07,B08,B09,B10,B11,B12}",11,39,0.6,"{""C"": 4, ""A"": 5, ""B"": 4}","{""C"": 5, ""A"": 7, ""B"": 6}",4,4
"{B01,B07,B08,B09,B10,B12}|{B02,B03,B04,B05,B06,B11}",11,39,0.6,"{""B"": 4, ""C"": 3, ""A"": 6}","{""B"": 5, ""C"": 5, ""A"": 8}",4,4
"{B01,B07,B09,B10,B11,B12}|{B02,B03,B04,B05,B06,B08}",11,39,0.6,"{""B"": 4, ""C"": 3, ""A"": 6}","{""B"": 5, ""C"": 5, ""A"": 8}",4,4
"{B01,B02,B03,B04,B05,B07,B08}|{B06,B09,B10,B11,B12}",11,39,0.8,"{""C"": 3, ""A"": 5, ""B"": 4}","{""C"": 5, ""A"": 7, ""B"": 7}",4,4
"{B01,B02,B03,B04,B05,B07,B09}|{B06,B08,B10,B11,B12}",11,39,0.8,"{""C"": 3, ""A"": 5, ""B"": 4}","{""C"": 5, ""A"": 7, ""B"": 7}",4,4
"{B01,B02,B03,B04,B05,B07,B10}|{B06,B08,B09,B11,B12}",11,39,0.8,"{""C"": 3, ""B"": 4, ""A"": 5}","{""C"": 5, ""B"": 7, ""A"": 7}",4,4
"{B01,B02,B03,B04,B05,B07,B11}|{B06,B08,B09,B10,B12}",11,39,0.8,"{""C"": 3, ""B"": 4, ""A"": 5}","{""C"": 5, ""B"": 7, ""A"": 7}",4,4
"{B01,B02,B03,B04,B05,B10}|{B06,B07,B08,B09,B11,B12}",11,39,0.8,"{""C"": 3, ""B"": 4, ""A"": 5}","{""C"": 5, ""B"": 7, ""A"": 7}",4,4
"{B01,B02,B03,B04,B05}|{B06,B07,B08,B09,B10,B11,B12}",11,39,0.8,"{""C"": 3, ""A"": 5, ""B"": 4}","{""C"": 5, ""A"": 7, ""B"": 7}",4,4
"{B01,B02,B03,B04,B06,B07,B08,B09,B12}|{B05,B10,B11}",11,39,0.8,"{""C"": 3, ""A"": 5, ""B"": 4}","{""C"": 5, ""A"": 8, ""B"": 6}",4,4
"{B01,B02,B03,B04,B06,B07,B08,B09}|{B05,B10,B11,B12}",11,39,0.8,"{""C"": 3, ""A"": 6, ""B"": 4}","{""C"": 5, ""A"": 7, ""B"": 6}",4,4
"{B01,B02,B03,B04,B06,B07,B08,B12}|{B05,B09,B10,B11}",11,39,0.8,"{""C"": 3, ""A"": 5, ""B"": 4}","{""C"": 5, ""A"": 8, ""B"": 6}",4,4
"{B01,B02,B03,B04,B06,B07,B08}|{B05,B09,B10,B11,B12}",11,39,0.8,"{""C"": 3, ""A"": 6, ""B"": 4}","{""C"": 5, ""A"": 7, ""B"": 6}",4,4
"{B01,B02,B03,B04,B06,B07,B09,B12}|{B05,B08,B10,B11}",11,39,0.8,"{""C"": 3, ""A"": 5, ""B"": 4}","{""C"": 5, ""A"": 8, ""B"": 6}",4,4
"{B01,B02,B03,B04,B06,B07,B09}|{B05,B08,B10,B11,B12}",11,39,0.8,"{""C"": 3, ""A"": 6, ""B"": 4}","{""C"": 5, ""A"": 7, ""B"": 6}",4,4
"{B01,B02,B03,B04,B06,B07,B10,B12}|{B05,B08,B09,B11}",11,39,0.8,"{""C"": 3, ""B"": 4, ""A"": 5}","{""C"": 5, ""B"": 6, ""A"": 8}",4,4
"{B01,B02,B03,B04,B06,B07,B10}|{B05,B08,B09,B11,B12}",11,39,0.8,"{""C"": 3, ""B"": 4, ""A"": 6}","{""C"": 5, ""B"": 6, ""A"": 7}",4,4
"{B01,B02,B03,B04,B06,B07,B11,B12}|{B05,B08,B09,B10}",11,39,0.8,"{""C"": 3, ""B"": 4, ""A"": 5}","{""C"": 5, ""B"": 6, ""A"": 8}",4,4
"{B01,B02,B03,B04,B06,B07,B11}|{B05,B08,B09,B10,B12}",11,39,0.8,"{""C"": 3, ""B"": 4, ""A"": 6}","{""C"": 5, ""B"": 6, ""A"": 7}",4,4
"{B01,B02,B03,B04,B06,B08,B10,B11,B12}|{B05,B07,B09}",11,39,0.8,"{""C"": 3, ""B"": 4, ""A"": 5}","{""C"": 5, ""B"": 6, ""A"": 8}",4,4
"{B01,B02,B03,B04,B06,B08,B10,B11}|{B05,B07,B09,B12}",11,39,0.8,"{""C"": 3, ""B"": 4, ""A"": 6}","{""C"": 5, ""B"": 6, ""A"": 7}",4,4
"{B01,B02,B03,B04,B07,B08,B09,B12}|{B05,B06,B10,B11}",11,39,0.8,"{""C"": 3, ""A"": 5, ""B"": 4}","{""C"": 5, ""A"": 8, ""B"": 6}",4,4
"{B01,B02,B03,B04,B07,B08,B09}|{B05,B06,B10,B11,B12}",11,39,0.8,"{""C"": 3, ""A"": 6, ""B"": 4}","{""C"": 5, ""A"": 7, ""B"": 6}",4,4
"{B01,B02,B03,B04,B07,B08,B12}|{B05,B06,B09,B10,B11}",11,39,0.8,"{""C"": 3, ""A"": 5, ""B"": 4}","{""C"": 5, ""A"": 8, ""B"": 6}",4,4
"{B01,B02,B03,B04,B07,B08}|{B05,B06,B09,B10,B11,B12}",11,39,0.8,"{""C"": 3, ""A"": 6, ""B"": 4}","{""C"": 5, ""A"": 7, ""B"": 6}",4,4
"{B01,B02,B03,B04,B07,B09,B12}|{B05,B06,B08,B10,B11}",11,39,0.8,"{""C"": 3, ""A"": 5, ""B"": 4}","{""C"": 5, ""A"": 8, ""B"": 6}",4,4
"{B01,B02,B03,B04,B07,B09}|{B05,B06,B08,B10,B11,B12}",11,39,0.8,"{""C"": 3, ""A"": 6, ""B"": 4}","{""C"": 5, ""A"": 7, ""B"": 6}",4,4
"{B01,B02,B03,B04,B07,B10,B12}|{B05,B06,B08,B09,B11}",11,39,0.8,"{""C"": 3, ""B"": 4, ""A"": 5}","{""C"": 5, ""B"": 6, ""A"": 8}",4,4
"{B01,B02,B03,B04,B07,B10}|{B05,B06,B08,B09,B11,B12}",11,39,0.8,"{""C"": 3, ""B"": 4, ""A"": 6}","{""C"": 5, ""B"": 6, ""A"": 7}",4,4
"{B01,B02,B03,B04,B07,B11,B12}|{B05,B06,B08,B09,B10}",11,39,0.8,"{""C"": 3, ""B"": 4, ""A"": 5}","{""C"": 5, ""B"": 6, ""A"": 8}",4,4
"{B01,B02,B03,B04,B07,B11}|{B05,B06,B08,B09,B10,B12}",11,39,0.8,"{""C"": 3, ""B"": 4, ""A"": 6}","{""C"": 5, ""B"": 6, ""A"": 7}",4,4
"{B01,B02,B03,B04,B08,B10,B11,B12}|{B05,B06,B07,B09}",11,39,0.8,"{""C"": 3, ""B"": 4, ""A"": 5}","{""C"": 5, ""B"": 6, ""A"": 8}",4,4
"{B01,B02,B03,B04,B08,B10,B11}|{B05,B06,B07,B09,B12}",11,39,0.8,"{""C"": 3, ""B"": 4, ""A"": 6}","{""C"": 5, ""B"": 6, ""A"": 7}",4,4
"{B01,B02,B03,B05,B06,B07,B08}|{B04,B09,B10,B11,B12}",11,39,0.8,"{""C"": 3, ""A"": 5, ""B"": 4}","{""C"": 5, ""A"": 7, ""B"": 7}",4,4
"{B01,B02,B03,B05,B06,B07,B09}|{B04,B08,B10,B11,B12}",11,39,0.8,"{""C"": 3, ""A"": 5, ""B"": 4}","{""C"": 5, ""A"": 7, ""B"": 7}",4,4
"{B01,B02,B03,B05,B06,B07,B10}|{B04,B08,B09,B11,B12}",11,39,0.8,"{""C"": 3, ""B"": 4, ""A"": 5}","{""C"": 5, ""B"": 7, ""A"": 7}",4,4
"{B01,B02,B03,B05,B06,B07,B11}|{B04,B08,B09,B10,B12}",11,39,0.8,"{""C"": 3, ""B"": 4, ""A"": 5}","{""C"": 5, ""B"": 7, ""A"": 7}",4,4
"{B01,B02,B03,B05,B06,B10}|{B04,B07,B08,B09,B11,B12}",11,39,0.8,"{""C"": 3, ""B"": 4, ""A"": 5}","{""C"": 5, ""B"": 7, ""A"": 7}",4,4
"{B01,B02,B03,B05,B06}|{B04,B07,B08,B09,B10,B11,B12}",11,39,0.8,"{""C"": 3, ""A"": 5, ""B"": 4}","{""C"": 5, ""A"": 7, ""B"": 7}",4,4
"{B01,B02,B03,B05,B07,B08}|{B04,B06,B09,B10,B11,B12}",11,39,0.8,"{""C"": 3, ""A"": 5, ""B"": 4}","{""C"": 5, ""A"": 7, ""B"": 7}",4,4
"{B01,B02,B03,B05,B07,B09}|{B04,B06,B08,B10,B11,B12}",11,39,0.8,"{""C"": 3, ""A"": 5, ""B"": 4}","{""C"": 5, ""A"": 7, ""B"": 7}",4,4
"{B01,B02,B03,B05,B07,B10}|{B04,B06,B08,B09,B11,B12}",11,39,0.8,"{""C"": 3, ""B"": 4, ""A"": 5}","{""C"": 5, ""B"": 7, ""A"": 7}",4,4
"{B01,B02,B03,B05,B07,B11}|{B04,B06,B08,B09,B10,B12}",11,39,0.8,"{""C"": 3, ""B"": 4, ""A"": 5}","{""C"": 5, ""B"": 7, ""A"": 7}",4,4
"{B01,B02,B03,B05,B10}|{B04,B06,B07,B08,B09,B11,B12}",11,39,0.8,"{""C"": 3, ""B"": 4, ""A"": 5}","{""C"": 5, ""B"": 7, ""A"": 7}",4,4
"{B01,B02,B03,B05}|{B04,B06,B07,B08,B09,B10,B11,B12}",11,39,0.8,"{""C"": 3, ""A"": 5, ""B"": 4}","{""C"": 5, ""A"": 7, ""B"": 7}",4,4
"{B01,B02,B03,B06,B07,B08,B10,B12}|{B04,B05,B09,B11}",11,39,0.8,"{""C"": 3, ""B"": 4, ""A"": 5}","{""C"": 6, ""B"": 5, ""A"": 8}",4,4
"{B01,B02,B03,B06,B07,B08,B10}|{B04,B05,B09,B11,B12}",11,39,0.8,"{""C"": 3, ""B"": 4, ""A"": 6}","{""C"": 6, ""B"": 5, ""A"": 7}",4,4
"{B01,B02,B03,B06,B07,B10,B11,B12}|{B04,B05,B08,B09}",11,39,0.8,"{""C"": 3, ""B"": 4, ""A"": 5}","{""C"": 6, ""B"": 5, ""A"": 8}",4,4
"{B01,B02,B03,B06,B07,B10,B11}|{B04,B05,B08,B09,B12}",11,39,0.8,"{""C"": 3, ""B"": 4, ""A"": 6}","{""C"": 6, ""B"": 5, ""A"": 7}",4,4
"{B01,B02,B03,B06,B08,B09,B10,B11,B12}|{B04,B05,B07}",11,39,0.8,"{""C"": 3, ""B"": 3, ""A"": 5}","{""C"": 6, ""B"": 6, ""A"": 8}",4,4
"{B01,B02,B03,B06,B08,B09,B10,B11}|{B04,B05,B07,B12}",11,39,0.8,"{""C"": 3, ""B"": 3, ""A"": 6}","{""C"": 6, ""B"": 6, ""A"": 7}",4,4
"{B01,B02,B03,B06,B08,B09,B12}|{B04,B05,B07,B10,B11}",11,39,0.8,"{""C"": 3, ""A"": 5, ""B"": 4}","{""C"": 6, ""A"": 8, ""B"": 5}",4,4
"{B01,B02,B03,B06,B08,B09}|{B04,B05,B07,B10,B11,B12}",11,39,0.8,"{""C"": 3, ""A"": 6, ""B"": 4}","{""C"": 6, ""A"": 7, ""B"": 5}",4,4
"{B01,B02,B03,B06,B10,B11,B12}|{B04,B05,B07,B08,B09}",11,39,0.8,"{""C"": 3, ""B"": 4, ""A"": 5}","{""C"": 6, ""B"": 5, ""A"": 8}",4,4
"{B01,B02,B03,B06,B10,B11}|{B04,B05,B07,B08,B09,B12}",11,39,0.8,"{""C"": 3, ""B"": 4, ""A"": 6}","{""C"": 6, ""B"": 5, ""A"": 7}",4,4
"{B01,B02,B03,B06,B10,B12}|{B04,B05,B07,B08,B09,B11}",11,39,0.8,"{""C"": 3, ""B"": 3, ""A"": 5}","{""C"": 6, ""B"": 6, ""A"": 8}",4,4
"{B01,B02,B03,B06,B10}|{B04,B05,B07,B08,B09,B11,B12}",11,39,0.8,"{""C"": 3, ""B"": 3, ""A"": 6}","{""C"": 6, ""B"": 6, ""A"": 7}",4,4
"{B01,B02,B03,B06,B12}|{B04,B05,B07,B08,B09,B10,B11}",11,39,0.8,"{""C"": 3, ""A"": 5, ""B"": 3}","{""C"": 6, ""A"": 8, ""B"": 6}",4,4
"{B01,B02,B03,B07,B08,B09,B12}|{B04,B05,B06,B10,B11}",11,39,0.8,"{""C"": 3, ""A"": 5, ""B"": 4}","{""C"": 5, ""A"": 8, ""B"": 6}",4,4
"{B01,B02,B03,B07,B08,B09}|{B04,B05,B06,B10,B11,B12}",11,39,0.8,"{""C"": 3, ""A"": 6, ""B"": 4}","{""C"": 5, ""A"": 7, ""B"": 6}",4,4
"{B01,B02,B03,B07,B08,B12}|{B04,B05,B06,B09,B10,B11}",11,39,0.8,"{""C"": 3, ""A"": 5, ""B"": 4}","{""C"": 5, ""A"": 8, ""B"": 6}",4,4
"{B01,B02,B03,B07,B09,B12}|{B04,B05,B06,B08,B10,B11}",11,39,0.8,"{""C"": 3, ""A"": 5, ""B"": 4}","{""C"": 5, ""A"": 8, ""B"": 6}",4,4
"{B01,B02,B03,B07,B09}|{B04,B05,B06,B08,B10,B11,B12}",11,39,0.8,"{""C"": 3, ""A"": 6, ""B"": 4}","{""C"": 5, ""A"": 7, ""B"": 6}",4,4
"{B01,B02,B03,B07,B10,B12}|{B04,B05,B06,B08,B09,B11}",11,39,0.8,"{""C"": 3, ""B"": 4, ""A"": 5}","{""C"": 5, ""B"": 6, ""A"": 8}",4,4
"{B01,B02,B03,B07,B10}|{B04,B05,B06,B08,B09,B11,B12}",11,39,0.8,"{""C"": 3, ""B"": 4, ""A"": 6}","{""C"": 5, ""B"": 6, ""A"": 7}",4,4
"{B01,B02,B03,B07,B11,B12}|{B04,B05,B06,B08,B09,B10}",11,39,0.8,"{""C"": 3, ""B"": 4, ""A"": 5}","{""C"": 5, ""B"": 6, ""A"": 8}",4,4
"{B01,B02,B03,B07,B11}|{B04,B05,B06,B08,B09,B10,B12}",11,39,0.8,"{""C"": 3, ""B"": 4, ""A"": 6}","{""C"": 5, ""B"": 6, ""A"": 7}",4,4
"{B01,B02,B03,B08,B10,B11,B12}|{B04,B05,B06,B07,B09}",11,39,0.8,"{""C"": 3, ""B"": 4, ""A"": 5}","{""C"": 5, ""B"": 6, ""A"": 8}",4,4
"{B01,B02,B03,B08,B10,B11}|{B04,B05,B06,B07,B09,B12}",11,39,0.8,"{""C"": 3, ""B"": 4, ""A"": 6}","{""C"": 5, ""B"": 6, ""A"": 7}",4,4
"{B01,B02,B04,B05,B06,B07,B08}|{B03,B09,B10,B11,B12}",11,39,0.8,"{""C"": 3, ""A"": 5, ""B"": 4}","{""C"": 5, ""A"": 7, ""B"": 7}",4,4
"{B01,B02,B04,B05,B06,B07,B09}|{B03,B08,B10,B11,B12}",11,39,0.8,"{""C"": 3, ""A"": 5, ""B"": 4}","{""C"": 5, ""A"": 7, ""B"": 7}",4,4
"{B01,B02,B04,B05,B06,B07,B10}|{B03,B08,B09,B11,B12}",11,39,0.8,"{""C"": 3, ""B"": 4, ""A"": 5}","{""C"": 5, ""B"": 7, ""A"": 7}",4,4
"{B01,B02,B04,B05,B06,B07,B11}|{B03,B08,B09,B10,B12}",11,39,0.8,"{""B"": 4, ""C"": 3, ""A"": 5}","{""B"": 7, ""C"": 5, ""A"": 7}",4,4
"{B01,B02,B04,B05,B06,B07,B12}|{B03,B08,B09,B10,B11}",11,39,0.8,"{""C"": 3, ""A"": 5, ""B"": 4}","{""C"": 5, ""A"": 6, ""B"": 8}",4,4
"{B01,B02,B04,B05,B06,B10}|{B03,B07,B08,B09,B11,B12}",11,39,0.8,"{""C"": 3, ""B"": 4, ""A"": 5}","{""C"": 5, ""B"": 7, ""A"": 7}",4,4
"{B01,B02,B04,B05,B06}|{B03,B07,B08,B09,B10,B11,B12}",11,39,0.8,"{""C"": 3, ""A"": 5, ""B"": 4}","{""C"": 5, ""A"": 7, ""B"": 7}",4,4
"{B01,B02,B04,B05,B07,B08,B09}|{B03,B06,B10,B11,B12}",11,39,0.8,"{""C"": 4, ""A"": 5, ""B"": 4}","{""C"": 5, ""A"": 7, ""B"": 6}",4,4
"{B01,B02,B04,B05,B07,B08,B10}|{B03,B06,B09,B11,B12}",11,39,0.8,"{""B"": 4, ""C"": 4, ""A"": 5}","{""B"": 6, ""C"": 5, ""A"": 7}",4,4
"{B01,B02,B04,B05,B07,B08,B12}|{B03,B06,B09,B10,B11}",11,39,0.8,"{""C"": 4, ""A"": 5, ""B"": 4}","{""C"": 5, ""A"": 6, ""B"": 7}",4,4
"{B01,B02,B04,B05,B07,B09,B12}|{B03,B06,B08,B10,B11}",11,39,0.8,"{""C"": 4, ""A"": 5, ""B"": 4}","{""C"": 5, ""A"": 6, ""B"": 7}",4,4
"{B01,B02,B04,B05,B07,B10,B11}|{B03,B06,B08,B09,B12}",11,39,0.8,"{""B"": 4, ""C"": 4, ""A"": 5}","{""B"": 6, ""C"": 5, ""A"": 7}",4,4
"{B01,B02,B04,B05,B07,B10,B12}|{B03,B06,B08,B09,B11}",11,39,0.8,"{""B"": 4, ""C"": 4, ""A"": 5}","{""B"": 7, ""C"": 5, ""A"": 6}",4,4
"{B01,B02,B04,B05,B07,B11,B12}|{B03,B06,B08,B09,B10}",11,39,0.8,"{""B"": 4, ""C"": 4, ""A"": 5}","{""B"": 7, ""C"": 5, ""A"": 6}",4,4
"{B01,B02,B04,B05,B08,B10}|{B03,B06,B07,B09,B11,B12}",11,39,0.8,"{""B"": 4, ""C"": 4, ""A"": 5}","{""B"": 6, ""C"": 5, ""A"": 7}",4,4
"{B01,B02,B04,B05,B08}|{B03,B06,B07,B09,B10,B11,B12}",11,39,0.8,"{""C"": 4, ""A"": 5, ""B"": 4}","{""C"": 5, ""A"": 7, ""B"": 6}",4,4
"{B01,B02,B04,B05,B09}|{B03,B06,B07,B08,B10,B11,B12}",11,39,0.8,"{""C"": 4, ""A"": 5, ""B"": 4}","{""C"": 5, ""A"": 7, ""B"": 6}",4,4
"{B01,B02,B04,B05,B10,B11}|{B03,B06,B07,B08,B09,B12}",11,39,0.8,"{""B"": 4, ""C"": 4, ""A"": 5}","{""B"": 6, ""C"": 5, ""A"": 7}",4,4
"{B01,B02,B04,B05,B10,B12}|{B03,B06,B07,B08,B09,B11}",11,39,0.8,"{""B"": 4, ""C"": 4, ""A"": 5}","{""B"": 7, ""C"": 5, ""A"": 6}",4,4
"{B01,B02,B04,B05,B11}|{B03,B06,B07,B08,B09,B10,B12}",11,39,0.8,"{""B"": 4, ""C"": 4, ""A"": 5}","{""B"": 6, ""C"": 5, ""A"": 7}",4,4
"{B01,B02,B04,B05,B12}|{B03,B06,B07,B08,B09,B10,B11}",11,39,0.8,"{""C"": 4, ""A"": 5, ""B"": 4}","{""C"": 5, ""A"": 6, ""B"": 7}",4,4
"{B01,B02,B04,B06,B08,B09,B10,B11}|{B03,B05,B07,B12}",11,39,0.8,"{""B"": 3, ""C"": 4, ""A"": 5}","{""B"": 6, ""C"": 6, ""A"": 7}",4,4
"{B01,B02,B04,B06,B09,B10,B12}|{B03,B05,B07,B08,B11}",11,39,0.8,"{""C"": 4, ""B"": 2, ""A"": 6}","{""C"": 6, ""B"": 5, ""A"": 8}",4,4
"{B01,B02,B04,B06,B09,B11,B12}|{B03,B05,B07,B08,B10}",11,39,0.8,"{""B"": 3, ""C"": 4, ""A"": 6}","{""B"": 4, ""C"": 6, ""A"": 8}",4,4
"{B01,B02,B04,B06}|{B03,B05,B07,B08,B09,B10,B11,B12}",11,39,0.8,"{""C"": 4, ""A"": 5, ""B"": 3}","{""C"": 6, ""A"": 7, ""B"": 6}",4,4
"{B01,B02,B04,B07,B08,B09,B10,B12}|{B03,B05,B06,B11}",11,39,0.8,"{""B"": 3, ""C"": 4, ""A"": 6}","{""B"": 5, ""C"": 5, ""A"": 8}",4,4
"{B01,B02,B04,B07,B08,B09,B11,B12}|{B03,B05,B06,B10}",11,39,0.8,"{""B"": 3, ""C"": 4, ""A"": 6}","{""B"": 5, ""C"": 5, ""A"": 8}",4,4
"{B01,B02,B04,B07,B08,B10,B11,B12}|{B03,B05,B06,B09}",11,39,0.8,"{""B"": 3, ""C"": 4, ""A"": 6}","{""B"": 5, ""C"": 5, ""A"": 8}",4,4
"{B01,B02,B04,B07,B08,B11,B12}|{B03,B05,B06,B09,B10}",11,39,0.8,"{""B"": 3, ""C"": 4, ""A"": 6}","{""B"": 5, ""C"": 5, ""A"": 8}",4,4
"{B01,B02,B04,B07,B08}|{B03,B05,B06,B09,B10,B11,B12}",11,39,0.8,"{""C"": 4, ""A"": 5, ""B"": 4}","{""C"": 5, ""A"": 7, ""B"": 6}",4,4
"{B01,B02,B04,B07,B09,B10,B12}|{B03,B05,B06,B08,B11}",11,39,0.8,"{""B"": 3, ""C"": 4, ""A"": 6}","{""B"": 5, ""C"": 5, ""A"": 8}",4,4
"{B01,B02,B04,B07,B09,B11,B12}|{B03,B05,B06,B08,B10}",11,39,0.8,"{""B"": 3, ""C"": 4, ""A"": 6}","{""B"": 5, ""C"": 5, ""A"": 8}",4,4
"{B01,B02,B04,B07,B09}|{B03,B05,B06,B08,B10,B11,B12}",11,39,0.8,"{""C"": 4, ""A"": 5, ""B"": 4}","{""C"": 5, ""A"": 7, ""B"": 6}",4,4
"{B01,B02,B04,B07,B10}|{B03,B05,B06,B08,B09,B11,B12}",11,39,0.8,"{""B"": 4, ""C"": 4, ""A"": 5}","{""B"": 6, ""C"": 5, ""A"": 7}",4,4
"{B01,B02,B04,B07,B11}|{B03,B05,B06,B08,B09,B10,B12}",11,39,0.8,"{""B"": 4, ""C"": 4, ""A"": 5}","{""B"": 6, ""C"": 5, ""A"": 7}",4,4
"{B01,B02,B04,B08,B09,B10,B12}|{B03,B05,B06,B07,B11}",11,39,0.8,"{""B"": 3, ""C"": 4, ""A"": 6}","{""B"": 5, ""C"": 5, ""A"": 8}",4,4
"{B01,B02,B04,B08,B09,B11,B12}|{B03,B05,B06,B07,B10}",11,39,0.8,"{""B"": 3, ""C"": 4, ""A"": 6}","{""B"": 5, ""C"": 5, ""A"": 8}",4,4
"{B01,B02,B04,B09,B10,B11,B12}|{B03,B05,B06,B07,B08}",11,39,0.8,"{""B"": 3, ""C"": 4, ""A"": 6}","{""B"": 5, ""C"": 5, ""A"": 8}",4,4
"{B01,B02,B05,B06,B07,B08,B09}|{B03,B04,B10,B11,B12}",11,39,0.8,"{""C"": 4, ""A"": 5, ""B"": 4}","{""C"": 5, ""A"": 7, ""B"": 6}",4,4
"{B01,B02,B05,B06,B07,B08,B10}|{B03,B04,B09,B11,B12}",11,39,0.8,"{""C"": 4, ""B"": 4, ""A"": 5}","{""C"": 5, ""B"": 6, ""A"": 7}",4,4
"{B01,B02,B05,B06,B07,B08,B12}|{B03,B04,B09,B10,B11}",11,39,0.8,"{""C"": 4, ""A"": 5, ""B"": 4}","{""C"": 5, ""A"": 6, ""B"": 7}",4,4
"{B01,B02,B05,B06,B07,B09,B12}|{B03,B04,B08,B10,B11}",11,39,0.8,"{""C"": 4, ""A"": 5, ""B"": 4}","{""C"": 5, ""A"": 6, ""B"": 7}",4,4
"{B01,B02,B05,B06,B07,B10,B11}|{B03,B04,B08,B09,B12}",11,39,0.8,"{""B"": 4, ""C"": 4, ""A"": 5}","{""B"": 6, ""C"": 5, ""A"": 7}",4,4
"{B01,B02,B05,B06,B07,B10,B12}|{B03,B04,B08,B09,B11}",11,39,0.8,"{""C"": 4, ""B"": 4, ""A"": 5}","{""C"": 5, ""B"": 7, ""A"": 6}",4,4
"{B01,B02,B05,B06,B07,B11,B12}|{B03,B04,B08,B09,B10}",11,39,0.8,"{""B"": 4, ""C"": 4, ""A"": 5}","{""B"": 7, ""C"": 5, ""A"": 6}",4,4
"{B01,B02,B05,B06,B08,B10}|{B03,B04,B07,B09,B11,B12}",11,39,0.8,"{""C"": 4, ""B"": 4, ""A"": 5}","{""C"": 5, ""B"": 6, ""A"": 7}",4,4
"{B01,B02,B05,B06,B08}|{B03,B04,B07,B09,B10,B11,B12}",11,39,0.8,"{""C"": 4, ""A"": 5, ""B"": 4}","{""C"": 5, ""A"": 7, ""B"": 6}",4,4
"{B01,B02,B05,B06,B09}|{B03,B04,B07,B08,B10,B11,B12}",11,39,0.8,"{""C"": 4, ""A"": 5, ""B"": 4}","{""C"": 5, ""A"": 7, ""B"": 6}",4,4
"{B01,B02,B05,B06,B10,B11}|{B03,B04,B07,B08,B09,B12}",11,39,0.8,"{""B"": 4, ""C"": 4, ""A"": 5}","{""B"": 6, ""C"": 5, ""A"": 7}",4,4
"{B01,B02,B05,B06,B10,B12}|{B03,B04,B07,B08,B09,B11}",11,39,0.8,"{""C"": 4, ""B"": 4, ""A"": 5}","{""C"": 5, ""B"": 7, ""A"": 6}",4,4
"{B01,B02,B05,B06,B11}|{B03,B04,B07,B08,B09,B10,B12}",11,39,0.8,"{""B"": 4, ""C"": 4, ""A"": 5}","{""B"": 6, ""C"": 5, ""A"": 7}",4,4
"{B01,B02,B05,B06,B12}|{B03,B04,B07,B08,B09,B10,B11}",11,39,0.8,"{""C"": 4, ""A"": 5, ""B"": 4}","{""C"": 5, ""A"": 6, ""B"": 7}",4,4
"{B01,B02,B05,B07,B08}|{B03,B04,B06,B09,B10,B11,B12}",11,39,0.8,"{""C"": 4, ""A"": 5, ""B"": 4}","{""C"": 4, ""A"": 7, ""B"": 7}",4,4
"{B01,B02,B05,B07,B09}|{B03,B04,B06,B08,B10,B11,B12}",11,39,0.8,"{""C"": 4, ""A"": 5, ""B"": 4}","{""C"": 4, ""A"": 7, ""B"": 7}",4,4
"{B01,B02,B05,B07,B10}|{B03,B04,B06,B08,B09,B11,B12}",11,39,0.8,"{""B"": 4, ""C"": 4, ""A"": 5}","{""B"": 7, ""C"": 4, ""A"": 7}",4,4
"{B01,B02,B05,B07,B11}|{B03,B04,B06,B08,B09,B10,B12}",11,39,0.8,"{""B"": 4, ""C"": 4, ""A"": 5}","{""B"": 7, ""C"": 4, ""A"": 7}",4,4
"{B01,B02,B05,B07,B12}|{B03,B04,B06,B08,B09,B10,B11}",11,39,0.8,"{""C"": 4, ""A"": 5, ""B"": 4}","{""C"": 4, ""A"": 6, ""B"": 8}",4,4
"{B01,B02,B06,B08,B09}|{B03,B04,B05,B07,B10,B11,B12}",11,39,0.8,"{""C"": 4, ""A"": 5, ""B"": 4}","{""C"": 6, ""A"": 7, ""B"": 5}",4,4
"{B01,B02,B06,B10,B11}|{B03,B04,B05,B07,B08,B09,B12}",11,39,0.8,"{""B"": 4, ""C"": 4, ""A"": 5}","{""B"": 5, ""C"": 6, ""A"": 7}",4,4
"{B01,B02,B06,B10}|{B03,B04,B05,B07,B08,B09,B11,B12}",11,39,0.8,"{""C"": 4, ""B"": 3, ""A"": 5}","{""C"": 6, ""B"": 6, ""A"": 7}",4,4
"{B01,B02,B06}|{B03,B04,B05,B07,B08,B09,B10,B11,B12}",11,39,0.8,"{""C"": 4, ""A"": 5, ""B"": 3}","{""C"": 6, ""A"": 7, ""B"": 6}",4,4
"{B01,B02,B07,B08,B09}|{B03,B04,B05,B06,B10,B11,B12}",11,39,0.8,"{""C"": 4, ""A"": 5, ""B"": 4}","{""C"": 5, ""A"": 7, ""B"": 6}",4,4
"{B01,B02,B07,B08}|{B03,B04,B05,B06,B09,B10,B11,B12}",11,39,0.8,"{""C"": 4, ""A"": 5, ""B"": 4}","{""C"": 5, ""A"": 7, ""B"": 6}",4,4
"{B01,B02,B07,B09}|{B03,B04,B05,B06,B08,B10,B11,B12}",11,39,0.8,"{""C"": 4, ""A"": 5, ""B"": 4}","{""C"": 5, ""A"": 7, ""B"": 6}",4,4
"{B01,B02,B07,B10}|{B03,B04,B05,B06,B08,B09,B11,B12}",11,39,0.8,"{""B"": 4, ""C"": 4, ""A"": 5}","{""B"": 6, ""C"": 5, ""A"": 7}",4,4
"{B01,B02,B07,B11}|{B03,B04,B05,B06,B08,B09,B10,B12}",11,39,0.8,"{""B"": 4, ""C"": 4, ""A"": 5}","{""B"": 6, ""C"": 5, ""A"": 7}",4,4
"{B01,B02,B08,B10,B11}|{B03,B04,B05,B06,B07,B09,B12}",11,39,0.8,"{""B"": 4, ""C"": 4, ""A"": 5}","{""B"": 6, ""C"": 5, ""A"": 7}",4,4
"{B01,B02,B08,B12}|{B03,B04,B05,B06,B07,B09,B10,B11}",11,39,0.8,"{""C"": 4, ""A"": 6, ""B"": 3}","{""C"": 5, ""A"": 8, ""B"": 5}",4,4
"{B01,B02,B09,B12}|{B03,B04,B05,B06,B07,B08,B10,B11}",11,39,0.8,"{""C"": 4, ""A"": 6, ""B"": 3}","{""C"": 5, ""A"": 8, ""B"": 5}",4,4
"{B01,B02,B11,B12}|{B03,B04,B05,B06,B07,B08,B09,B10}",11,39,0.8,"{""B"": 3, ""C"": 4, ""A"": 6}","{""B"": 5, ""C"": 5, ""A"": 8}",4,4
"{B01,B03,B04,B05,B07}|{B02,B06,B08,B09,B10,B11,B12}",11,39,0.8,"{""C"": 3, ""A"": 5, ""B"": 4}","{""C"": 5, ""A"": 7, ""B"": 7}",4,4
"{B01,B03,B04,B06,B07,B08,B09,B10,B11,B12}|{B02,B05}",11,39,0.8,"{""C"": 3, ""B"": 4, ""A"": 5}","{""C"": 5, ""B"": 6, ""A"": 8}",4,4
"{B01,B03,B04,B06,B07,B08,B09,B10,B11}|{B02,B05,B12}",11,39,0.8,"{""C"": 3, ""B"": 4, ""A"": 6}","{""C"": 5, ""B"": 6, ""A"": 7}",4,4
"{B01,B03,B04,B06,B07,B08,B09,B11,B12}|{B02,B05,B10}",11,39,0.8,"{""C"": 3, ""B"": 4, ""A"": 5}","{""C"": 5, ""B"": 6, ""A"": 8}",4,4
"{B01,B03,B04,B06,B07,B08,B09,B11}|{B02,B05,B10,B12}",11,39,0.8,"{""C"": 3, ""B"": 4, ""A"": 6}","{""C"": 5, ""B"": 6, ""A"": 7}",4,4
"{B01,B03,B04,B06,B07,B08,B10,B11,B12}|{B02,B05,B09}",11,39,0.8,"{""C"": 3, ""B"": 4, ""A"": 5}","{""C"": 5, ""B"": 6, ""A"": 8}",4,4
"{B01,B03,B04,B06,B07,B08,B10,B11}|{B02,B05,B09,B12}",11,39,0.8,"{""C"": 3, ""B"": 4, ""A"": 6}","{""C"": 5, ""B"": 6, ""A"": 7}",4,4
"{B01,B03,B04,B06,B08,B09,B10,B12}|{B02,B05,B07,B11}",11,39,0.8,"{""C"": 3, ""B"": 4, ""A"": 5}","{""C"": 5, ""B"": 6, ""A"": 8}",4,4
"{B01,B03,B04,B06,B08,B09,B10}|{B02,B05,B07,B11,B12}",11,39,0.8,"{""C"": 3, ""B"": 4, ""A"": 6}","{""C"": 5, ""B"": 6, ""A"": 7}",4,4
"{B01,B03,B04,B06,B08,B09,B11,B12}|{B02,B05,B07,B10}",11,39,0.8,"{""C"": 3, ""B"": 4, ""A"": 5}","{""C"": 5, ""B"": 6, ""A"": 8}",4,4
"{B01,B03,B04,B06,B08,B09,B11}|{B02,B05,B07,B10,B12}",11,39,0.8,"{""C"": 3, ""B"": 4, ""A"": 6}","{""C"": 5, ""B"": 6, ""A"": 7}",4,4
"{B01,B03,B04,B06,B09,B10,B11,B12}|{B02,B05,B07,B08}",11,39,0.8,"{""C"": 3, ""B"": 4, ""A"": 5}","{""C"": 5, ""B"": 6, ""A"": 8}",4,4
"{B01,B03,B04,B06,B09,B10,B11}|{B02,B05,B07,B08,B12}",11,39,0.8,"{""C"": 3, ""B"": 4, ""A"": 6}","{""C"": 5, ""B"": 6, ""A"": 7}",4,4
"{B01,B03,B04,B06,B10,B11,B12}|{B02,B05,B07,B08,B09}",11,39,0.8,"{""C"": 3, ""B"": 4, ""A"": 5}","{""C"": 5, ""B"": 6, ""A"": 8}",4,4
"{B01,B03,B04,B06,B10,B11}|{B02,B05,B07,B08,B09,B12}",11,39,0.8,"{""C"": 3, ""B"": 4, ""A"": 6}","{""C"": 5, ""B"": 6, ""A"": 7}",4,4
"{B01,B03,B04,B07,B08,B09,B10,B11,B12}|{B02,B05,B06}",11,39,0.8,"{""C"": 3, ""B"": 4, ""A"": 5}","{""C"": 5, ""B"": 6, ""A"": 8}",4,4
"{B01,B03,B04,B07,B08,B09,B10,B11}|{B02,B05,B06,B12}",11,39,0.8,"{""C"": 3, ""B"": 4, ""A"": 6}","{""C"": 5, ""B"": 6, ""A"": 7}",4,4
"{B01,B03,B04,B07,B08,B09,B11,B12}|{B02,B05,B06,B10}",11,39,0.8,"{""C"": 3, ""B"": 4, ""A"": 5}","{""C"": 5, ""B"": 6, ""A"": 8}",4,4
"{B01,B03,B04,B07,B08,B09,B11}|{B02,B05,B06,B10,B12}",11,39,0.8,"{""C"": 3, ""B"": 4, ""A"": 6}","{""C"": 5, ""B"": 6, ""A"": 7}",4,4
"{B01,B03,B04,B07,B08,B10,B11,B12}|{B02,B05,B06,B09}",11,39,0.8,"{""C"": 3, ""B"": 4, ""A"": 5}","{""C"": 5, ""B"": 6, ""A"": 8}",4,4
"{B01,B03,B04,B07,B08,B10,B11}|{B02,B05,B06,B09,B12}",11,39,0.8,"{""C"": 3, ""B"": 4, ""A"": 6}","{""C"": 5, ""B"": 6, ""A"": 7}",4,4
"{B01,B03,B04,B08,B09,B10,B12}|{B02,B05,B06,B07,B11}",11,39,0.8,"{""C"": 3, ""B"": 4, ""A"": 5}","{""C"": 5, ""B"": 6, ""A"": 8}",4,4
"{B01,B03,B04,B08,B09,B11,B12}|{B02,B05,B06,B07,B10}",11,39,0.8,"{""C"": 3, ""B"": 4, ""A"": 5}","{""C"": 5, ""B"": 6, ""A"": 8}",4,4
"{B01,B03,B04,B08,B09,B11}|{B02,B05,B06,B07,B10,B12}",11,39,0.8,"{""C"": 3, ""B"": 4, ""A"": 6}","{""C"": 5, ""B"": 6, ""A"": 7}",4,4
"{B01,B03,B04,B09,B10,B11,B12}|{B02,B05,B06,B07,B08}",11,39,0.8,"{""C"": 3, ""B"": 4, ""A"": 5}","{""C"": 5, ""B"": 6, ""A"": 8}",4,4
"{B01,B03,B04,B09,B10,B11}|{B02,B05,B06,B07,B08,B12}",11,39,0.8,"{""C"": 3, ""B"": 4, ""A"": 6}","{""C"": 5, ""B"": 6, ""A"": 7}",4,4
"{B01,B03,B04,B10,B11,B12}|{B02,B05,B06,B07,B08,B09}",11,39,0.8,"{""C"": 3, ""B"": 4, ""A"": 5}","{""C"": 5, ""B"": 6, ""A"": 8}",4,4
"{B01,B03,B05,B06,B07,B08}|{B02,B04,B09,B10,B11,B12}",11,39,0.8,"{""C"": 4, ""A"": 5, ""B"": 4}","{""C"": 5, ""A"": 7, ""B"": 6}",4,4
"{B01,B03,B05,B06,B07,B09}|{B02,B04,B08,B10,B11,B12}",11,39,0.8,"{""C"": 4, ""A"": 5, ""B"": 4}","{""C"": 5, ""A"": 7, ""B"": 6}",4,4
"{B01,B03,B05,B06,B07,B10,B11}|{B02,B04,B08,B09,B12}",11,39,0.8,"{""C"": 4, ""B"": 4, ""A"": 5}","{""C"": 5, ""B"": 6, ""A"": 7}",4,4
"{B01,B03,B05,B06,B07,B10}|{B02,B04,B08,B09,B11,B12}",11,39,0.8,"{""C"": 4, ""B"": 4, ""A"": 5}","{""C"": 5, ""B"": 6, ""A"": 7}",4,4
"{B01,B03,B05,B06,B07,B11}|{B02,B04,B08,B09,B10,B12}",11,39,0.8,"{""C"": 4, ""B"": 4, ""A"": 5}","{""C"": 5, ""B"": 6, ""A"": 7}",4,4
"{B01,B03,B05,B06,B08,B09,B10,B11}|{B02,B04,B07,B12}",11,39,0.8,"{""C"": 4, ""B"": 4, ""A"": 5}","{""C"": 5, ""B"": 6, ""A"": 7}",4,4
"{B01,B03,B05,B06,B08,B10,B11}|{B02,B04,B07,B09,B12}",11,39,0.8,"{""C"": 4, ""B"": 4, ""A"": 5}","{""C"": 5, ""B"": 6, ""A"": 7}",4,4
"{B01,B03,B05,B06,B09,B10,B11}|{B02,B04,B07,B08,B12}",11,39,0.8,"{""C"": 4, ""B"": 4, ""A"": 5}","{""C"": 5, ""B"": 6, ""A"": 7}",4,4
"{B01,B03,B05,B06,B10,B11}|{B02,B04,B07,B08,B09,B12}",11,39,0.8,"{""C"": 4, ""B"": 4, ""A"": 5}","{""C"": 5, ""B"": 6, ""A"": 7}",4,4
"{B01,B03,B05,B06,B10}|{B02,B04,B07,B08,B09,B11,B12}",11,39,0.8,"{""C"": 4, ""B"": 4, ""A"": 5}","{""C"": 5, ""B"": 6, ""A"": 7}",4,4
"{B01,B03,B05,B06,B11}|{B02,B04,B07,B08,B09,B10,B12}",11,39,0.8,"{""C"": 4, ""B"": 4, ""A"": 5}","{""C"": 5, ""B"": 6, ""A"": 7}",4,4
"{B01,B03,B05,B06}|{B02,B04,B07,B08,B09,B10,B11,B12}",11,39,0.8,"{""C"": 4, ""A"": 5, ""B"": 4}","{""C"": 5, ""A"": 7, ""B"": 6}",4,4
"{B01,B03,B05,B07,B08}|{B02,B04,B06,B09,B10,B11,B12}",11,39,0.8,"{""C"": 4, ""A"": 5, ""B"": 4}","{""C"": 5, ""A"": 7, ""B"": 6}",4,4
"{B01,B03,B05,B07,B09}|{B02,B04,B06,B08,B10,B11,B12}",11,39,0.8,"{""C"": 4, ""A"": 5, ""B"": 4}","{""C"": 5, ""A"": 7, ""B"": 6}",4,4
"{B01,B03,B05,B07,B10,B11}|{B02,B04,B06,B08,B09,B12}",11,39,0.8,"{""C"": 4, ""B"": 4, ""A"": 5}","{""C"": 5, ""B"": 6, ""A"": 7}",4,4
"{B01,B03,B05,B07,B10}|{B02,B04,B06,B08,B09,B11,B12}",11,39,0.8,"{""C"": 4, ""B"": 4, ""A"": 5}","{""C"": 5, ""B"": 6, ""A"": 7}",4,4
"{B01,B03,B05,B07,B11}|{B02,B04,B06,B08,B09,B10,B12}",11,39,0.8,"{""C"": 4, ""B"": 4, ""A"": 5}","{""C"": 5, ""B"": 6, ""A"": 7}",4,4
"{B01,B03,B05,B08,B09,B10,B11}|{B02,B04,B06,B07,B12}",11,39,0.8,"{""C"": 4, ""B"": 4, ""A"": 5}","{""C"": 5, ""B"": 6, ""A"": 7}",4,4
"{B01,B03,B05,B08,B10,B11}|{B02,B04,B06,B07,B09,B12}",11,39,0.8,"{""C"": 4, ""B"": 4, ""A"": 5}","{""C"": 5, ""B"": 6, ""A"": 7}",4,4
"{B01,B03,B05,B09,B10,B11}|{B02,B04,B06,B07,B08,B12}",11,39,0.8,"{""C"": 4, ""B"": 4, ""A"": 5}","{""C"": 5, ""B"": 6, ""A"": 7}",4,4
"{B01,B03,B05,B10,B11}|{B02,B04,B06,B07,B08,B09,B12}",11,39,0.8,"{""C"": 4, ""B"": 4, ""A"": 5}","{""C"": 5, ""B"": 6, ""A"": 7}",4,4
"{B01,B03,B05,B10}|{B02,B04,B06,B07,B08,B09,B11,B12}",11,39,0.8,"{""C"": 4, ""B"": 4, ""A"": 5}","{""C"": 5, ""B"": 6, ""A"": 7}",4,4
"{B01,B03,B05,B11}|{B02,B04,B06,B07,B08,B09,B10,B12}",11,39,0.8,"{""C"": 4, ""B"": 4, ""A"": 5}","{""C"": 5, ""B"": 6, ""A"": 7}",4,4
"{B01,B03,B05}|{B02,B04,B06,B07,B08,B09,B10,B11,B12}",11,39,0.8,"{""C"": 4, ""A"": 5, ""B"": 4}","{""C"": 5, ""A"": 7, ""B"": 6}",4,4
"{B01,B03,B06,B07,B08,B10,B12}|{B02,B04,B05,B09,B11}",11,39,0.8,"{""C"": 4, ""B"": 3, ""A"": 5}","{""C"": 6, ""B"": 5, ""A"": 8}",4,4
"{B01,B03,B06,B07,B09,B10,B12}|{B02,B04,B05,B08,B11}",11,39,0.8,"{""C"": 4, ""B"": 4, ""A"": 5}","{""C"": 6, ""B"": 4, ""A"": 8}",4,4
"{B01,B03,B06,B07,B10,B12}|{B02,B04,B05,B08,B09,B11}",11,39,0.8,"{""C"": 4, ""B"": 3, ""A"": 5}","{""C"": 6, ""B"": 5, ""A"": 8}",4,4
"{B01,B03,B06,B07,B11,B12}|{B02,B04,B05,B08,B09,B10}",11,39,0.8,"{""C"": 4, ""B"": 3, ""A"": 5}","{""C"": 6, ""B"": 5, ""A"": 8}",4,4
"{B01,B03,B06,B09,B10,B12}|{B02,B04,B05,B07,B08,B11}",11,39,0.8,"{""C"": 4, ""B"": 3, ""A"": 5}","{""C"": 6, ""B"": 5, ""A"": 8}",4,4
"{B01,B03,B06}|{B02,B04,B05,B07,B08,B09,B10,B11,B12}",11,39,0.8,"{""C"": 4, ""A"": 6, ""B"": 3}","{""C"": 6, ""A"": 7, ""B"": 5}",4,4
"{B01,B03,B07,B08,B09,B10,B11,B12}|{B02,B04,B05,B06}",11,39,0.8,"{""C"": 3, ""B"": 4, ""A"": 5}","{""C"": 5, ""B"": 6, ""A"": 8}",4,4
"{B01,B03,B07,B08,B09,B11,B12}|{B02,B04,B05,B06,B10}",11,39,0.8,"{""C"": 3, ""B"": 4, ""A"": 5}","{""C"": 5, ""B"": 6, ""A"": 8}",4,4
"{B01,B03,B10,B11}|{B02,B04,B05,B06,B07,B08,B09,B12}",11,39,0.8,"{""C"": 3, ""B"": 4, ""A"": 6}","{""C"": 5, ""B"": 6, ""A"": 7}",4,4
"{B01,B04,B05,B06,B07}|{B02,B03,B08,B09,B10,B11,B12}",11,39,0.8,"{""C"": 3, ""A"": 5, ""B"": 4}","{""C"": 5, ""A"": 7, ""B"": 7}",4,4
"{B01,B04,B06,B07,B08,B09}|{B02,B03,B05,B10,B11,B12}",11,39,0.8,"{""C"": 4, ""A"": 5, ""B"": 4}","{""C"": 6, ""A"": 7, ""B"": 5}",4,4
"{B01,B04,B06,B07,B08,B11}|{B02,B03,B05,B09,B10,B12}",11,39,0.8,"{""B"": 3, ""C"": 4, ""A"": 5}","{""B"": 6, ""C"": 6, ""A"": 7}",4,4
"{B01,B04,B06,B07,B09,B11}|{B02,B03,B05,B08,B10,B12}",11,39,0.8,"{""B"": 4, ""C"": 4, ""A"": 5}","{""B"": 5, ""C"": 6, ""A"": 7}",4,4
"{B01,B04,B06,B07,B09}|{B02,B03,B05,B08,B10,B11,B12}",11,39,0.8,"{""C"": 4, ""A"": 5, ""B"": 4}","{""C"": 6, ""A"": 7, ""B"": 5}",4,4
"{B01,B04,B06,B07,B10,B11}|{B02,B03,B05,B08,B09,B12}",11,39,0.8,"{""B"": 4, ""C"": 4, ""A"": 5}","{""B"": 5, ""C"": 6, ""A"": 7}",4,4
"{B01,B04,B06,B07}|{B02,B03,B05,B08,B09,B10,B11,B12}",11,39,0.8,"{""C"": 4, ""A"": 5, ""B"": 3}","{""C"": 6, ""A"": 7, ""B"": 6}",4,4
"{B01,B04,B06,B08,B09}|{B02,B03,B05,B07,B10,B11,B12}",11,39,0.8,"{""C"": 4, ""A"": 5, ""B"": 4}","{""C"": 6, ""A"": 7, ""B"": 5}",4,4
"{B01,B04,B06,B08,B10}|{B02,B03,B05,B07,B09,B11,B12}",11,39,0.8,"{""C"": 4, ""B"": 3, ""A"": 5}","{""C"": 6, ""B"": 6, ""A"": 7}",4,4
"{B01,B04,B06,B08,B11}|{B02,B03,B05,B07,B09,B10,B12}",11,39,0.8,"{""B"": 3, ""C"": 4, ""A"": 5}","{""B"": 6, ""C"": 6, ""A"": 7}",4,4
"{B01,B04,B06,B09,B11}|{B02,B03,B05,B07,B08,B10,B12}",11,39,0.8,"{""B"": 4, ""C"": 4, ""A"": 5}","{""B"": 5, ""C"": 6, ""A"": 7}",4,4
"{B01,B04,B06,B09,B12}|{B02,B03,B05,B07,B08,B10,B11}",11,39,0.8,"{""C"": 4, ""A"": 6, ""B"": 3}","{""C"": 6, ""A"": 8, ""B"": 4}",4,4
"{B01,B04,B07,B09,B12}|{B02,B03,B05,B06,B08,B10,B11}",11,39,0.8,"{""C"": 3, ""A"": 6, ""B"": 4}","{""C"": 5, ""A"": 8, ""B"": 5}",4,4
"{B01,B04,B07,B12}|{B02,B03,B05,B06,B08,B09,B10,B11}",11,39,0.8,"{""C"": 3, ""A"": 6, ""B"": 3}","{""C"": 5, ""A"": 8, ""B"": 6}",4,4
"{B01,B04,B08,B09,B10,B11}|{B02,B03,B05,B06,B07,B12}",11,39,0.8,"{""B"": 4, ""C"": 3, ""A"": 5}","{""B"": 7, ""C"": 5, ""A"": 7}",4,4
"{B01,B04,B08,B09,B12}|{B02,B03,B05,B06,B07,B10,B11}",11,39,0.8,"{""C"": 3, ""A"": 6, ""B"": 4}","{""C"": 5, ""A"": 8, ""B"": 5}",4,4
"{B01,B04,B08,B10,B11}|{B02,B03,B05,B06,B07,B09,B12}",11,39,0.8,"{""B"": 4, ""C"": 3, ""A"": 5}","{""B"": 7, ""C"": 5, ""A"": 7}",4,4
"{B01,B04,B08,B10,B12}|{B02,B03,B05,B06,B07,B09,B11}",11,39,0.8,"{""B"": 3, ""C"": 3, ""A"": 6}","{""B"": 6, ""C"": 5, ""A"": 8}",4,4
"{B01,B04,B08,B11,B12}|{B02,B03,B05,B06,B07,B09,B10}",11,39,0.8,"{""B"": 3, ""C"": 3, ""A"": 6}","{""B"": 6, ""C"": 5, ""A"": 8}",4,4
"{B01,B04,B09,B11,B12}|{B02,B03,B05,B06,B07,B08,B10}",11,39,0.8,"{""B"": 4, ""C"": 3, ""A"": 6}","{""B"": 5, ""C"": 5, ""A"": 8}",4,4
"{B01,B05,B06,B07,B10,B11}|{B02,B03,B04,B08,B09,B12}",11,39,0.8,"{""B"": 4, ""C"": 4, ""A"": 5}","{""B"": 6, ""C"": 5, ""A"": 7}",4,4
"{B01,B05,B06,B08,B09,B10,B11}|{B02,B03,B04,B07,B12}",11,39,0.8,"{""B"": 4, ""C"": 4, ""A"": 5}","{""B"": 6, ""C"": 5, ""A"": 7}",4,4
"{B01,B05,B06,B09,B10,B11}|{B02,B03,B04,B07,B08,B12}",11,39,0.8,"{""B"": 4, ""C"": 4, ""A"": 5}","{""B"": 6, ""C"": 5, ""A"": 7}",4,4
"{B01,B06,B07,B08,B09,B10}|{B02,B03,B04,B05,B11,B12}",11,39,0.8,"{""C"": 4, ""B"": 4, ""A"": 5}","{""C"": 6, ""B"": 5, ""A"": 7}",4,4
"{B01,B06,B07,B08,B09}|{B02,B03,B04,B05,B10,B11,B12}",11,39,0.8,"{""C"": 4, ""A"": 5, ""B"": 4}","{""C"": 6, ""A"": 7, ""B"": 5}",4,4
"{B01,B06,B07,B08,B11}|{B02,B03,B04,B05,B09,B10,B12}",11,39,0.8,"{""B"": 3, ""C"": 4, ""A"": 5}","{""B"": 6, ""C"": 6, ""A"": 7}",4,4
"{B01,B06,B07,B09,B10,B11}|{B02,B03,B04,B05,B08,B12}",11,39,0.8,"{""B"": 4, ""C"": 4, ""A"": 5}","{""B"": 5, ""C"": 6, ""A"": 7}",4,4
"{B01,B06,B07,B09,B11}|{B02,B03,B04,B05,B08,B10,B12}",11,39,0.8,"{""B"": 4, ""C"": 4, ""A"": 5}","{""B"": 5, ""C"": 6, ""A"": 7}",4,4
"{B01,B06,B07,B09}|{B02,B03,B04,B05,B08,B10,B11,B12}",11,39,0.8,"{""C"": 4, ""A"": 5, ""B"": 4}","{""C"": 6, ""A"": 7, ""B"": 5}",4,4
"{B01,B06,B07,B10,B11}|{B02,B03,B04,B05,B08,B09,B12}",11,39,0.8,"{""B"": 4, ""C"": 4, ""A"": 5}","{""B"": 5, ""C"": 6, ""A"": 7}",4,4
"{B01,B06,B07}|{B02,B03,B04,B05,B08,B09,B10,B11,B12}",11,39,0.8,"{""C"": 4, ""A"": 5, ""B"": 3}","{""C"": 6, ""A"": 7, ""B"": 6}",4,4
"{B01,B06,B08,B09}|{B02,B03,B04,B05,B07,B10,B11,B12}",11,39,0.8,"{""C"": 4, ""A"": 5, ""B"": 4}","{""C"": 6, ""A"": 7, ""B"": 5}",4,4
"{B01,B06,B08,B10}|{B02,B03,B04,B05,B07,B09,B11,B12}",11,39,0.8,"{""C"": 4, ""B"": 3, ""A"": 5}","{""C"": 6, ""B"": 6, ""A"": 7}",4,4
"{B01,B06,B08,B11}|{B02,B03,B04,B05,B07,B09,B10,B12}",11,39,0.8,"{""B"": 3, ""C"": 4, ""A"": 5}","{""B"": 6, ""C"": 6, ""A"": 7}",4,4
"{B01,B06,B09,B11}|{B02,B03,B04,B05,B07,B08,B10,B12}",11,39,0.8,"{""B"": 4, ""C"": 4, ""A"": 5}","{""B"": 5, ""C"": 6, ""A"": 7}",4,4
"{B01,B06,B09,B12}|{B02,B03,B04,B05,B07,B08,B10,B11}",11,39,0.8,"{""C"": 4, ""A"": 6, ""B"": 3}","{""C"": 6, ""A"": 8, ""B"": 4}",4,4
"{B01,B07,B08,B09,B12}|{B02,B03,B04,B05,B06,B10,B11}",11,39,0.8,"{""C"": 3, ""A"": 6, ""B"": 4}","{""C"": 5, ""A"": 8, ""B"": 5}",4,4
"{B01,B07,B08,B11,B12}|{B02,B03,B04,B05,B06,B09,B10}",11,39,0.8,"{""B"": 3, ""C"": 3, ""A"": 6}","{""B"": 6, ""C"": 5, ""A"": 8}",4,4
"{B01,B07,B09,B11,B12}|{B02,B03,B04,B05,B06,B08,B10}",11,39,0.8,"{""B"": 4, ""C"": 3, ""A"": 6}","{""B"": 5, ""C"": 5, ""A"": 8}",4,4
"{B01,B07,B09,B12}|{B02,B03,B04,B05,B06,B08,B10,B11}",11,39,0.8,"{""C"": 3, ""A"": 6, ""B"": 4}","{""C"": 5, ""A"": 8, ""B"": 5}",4,4
"{B01,B07,B10,B11,B12}|{B02,B03,B04,B05,B06,B08,B09}",11,39,0.8,"{""B"": 4, ""C"": 3, ""A"": 6}","{""B"": 5, ""C"": 5, ""A"": 8}",4,4
"{B01,B07,B12}|{B02,B03,B04,B05,B06,B08,B09,B10,B11}",11,39,0.8,"{""C"": 3, ""A"": 6, ""B"": 3}","{""C"": 5, ""A"": 8, ""B"": 6}",4,4
"{B01,B08,B09,B12}|{B02,B03,B04,B05,B06,B07,B10,B11}",11,39,0.8,"{""C"": 3, ""A"": 6, ""B"": 4}","{""C"": 5, ""A"": 8, ""B"": 5}",4,4
"{B01,B08,B10,B12}|{B02,B03,B04,B05,B06,B07,B09,B11}",11,39,0.8,"{""B"": 3, ""C"": 3, ""A"": 6}","{""B"": 6, ""C"": 5, ""A"": 8}",4,4
"{B01,B08,B11,B12}|{B02,B03,B04,B05,B06,B07,B09,B10}",11,39,0.8,"{""B"": 3, ""C"": 3, ""A"": 6}","{""B"": 6, ""C"": 5, ""A"": 8}",4,4
"{B01,B09,B11,B12}|{B02,B03,B04,B05,B06,B07,B08,B10}",11,39,0.8,"{""B"": 4, ""C"": 3, ""A"": 6}","{""B"": 5, ""C"": 5, ""A"": 8}",4,4
"{B01,B02,B04,B06,B08,B10,B11}|{B03,B05,B07,B09,B12}",12,40,0.0,"{""B"": 4, ""C"": 4, ""A"": 5}","{""B"": 6, ""C"": 6, ""A"": 7}",4,4
"{B01,B02,B04,B08,B09,B12}|{B03,B05,B06,B07,B10,B11}",12,40,0.0,"{""C"": 4, ""A"": 6, ""B"": 4}","{""C"": 5, ""A"": 8, ""B"": 5}",4,4
"{B01,B03,B06,B07,B08,B09}|{B02,B04,B05,B10,B11,B12}",12,40,0.0,"{""C"": 4, ""A"": 6, ""B"": 4}","{""C"": 6, ""A"": 7, ""B"": 5}",4,4
"{B01,B03,B06,B07,B08,B11}|{B02,B04,B05,B09,B10,B12}",12,40,0.0,"{""C"": 4, ""B"": 3, ""A"": 6}","{""C"": 6, ""B"": 6, ""A"": 7}",4,4
"{B01,B03,B08,B09,B10,B11}|{B02,B04,B05,B06,B07,B12}",12,40,0.0,"{""C"": 3, ""B"": 4, ""A"": 6}","{""C"": 5, ""B"": 7, ""A"": 7}",4,4
"{B01,B04,B06,B07,B08,B09,B10,B11}|{B02,B03,B05,B12}",12,40,0.0,"{""B"": 4, ""C"": 4, ""A"": 5}","{""B"": 6, ""C"": 6, ""A"": 7}",4,4
"{B01,B04,B06,B07,B08,B10,B12}|{B02,B03,B05,B09,B11}",12,40,0.0,"{""C"": 4, ""B"": 3, ""A"": 6}","{""C"": 6, ""B"": 5, ""A"": 8}",4,4
"{B01,B04,B06,B07,B09,B10,B12}|{B02,B03,B05,B08,B11}",12,40,0.0,"{""C"": 4, ""B"": 4, ""A"": 6}","{""C"": 6, ""B"": 4, ""A"": 8}",4,4
"{B01,B05,B06,B07}|{B02,B03,B04,B08,B09,B10,B11,B12}",12,40,0.0,"{""C"": 4, ""A"": 5, ""B"": 4}","{""C"": 5, ""A"": 7, ""B"": 7}",4,4
"{B01,B02,B03,B07}|{B04,B05,B06,B08,B09,B10,B11,B12}",12,40,0.2,"{""C"": 3, ""A"": 6, ""B"": 4}","{""C"": 5, ""A"": 7, ""B"": 7}",4,4
"{B01,B02,B04,B06,B07,B08}|{B03,B05,B09,B10,B11,B12}",12,40,0.2,"{""C"": 4, ""A"": 5, ""B"": 4}","{""C"": 6, ""A"": 7, ""B"": 6}",4,4
"{B01,B02,B04,B06,B07,B09}|{B03,B05,B08,B10,B11,B12}",12,40,0.2,"{""C"": 4, ""A"": 5, ""B"": 4}","{""C"": 6, ""A"": 7, ""B"": 6}",4,4
"{B01,B02,B04,B06,B07,B10}|{B03,B05,B08,B09,B11,B12}",12,40,0.2,"{""C"": 4, ""B"": 4, ""A"": 5}","{""C"": 6, ""B"": 6, ""A"": 7}",4,4
"{B01,B02,B04,B06,B07,B11}|{B03,B05,B08,B09,B10,B12}",12,40,0.2,"{""B"": 4, ""C"": 4, ""A"": 5}","{""B"": 6, ""C"": 6, ""A"": 7}",4,4
"{B01,B02,B06,B08,B10,B12}|{B03,B04,B05,B07,B09,B11}",12,40,0.2,"{""C"": 4, ""B"": 3, ""A"": 6}","{""C"": 6, ""B"": 5, ""A"": 8}",4,4
"{B01,B02,B06,B08,B11,B12}|{B03,B04,B05,B07,B09,B10}",12,40,0.2,"{""B"": 3, ""C"": 4, ""A"": 6}","{""B"": 5, ""C"": 6, ""A"": 8}",4,4
"{B01,B03,B06,B07,B09}|{B02,B04,B05,B08,B10,B11,B12}",12,40,0.2,"{""C"": 4, ""A"": 6, ""B"": 4}","{""C"": 6, ""A"": 7, ""B"": 5}",4,4
"{B01,B03,B06,B08,B09}|{B02,B04,B05,B07,B10,B11,B12}",12,40,0.2,"{""C"": 4, ""A"": 6, ""B"": 4}","{""C"": 6, ""A"": 7, ""B"": 5}",4,4
"{B01,B03,B06,B08,B10}|{B02,B04,B05,B07,B09,B11,B12}",12,40,0.2,"{""C"": 4, ""B"": 3, ""A"": 6}","{""C"": 6, ""B"": 6, ""A"": 7}",4,4
"{B01,B03,B06,B08,B11}|{B02,B04,B05,B07,B09,B10,B12}",12,40,0.2,"{""C"": 4, ""B"": 3, ""A"": 6}","{""C"": 6, ""B"": 6, ""A"": 7}",4,4
"{B01,B03,B06,B09,B11}|{B02,B04,B05,B07,B08,B10,B12}",12,40,0.2,"{""C"": 4, ""B"": 4, ""A"": 6}","{""C"": 6, ""B"": 5, ""A"": 7}",4,4
"{B01,B03,B08,B10,B11}|{B02,B04,B05,B06,B07,B09,B12}",12,40,0.2,"{""C"": 3, ""B"": 4, ""A"": 6}","{""C"": 5, ""B"": 7, ""A"": 7}",4,4
"{B01,B04,B06,B07,B08,B09,B11}|{B02,B03,B05,B10,B12}",12,40,0.2,"{""B"": 4, ""C"": 4, ""A"": 5}","{""B"": 6, ""C"": 6, ""A"": 7}",4,4
"{B01,B04,B06,B07,B08,B10,B11}|{B02,B03,B05,B09,B12}",12,40,0.2,"{""B"": 4, ""C"": 4, ""A"": 5}","{""B"": 6, ""C"": 6, ""A"": 7}",4,4
"{B01,B02,B06,B07,B08,B09}|{B03,B04,B05,B10,B11,B12}",12,40,0.4,"{""C"": 4, ""A"": 5, ""B"": 4}","{""C"": 6, ""A"": 7, ""B"": 6}",4,4
"{B01,B02,B06,B08,B10,B11}|{B03,B04,B05,B07,B09,B12}",12,40,0.4,"{""B"": 4, ""C"": 4, ""A"": 5}","{""B"": 6, ""C"": 6, ""A"": 7}",4,4
"{B01,B02,B04,B06,B07,B08,B09}|{B03,B05,B10,B11,B12}",12,40,0.4,"{""C"": 4, ""A"": 5, ""B"": 4}","{""C"": 6, ""A"": 7, ""B"": 6}",4,4
"{B01,B02,B04,B06,B08,B12}|{B03,B05,B07,B09,B10,B11}",12,40,0.4,"{""C"": 4, ""A"": 6, ""B"": 3}","{""C"": 6, ""A"": 8, ""B"": 5}",4,4
"{B01,B02,B04,B10,B11,B12}|{B03,B05,B06,B07,B08,B09}",12,40,0.4,"{""B"": 4, ""C"": 4, ""A"": 6}","{""B"": 5, ""C"": 5, ""A"": 8}",4,4
"{B01,B02,B06,B07,B08,B10,B11,B12}|{B03,B04,B05,B09}",12,40,0.4,"{""B"": 3, ""C"": 4, ""A"": 6}","{""B"": 5, ""C"": 6, ""A"": 8}",4,4
"{B01,B02,B06,B07,B08,B11,B12}|{B03,B04,B05,B09,B10}",12,40,0.4,"{""B"": 3, ""C"": 4, ""A"": 6}","{""B"": 5, ""C"": 6, ""A"": 8}",4,4
"{B01,B02,B06,B07,B09,B10,B12}|{B03,B04,B05,B08,B11}",12,40,0.4,"{""C"": 4, ""B"": 3, ""A"": 6}","{""C"": 6, ""B"": 5, ""A"": 8}",4,4
"{B01,B02,B06,B07,B09,B11,B12}|{B03,B04,B05,B08,B10}",12,40,0.4,"{""B"": 3, ""C"": 4, ""A"": 6}","{""B"": 5, ""C"": 6, ""A"": 8}",4,4
"{B01,B02,B06,B08,B09,B10,B12}|{B03,B04,B05,B07,B11}",12,40,0.4,"{""C"": 4, ""B"": 3, ""A"": 6}","{""C"": 6, ""B"": 5, ""A"": 8}",4,4
"{B01,B02,B06,B08,B09,B11,B12}|{B03,B04,B05,B07,B10}",12,40,0.4,"{""B"": 3, ""C"": 4, ""A"": 6}","{""B"": 5, ""C"": 6, ""A"": 8}",4,4
"{B01,B02,B06,B09,B10,B11,B12}|{B03,B04,B05,B07,B08}",12,40,0.4,"{""B"": 3, ""C"": 4, ""A"": 6}","{""B"": 5, ""C"": 6, ""A"": 8}",4,4
"{B01,B02,B07,B08,B10,B12}|{B03,B04,B05,B06,B09,B11}",12,40,0.4,"{""B"": 4, ""C"": 4, ""A"": 6}","{""B"": 5, ""C"": 5, ""A"": 8}",4,4
"{B01,B02,B07,B10,B11,B12}|{B03,B04,B05,B06,B08,B09}",12,40,0.4,"{""B"": 4, ""C"": 4, ""A"": 6}","{""B"": 5, ""C"": 5, ""A"": 8}",4,4
"{B01,B02,B08,B09,B10,B11,B12}|{B03,B04,B05,B06,B07}",12,40,0.4,"{""B"": 3, ""C"": 4, ""A"": 6}","{""B"": 6, ""C"": 5, ""A"": 8}",4,4
"{B01,B03,B04,B08,B10,B11}|{B02,B05,B06,B07,B09,B12}",12,40,0.4,"{""C"": 3, ""B"": 4, ""A"": 6}","{""C"": 5, ""B"": 7, ""A"": 7}",4,4
"{B01,B03,B06,B07,B08,B09,B10}|{B02,B04,B05,B11,B12}",12,40,0.4,"{""C"": 4, ""B"": 4, ""A"": 6}","{""C"": 6, ""B"": 5, ""A"": 7}",4,4
"{B01,B03,B06,B07,B09,B11}|{B02,B04,B05,B08,B10,B12}",12,40,0.4,"{""C"": 4, ""B"": 4, ""A"": 6}","{""C"": 6, ""B"": 5, ""A"": 7}",4,4
"{B01,B03,B06,B07,B10,B11}|{B02,B04,B05,B08,B09,B12}",12,40,0.4,"{""C"": 4, ""B"": 4, ""A"": 6}","{""C"": 6, ""B"": 5, ""A"": 7}",4,4
"{B01,B03,B06,B07,B12}|{B02,B04,B05,B08,B09,B10,B11}",12,40,0.4,"{""C"": 4, ""A"": 5, ""B"": 3}","{""C"": 6, ""A"": 8, ""B"": 6}",4,4
"{B01,B03,B06,B08,B09,B12}|{B02,B04,B05,B07,B10,B11}",12,40,0.4,"{""C"": 4, ""A"": 5, ""B"": 4}","{""C"": 6, ""A"": 8, ""B"": 5}",4,4
"{B01,B03,B06,B08,B10,B12}|{B02,B04,B05,B07,B09,B11}",12,40,0.4,"{""C"": 4, ""B"": 3, ""A"": 5}","{""C"": 6, ""B"": 6, ""A"": 8}",4,4
"{B01,B03,B06,B08,B11,B12}|{B02,B04,B05,B07,B09,B10}",12,40,0.4,"{""C"": 4, ""B"": 3, ""A"": 5}","{""C"": 6, ""B"": 6, ""A"": 8}",4,4
"{B01,B03,B08,B10,B11,B12}|{B02,B04,B05,B06,B07,B09}",12,40,0.4,"{""C"": 3, ""B"": 4, ""A"": 5}","{""C"": 5, ""B"": 7, ""A"": 8}",4,4
"{B01,B04,B07,B08,B09,B10,B11,B12}|{B02,B03,B05,B06}",12,40,0.4,"{""B"": 4, ""C"": 3, ""A"": 6}","{""B"": 6, ""C"": 5, ""A"": 8}",4,4
"{B01,B04,B07,B08,B09,B11,B12}|{B02,B03,B05,B06,B10}",12,40,0.4,"{""B"": 4, ""C"": 3, ""A"": 6}","{""B"": 6, ""C"": 5, ""A"": 8}",4,4
"{B01,B04,B07,B08,B10,B11,B12}|{B02,B03,B05,B06,B09}",12,40,0.4,"{""B"": 4, ""C"": 3, ""A"": 6}","{""B"": 6, ""C"": 5, ""A"": 8}",4,4
"{B01,B07,B08,B09,B10,B11,B12}|{B02,B03,B04,B05,B06}",12,40,0.4,"{""B"": 4, ""C"": 3, ""A"": 6}","{""B"": 6, ""C"": 5, ""A"": 8}",4,4
"{B01,B02,B04,B10,B12}|{B03,B05,B06,B07,B08,B09,B11}",12,40,0.6,"{""B"": 3, ""C"": 4, ""A"": 6}","{""B"": 6, ""C"": 5, ""A"": 8}",4,4
"{B01,B02,B05,B07}|{B03,B04,B06,B08,B09,B10,B11,B12}",12,40,0.6,"{""C"": 4, ""A"": 5, ""B"": 4}","{""C"": 4, ""A"": 7, ""B"": 8}",4,4
"{B01,B02,B06,B08,B12}|{B03,B04,B05,B07,B09,B10,B11}",12,40,0.6,"{""C"": 4, ""A"": 6, ""B"": 3}","{""C"": 6, ""A"": 8, ""B"": 5}",4,4
"{B01,B02,B06,B09,B12}|{B03,B04,B05,B07,B08,B10,B11}",12,40,0.6,"{""C"": 4, ""A"": 6, ""B"": 3}","{""C"": 6, ""A"": 8, ""B"": 5}",4,4
"{B01,B02,B06,B11,B12}|{B03,B04,B05,B07,B08,B09,B10}",12,40,0.6,"{""B"": 3, ""C"": 4, ""A"": 6}","{""B"": 5, ""C"": 6, ""A"": 8}",4,4
"{B01,B02,B08,B09,B12}|{B03,B04,B05,B06,B07,B10,B11}",12,40,0.6,"{""C"": 4, ""A"": 6, ""B"": 4}","{""C"": 5, ""A"": 8, ""B"": 5}",4,4
"{B01,B02,B10,B11,B12}|{B03,B04,B05,B06,B07,B08,B09}",12,40,0.6,"{""B"": 4, ""C"": 4, ""A"": 6}","{""B"": 5, ""C"": 5, ""A"": 8}",4,4
"{B01,B03,B06,B07}|{B02,B04,B05,B08,B09,B10,B11,B12}",12,40,0.6,"{""C"": 4, ""A"": 6, ""B"": 3}","{""C"": 6, ""A"": 7, ""B"": 6}",4,4
"{B01,B04,B06,B07,B08,B12}|{B02,B03,B05,B09,B10,B11}",12,40,0.6,"{""C"": 4, ""A"": 6, ""B"": 3}","{""C"": 6, ""A"": 8, ""B"": 5}",4,4
"{B01,B04,B06,B07,B10,B12}|{B02,B03,B05,B08,B09,B11}",12,40,0.6,"{""C"": 4, ""B"": 3, ""A"": 6}","{""C"": 6, ""B"": 5, ""A"": 8}",4,4
"{B01,B04,B06,B07,B11,B12}|{B02,B03,B05,B08,B09,B10}",12,40,0.6,"{""B"": 3, ""C"": 4, ""A"": 6}","{""B"": 5, ""C"": 6, ""A"": 8}",4,4
"{B01,B04,B06,B09,B10,B12}|{B02,B03,B05,B07,B08,B11}",12,40,0.6,"{""C"": 4, ""B"": 3, ""A"": 6}","{""C"": 6, ""B"": 5, ""A"": 8}",4,4
"{B01,B04,B08,B09,B10,B12}|{B02,B03,B05,B06,B07,B11}",12,40,0.6,"{""B"": 4, ""C"": 3, ""A"": 6}","{""B"": 6, ""C"": 5, ""A"": 8}",4,4
"{B01,B04,B08,B09,B11,B12}|{B02,B03,B05,B06,B07,B10}",12,40,0.6,"{""B"": 4, ""C"": 3, ""A"": 6}","{""B"": 6, ""C"": 5, ""A"": 8}",4,4
"{B01,B04,B09,B10,B11,B12}|{B02,B03,B05,B06,B07,B08}",12,40,0.6,"{""B"": 4, ""C"": 3, ""A"": 6}","{""B"": 6, ""C"": 5, ""A"": 8}",4,4
"{B01,B06,B07,B08,B09,B10,B11}|{B02,B03,B04,B05,B12}",12,40,0.6,"{""B"": 4, ""C"": 4, ""A"": 5}","{""B"": 6, ""C"": 6, ""A"": 7}",4,4
"{B01,B06,B07,B08,B10,B12}|{B02,B03,B04,B05,B09,B11}",12,40,0.6,"{""C"": 4, ""B"": 3, ""A"": 6}","{""C"": 6, ""B"": 5, ""A"": 8}",4,4
"{B01,B06,B07,B09,B10,B12}|{B02,B03,B04,B05,B08,B11}",12,40,0.6,"{""C"": 4, ""B"": 4, ""A"": 6}","{""C"": 6, ""B"": 4, ""A"": 8}",4,4
"{B01,B07,B08,B09,B11,B12}|{B02,B03,B04,B05,B06,B10}",12,40,0.6,"{""B"": 4, ""C"": 3, ""A"": 6}","{""B"": 6, ""C"": 5, ""A"": 8}",4,4
"{B01,B07,B08,B10,B11,B12}|{B02,B03,B04,B05,B06,B09}",12,40,0.6,"{""B"": 4, ""C"": 3, ""A"": 6}","{""B"": 6, ""C"": 5, ""A"": 8}",4,4
"{B01,B02,B03,B04,B05,B07}|{B06,B08,B09,B10,B11,B12}",12,40,0.8,"{""C"": 3, ""A"": 5, ""B"": 4}","{""C"": 5, ""A"": 7, ""B"": 8}",4,4
"{B01,B02,B03,B04,B06,B07,B12}|{B05,B08,B09,B10,B11}",12,40,0.8,"{""C"": 3, ""A"": 5, ""B"": 4}","{""C"": 5, ""A"": 8, ""B"": 7}",4,4
"{B01,B02,B03,B04,B06,B07}|{B05,B08,B09,B10,B11,B12}",12,40,0.8,"{""C"": 3, ""A"": 6, ""B"": 4}","{""C"": 5, ""A"": 7, ""B"": 7}",4,4
"{B01,B02,B03,B04,B07,B12}|{B05,B06,B08,B09,B10,B11}",12,40,0.8,"{""C"": 3, ""A"": 5, ""B"": 4}","{""C"": 5, ""A"": 8, ""B"": 7}",4,4
"{B01,B02,B03,B04,B07}|{B05,B06,B08,B09,B10,B11,B12}",12,40,0.8,"{""C"": 3, ""A"": 6, ""B"": 4}","{""C"": 5, ""A"": 7, ""B"": 7}",4,4
"{B01,B02,B03,B05,B06,B07}|{B04,B08,B09,B10,B11,B12}",12,40,0.8,"{""C"": 3, ""A"": 5, ""B"": 4}","{""C"": 5, ""A"": 7, ""B"": 8}",4,4
"{B01,B02,B03,B05,B07}|{B04,B06,B08,B09,B10,B11,B12}",12,40,0.8,"{""C"": 3, ""A"": 5, ""B"": 4}","{""C"": 5, ""A"": 7, ""B"": 8}",4,4
"{B01,B02,B03,B06,B07,B08,B09,B12}|{B04,B05,B10,B11}",12,40,0.8,"{""C"": 3, ""A"": 5, ""B"": 4}","{""C"": 6, ""A"": 8, ""B"": 6}",4,4
"{B01,B02,B03,B06,B07,B08,B09}|{B04,B05,B10,B11,B12}",12,40,0.8,"{""C"": 3, ""A"": 6, ""B"": 4}","{""C"": 6, ""A"": 7, ""B"": 6}",4,4
"{B01,B02,B03,B06,B07,B08,B12}|{B04,B05,B09,B10,B11}",12,40,0.8,"{""C"": 3, ""A"": 5, ""B"": 4}","{""C"": 6, ""A"": 8, ""B"": 6}",4,4
"{B01,B02,B03,B06,B07,B08}|{B04,B05,B09,B10,B11,B12}",12,40,0.8,"{""C"": 3, ""A"": 6, ""B"": 4}","{""C"": 6, ""A"": 7, ""B"": 6}",4,4
"{B01,B02,B03,B06,B07,B09,B12}|{B04,B05,B08,B10,B11}",12,40,0.8,"{""C"": 3, ""A"": 5, ""B"": 4}","{""C"": 6, ""A"": 8, ""B"": 6}",4,4
"{B01,B02,B03,B06,B07,B09}|{B04,B05,B08,B10,B11,B12}",12,40,0.8,"{""C"": 3, ""A"": 6, ""B"": 4}","{""C"": 6, ""A"": 7, ""B"": 6}",4,4
"{B01,B02,B03,B06,B07,B10,B12}|{B04,B05,B08,B09,B11}",12,40,0.8,"{""C"": 3, ""B"": 4, ""A"": 5}","{""C"": 6, ""B"": 6, ""A"": 8}",4,4
"{B01,B02,B03,B06,B07,B10}|{B04,B05,B08,B09,B11,B12}",12,40,0.8,"{""C"": 3, ""B"": 4, ""A"": 6}","{""C"": 6, ""B"": 6, ""A"": 7}",4,4
"{B01,B02,B03,B06,B07,B11,B12}|{B04,B05,B08,B09,B10}",12,40,0.8,"{""C"": 3, ""B"": 4, ""A"": 5}","{""C"": 6, ""B"": 6, ""A"": 8}",4,4
"{B01,B02,B03,B06,B07,B11}|{B04,B05,B08,B09,B10,B12}",12,40,0.8,"{""C"": 3, ""B"": 4, ""A"": 6}","{""C"": 6, ""B"": 6, ""A"": 7}",4,4
"{B01,B02,B03,B06,B08,B10,B11,B12}|{B04,B05,B07,B09}",12,40,0.8,"{""C"": 3, ""B"": 4, ""A"": 5}","{""C"": 6, ""B"": 6, ""A"": 8}",4,4
"{B01,B02,B03,B06,B08,B10,B11}|{B04,B05,B07,B09,B12}",12,40,0.8,"{""C"": 3, ""B"": 4, ""A"": 6}","{""C"": 6, ""B"": 6, ""A"": 7}",4,4
"{B01,B02,B03,B07,B12}|{B04,B05,B06,B08,B09,B10,B11}",12,40,0.8,"{""C"": 3, ""A"": 5, ""B"": 4}","{""C"": 5, ""A"": 8, ""B"": 7}",4,4
"{B01,B02,B04,B05,B06,B07}|{B03,B08,B09,B10,B11,B12}",12,40,0.8,"{""C"": 3, ""A"": 5, ""B"": 4}","{""C"": 5, ""A"": 7, ""B"": 8}",4,4
"{B01,B02,B04,B05,B07,B08}|{B03,B06,B09,B10,B11,B12}",12,40,0.8,"{""C"": 4, ""A"": 5, ""B"": 4}","{""C"": 5, ""A"": 7, ""B"": 7}",4,4
"{B01,B02,B04,B05,B07,B09}|{B03,B06,B08,B10,B11,B12}",12,40,0.8,"{""C"": 4, ""A"": 5, ""B"": 4}","{""C"": 5, ""A"": 7, ""B"": 7}",4,4
"{B01,B02,B04,B05,B07,B10}|{B03,B06,B08,B09,B11,B12}",12,40,0.8,"{""B"": 4, ""C"": 4, ""A"": 5}","{""B"": 7, ""C"": 5, ""A"": 7}",4,4
"{B01,B02,B04,B05,B07,B11}|{B03,B06,B08,B09,B10,B12}",12,40,0.8,"{""B"": 4, ""C"": 4, ""A"": 5}","{""B"": 7, ""C"": 5, ""A"": 7}",4,4
"{B01,B02,B04,B05,B07,B12}|{B03,B06,B08,B09,B10,B11}",12,40,0.8,"{""C"": 4, ""A"": 5, ""B"": 4}","{""C"": 5, ""A"": 6, ""B"": 8}",4,4
"{B01,B02,B04,B05,B10}|{B03,B06,B07,B08,B09,B11,B12}",12,40,0.8,"{""B"": 4, ""C"": 4, ""A"": 5}","{""B"": 7, ""C"": 5, ""A"": 7}",4,4
"{B01,B02,B04,B05}|{B03,B06,B07,B08,B09,B10,B11,B12}",12,40,0.8,"{""C"": 4, ""A"": 5, ""B"": 4}","{""C"": 5, ""A"": 7, ""B"": 7}",4,4
"{B01,B02,B04,B06,B07,B08,B09,B10,B12}|{B03,B05,B11}",12,40,0.8,"{""C"": 4, ""B"": 3, ""A"": 6}","{""C"": 6, ""B"": 5, ""A"": 8}",4,4
"{B01,B02,B04,B06,B07,B08,B09,B11,B12}|{B03,B05,B10}",12,40,0.8,"{""B"": 3, ""C"": 4, ""A"": 6}","{""B"": 5, ""C"": 6, ""A"": 8}",4,4
"{B01,B02,B04,B06,B07,B08,B10,B11,B12}|{B03,B05,B09}",12,40,0.8,"{""B"": 3, ""C"": 4, ""A"": 6}","{""B"": 5, ""C"": 6, ""A"": 8}",4,4
"{B01,B02,B04,B06,B07,B08,B11,B12}|{B03,B05,B09,B10}",12,40,0.8,"{""B"": 3, ""C"": 4, ""A"": 6}","{""B"": 5, ""C"": 6, ""A"": 8}",4,4
"{B01,B02,B04,B06,B07,B09,B10,B12}|{B03,B05,B08,B11}",12,40,0.8,"{""C"": 4, ""B"": 3, ""A"": 6}","{""C"": 6, ""B"": 5, ""A"": 8}",4,4
"{B01,B02,B04,B06,B07,B09,B11,B12}|{B03,B05,B08,B10}",12,40,0.8,"{""B"": 3, ""C"": 4, ""A"": 6}","{""B"": 5, ""C"": 6, ""A"": 8}",4,4
"{B01,B02,B04,B06,B08,B09,B10,B12}|{B03,B05,B07,B11}",12,40,0.8,"{""C"": 4, ""B"": 3, ""A"": 6}","{""C"": 6, ""B"": 5, ""A"": 8}",4,4
"{B01,B02,B04,B06,B08,B09,B11,B12}|{B03,B05,B07,B10}",12,40,0.8,"{""B"": 3, ""C"": 4, ""A"": 6}","{""B"": 5, ""C"": 6, ""A"": 8}",4,4
"{B01,B02,B04,B06,B08,B10,B12}|{B03,B05,B07,B09,B11}",12,40,0.8,"{""C"": 4, ""B"": 3, ""A"": 6}","{""C"": 6, ""B"": 5, ""A"": 8}",4,4
"{B01,B02,B04,B06,B08,B11,B12}|{B03,B05,B07,B09,B10}",12,40,0.8,"{""B"": 3, ""C"": 4, ""A"": 6}","{""B"": 5, ""C"": 6, ""A"": 8}",4,4
"{B01,B02,B04,B06,B09,B10,B11,B12}|{B03,B05,B07,B08}",12,40,0.8,"{""B"": 3, ""C"": 4, ""A"": 6}","{""B"": 5, ""C"": 6, ""A"": 8}",4,4
"{B01,B02,B04,B06,B09,B12}|{B03,B05,B07,B08,B10,B11}",12,40,0.8,"{""C"": 4, ""A"": 6, ""B"": 3}","{""C"": 6, ""A"": 8, ""B"": 5}",4,4
"{B01,B02,B04,B06,B11,B12}|{B03,B05,B07,B08,B09,B10}",12,40,0.8,"{""B"": 3, ""C"": 4, ""A"": 6}","{""B"": 5, ""C"": 6, ""A"": 8}",4,4
"{B01,B02,B04,B07,B08,B10,B12}|{B03,B05,B06,B09,B11}",12,40,0.8,"{""B"": 4, ""C"": 4, ""A"": 6}","{""B"": 5, ""C"": 5, ""A"": 8}",4,4
"{B01,B02,B04,B07,B10,B11,B12}|{B03,B05,B06,B08,B09}",12,40,0.8,"{""B"": 4, ""C"": 4, ""A"": 6}","{""B"": 5, ""C"": 5, ""A"": 8}",4,4
"{B01,B02,B04,B07}|{B03,B05,B06,B08,B09,B10,B11,B12}",12,40,0.8,"{""C"": 4, ""A"": 5, ""B"": 4}","{""C"": 5, ""A"": 7, ""B"": 7}",4,4
"{B01,B02,B04,B08,B09,B10,B11,B12}|{B03,B05,B06,B07}",12,40,0.8,"{""B"": 3, ""C"": 4, ""A"": 6}","{""B"": 6, ""C"": 5, ""A"": 8}",4,4
"{B01,B02,B04,B12}|{B03,B05,B06,B07,B08,B09,B10,B11}",12,40,0.8,"{""C"": 4, ""A"": 6, ""B"": 3}","{""C"": 5, ""A"": 8, ""B"": 6}",4,4
"{B01,B02,B05,B06,B07,B08}|{B03,B04,B09,B10,B11,B12}",12,40,0.8,"{""C"": 4, ""A"": 5, ""B"": 4}","{""C"": 5, ""A"": 7, ""B"": 7}",4,4
"{B01,B02,B05,B06,B07,B09}|{B03,B04,B08,B10,B11,B12}",12,40,0.8,"{""C"": 4, ""A"": 5, ""B"": 4}","{""C"": 5, ""A"": 7, ""B"": 7}",4,4
"{B01,B02,B05,B06,B07,B10}|{B03,B04,B08,B09,B11,B12}",12,40,0.8,"{""C"": 4, ""B"": 4, ""A"": 5}","{""C"": 5, ""B"": 7, ""A"": 7}",4,4
"{B01,B02,B05,B06,B07,B11}|{B03,B04,B08,B09,B10,B12}",12,40,0.8,"{""B"": 4, ""C"": 4, ""A"": 5}","{""B"": 7, ""C"": 5, ""A"": 7}",4,4
"{B01,B02,B05,B06,B07,B12}|{B03,B04,B08,B09,B10,B11}",12,40,0.8,"{""C"": 4, ""A"": 5, ""B"": 4}","{""C"": 5, ""A"": 6, ""B"": 8}",4,4
"{B01,B02,B05,B06,B10}|{B03,B04,B07,B08,B09,B11,B12}",12,40,0.8,"{""C"": 4, ""B"": 4, ""A"": 5}","{""C"": 5, ""B"": 7, ""A"": 7}",4,4
"{B01,B02,B05,B06}|{B03,B04,B07,B08,B09,B10,B11,B12}",12,40,0.8,"{""C"": 4, ""A"": 5, ""B"": 4}","{""C"": 5, ""A"": 7, ""B"": 7}",4,4
"{B01,B02,B06,B07,B08,B09,B10,B12}|{B03,B04,B05,B11}",12,40,0.8,"{""C"": 4, ""B"": 3, ""A"": 6}","{""C"": 6, ""B"": 5, ""A"": 8}",4,4
"{B01,B02,B06,B07,B08,B09,B11,B12}|{B03,B04,B05,B10}",12,40,0.8,"{""B"": 3, ""C"": 4, ""A"": 6}","{""B"": 5, ""C"": 6, ""A"": 8}",4,4
"{B01,B02,B06,B07,B08}|{B03,B04,B05,B09,B10,B11,B12}",12,40,0.8,"{""C"": 4, ""A"": 5, ""B"": 4}","{""C"": 6, ""A"": 7, ""B"": 6}",4,4
"{B01,B02,B06,B07,B09}|{B03,B04,B05,B08,B10,B11,B12}",12,40,0.8,"{""C"": 4, ""A"": 5, ""B"": 4}","{""C"": 6, ""A"": 7, ""B"": 6}",4,4
"{B01,B02,B06,B07,B10}|{B03,B04,B05,B08,B09,B11,B12}",12,40,0.8,"{""C"": 4, ""B"": 4, ""A"": 5}","{""C"": 6, ""B"": 6, ""A"": 7}",4,4
"{B01,B02,B06,B07,B11}|{B03,B04,B05,B08,B09,B10,B12}",12,40,0.8,"{""B"": 4, ""C"": 4, ""A"": 5}","{""B"": 6, ""C"": 6, ""A"": 7}",4,4
"{B01,B02,B07}|{B03,B04,B05,B06,B08,B09,B10,B11,B12}",12,40,0.8,"{""C"": 4, ""A"": 5, ""B"": 4}","{""C"": 5, ""A"": 7, ""B"": 7}",4,4
"{B01,B02,B10,B12}|{B03,B04,B05,B06,B07,B08,B09,B11}",12,40,0.8,"{""B"": 3, ""C"": 4, ""A"": 6}","{""B"": 6, ""C"": 5, ""A"": 8}",4,4
"{B01,B02,B12}|{B03,B04,B05,B06,B07,B08,B09,B10,B11}",12,40,0.8,"{""C"": 4, ""A"": 6, ""B"": 3}","{""C"": 5, ""A"": 8, ""B"": 6}",4,4
"{B01,B03,B04,B06,B08,B09,B10,B11,B12}|{B02,B05,B07}",12,40,0.8,"{""C"": 3, ""B"": 4, ""A"": 5}","{""C"": 5, ""B"": 7, ""A"": 8}",4,4
"{B01,B03,B04,B06,B08,B09,B10,B11}|{B02,B05,B07,B12}",12,40,0.8,"{""C"": 3, ""B"": 4, ""A"": 6}","{""C"": 5, ""B"": 7, ""A"": 7}",4,4
"{B01,B03,B04,B06,B08,B10,B11,B12}|{B02,B05,B07,B09}",12,40,0.8,"{""C"": 3, ""B"": 4, ""A"": 5}","{""C"": 5, ""B"": 7, ""A"": 8}",4,4
"{B01,B03,B04,B06,B08,B10,B11}|{B02,B05,B07,B09,B12}",12,40,0.8,"{""C"": 3, ""B"": 4, ""A"": 6}","{""C"": 5, ""B"": 7, ""A"": 7}",4,4
"{B01,B03,B04,B08,B09,B10,B11,B12}|{B02,B05,B06,B07}",12,40,0.8,"{""C"": 3, ""B"": 4, ""A"": 5}","{""C"": 5, ""B"": 7, ""A"": 8}",4,4
"{B01,B03,B04,B08,B09,B10,B11}|{B02,B05,B06,B07,B12}",12,40,0.8,"{""C"": 3, ""B"": 4, ""A"": 6}","{""C"": 5, ""B"": 7, ""A"": 7}",4,4
"{B01,B03,B04,B08,B10,B11,B12}|{B02,B05,B06,B07,B09}",12,40,0.8,"{""C"": 3, ""B"": 4, ""A"": 5}","{""C"": 5, ""B"": 7, ""A"": 8}",4,4
"{B01,B03,B05,B06,B07}|{B02,B04,B08,B09,B10,B11,B12}",12,40,0.8,"{""C"": 4, ""A"": 5, ""B"": 4}","{""C"": 5, ""A"": 7, ""B"": 7}",4,4
"{B01,B03,B05,B07}|{B02,B04,B06,B08,B09,B10,B11,B12}",12,40,0.8,"{""C"": 4, ""A"": 5, ""B"": 4}","{""C"": 5, ""A"": 7, ""B"": 7}",4,4
"{B01,B03,B06,B07,B08,B09,B10,B12}|{B02,B04,B05,B11}",12,40,0.8,"{""C"": 4, ""B"": 4, ""A"": 5}","{""C"": 6, ""B"": 5, ""A"": 8}",4,4
"{B01,B03,B06,B07,B08,B09,B12}|{B02,B04,B05,B10,B11}",12,40,0.8,"{""C"": 4, ""A"": 5, ""B"": 4}","{""C"": 6, ""A"": 8, ""B"": 5}",4,4
"{B01,B03,B06,B07,B08,B11,B12}|{B02,B04,B05,B09,B10}",12,40,0.8,"{""C"": 4, ""B"": 3, ""A"": 5}","{""C"": 6, ""B"": 6, ""A"": 8}",4,4
"{B01,B03,B06,B07,B09,B10,B11,B12}|{B02,B04,B05,B08}",12,40,0.8,"{""C"": 4, ""B"": 4, ""A"": 5}","{""C"": 6, ""B"": 5, ""A"": 8}",4,4
"{B01,B03,B06,B07,B09,B10,B11}|{B02,B04,B05,B08,B12}",12,40,0.8,"{""C"": 4, ""B"": 4, ""A"": 6}","{""C"": 6, ""B"": 5, ""A"": 7}",4,4
"{B01,B03,B06,B07,B09,B11,B12}|{B02,B04,B05,B08,B10}",12,40,0.8,"{""C"": 4, ""B"": 4, ""A"": 5}","{""C"": 6, ""B"": 5, ""A"": 8}",4,4
"{B01,B03,B06,B07,B09,B12}|{B02,B04,B05,B08,B10,B11}",12,40,0.8,"{""C"": 4, ""A"": 5, ""B"": 4}","{""C"": 6, ""A"": 8, ""B"": 5}",4,4
"{B01,B03,B06,B07,B10,B11,B12}|{B02,B04,B05,B08,B09}",12,40,0.8,"{""C"": 4, ""B"": 4, ""A"": 5}","{""C"": 6, ""B"": 5, ""A"": 8}",4,4
"{B01,B03,B06,B09,B11,B12}|{B02,B04,B05,B07,B08,B10}",12,40,0.8,"{""C"": 4, ""B"": 4, ""A"": 5}","{""C"": 6, ""B"": 5, ""A"": 8}",4,4
"{B01,B03,B08,B09,B10,B11,B12}|{B02,B04,B05,B06,B07}",12,40,0.8,"{""C"": 3, ""B"": 4, ""A"": 5}","{""C"": 5, ""B"": 7, ""A"": 8}",4,4
"{B01,B04,B06,B08,B09,B10}|{B02,B03,B05,B07,B11,B12}",12,40,0.8,"{""C"": 4, ""B"": 4, ""A"": 5}","{""C"": 6, ""B"": 6, ""A"": 7}",4,4
"{B01,B04,B06,B08,B09,B11}|{B02,B03,B05,B07,B10,B12}",12,40,0.8,"{""B"": 4, ""C"": 4, ""A"": 5}","{""B"": 6, ""C"": 6, ""A"": 7}",4,4
"{B01,B04,B06,B08,B12}|{B02,B03,B05,B07,B09,B10,B11}",12,40,0.8,"{""C"": 4, ""A"": 6, ""B"": 3}","{""C"": 6, ""A"": 8, ""B"": 5}",4,4
"{B01,B04,B06,B09,B10,B11}|{B02,B03,B05,B07,B08,B12}",12,40,0.8,"{""B"": 4, ""C"": 4, ""A"": 5}","{""B"": 6, ""C"": 6, ""A"": 7}",4,4
"{B01,B04,B06,B10,B11}|{B02,B03,B05,B07,B08,B09,B12}",12,40,0.8,"{""B"": 4, ""C"": 4, ""A"": 5}","{""B"": 6, ""C"": 6, ""A"": 7}",4,4
"{B01,B04,B06,B10,B12}|{B02,B03,B05,B07,B08,B09,B11}",12,40,0.8,"{""C"": 4, ""B"": 3, ""A"": 6}","{""C"": 6, ""B"": 5, ""A"": 8}",4,4
"{B01,B04,B06,B11,B12}|{B02,B03,B05,B07,B08,B09,B10}",12,40,0.8,"{""B"": 3, ""C"": 4, ""A"": 6}","{""B"": 5, ""C"": 6, ""A"": 8}",4,4
"{B01,B04,B06,B12}|{B02,B03,B05,B07,B08,B09,B10,B11}",12,40,0.8,"{""C"": 4, ""A"": 6, ""B"": 3}","{""C"": 6, ""A"": 8, ""B"": 5}",4,4
"{B01,B04,B10,B11,B12}|{B02,B03,B05,B06,B07,B08,B09}",12,40,0.8,"{""B"": 4, ""C"": 3, ""A"": 6}","{""B"": 6, ""C"": 5, ""A"": 8}",4,4
"{B01,B06,B07,B08,B09,B11}|{B02,B03,B04,B05,B10,B12}",12,40,0.8,"{""B"": 4, ""C"": 4, ""A"": 5}","{""B"": 6, ""C"": 6, ""A"": 7}",4,4
"{B01,B06,B07,B08,B10,B11}|{B02,B03,B04,B05,B09,B12}",12,40,0.8,"{""B"": 4, ""C"": 4, ""A"": 5}","{""B"": 6, ""C"": 6, ""A"": 7}",4,4
"{B01,B06,B07,B08,B12}|{B02,B03,B04,B05,B09,B10,B11}",12,40,0.8,"{""C"": 4, ""A"": 6, ""B"": 3}","{""C"": 6, ""A"": 8, ""B"": 5}",4,4
"{B01,B06,B07,B10,B12}|{B02,B03,B04,B05,B08,B09,B11}",12,40,0.8,"{""C"": 4, ""B"": 3, ""A"": 6}","{""C"": 6, ""B"": 5, ""A"": 8}",4,4
"{B01,B06,B07,B11,B12}|{B02,B03,B04,B05,B08,B09,B10}",12,40,0.8,"{""B"": 3, ""C"": 4, ""A"": 6}","{""B"": 5, ""C"": 6, ""A"": 8}",4,4
"{B01,B06,B08,B09,B10}|{B02,B03,B04,B05,B07,B11,B12}",12,40,0.8,"{""C"": 4, ""B"": 4, ""A"": 5}","{""C"": 6, ""B"": 6, ""A"": 7}",4,4
"{B01,B06,B08,B09,B11}|{B02,B03,B04,B05,B07,B10,B12}",12,40,0.8,"{""B"": 4, ""C"": 4, ""A"": 5}","{""B"": 6, ""C"": 6, ""A"": 7}",4,4
"{B01,B06,B08,B12}|{B02,B03,B04,B05,B07,B09,B10,B11}",12,40,0.8,"{""C"": 4, ""A"": 6, ""B"": 3}","{""C"": 6, ""A"": 8, ""B"": 5}",4,4
"{B01,B06,B09,B10,B11}|{B02,B03,B04,B05,B07,B08,B12}",12,40,0.8,"{""B"": 4, ""C"": 4, ""A"": 5}","{""B"": 6, ""C"": 6, ""A"": 7}",4,4
"{B01,B06,B09,B10,B12}|{B02,B03,B04,B05,B07,B08,B11}",12,40,0.8,"{""C"": 4, ""B"": 3, ""A"": 6}","{""C"": 6, ""B"": 5, ""A"": 8}",4,4
"{B01,B06,B10,B11}|{B02,B03,B04,B05,B07,B08,B09,B12}",12,40,0.8,"{""B"": 4, ""C"": 4, ""A"": 5}","{""B"": 6, ""C"": 6, ""A"": 7}",4,4
"{B01,B06,B10,B12}|{B02,B03,B04,B05,B07,B08,B09,B11}",12,40,0.8,"{""C"": 4, ""B"": 3, ""A"": 6}","{""C"": 6, ""B"": 5, ""A"": 8}",4,4
"{B01,B06,B11,B12}|{B02,B03,B04,B05,B07,B08,B09,B10}",12,40,0.8,"{""B"": 3, ""C"": 4, ""A"": 6}","{""B"": 5, ""C"": 6, ""A"": 8}",4,4
"{B01,B06,B12}|{B02,B03,B04,B05,B07,B08,B09,B10,B11}",12,40,0.8,"{""C"": 4, ""A"": 6, ""B"": 3}","{""C"": 6, ""A"": 8, ""B"": 5}",4,4
"{B01,B08,B09,B10,B12}|{B02,B03,B04,B05,B06,B07,B11}",12,40,0.8,"{""B"": 4, ""C"": 3, ""A"": 6}","{""B"": 6, ""C"": 5, ""A"": 8}",4,4
"{B01,B08,B09,B11,B12}|{B02,B03,B04,B05,B06,B07,B10}",12,40,0.8,"{""B"": 4, ""C"": 3, ""A"": 6}","{""B"": 6, ""C"": 5, ""A"": 8}",4,4
"{B01,B09,B10,B11,B12}|{B02,B03,B04,B05,B06,B07,B08}",12,40,0.8,"{""B"": 4, ""C"": 3, ""A"": 6}","{""B"": 6, ""C"": 5, ""A"": 8}",4,4
"{B01,B10,B11,B12}|{B02,B03,B04,B05,B06,B07,B08,B09}",12,40,0.8,"{""B"": 4, ""C"": 3, ""A"": 6}","{""B"": 6, ""C"": 5, ""A"": 8}",4,4
"{B01,B02,B04,B07,B08,B12}|{B03,B05,B06,B09,B10,B11}",13,41,0.0,"{""C"": 4, ""A"": 6, ""B"": 4}","{""C"": 5, ""A"": 8, ""B"": 6}",4,4
"{B01,B02,B04,B07,B10,B12}|{B03,B05,B06,B08,B09,B11}",13,41,0.0,"{""B"": 4, ""C"": 4, ""A"": 6}","{""B"": 6, ""C"": 5, ""A"": 8}",4,4
"{B01,B03,B06,B08,B09,B10}|{B02,B04,B05,B07,B11,B12}",13,41,0.0,"{""C"": 4, ""B"": 4, ""A"": 6}","{""C"": 6, ""B"": 6, ""A"": 7}",4,4
"{B01,B04,B06,B07,B08,B09,B12}|{B02,B03,B05,B10,B11}",13,41,0.0,"{""C"": 4, ""A"": 6, ""B"": 4}","{""C"": 6, ""A"": 8, ""B"": 5}",4,4
"{B01,B04,B06,B07,B08,B11,B12}|{B02,B03,B05,B09,B10}",13,41,0.0,"{""B"": 3, ""C"": 4, ""A"": 6}","{""B"": 6, ""C"": 6, ""A"": 8}",4,4
"{B01,B04,B06,B07,B10,B11,B12}|{B02,B03,B05,B08,B09}",13,41,0.0,"{""B"": 4, ""C"": 4, ""A"": 6}","{""B"": 5, ""C"": 6, ""A"": 8}",4,4
"{B01,B02,B06,B08,B09,B12}|{B03,B04,B05,B07,B10,B11}",13,41,0.2,"{""C"": 4, ""A"": 6, ""B"": 4}","{""C"": 6, ""A"": 8, ""B"": 5}",4,4
"{B01,B02,B06,B10,B11,B12}|{B03,B04,B05,B07,B08,B09}",13,41,0.2,"{""B"": 4, ""C"": 4, ""A"": 6}","{""B"": 5, ""C"": 6, ""A"": 8}",4,4
"{B01,B03,B06,B10,B11}|{B02,B04,B05,B07,B08,B09,B12}",13,41,0.2,"{""C"": 4, ""B"": 4, ""A"": 6}","{""C"": 6, ""B"": 6, ""A"": 7}",4,4
"{B01,B04,B06,B08,B09,B10,B11}|{B02,B03,B05,B07,B12}",13,41,0.2,"{""B"": 4, ""C"": 4, ""A"": 5}","{""B"": 7, ""C"": 6, ""A"": 7}",4,4
"{B01,B02,B04,B06,B12}|{B03,B05,B07,B08,B09,B10,B11}",13,41,0.4,"{""C"": 4, ""A"": 6, ""B"": 3}","{""C"": 6, ""A"": 8, ""B"": 6}",4,4
"{B01,B02,B04,B07,B11,B12}|{B03,B05,B06,B08,B09,B10}",13,41,0.4,"{""B"": 4, ""C"": 4, ""A"": 6}","{""B"": 6, ""C"": 5, ""A"": 8}",4,4
"{B01,B02,B06,B07,B08,B10,B12}|{B03,B04,B05,B09,B11}",13,41,0.4,"{""C"": 4, ""B"": 4, ""A"": 6}","{""C"": 6, ""B"": 5, ""A"": 8}",4,4
"{B01,B02,B06,B07,B10,B11,B12}|{B03,B04,B05,B08,B09}",13,41,0.4,"{""B"": 4, ""C"": 4, ""A"": 6}","{""B"": 5, ""C"": 6, ""A"": 8}",4,4
"{B01,B02,B07,B08,B09,B12}|{B03,B04,B05,B06,B10,B11}",13,41,0.4,"{""C"": 4, ""A"": 6, ""B"": 4}","{""C"": 5, ""A"": 8, ""B"": 6}",4,4
"{B01,B02,B08,B10,B11,B12}|{B03,B04,B05,B06,B07,B09}",13,41,0.4,"{""B"": 4, ""C"": 4, ""A"": 6}","{""B"": 6, ""C"": 5, ""A"": 8}",4,4
"{B01,B03,B06,B07,B08,B09,B11}|{B02,B04,B05,B10,B12}",13,41,0.4,"{""C"": 4, ""B"": 4, ""A"": 6}","{""C"": 6, ""B"": 6, ""A"": 7}",4,4
"{B01,B03,B06,B07,B08,B10,B11}|{B02,B04,B05,B09,B12}",13,41,0.4,"{""C"": 4, ""B"": 4, ""A"": 6}","{""C"": 6, ""B"": 6, ""A"": 7}",4,4
"{B01,B03,B06,B08,B09,B11}|{B02,B04,B05,B07,B10,B12}",13,41,0.4,"{""C"": 4, ""B"": 4, ""A"": 6}","{""C"": 6, ""B"": 6, ""A"": 7}",4,4
"{B01,B03,B06,B09,B10,B11}|{B02,B04,B05,B07,B08,B12}",13,41,0.4,"{""C"": 4, ""B"": 4, ""A"": 6}","{""C"": 6, ""B"": 6, ""A"": 7}",4,4
"{B01,B04,B06,B07,B08,B09,B10,B12}|{B02,B03,B05,B11}",13,41,0.4,"{""C"": 4, ""B"": 4, ""A"": 6}","{""C"": 6, ""B"": 5, ""A"": 8}",4,4
"{B01,B04,B06,B07,B09,B10,B11,B12}|{B02,B03,B05,B08}",13,41,0.4,"{""B"": 4, ""C"": 4, ""A"": 6}","{""B"": 5, ""C"": 6, ""A"": 8}",4,4
"{B01,B04,B06,B07,B09,B11,B12}|{B02,B03,B05,B08,B10}",13,41,0.4,"{""B"": 4, ""C"": 4, ""A"": 6}","{""B"": 5, ""C"": 6, ""A"": 8}",4,4
"{B01,B04,B08,B09,B10,B11,B12}|{B02,B03,B05,B06,B07}",13,41,0.4,"{""B"": 4, ""C"": 3, ""A"": 6}","{""B"": 7, ""C"": 5, ""A"": 8}",4,4
"{B01,B06,B07,B08,B09,B10,B12}|{B02,B03,B04,B05,B11}",13,41,0.4,"{""C"": 4, ""B"": 4, ""A"": 6}","{""C"": 6, ""B"": 5, ""A"": 8}",4,4
"{B01,B06,B07,B09,B10,B11,B12}|{B02,B03,B04,B05,B08}",13,41,0.4,"{""B"": 4, ""C"": 4, ""A"": 6}","{""B"": 5, ""C"": 6, ""A"": 8}",4,4
"{B01,B02,B04,B06,B07}|{B03,B05,B08,B09,B10,B11,B12}",13,41,0.6,"{""C"": 4, ""A"": 5, ""B"": 4}","{""C"": 6, ""A"": 7, ""B"": 7}",4,4
"{B01,B02,B06,B10,B12}|{B03,B04,B05,B07,B08,B09,B11}",13,41,0.6,"{""C"": 4, ""B"": 3, ""A"": 6}","{""C"": 6, ""B"": 6, ""A"": 8}",4,4
"{B01,B02,B07,B08,B12}|{B03,B04,B05,B06,B09,B10,B11}",13,41,0.6,"{""C"": 4, ""A"": 6, ""B"": 4}","{""C"": 5, ""A"": 8, ""B"": 6}",4,4
"{B01,B02,B07,B09,B12}|{B03,B04,B05,B06,B08,B10,B11}",13,41,0.6,"{""C"": 4, ""A"": 6, ""B"": 4}","{""C"": 5, ""A"": 8, ""B"": 6}",4,4
"{B01,B02,B07,B10,B12}|{B03,B04,B05,B06,B08,B09,B11}",13,41,0.6,"{""B"": 4, ""C"": 4, ""A"": 6}","{""B"": 6, ""C"": 5, ""A"": 8}",4,4
"{B01,B02,B07,B11,B12}|{B03,B04,B05,B06,B08,B09,B10}",13,41,0.6,"{""B"": 4, ""C"": 4, ""A"": 6}","{""B"": 6, ""C"": 5, ""A"": 8}",4,4
"{B01,B04,B06,B07,B09,B12}|{B02,B03,B05,B08,B10,B11}",13,41,0.6,"{""C"": 4, ""A"": 6, ""B"": 4}","{""C"": 6, ""A"": 8, ""B"": 5}",4,4
"{B01,B04,B06,B08,B09,B12}|{B02,B03,B05,B07,B10,B11}",13,41,0.6,"{""C"": 4, ""A"": 6, ""B"": 4}","{""C"": 6, ""A"": 8, ""B"": 5}",4,4
"{B01,B04,B06,B08,B10,B12}|{B02,B03,B05,B07,B09,B11}",13,41,0.6,"{""C"": 4, ""B"": 3, ""A"": 6}","{""C"": 6, ""B"": 6, ""A"": 8}",4,4
"{B01,B04,B06,B08,B11,B12}|{B02,B03,B05,B07,B09,B10}",13,41,0.6,"{""B"": 3, ""C"": 4, ""A"": 6}","{""B"": 6, ""C"": 6, ""A"": 8}",4,4
"{B01,B04,B06,B09,B11,B12}|{B02,B03,B05,B07,B08,B10}",13,41,0.6,"{""B"": 4, ""C"": 4, ""A"": 6}","{""B"": 5, ""C"": 6, ""A"": 8}",4,4
"{B01,B04,B08,B10,B11,B12}|{B02,B03,B05,B06,B07,B09}",13,41,0.6,"{""B"": 4, ""C"": 3, ""A"": 6}","{""B"": 7, ""C"": 5, ""A"": 8}",4,4
"{B01,B06,B07,B08,B09,B12}|{B02,B03,B04,B05,B10,B11}",13,41,0.6,"{""C"": 4, ""A"": 6, ""B"": 4}","{""C"": 6, ""A"": 8, ""B"": 5}",4,4
"{B01,B06,B07,B08,B11,B12}|{B02,B03,B04,B05,B09,B10}",13,41,0.6,"{""B"": 3, ""C"": 4, ""A"": 6}","{""B"": 6, ""C"": 6, ""A"": 8}",4,4
"{B01,B06,B07,B09,B11,B12}|{B02,B03,B04,B05,B08,B10}",13,41,0.6,"{""B"": 4, ""C"": 4, ""A"": 6}","{""B"": 5, ""C"": 6, ""A"": 8}",4,4
"{B01,B06,B07,B10,B11,B12}|{B02,B03,B04,B05,B08,B09}",13,41,0.6,"{""B"": 4, ""C"": 4, ""A"": 6}","{""B"": 5, ""C"": 6, ""A"": 8}",4,4
"{B01,B08,B09,B10,B11,B12}|{B02,B03,B04,B05,B06,B07}",13,41,0.6,"{""B"": 4, ""C"": 3, ""A"": 6}","{""B"": 7, ""C"": 5, ""A"": 8}",4,4
"{B01,B02,B03,B06,B07,B12}|{B04,B05,B08,B09,B10,B11}",13,41,0.8,"{""C"": 3, ""A"": 5, ""B"": 4}","{""C"": 6, ""A"": 8, ""B"": 7}",4,4
"{B01,B02,B03,B06,B07}|{B04,B05,B08,B09,B10,B11,B12}",13,41,0.8,"{""C"": 3, ""A"": 6, ""B"": 4}","{""C"": 6, ""A"": 7, ""B"": 7}",4,4
"{B01,B02,B04,B05,B07}|{B03,B06,B08,B09,B10,B11,B12}",13,41,0.8,"{""C"": 4, ""A"": 5, ""B"": 4}","{""C"": 5, ""A"": 7, ""B"": 8}",4,4
"{B01,B02,B04,B06,B07,B08,B10,B12}|{B03,B05,B09,B11}",13,41,0.8,"{""C"": 4, ""B"": 4, ""A"": 6}","{""C"": 6, ""B"": 5, ""A"": 8}",4,4
"{B01,B02,B04,B06,B07,B10,B11,B12}|{B03,B05,B08,B09}",13,41,0.8,"{""B"": 4, ""C"": 4, ""A"": 6}","{""B"": 5, ""C"": 6, ""A"": 8}",4,4
"{B01,B02,B04,B06,B08,B09,B10,B11,B12}|{B03,B05,B07}",13,41,0.8,"{""B"": 3, ""C"": 4, ""A"": 6}","{""B"": 6, ""C"": 6, ""A"": 8}",4,4
"{B01,B02,B04,B06,B08,B09,B12}|{B03,B05,B07,B10,B11}",13,41,0.8,"{""C"": 4, ""A"": 6, ""B"": 4}","{""C"": 6, ""A"": 8, ""B"": 5}",4,4
"{B01,B02,B04,B06,B10,B11,B12}|{B03,B05,B07,B08,B09}",13,41,0.8,"{""B"": 4, ""C"": 4, ""A"": 6}","{""B"": 5, ""C"": 6, ""A"": 8}",4,4
"{B01,B02,B04,B06,B10,B12}|{B03,B05,B07,B08,B09,B11}",13,41,0.8,"{""C"": 4, ""B"": 3, ""A"": 6}","{""C"": 6, ""B"": 6, ""A"": 8}",4,4
"{B01,B02,B04,B07,B08,B09,B12}|{B03,B05,B06,B10,B11}",13,41,0.8,"{""C"": 4, ""A"": 6, ""B"": 4}","{""C"": 5, ""A"": 8, ""B"": 6}",4,4
"{B01,B02,B04,B07,B09,B12}|{B03,B05,B06,B08,B10,B11}",13,41,0.8,"{""C"": 4, ""A"": 6, ""B"": 4}","{""C"": 5, ""A"": 8, ""B"": 6}",4,4
"{B01,B02,B04,B08,B10,B11,B12}|{B03,B05,B06,B07,B09}",13,41,0.8,"{""B"": 4, ""C"": 4, ""A"": 6}","{""B"": 6, ""C"": 5, ""A"": 8}",4,4
"{B01,B02,B05,B06,B07}|{B03,B04,B08,B09,B10,B11,B12}",13,41,0.8,"{""C"": 4, ""A"": 5, ""B"": 4}","{""C"": 5, ""A"": 7, ""B"": 8}",4,4
"{B01,B02,B06,B07}|{B03,B04,B05,B08,B09,B10,B11,B12}",13,41,0.8,"{""C"": 4, ""A"": 5, ""B"": 4}","{""C"": 6, ""A"": 7, ""B"": 7}",4,4
"{B01,B02,B06,B08,B09,B10,B11,B12}|{B03,B04,B05,B07}",13,41,0.8,"{""B"": 3, ""C"": 4, ""A"": 6}","{""B"": 6, ""C"": 6, ""A"": 8}",4,4
"{B01,B02,B06,B12}|{B03,B04,B05,B07,B08,B09,B10,B11}",13,41,0.8,"{""C"": 4, ""A"": 6, ""B"": 3}","{""C"": 6, ""A"": 8, ""B"": 6}",4,4
"{B01,B03,B06,B07,B08,B09,B10,B11,B12}|{B02,B04,B05}",13,41,0.8,"{""C"": 4, ""B"": 4, ""A"": 5}","{""C"": 6, ""B"": 6, ""A"": 8}",4,4
"{B01,B03,B06,B07,B08,B09,B10,B11}|{B02,B04,B05,B12}",13,41,0.8,"{""C"": 4, ""B"": 4, ""A"": 6}","{""C"": 6, ""B"": 6, ""A"": 7}",4,4
"{B01,B03,B06,B07,B08,B09,B11,B12}|{B02,B04,B05,B10}",13,41,0.8,"{""C"": 4, ""B"": 4, ""A"": 5}","{""C"": 6, ""B"": 6, ""A"": 8}",4,4
"{B01,B03,B06,B07,B08,B10,B11,B12}|{B02,B04,B05,B09}",13,41,0.8,"{""C"": 4, ""B"": 4, ""A"": 5}","{""C"": 6, ""B"": 6, ""A"": 8}",4,4
"{B01,B03,B06,B08,B09,B10,B12}|{B02,B04,B05,B07,B11}",13,41,0.8,"{""C"": 4, ""B"": 4, ""A"": 5}","{""C"": 6, ""B"": 6, ""A"": 8}",4,4
"{B01,B03,B06,B08,B09,B11,B12}|{B02,B04,B05,B07,B10}",13,41,0.8,"{""C"": 4, ""B"": 4, ""A"": 5}","{""C"": 6, ""B"": 6, ""A"": 8}",4,4
"{B01,B03,B06,B09,B10,B11,B12}|{B02,B04,B05,B07,B08}",13,41,0.8,"{""C"": 4, ""B"": 4, ""A"": 5}","{""C"": 6, ""B"": 6, ""A"": 8}",4,4
"{B01,B03,B06,B10,B11,B12}|{B02,B04,B05,B07,B08,B09}",13,41,0.8,"{""C"": 4, ""B"": 4, ""A"": 5}","{""C"": 6, ""B"": 6, ""A"": 8}",4,4
"{B01,B04,B06,B07,B12}|{B02,B03,B05,B08,B09,B10,B11}",13,41,0.8,"{""C"": 4, ""A"": 6, ""B"": 3}","{""C"": 6, ""A"": 8, ""B"": 6}",4,4
"{B01,B04,B06,B08,B10,B11}|{B02,B03,B05,B07,B09,B12}",13,41,0.8,"{""B"": 4, ""C"": 4, ""A"": 5}","{""B"": 7, ""C"": 6, ""A"": 7}",4,4
"{B01,B06,B07,B09,B12}|{B02,B03,B04,B05,B08,B10,B11}",13,41,0.8,"{""C"": 4, ""A"": 6, ""B"": 4}","{""C"": 6, ""A"": 8, ""B"": 5}",4,4
"{B01,B06,B07,B12}|{B02,B03,B04,B05,B08,B09,B10,B11}",13,41,0.8,"{""C"": 4, ""A"": 6, ""B"": 3}","{""C"": 6, ""A"": 8, ""B"": 6}",4,4
"{B01,B06,B08,B09,B10,B11}|{B02,B03,B04,B05,B07,B12}",13,41,0.8,"{""B"": 4, ""C"": 4, ""A"": 5}","{""B"": 7, ""C"": 6, ""A"": 7}",4,4
"{B01,B06,B08,B09,B12}|{B02,B03,B04,B05,B07,B10,B11}",13,41,0.8,"{""C"": 4, ""A"": 6, ""B"": 4}","{""C"": 6, ""A"": 8, ""B"": 5}",4,4
"{B01,B06,B08,B10,B11}|{B02,B03,B04,B05,B07,B09,B12}",13,41,0.8,"{""B"": 4, ""C"": 4, ""A"": 5}","{""B"": 7, ""C"": 6, ""A"": 7}",4,4
"{B01,B06,B08,B10,B12}|{B02,B03,B04,B05,B07,B09,B11}",13,41,0.8,"{""C"": 4, ""B"": 3, ""A"": 6}","{""C"": 6, ""B"": 6, ""A"": 8}",4,4
"{B01,B06,B08,B11,B12}|{B02,B03,B04,B05,B07,B09,B10}",13,41,0.8,"{""B"": 3, ""C"": 4, ""A"": 6}","{""B"": 6, ""C"": 6, ""A"": 8}",4,4
"{B01,B06,B09,B11,B12}|{B02,B03,B04,B05,B07,B08,B10}",13,41,0.8,"{""B"": 4, ""C"": 4, ""A"": 6}","{""B"": 5, ""C"": 6, ""A"": 8}",4,4
"{B01,B08,B10,B11,B12}|{B02,B03,B04,B05,B06,B07,B09}",13,41,0.8,"{""B"": 4, ""C"": 3, ""A"": 6}","{""B"": 7, ""C"": 5, ""A"": 8}",4,4
"{B01,B03,B06,B08,B10,B11}|{B02,B04,B05,B07,B09,B12}",14,42,0.0,"{""C"": 4, ""B"": 4, ""A"": 6}","{""C"": 6, ""B"": 7, ""A"": 7}",4,4
"{B01,B04,B06,B08,B09,B10,B12}|{B02,B03,B05,B07,B11}",14,42,0.0,"{""C"": 4, ""B"": 4, ""A"": 6}","{""C"": 6, ""B"": 6, ""A"": 8}",4,4
"{B01,B04,B06,B08,B09,B11,B12}|{B02,B03,B05,B07,B10}",14,42,0.0,"{""B"": 4, ""C"": 4, ""A"": 6}","{""B"": 6, ""C"": 6, ""A"": 8}",4,4
"{B01,B02,B06,B07,B08,B12}|{B03,B04,B05,B09,B10,B11}",14,42,0.2,"{""C"": 4, ""A"": 6, ""B"": 4}","{""C"": 6, ""A"": 8, ""B"": 6}",4,4
"{B01,B02,B06,B07,B09,B12}|{B03,B04,B05,B08,B10,B11}",14,42,0.2,"{""C"": 4, ""A"": 6, ""B"": 4}","{""C"": 6, ""A"": 8, ""B"": 6}",4,4
"{B01,B02,B06,B07,B10,B12}|{B03,B04,B05,B08,B09,B11}",14,42,0.2,"{""C"": 4, ""B"": 4, ""A"": 6}","{""C"": 6, ""B"": 6, ""A"": 8}",4,4
"{B01,B02,B06,B07,B11,B12}|{B03,B04,B05,B08,B09,B10}",14,42,0.2,"{""B"": 4, ""C"": 4, ""A"": 6}","{""B"": 6, ""C"": 6, ""A"": 8}",4,4
"{B01,B02,B06,B07,B08,B09,B12}|{B03,B04,B05,B10,B11}",14,42,0.4,"{""C"": 4, ""A"": 6, ""B"": 4}","{""C"": 6, ""A"": 8, ""B"": 6}",4,4
"{B01,B02,B06,B08,B10,B11,B12}|{B03,B04,B05,B07,B09}",14,42,0.4,"{""B"": 4, ""C"": 4, ""A"": 6}","{""B"": 6, ""C"": 6, ""A"": 8}",4,4
"{B01,B03,B06,B08,B09,B10,B11}|{B02,B04,B05,B07,B12}",14,42,0.4,"{""C"": 4, ""B"": 4, ""A"": 6}","{""C"": 6, ""B"": 7, ""A"": 7}",4,4
"{B01,B04,B06,B07,B08,B09,B11,B12}|{B02,B03,B05,B10}",14,42,0.4,"{""B"": 4, ""C"": 4, ""A"": 6}","{""B"": 6, ""C"": 6, ""A"": 8}",4,4
"{B01,B04,B06,B07,B08,B10,B11,B12}|{B02,B03,B05,B09}",14,42,0.4,"{""B"": 4, ""C"": 4, ""A"": 6}","{""B"": 6, ""C"": 6, ""A"": 8}",4,4
"{B01,B04,B06,B09,B10,B11,B12}|{B02,B03,B05,B07,B08}",14,42,0.4,"{""B"": 4, ""C"": 4, ""A"": 6}","{""B"": 6, ""C"": 6, ""A"": 8}",4,4
"{B01,B06,B07,B08,B09,B10,B11,B12}|{B02,B03,B04,B05}",14,42,0.4,"{""B"": 4, ""C"": 4, ""A"": 6}","{""B"": 6, ""C"": 6, ""A"": 8}",4,4
"{B01,B06,B07,B08,B09,B11,B12}|{B02,B03,B04,B05,B10}",14,42,0.4,"{""B"": 4, ""C"": 4, ""A"": 6}","{""B"": 6, ""C"": 6, ""A"": 8}",4,4
"{B01,B06,B07,B08,B10,B11,B12}|{B02,B03,B04,B05,B09}",14,42,0.4,"{""B"": 4, ""C"": 4, ""A"": 6}","{""B"": 6, ""C"": 6, ""A"": 8}",4,4
"{B01,B02,B04,B07,B12}|{B03,B05,B06,B08,B09,B10,B11}",14,42,0.6,"{""C"": 4, ""A"": 6, ""B"": 4}","{""C"": 5, ""A"": 8, ""B"": 7}",4,4
"{B01,B04,B06,B10,B11,B12}|{B02,B03,B05,B07,B08,B09}",14,42,0.6,"{""B"": 4, ""C"": 4, ""A"": 6}","{""B"": 6, ""C"": 6, ""A"": 8}",4,4
"{B01,B06,B08,B09,B10,B12}|{B02,B03,B04,B05,B07,B11}",14,42,0.6,"{""C"": 4, ""B"": 4, ""A"": 6}","{""C"": 6, ""B"": 6, ""A"": 8}",4,4
"{B01,B06,B08,B09,B11,B12}|{B02,B03,B04,B05,B07,B10}",14,42,0.6,"{""B"": 4, ""C"": 4, ""A"": 6}","{""B"": 6, ""C"": 6, ""A"": 8}",4,4
"{B01,B06,B09,B10,B11,B12}|{B02,B03,B04,B05,B07,B08}",14,42,0.6,"{""B"": 4, ""C"": 4, ""A"": 6}","{""B"": 6, ""C"": 6, ""A"": 8}",4,4
"{B01,B02,B04,B06,B07,B08,B09,B12}|{B03,B05,B10,B11}",14,42,0.8,"{""C"": 4, ""A"": 6, ""B"": 4}","{""C"": 6, ""A"": 8, ""B"": 6}",4,4
"{B01,B02,B04,B06,B07,B08,B12}|{B03,B05,B09,B10,B11}",14,42,0.8,"{""C"": 4, ""A"": 6, ""B"": 4}","{""C"": 6, ""A"": 8, ""B"": 6}",4,4
"{B01,B02,B04,B06,B07,B09,B12}|{B03,B05,B08,B10,B11}",14,42,0.8,"{""C"": 4, ""A"": 6, ""B"": 4}","{""C"": 6, ""A"": 8, ""B"": 6}",4,4
"{B01,B02,B04,B06,B07,B10,B12}|{B03,B05,B08,B09,B11}",14,42,0.8,"{""C"": 4, ""B"": 4, ""A"": 6}","{""C"": 6, ""B"": 6, ""A"": 8}",4,4
"{B01,B02,B04,B06,B07,B11,B12}|{B03,B05,B08,B09,B10}",14,42,0.8,"{""B"": 4, ""C"": 4, ""A"": 6}","{""B"": 6, ""C"": 6, ""A"": 8}",4,4
"{B01,B02,B04,B06,B08,B10,B11,B12}|{B03,B05,B07,B09}",14,42,0.8,"{""B"": 4, ""C"": 4, ""A"": 6}","{""B"": 6, ""C"": 6, ""A"": 8}",4,4
"{B01,B02,B07,B12}|{B03,B04,B05,B06,B08,B09,B10,B11}",14,42,0.8,"{""C"": 4, ""A"": 6, ""B"": 4}","{""C"": 5, ""A"": 8, ""B"": 7}",4,4
"{B01,B03,B06,B08,B09,B10,B11,B12}|{B02,B04,B05,B07}",14,42,0.8,"{""C"": 4, ""B"": 4, ""A"": 5}","{""C"": 6, ""B"": 7, ""A"": 8}",4,4
"{B01,B03,B06,B08,B10,B11,B12}|{B02,B04,B05,B07,B09}",14,42,0.8,"{""C"": 4, ""B"": 4, ""A"": 5}","{""C"": 6, ""B"": 7, ""A"": 8}",4,4
"{B01,B04,B06,B07,B08,B09,B10,B11,B12}|{B02,B03,B05}",14,42,0.8,"{""B"": 4, ""C"": 4, ""A"": 6}","{""B"": 6, ""C"": 6, ""A"": 8}",4,4
"{B01,B06,B10,B11,B12}|{B02,B03,B04,B05,B07,B08,B09}",14,42,0.8,"{""B"": 4, ""C"": 4, ""A"": 6}","{""B"": 6, ""C"": 6, ""A"": 8}",4,4
"{B01,B04,B06,B08,B10,B11,B12}|{B02,B03,B05,B07,B09}",15,43,0.0,"{""B"": 4, ""C"": 4, ""A"": 6}","{""B"": 7, ""C"": 6, ""A"": 8}",4,4
"{B01,B04,B06,B08,B09,B10,B11,B12}|{B02,B03,B05,B07}",15,43,0.4,"{""B"": 4, ""C"": 4, ""A"": 6}","{""B"": 7, ""C"": 6, ""A"": 8}",4,4
"{B01,B06,B08,B09,B10,B11,B12}|{B02,B03,B04,B05,B07}",15,43,0.4,"{""B"": 4, ""C"": 4, ""A"": 6}","{""B"": 7, ""C"": 6, ""A"": 8}",4,4
"{B01,B02,B06,B07,B12}|{B03,B04,B05,B08,B09,B10,B11}",15,43,0.6,"{""C"": 4, ""A"": 6, ""B"": 4}","{""C"": 6, ""A"": 8, ""B"": 7}",4,4
"{B01,B06,B08,B10,B11,B12}|{B02,B03,B04,B05,B07,B09}",15,43,0.6,"{""B"": 4, ""C"": 4, ""A"": 6}","{""B"": 7, ""C"": 6, ""A"": 8}",4,4
"{B01,B02,B04,B06,B07,B12}|{B03,B05,B08,B09,B10,B11}",15,43,0.8,"{""C"": 4, ""A"": 6, ""B"": 4}","{""C"": 6, ""A"": 8, ""B"": 7}",4,4
