partition,gap,total_resources,imbalance,drones,batteries,relay_drones,relay_modules
"{B01,B02,B03,B04,B05,B06,B09,B10,B11,B12}|{B07}|{B08}",4,32,1.0,"{""C"": 2, ""B"": 4, ""A"": 4}","{""C"": 4, ""B"": 5, ""A"": 6}",3,4
"{B01,B02,B03,B04,B05,B06,B07,B09,B10,B11}|{B08}|{B12}",5,33,1.0,"{""C"": 2, ""B"": 3, ""A"": 5}","{""C"": 4, ""B"": 5, ""A"": 7}",3,4
"{B01,B02,B03,B04,B05,B06,B07,B09,B10,B12}|{B08}|{B11}",5,33,1.0,"{""C"": 2, ""B"": 4, ""A"": 4}","{""C"": 4, ""B"": 6, ""A"": 6}",3,4
"{B01,B02,B03,B04,B05,B06,B07,B09,B11,B12}|{B08}|{B10}",5,33,1.0,"{""C"": 2, ""B"": 4, ""A"": 4}","{""C"": 4, ""B"": 6, ""A"": 6}",3,4
"{B01,B02,B03,B04,B05,B06,B07,B10,B11,B12}|{B08}|{B09}",5,33,1.0,"{""C"": 2, ""B"": 4, ""A"": 4}","{""C"": 4, ""B"": 6, ""A"": 6}",3,4
"{B01,B02,B03,B04,B05,B07,B09,B10,B11,B12}|{B06}|{B08}",5,33,1.0,"{""C"": 3, ""B"": 3, ""A"": 4}","{""C"": 5, ""B"": 5, ""A"": 6}",3,4
"{B01,B03,B04,B05,B06,B07,B09,B10,B11,B12}|{B02}|{B08}",5,33,1.0,"{""C"": 3, ""B"": 4, ""A"": 4}","{""C"": 4, ""B"": 5, ""A"": 6}",3,4
"{B01,B02,B03,B04,B05,B06,B08,B10,B11,B12}|{B07}|{B09}",5,34,0.99621,"{""C"": 2, ""B"": 4, ""A"": 4}","{""C"": 4, ""B"": 5, ""A"": 6}",4,5
"{B01,B02,B03,B04,B05,B06,B08,B09,B10,B12}|{B07}|{B11}",5,34,0.998366,"{""C"": 2, ""B"": 4, ""A"": 4}","{""C"": 4, ""B"": 5, ""A"": 6}",4,5
"{B01,B02,B03,B04,B05,B06,B08,B09,B11,B12}|{B07}|{B10}",5,34,1.0,"{""C"": 2, ""B"": 4, ""A"": 4}","{""C"": 4, ""B"": 5, ""A"": 6}",4,5
"{B01,B02,B03,B04,B05,B06,B09,B11,B12}|{B07,B10}|{B08}",5,34,1.0,"{""C"": 2, ""B"": 4, ""A"": 4}","{""C"": 4, ""B"": 5, ""A"": 6}",4,5
"{B01,B02,B03,B04,B05,B06,B07,B11,B12}|{B08}|{B09,B10}",6,34,1.0,"{""C"": 2, ""B"": 4, ""A"": 4}","{""C"": 4, ""B"": 7, ""A"": 6}",3,4
"{B01,B02,B03,B04,B05,B06,B09,B10,B11}|{B07,B12}|{B08}",6,34,1.0,"{""C"": 2, ""B"": 4, ""A"": 5}","{""C"": 4, ""B"": 5, ""A"": 7}",3,4
"{B01,B02,B03,B04,B05,B09,B10,B11,B12}|{B06,B07}|{B08}",6,34,1.0,"{""C"": 3, ""B"": 4, ""A"": 4}","{""C"": 5, ""B"": 5, ""A"": 6}",3,4
"{B01,B02,B03,B05,B06,B07,B09,B10,B11,B12}|{B04}|{B08}",6,34,1.0,"{""C"": 3, ""B"": 3, ""A"": 4}","{""C"": 5, ""B"": 5, ""A"": 6}",4,4
"{B01,B02,B03,B05,B07,B09,B10,B11,B12}|{B04,B06}|{B08}",6,34,1.0,"{""C"": 3, ""B"": 3, ""A"": 4}","{""C"": 5, ""B"": 5, ""A"": 6}",4,4
"{B01,B02,B04,B05,B06,B07,B09,B10,B11,B12}|{B03}|{B08}",6,34,1.0,"{""B"": 3, ""C"": 3, ""A"": 5}","{""B"": 5, ""C"": 5, ""A"": 6}",3,4
"{B01,B03,B04,B05,B07,B09,B10,B11,B12}|{B02,B06}|{B08}",6,34,1.0,"{""C"": 3, ""B"": 4, ""A"": 4}","{""C"": 5, ""B"": 5, ""A"": 6}",3,4
"{B01,B02,B03,B04,B05,B06,B08,B11,B12}|{B07}|{B09,B10}",6,35,0.964792,"{""C"": 2, ""B"": 4, ""A"": 4}","{""C"": 4, ""B"": 6, ""A"": 6}",4,5
"{B01,B02,B03,B04,B05,B06,B09,B10,B12}|{B07}|{B08,B11}",6,35,0.971162,"{""C"": 2, ""B"": 4, ""A"": 4}","{""C"": 4, ""B"": 6, ""A"": 6}",4,5
"{B01,B02,B03,B04,B05,B06,B09,B11,B12}|{B07}|{B08,B10}",6,35,0.97399,"{""C"": 2, ""B"": 4, ""A"": 4}","{""C"": 4, ""B"": 6, ""A"": 6}",4,5
"{B01,B02,B03,B04,B05,B06,B09,B10,B11}|{B07,B08}|{B12}",6,35,0.991176,"{""C"": 2, ""B"": 3, ""A"": 5}","{""C"": 4, ""B"": 5, ""A"": 7}",4,5
"{B01,B02,B03,B04,B05,B07,B08,B09,B10,B11}|{B06}|{B12}",6,35,0.994203,"{""C"": 3, ""B"": 2, ""A"": 5}","{""C"": 5, ""B"": 4, ""A"": 7}",4,5
"{B01,B02,B03,B04,B05,B09,B10,B11,B12}|{B06}|{B07,B08}",6,35,0.99922,"{""C"": 3, ""B"": 3, ""A"": 4}","{""C"": 5, ""B"": 5, ""A"": 6}",4,5
"{B01,B02,B03,B04,B05,B07,B08,B10,B11,B12}|{B06}|{B09}",6,35,0.999926,"{""C"": 3, ""B"": 3, ""A"": 4}","{""C"": 5, ""B"": 5, ""A"": 6}",4,5
"{B01,B02,B03,B04,B05,B06,B07,B08,B09,B10}|{B11}|{B12}",6,35,1.0,"{""C"": 2, ""B"": 3, ""A"": 5}","{""C"": 4, ""B"": 5, ""A"": 7}",4,5
"{B01,B02,B03,B04,B05,B06,B07,B08,B09,B11}|{B10}|{B12}",6,35,1.0,"{""C"": 2, ""B"": 3, ""A"": 5}","{""C"": 4, ""B"": 5, ""A"": 7}",4,5
"{B01,B02,B03,B04,B05,B06,B07,B08,B09,B12}|{B10}|{B11}",6,35,1.0,"{""C"": 2, ""A"": 4, ""B"": 4}","{""C"": 4, ""A"": 6, ""B"": 6}",4,5
"{B01,B02,B03,B04,B05,B06,B07,B08,B10,B11}|{B09}|{B12}",6,35,1.0,"{""C"": 2, ""B"": 3, ""A"": 5}","{""C"": 4, ""B"": 5, ""A"": 7}",4,5
"{B01,B02,B03,B04,B05,B06,B07,B08,B10,B12}|{B09}|{B11}",6,35,1.0,"{""C"": 2, ""B"": 4, ""A"": 4}","{""C"": 4, ""B"": 6, ""A"": 6}",4,5
"{B01,B02,B03,B04,B05,B06,B07,B08,B11,B12}|{B09}|{B10}",6,35,1.0,"{""C"": 2, ""B"": 4, ""A"": 4}","{""C"": 4, ""B"": 6, ""A"": 6}",4,5
"{B01,B02,B03,B04,B05,B06,B08,B09,B10,B11}|{B07}|{B12}",6,35,1.0,"{""C"": 2, ""B"": 3, ""A"": 5}","{""C"": 4, ""B"": 5, ""A"": 7}",4,5
"{B01,B02,B03,B04,B05,B06,B09,B10,B12}|{B07,B08}|{B11}",6,35,1.0,"{""C"": 2, ""B"": 4, ""A"": 4}","{""C"": 4, ""B"": 6, ""A"": 6}",4,5
"{B01,B02,B03,B04,B05,B06,B09,B11,B12}|{B07,B08}|{B10}",6,35,1.0,"{""C"": 2, ""B"": 4, ""A"": 4}","{""C"": 4, ""B"": 6, ""A"": 6}",4,5
"{B01,B02,B03,B04,B05,B06,B10,B11,B12}|{B07,B08}|{B09}",6,35,1.0,"{""C"": 2, ""B"": 4, ""A"": 4}","{""C"": 4, ""B"": 6, ""A"": 6}",4,5
"{B01,B02,B03,B04,B05,B06,B09,B10,B12}|{B07,B11}|{B08}",6,35,1.0,"{""C"": 2, ""B"": 4, ""A"": 4}","{""C"": 4, ""B"": 6, ""A"": 6}",4,5
"{B01,B02,B03,B04,B05,B07,B08,B09,B10,B12}|{B06}|{B11}",6,35,1.0,"{""C"": 3, ""B"": 3, ""A"": 4}","{""C"": 5, ""B"": 5, ""A"": 6}",4,5
"{B01,B02,B03,B04,B05,B07,B08,B09,B11,B12}|{B06}|{B10}",6,35,1.0,"{""C"": 3, ""B"": 3, ""A"": 4}","{""C"": 5, ""B"": 5, ""A"": 6}",4,5
"{B01,B02,B03,B04,B05,B08,B09,B10,B11,B12}|{B06}|{B07}",6,35,1.0,"{""C"": 3, ""B"": 3, ""A"": 4}","{""C"": 5, ""B"": 5, ""A"": 6}",4,5
"{B01,B02,B03,B05,B07,B08,B09,B10,B11,B12}|{B04}|{B06}",6,35,1.0,"{""C"": 4, ""B"": 2, ""A"": 4}","{""C"": 5, ""B"": 4, ""A"": 6}",5,5
"{B01,B02,B04,B05,B06,B07,B08,B09,B10,B11}|{B03}|{B12}",6,35,1.0,"{""B"": 2, ""C"": 3, ""A"": 5}","{""B"": 4, ""C"": 5, ""A"": 7}",4,5
"{B01,B02,B04,B05,B07,B08,B09,B10,B11,B12}|{B03}|{B06}",6,35,1.0,"{""B"": 2, ""C"": 4, ""A"": 5}","{""B"": 4, ""C"": 5, ""A"": 6}",4,5
"{B01,B03,B04,B05,B06,B07,B08,B09,B10,B12}|{B02}|{B11}",6,35,1.0,"{""C"": 3, ""B"": 4, ""A"": 4}","{""C"": 4, ""B"": 5, ""A"": 6}",4,5
"{B01,B03,B04,B05,B06,B07,B08,B10,B11,B12}|{B02}|{B09}",6,35,1.0,"{""C"": 3, ""B"": 4, ""A"": 4}","{""C"": 4, ""B"": 5, ""A"": 6}",4,5
"{B01,B03,B04,B05,B06,B07,B09,B10,B12}|{B02,B11}|{B08}",6,35,1.0,"{""C"": 3, ""B"": 4, ""A"": 4}","{""C"": 4, ""B"": 5, ""A"": 6}",4,5
"{B01,B03,B04,B05,B06,B07,B09,B11,B12}|{B02,B10}|{B08}",6,35,1.0,"{""C"": 3, ""B"": 4, ""A"": 4}","{""C"": 4, ""B"": 5, ""A"": 6}",4,5
"{B01,B02,B03,B04,B05,B06,B08,B09,B11}|{B07,B10}|{B12}",6,36,0.992509,"{""C"": 2, ""B"": 3, ""A"": 5}","{""C"": 4, ""B"": 4, ""A"": 7}",5,6
"{B01,B02,B03,B04,B05,B06,B08,B09,B12}|{B07,B10}|{B11}",6,36,1.0,"{""C"": 2, ""A"": 4, ""B"": 4}","{""C"": 4, ""A"": 6, ""B"": 5}",5,6
"{B01,B02,B03,B04,B05,B06,B08,B11,B12}|{B07,B10}|{B09}",6,36,1.0,"{""C"": 2, ""B"": 4, ""A"": 4}","{""C"": 4, ""B"": 5, ""A"": 6}",5,6
"{B01,B02,B03,B04,B05,B08,B09,B11,B12}|{B06}|{B07,B10}",6,36,1.0,"{""C"": 3, ""B"": 3, ""A"": 4}","{""C"": 5, ""B"": 4, ""A"": 6}",5,6
"{B01,B02,B03,B04,B05,B06,B07,B09,B12}|{B08}|{B10,B11}",7,35,1.0,"{""C"": 2, ""A"": 4, ""B"": 5}","{""C"": 4, ""A"": 6, ""B"": 7}",3,4
"{B01,B02,B03,B04,B05,B06,B07,B10,B12}|{B08}|{B09,B11}",7,35,1.0,"{""C"": 2, ""B"": 5, ""A"": 4}","{""C"": 4, ""B"": 7, ""A"": 6}",3,4
"{B01,B02,B03,B04,B05,B07,B09,B10,B11}|{B06,B12}|{B08}",7,35,1.0,"{""C"": 3, ""B"": 3, ""A"": 5}","{""C"": 5, ""B"": 5, ""A"": 7}",3,4
"{B01,B02,B03,B05,B06,B09,B10,B11,B12}|{B04,B07}|{B08}",7,35,1.0,"{""C"": 3, ""B"": 4, ""A"": 4}","{""C"": 5, ""B"": 5, ""A"": 6}",4,4
"{B01,B02,B03,B05,B09,B10,B11,B12}|{B04,B06,B07}|{B08}",7,35,1.0,"{""C"": 3, ""B"": 4, ""A"": 4}","{""C"": 5, ""B"": 5, ""A"": 6}",4,4
"{B01,B02,B04,B05,B06,B07,B09,B10,B11}|{B03,B12}|{B08}",7,35,1.0,"{""B"": 3, ""C"": 3, ""A"": 5}","{""B"": 5, ""C"": 5, ""A"": 7}",3,4
"{B01,B02,B04,B05,B06,B09,B10,B11,B12}|{B03,B07}|{B08}",7,35,1.0,"{""B"": 4, ""C"": 3, ""A"": 5}","{""B"": 5, ""C"": 5, ""A"": 6}",3,4
"{B01,B02,B04,B05,B07,B09,B10,B11,B12}|{B03,B06}|{B08}",7,35,1.0,"{""B"": 3, ""C"": 4, ""A"": 5}","{""B"": 5, ""C"": 5, ""A"": 6}",3,4
"{B01,B02,B05,B07,B09,B10,B11,B12}|{B03,B04,B06}|{B08}",7,35,1.0,"{""B"": 3, ""C"": 4, ""A"": 5}","{""B"": 5, ""C"": 4, ""A"": 6}",4,4
"{B01,B03,B04,B05,B06,B07,B09,B10,B11}|{B02,B12}|{B08}",7,35,1.0,"{""C"": 3, ""B"": 4, ""A"": 5}","{""C"": 4, ""B"": 5, ""A"": 7}",3,4
"{B01,B03,B04,B05,B06,B09,B10,B11,B12}|{B02,B07}|{B08}",7,35,1.0,"{""C"": 3, ""B"": 5, ""A"": 4}","{""C"": 4, ""B"": 6, ""A"": 6}",3,4
"{B01,B04,B05,B06,B07,B09,B10,B11,B12}|{B02,B03}|{B08}",7,35,1.0,"{""B"": 4, ""C"": 3, ""A"": 5}","{""B"": 5, ""C"": 5, ""A"": 6}",3,4
"{B01,B04,B05,B07,B09,B10,B11,B12}|{B02,B03,B06}|{B08}",7,35,1.0,"{""B"": 4, ""C"": 3, ""A"": 5}","{""B"": 5, ""C"": 5, ""A"": 6}",3,4
"{B01,B05,B07,B09,B10,B11,B12}|{B02,B03,B04,B06}|{B08}",7,35,1.0,"{""B"": 4, ""C"": 3, ""A"": 5}","{""B"": 5, ""C"": 4, ""A"": 6}",4,4
"{B01,B02,B03,B04,B05,B06,B08,B10,B12}|{B07}|{B09,B11}",7,36,0.961841,"{""C"": 2, ""B"": 5, ""A"": 4}","{""C"": 4, ""B"": 6, ""A"": 6}",4,5
"{B01,B02,B03,B04,B05,B06,B08,B09,B12}|{B07}|{B10,B11}",7,36,0.96708,"{""C"": 2, ""A"": 4, ""B"": 5}","{""C"": 4, ""A"": 6, ""B"": 6}",4,5
"{B01,B02,B03,B04,B05,B06,B10,B11,B12}|{B07}|{B08,B09}",7,36,0.968926,"{""C"": 2, ""B"": 5, ""A"": 4}","{""C"": 4, ""B"": 6, ""A"": 6}",4,5
"{B01,B02,B03,B04,B05,B07,B08,B11,B12}|{B06}|{B09,B10}",7,36,0.976133,"{""C"": 3, ""B"": 3, ""A"": 4}","{""C"": 5, ""B"": 6, ""A"": 6}",4,5
"{B01,B02,B05,B06,B07,B08,B09,B10,B11,B12}|{B03}|{B04}",7,36,0.978847,"{""B"": 2, ""C"": 4, ""A"": 5}","{""B"": 4, ""C"": 5, ""A"": 6}",5,5
"{B01,B02,B05,B07,B08,B09,B10,B11,B12}|{B03}|{B04,B06}",7,36,0.978847,"{""B"": 2, ""C"": 4, ""A"": 5}","{""B"": 4, ""C"": 5, ""A"": 6}",5,5
"{B01,B02,B03,B04,B05,B07,B09,B10,B12}|{B06}|{B08,B11}",7,36,0.981982,"{""C"": 3, ""B"": 3, ""A"": 4}","{""C"": 5, ""B"": 6, ""A"": 6}",4,5
"{B01,B02,B03,B05,B06,B07,B08,B09,B10,B11}|{B04}|{B12}",7,36,0.982626,"{""C"": 3, ""B"": 2, ""A"": 5}","{""C"": 5, ""B"": 4, ""A"": 7}",5,5
"{B01,B02,B03,B04,B05,B07,B09,B11,B12}|{B06}|{B08,B10}",7,36,0.98383,"{""C"": 3, ""B"": 3, ""A"": 4}","{""C"": 5, ""B"": 6, ""A"": 6}",4,5
"{B01,B02,B03,B05,B06,B09,B10,B11,B12}|{B04}|{B07,B08}",7,36,0.988634,"{""C"": 3, ""B"": 3, ""A"": 4}","{""C"": 5, ""B"": 5, ""A"": 6}",5,5
"{B01,B02,B03,B04,B05,B06,B07,B08,B11}|{B09,B10}|{B12}",7,36,0.991176,"{""C"": 2, ""B"": 3, ""A"": 5}","{""C"": 4, ""B"": 6, ""A"": 7}",4,5
"{B01,B02,B03,B04,B05,B06,B07,B09,B10}|{B08,B11}|{B12}",7,36,0.991176,"{""C"": 2, ""B"": 3, ""A"": 5}","{""C"": 4, ""B"": 6, ""A"": 7}",4,5
"{B01,B02,B03,B04,B05,B06,B07,B09,B11}|{B08,B10}|{B12}",7,36,0.991176,"{""C"": 2, ""B"": 3, ""A"": 5}","{""C"": 4, ""B"": 6, ""A"": 7}",4,5
"{B01,B02,B03,B04,B05,B06,B11,B12}|{B07,B08}|{B09,B10}",7,36,0.991701,"{""C"": 2, ""B"": 4, ""A"": 4}","{""C"": 4, ""B"": 7, ""A"": 6}",4,5
"{B01,B02,B03,B05,B06,B09,B11,B12}|{B04,B07,B10}|{B08}",7,36,0.992598,"{""C"": 3, ""B"": 4, ""A"": 4}","{""C"": 5, ""B"": 5, ""A"": 6}",4,5
"{B01,B02,B03,B05,B09,B11,B12}|{B04,B06,B07,B10}|{B08}",7,36,0.992598,"{""C"": 3, ""B"": 4, ""A"": 4}","{""C"": 5, ""B"": 5, ""A"": 6}",4,5
"{B01,B05,B07,B09,B10,B12}|{B02,B03,B04,B06,B11}|{B08}",7,36,0.992598,"{""B"": 4, ""C"": 3, ""A"": 5}","{""B"": 5, ""C"": 4, ""A"": 6}",4,5
"{B01,B05,B07,B09,B11,B12}|{B02,B03,B04,B06,B10}|{B08}",7,36,0.992598,"{""B"": 4, ""C"": 3, ""A"": 5}","{""B"": 5, ""C"": 4, ""A"": 6}",4,5
"{B01,B04,B05,B07,B08,B09,B10,B11,B12}|{B02,B06}|{B03}",7,36,0.99952,"{""B"": 3, ""C"": 3, ""A"": 5}","{""B"": 5, ""C"": 5, ""A"": 6}",4,5
"{B01,B03,B04,B05,B06,B07,B08,B09,B10,B11}|{B02}|{B12}",7,36,0.999927,"{""C"": 3, ""B"": 3, ""A"": 5}","{""C"": 4, ""B"": 5, ""A"": 7}",4,5
"{B01,B02,B03,B04,B05,B06,B07,B08,B12}|{B09,B10}|{B11}",7,36,1.0,"{""C"": 2, ""A"": 4, ""B"": 4}","{""C"": 4, ""A"": 6, ""B"": 7}",4,5
"{B01,B02,B03,B04,B05,B06,B07,B09,B12}|{B08,B10}|{B11}",7,36,1.0,"{""C"": 2, ""A"": 4, ""B"": 4}","{""C"": 4, ""A"": 6, ""B"": 7}",4,5
"{B01,B02,B03,B04,B05,B06,B07,B09,B12}|{B08,B11}|{B10}",7,36,1.0,"{""C"": 2, ""A"": 4, ""B"": 4}","{""C"": 4, ""A"": 6, ""B"": 7}",4,5
"{B01,B02,B03,B04,B05,B06,B07,B10,B12}|{B08,B11}|{B09}",7,36,1.0,"{""C"": 2, ""B"": 4, ""A"": 4}","{""C"": 4, ""B"": 7, ""A"": 6}",4,5
"{B01,B02,B03,B04,B05,B06,B07,B11,B12}|{B08,B10}|{B09}",7,36,1.0,"{""C"": 2, ""B"": 4, ""A"": 4}","{""C"": 4, ""B"": 7, ""A"": 6}",4,5
"{B01,B02,B03,B04,B05,B06,B08,B09,B10}|{B07,B12}|{B11}",7,36,1.0,"{""C"": 2, ""B"": 4, ""A"": 5}","{""C"": 4, ""B"": 5, ""A"": 7}",4,5
"{B01,B02,B03,B04,B05,B06,B08,B09,B11}|{B07,B12}|{B10}",7,36,1.0,"{""C"": 2, ""B"": 4, ""A"": 5}","{""C"": 4, ""B"": 5, ""A"": 7}",4,5
"{B01,B02,B03,B04,B05,B06,B08,B10,B11}|{B07,B12}|{B09}",7,36,1.0,"{""C"": 2, ""B"": 4, ""A"": 5}","{""C"": 4, ""B"": 5, ""A"": 7}",4,5
"{B01,B02,B03,B04,B05,B06,B09,B10,B11}|{B07}|{B08,B12}",7,36,1.0,"{""C"": 2, ""B"": 4, ""A"": 5}","{""C"": 4, ""B"": 5, ""A"": 7}",4,5
"{B01,B02,B03,B04,B05,B06,B09,B11}|{B07,B10,B12}|{B08}",7,36,1.0,"{""C"": 2, ""B"": 4, ""A"": 5}","{""C"": 4, ""B"": 5, ""A"": 7}",4,5
"{B01,B02,B03,B04,B05,B06,B09,B12}|{B07,B10,B11}|{B08}",7,36,1.0,"{""C"": 2, ""A"": 4, ""B"": 5}","{""C"": 4, ""A"": 6, ""B"": 6}",4,5
"{B01,B02,B03,B04,B05,B06,B10,B11,B12}|{B07,B09}|{B08}",7,36,1.0,"{""C"": 2, ""B"": 5, ""A"": 4}","{""C"": 4, ""B"": 6, ""A"": 6}",4,5
"{B01,B02,B03,B04,B05,B06,B11,B12}|{B07,B09,B10}|{B08}",7,36,1.0,"{""C"": 2, ""B"": 5, ""A"": 4}","{""C"": 4, ""B"": 6, ""A"": 6}",4,5
"{B01,B02,B03,B04,B05,B08,B09,B10,B12}|{B06,B07}|{B11}",7,36,1.0,"{""C"": 3, ""B"": 4, ""A"": 4}","{""C"": 5, ""B"": 5, ""A"": 6}",4,5
"{B01,B02,B03,B04,B05,B08,B09,B11,B12}|{B06,B07}|{B10}",7,36,1.0,"{""C"": 3, ""B"": 4, ""A"": 4}","{""C"": 5, ""B"": 5, ""A"": 6}",4,5
"{B01,B02,B03,B04,B05,B08,B10,B11,B12}|{B06,B07}|{B09}",7,36,1.0,"{""C"": 3, ""B"": 4, ""A"": 4}","{""C"": 5, ""B"": 5, ""A"": 6}",4,5
"{B01,B02,B03,B04,B05,B09,B11,B12}|{B06,B07,B10}|{B08}",7,36,1.0,"{""C"": 3, ""B"": 4, ""A"": 4}","{""C"": 5, ""B"": 5, ""A"": 6}",4,5
"{B01,B02,B03,B04,B05,B09,B10,B11,B12}|{B06,B08}|{B07}",7,36,1.0,"{""C"": 3, ""B"": 4, ""A"": 4}","{""C"": 5, ""B"": 5, ""A"": 6}",4,5
"{B01,B02,B03,B05,B06,B07,B08,B09,B10,B12}|{B04}|{B11}",7,36,1.0,"{""C"": 3, ""B"": 3, ""A"": 4}","{""C"": 5, ""B"": 5, ""A"": 6}",5,5
"{B01,B02,B03,B05,B06,B07,B08,B09,B11,B12}|{B04}|{B10}",7,36,1.0,"{""C"": 3, ""B"": 3, ""A"": 4}","{""C"": 5, ""B"": 5, ""A"": 6}",5,5
"{B01,B02,B03,B05,B06,B07,B08,B10,B11,B12}|{B04}|{B09}",7,36,1.0,"{""C"": 3, ""B"": 3, ""A"": 4}","{""C"": 5, ""B"": 5, ""A"": 6}",5,5
"{B01,B02,B03,B05,B06,B08,B09,B10,B11,B12}|{B04}|{B07}",7,36,1.0,"{""C"": 3, ""B"": 3, ""A"": 4}","{""C"": 5, ""B"": 5, ""A"": 6}",5,5
"{B01,B02,B03,B05,B07,B08,B09,B10,B11}|{B04,B06}|{B12}",7,36,1.0,"{""C"": 3, ""B"": 2, ""A"": 5}","{""C"": 5, ""B"": 4, ""A"": 7}",5,5
"{B01,B02,B03,B05,B07,B08,B09,B10,B12}|{B04,B06}|{B11}",7,36,1.0,"{""C"": 3, ""B"": 3, ""A"": 4}","{""C"": 5, ""B"": 5, ""A"": 6}",5,5
"{B01,B02,B03,B05,B07,B08,B09,B11,B12}|{B04,B06}|{B10}",7,36,1.0,"{""C"": 3, ""B"": 3, ""A"": 4}","{""C"": 5, ""B"": 5, ""A"": 6}",5,5
"{B01,B02,B03,B05,B07,B08,B10,B11,B12}|{B04,B06}|{B09}",7,36,1.0,"{""C"": 3, ""B"": 3, ""A"": 4}","{""C"": 5, ""B"": 5, ""A"": 6}",5,5
"{B01,B02,B03,B05,B08,B09,B10,B11,B12}|{B04,B06}|{B07}",7,36,1.0,"{""C"": 3, ""B"": 3, ""A"": 4}","{""C"": 5, ""B"": 5, ""A"": 6}",5,5
"{B01,B02,B03,B05,B09,B10,B11,B12}|{B04,B06}|{B07,B08}",7,36,1.0,"{""C"": 3, ""B"": 3, ""A"": 4}","{""C"": 5, ""B"": 5, ""A"": 6}",5,5
"{B01,B02,B04,B05,B06,B07,B08,B09,B10,B12}|{B03}|{B11}",7,36,1.0,"{""C"": 3, ""B"": 3, ""A"": 5}","{""C"": 5, ""B"": 5, ""A"": 6}",4,5
"{B01,B02,B04,B05,B06,B07,B08,B09,B11,B12}|{B03}|{B10}",7,36,1.0,"{""B"": 3, ""C"": 3, ""A"": 5}","{""B"": 5, ""C"": 5, ""A"": 6}",4,5
"{B01,B02,B04,B05,B06,B07,B08,B10,B11,B12}|{B03}|{B09}",7,36,1.0,"{""B"": 3, ""C"": 3, ""A"": 5}","{""B"": 5, ""C"": 5, ""A"": 6}",4,5
"{B01,B02,B04,B05,B06,B08,B09,B10,B11,B12}|{B03}|{B07}",7,36,1.0,"{""B"": 3, ""C"": 3, ""A"": 5}","{""B"": 5, ""C"": 5, ""A"": 6}",4,5
"{B01,B02,B04,B05,B06,B09,B10,B11,B12}|{B03}|{B07,B08}",7,36,1.0,"{""B"": 3, ""C"": 3, ""A"": 5}","{""B"": 5, ""C"": 5, ""A"": 6}",4,5
"{B01,B02,B04,B05,B07,B08,B09,B10,B11}|{B03,B06}|{B12}",7,36,1.0,"{""B"": 2, ""C"": 4, ""A"": 5}","{""B"": 4, ""C"": 5, ""A"": 7}",4,5
"{B01,B02,B04,B05,B07,B08,B09,B10,B11}|{B03,B12}|{B06}",7,36,1.0,"{""B"": 2, ""C"": 4, ""A"": 5}","{""B"": 4, ""C"": 5, ""A"": 7}",4,5
"{B01,B02,B04,B05,B07,B08,B09,B10,B11}|{B03}|{B06,B12}",7,36,1.0,"{""B"": 2, ""C"": 4, ""A"": 5}","{""B"": 4, ""C"": 5, ""A"": 7}",4,5
"{B01,B02,B05,B07,B08,B09,B10,B11}|{B03,B04,B06}|{B12}",7,36,1.0,"{""B"": 2, ""C"": 4, ""A"": 5}","{""B"": 4, ""C"": 4, ""A"": 7}",5,5
"{B01,B03,B04,B05,B06,B07,B08,B09,B11,B12}|{B02}|{B10}",7,36,1.0,"{""C"": 3, ""B"": 4, ""A"": 4}","{""C"": 4, ""B"": 6, ""A"": 6}",4,5
"{B01,B03,B04,B05,B06,B07,B08,B11,B12}|{B02}|{B09,B10}",7,36,1.0,"{""C"": 3, ""B"": 4, ""A"": 4}","{""C"": 4, ""B"": 6, ""A"": 6}",4,5
"{B01,B03,B04,B05,B06,B07,B09,B10,B11}|{B02,B08}|{B12}",7,36,1.0,"{""C"": 3, ""B"": 3, ""A"": 5}","{""C"": 4, ""B"": 5, ""A"": 7}",4,5
"{B01,B03,B04,B05,B06,B07,B09,B10,B12}|{B02,B08}|{B11}",7,36,1.0,"{""C"": 3, ""B"": 4, ""A"": 4}","{""C"": 4, ""B"": 6, ""A"": 6}",4,5
"{B01,B03,B04,B05,B06,B07,B09,B11,B12}|{B02,B08}|{B10}",7,36,1.0,"{""C"": 3, ""B"": 4, ""A"": 4}","{""C"": 4, ""B"": 6, ""A"": 6}",4,5
"{B01,B03,B04,B05,B06,B07,B10,B11,B12}|{B02,B08}|{B09}",7,36,1.0,"{""C"": 3, ""B"": 4, ""A"": 4}","{""C"": 4, ""B"": 6, ""A"": 6}",4,5
"{B01,B03,B04,B05,B06,B07,B09,B10,B12}|{B02}|{B08,B11}",7,36,1.0,"{""C"": 3, ""B"": 4, ""A"": 4}","{""C"": 4, ""B"": 6, ""A"": 6}",4,5
"{B01,B03,B04,B05,B06,B07,B09,B11,B12}|{B02}|{B08,B10}",7,36,1.0,"{""C"": 3, ""B"": 4, ""A"": 4}","{""C"": 4, ""B"": 6, ""A"": 6}",4,5
"{B01,B03,B04,B05,B06,B07,B10,B11,B12}|{B02,B09}|{B08}",7,36,1.0,"{""C"": 3, ""B"": 4, ""A"": 4}","{""C"": 4, ""B"": 6, ""A"": 6}",4,5
"{B01,B03,B04,B05,B06,B07,B11,B12}|{B02,B09,B10}|{B08}",7,36,1.0,"{""C"": 3, ""B"": 4, ""A"": 4}","{""C"": 4, ""B"": 6, ""A"": 6}",4,5
"{B01,B03,B04,B05,B06,B09,B10,B12}|{B02,B07,B11}|{B08}",7,36,1.0,"{""C"": 3, ""B"": 5, ""A"": 4}","{""C"": 4, ""B"": 5, ""A"": 6}",4,5
"{B01,B03,B04,B05,B06,B09,B11,B12}|{B02,B07,B10}|{B08}",7,36,1.0,"{""C"": 3, ""B"": 5, ""A"": 4}","{""C"": 4, ""B"": 5, ""A"": 6}",4,5
"{B01,B03,B04,B05,B06,B09,B12}|{B02,B07,B10,B11}|{B08}",7,36,1.0,"{""C"": 3, ""A"": 4, ""B"": 5}","{""C"": 4, ""A"": 6, ""B"": 5}",4,5
"{B01,B03,B04,B05,B06,B08,B09,B10,B11,B12}|{B02}|{B07}",7,36,1.0,"{""C"": 3, ""B"": 4, ""A"": 4}","{""C"": 4, ""B"": 6, ""A"": 6}",4,5
"{B01,B03,B04,B05,B06,B09,B10,B11,B12}|{B02,B08}|{B07}",7,36,1.0,"{""C"": 3, ""B"": 4, ""A"": 4}","{""C"": 4, ""B"": 6, ""A"": 6}",4,5
"{B01,B03,B04,B05,B06,B09,B10,B11,B12}|{B02}|{B07,B08}",7,36,1.0,"{""C"": 3, ""B"": 4, ""A"": 4}","{""C"": 4, ""B"": 6, ""A"": 6}",4,5
"{B01,B03,B04,B05,B07,B08,B09,B10,B12}|{B02,B06}|{B11}",7,36,1.0,"{""C"": 3, ""B"": 4, ""A"": 4}","{""C"": 5, ""B"": 5, ""A"": 6}",4,5
"{B01,B03,B04,B05,B07,B08,B10,B11,B12}|{B02,B06}|{B09}",7,36,1.0,"{""C"": 3, ""B"": 4, ""A"": 4}","{""C"": 5, ""B"": 5, ""A"": 6}",4,5
"{B01,B03,B04,B05,B07,B09,B10,B12}|{B02,B06,B11}|{B08}",7,36,1.0,"{""C"": 3, ""B"": 4, ""A"": 4}","{""C"": 5, ""B"": 5, ""A"": 6}",4,5
"{B01,B03,B04,B05,B07,B09,B11,B12}|{B02,B06,B10}|{B08}",7,36,1.0,"{""C"": 3, ""B"": 4, ""A"": 4}","{""C"": 5, ""B"": 5, ""A"": 6}",4,5
"{B01,B03,B04,B05,B07,B08,B09,B10,B11,B12}|{B02}|{B06}",7,36,1.0,"{""C"": 4, ""B"": 3, ""A"": 4}","{""C"": 5, ""B"": 5, ""A"": 6}",4,5
"{B01,B03,B04,B05,B07,B09,B10,B11,B12}|{B02,B08}|{B06}",7,36,1.0,"{""C"": 4, ""B"": 3, ""A"": 4}","{""C"": 5, ""B"": 5, ""A"": 6}",4,5
"{B01,B04,B05,B07,B08,B09,B10,B11,B12}|{B02,B03}|{B06}",7,36,1.0,"{""B"": 3, ""C"": 3, ""A"": 5}","{""B"": 5, ""C"": 5, ""A"": 6}",4,5
"{B01,B04,B05,B07,B09,B10,B11,B12}|{B02,B03,B08}|{B06}",7,36,1.0,"{""B"": 3, ""C"": 3, ""A"": 5}","{""B"": 5, ""C"": 5, ""A"": 6}",4,5
"{B01,B04,B05,B07,B09,B10,B11,B12}|{B02,B06,B08}|{B03}",7,36,1.0,"{""B"": 3, ""C"": 3, ""A"": 5}","{""B"": 5, ""C"": 5, ""A"": 6}",4,5
"{B01,B02,B04,B05,B06,B08,B09,B11,B12}|{B03}|{B07,B10}",7,37,0.907897,"{""B"": 3, ""C"": 3, ""A"": 5}","{""B"": 4, ""C"": 5, ""A"": 6}",5,6
"{B01,B03,B04,B05,B06,B09,B11,B12}|{B02,B08}|{B07,B10}",7,37,0.939194,"{""C"": 3, ""B"": 4, ""A"": 4}","{""C"": 4, ""B"": 5, ""A"": 6}",5,6
"{B01,B02,B03,B05,B08,B09,B11,B12}|{B04,B06}|{B07,B10}",7,37,0.955272,"{""C"": 3, ""B"": 3, ""A"": 4}","{""C"": 5, ""B"": 4, ""A"": 6}",6,6
"{B01,B03,B04,B05,B06,B08,B09,B11,B12}|{B02}|{B07,B10}",7,37,0.971797,"{""C"": 3, ""B"": 4, ""A"": 4}","{""C"": 4, ""B"": 5, ""A"": 6}",5,6
"{B01,B02,B03,B05,B08,B09,B11,B12}|{B04,B07,B10}|{B06}",7,37,0.98087,"{""C"": 4, ""B"": 3, ""A"": 4}","{""C"": 5, ""B"": 4, ""A"": 6}",5,6
"{B01,B05,B07,B08,B09,B10}|{B02,B03,B04,B06,B11}|{B12}",7,37,0.98087,"{""B"": 3, ""C"": 3, ""A"": 5}","{""B"": 4, ""C"": 4, ""A"": 7}",5,6
"{B01,B03,B04,B05,B06,B09,B11,B12}|{B02}|{B07,B08,B10}",7,37,0.986187,"{""C"": 3, ""B"": 4, ""A"": 4}","{""C"": 4, ""B"": 5, ""A"": 6}",5,6
"{B01,B02,B03,B05,B06,B08,B09,B11,B12}|{B04}|{B07,B10}",7,37,0.992229,"{""C"": 3, ""B"": 3, ""A"": 4}","{""C"": 5, ""B"": 4, ""A"": 6}",6,6
"{B01,B02,B03,B04,B05,B06,B08,B09,B10}|{B07,B11}|{B12}",7,37,0.995479,"{""C"": 2, ""B"": 3, ""A"": 5}","{""C"": 4, ""B"": 5, ""A"": 7}",5,6
"{B01,B02,B03,B04,B05,B06,B08,B09,B12}|{B07,B11}|{B10}",7,37,1.0,"{""C"": 2, ""A"": 4, ""B"": 4}","{""C"": 4, ""A"": 6, ""B"": 6}",5,6
"{B01,B02,B03,B04,B05,B06,B08,B10,B12}|{B07,B11}|{B09}",7,37,1.0,"{""C"": 2, ""B"": 4, ""A"": 4}","{""C"": 4, ""B"": 6, ""A"": 6}",5,6
"{B01,B02,B03,B04,B05,B06,B09,B11}|{B07,B08,B10}|{B12}",7,37,1.0,"{""C"": 2, ""B"": 3, ""A"": 5}","{""C"": 4, ""B"": 5, ""A"": 7}",5,6
"{B01,B02,B03,B04,B05,B06,B09,B12}|{B07,B08,B10}|{B11}",7,37,1.0,"{""C"": 2, ""A"": 4, ""B"": 4}","{""C"": 4, ""A"": 6, ""B"": 6}",5,6
"{B01,B02,B03,B04,B05,B06,B11,B12}|{B07,B08,B10}|{B09}",7,37,1.0,"{""C"": 2, ""B"": 4, ""A"": 4}","{""C"": 4, ""B"": 6, ""A"": 6}",5,6
"{B01,B02,B03,B04,B05,B06,B09,B12}|{B07,B10}|{B08,B11}",7,37,1.0,"{""C"": 2, ""A"": 4, ""B"": 4}","{""C"": 4, ""A"": 6, ""B"": 6}",5,6
"{B01,B02,B03,B04,B05,B08,B09,B10,B12}|{B06}|{B07,B11}",7,37,1.0,"{""C"": 3, ""B"": 3, ""A"": 4}","{""C"": 5, ""B"": 5, ""A"": 6}",5,6
"{B01,B02,B03,B04,B05,B09,B11,B12}|{B06}|{B07,B08,B10}",7,37,1.0,"{""C"": 3, ""B"": 3, ""A"": 4}","{""C"": 5, ""B"": 5, ""A"": 6}",5,6
"{B01,B03,B04,B05,B06,B07,B08,B09,B10}|{B02,B11}|{B12}",7,37,1.0,"{""C"": 3, ""B"": 3, ""A"": 5}","{""C"": 4, ""B"": 4, ""A"": 7}",5,6
"{B01,B03,B04,B05,B06,B07,B08,B09,B12}|{B02,B10}|{B11}",7,37,1.0,"{""C"": 3, ""A"": 4, ""B"": 4}","{""C"": 4, ""A"": 6, ""B"": 5}",5,6
"{B01,B03,B04,B05,B06,B07,B08,B09,B12}|{B02,B11}|{B10}",7,37,1.0,"{""C"": 3, ""A"": 4, ""B"": 4}","{""C"": 4, ""A"": 6, ""B"": 5}",5,6
"{B01,B03,B04,B05,B06,B07,B08,B10,B12}|{B02,B11}|{B09}",7,37,1.0,"{""C"": 3, ""B"": 4, ""A"": 4}","{""C"": 4, ""B"": 5, ""A"": 6}",5,6
"{B01,B03,B04,B05,B06,B07,B08,B11,B12}|{B02,B10}|{B09}",7,37,1.0,"{""C"": 3, ""B"": 4, ""A"": 4}","{""C"": 4, ""B"": 5, ""A"": 6}",5,6
"{B01,B03,B04,B05,B06,B08,B09,B10,B12}|{B02,B11}|{B07}",7,37,1.0,"{""C"": 3, ""B"": 4, ""A"": 4}","{""C"": 4, ""B"": 5, ""A"": 6}",5,6
"{B01,B03,B04,B05,B06,B08,B09,B11,B12}|{B02,B10}|{B07}",7,37,1.0,"{""C"": 3, ""B"": 4, ""A"": 4}","{""C"": 4, ""B"": 5, ""A"": 6}",5,6
"{B01,B03,B04,B05,B06,B08,B11,B12}|{B02,B09,B10}|{B07}",7,37,1.0,"{""C"": 3, ""B"": 4, ""A"": 4}","{""C"": 4, ""B"": 5, ""A"": 6}",5,6
"{B01,B03,B04,B05,B06,B09,B10,B12}|{B02,B08,B11}|{B07}",7,37,1.0,"{""C"": 3, ""B"": 4, ""A"": 4}","{""C"": 4, ""B"": 5, ""A"": 6}",5,6
"{B01,B03,B04,B05,B06,B09,B11,B12}|{B02,B08,B10}|{B07}",7,37,1.0,"{""C"": 3, ""B"": 4, ""A"": 4}","{""C"": 4, ""B"": 5, ""A"": 6}",5,6
"{B01,B03,B04,B05,B06,B09,B10,B12}|{B02,B11}|{B07,B08}",7,37,1.0,"{""C"": 3, ""B"": 4, ""A"": 4}","{""C"": 4, ""B"": 5, ""A"": 6}",5,6
"{B01,B03,B04,B05,B06,B09,B11,B12}|{B02,B10}|{B07,B08}",7,37,1.0,"{""C"": 3, ""B"": 4, ""A"": 4}","{""C"": 4, ""B"": 5, ""A"": 6}",5,6
"{B01,B03,B04,B05,B07,B08,B09,B10,B12}|{B02,B11}|{B06}",7,37,1.0,"{""C"": 4, ""B"": 3, ""A"": 4}","{""C"": 5, ""B"": 4, ""A"": 6}",5,6
"{B01,B04,B05,B07,B08,B09,B10,B12}|{B02,B03,B11}|{B06}",7,37,1.0,"{""B"": 3, ""C"": 3, ""A"": 5}","{""B"": 4, ""C"": 5, ""A"": 6}",5,6
"{B01,B04,B05,B07,B08,B09,B10,B12}|{B02,B06,B11}|{B03}",7,37,1.0,"{""B"": 3, ""C"": 3, ""A"": 5}","{""B"": 4, ""C"": 5, ""A"": 6}",5,6
"{B01,B02,B03,B04,B05,B06,B07,B12}|{B08}|{B09,B10,B11}",8,36,1.0,"{""C"": 2, ""A"": 4, ""B"": 5}","{""C"": 4, ""A"": 6, ""B"": 8}",3,4
"{B01,B02,B03,B04,B05,B09,B10,B11}|{B06,B07,B12}|{B08}",8,36,1.0,"{""C"": 3, ""B"": 4, ""A"": 5}","{""C"": 5, ""B"": 5, ""A"": 7}",3,4
"{B01,B02,B03,B05,B06,B07,B09,B10,B11}|{B04,B12}|{B08}",8,36,1.0,"{""C"": 3, ""B"": 3, ""A"": 5}","{""C"": 5, ""B"": 5, ""A"": 7}",4,4
"{B01,B02,B03,B05,B07,B09,B10,B11}|{B04,B06,B12}|{B08}",8,36,1.0,"{""C"": 3, ""B"": 3, ""A"": 5}","{""C"": 5, ""B"": 5, ""A"": 7}",4,4
"{B01,B02,B04,B05,B06,B09,B10,B11}|{B03,B07,B12}|{B08}",8,36,1.0,"{""B"": 4, ""C"": 3, ""A"": 5}","{""B"": 5, ""C"": 5, ""A"": 7}",3,4
"{B01,B02,B04,B05,B07,B09,B10,B11}|{B03,B06,B12}|{B08}",8,36,1.0,"{""B"": 3, ""C"": 4, ""A"": 5}","{""B"": 5, ""C"": 5, ""A"": 7}",3,4
"{B01,B02,B04,B05,B09,B10,B11,B12}|{B03,B06,B07}|{B08}",8,36,1.0,"{""B"": 4, ""C"": 4, ""A"": 5}","{""B"": 5, ""C"": 5, ""A"": 6}",3,4
"{B01,B02,B05,B06,B07,B09,B10,B11,B12}|{B03,B04}|{B08}",8,36,1.0,"{""B"": 3, ""C"": 4, ""A"": 5}","{""B"": 5, ""C"": 5, ""A"": 6}",4,4
"{B01,B02,B05,B07,B09,B10,B11}|{B03,B04,B06,B12}|{B08}",8,36,1.0,"{""B"": 3, ""C"": 4, ""A"": 5}","{""B"": 5, ""C"": 4, ""A"": 7}",4,4
"{B01,B02,B05,B09,B10,B11,B12}|{B03,B04,B06,B07}|{B08}",8,36,1.0,"{""B"": 4, ""C"": 4, ""A"": 5}","{""B"": 5, ""C"": 4, ""A"": 6}",4,4
"{B01,B03,B04,B05,B07,B09,B10,B11}|{B02,B06,B12}|{B08}",8,36,1.0,"{""C"": 3, ""B"": 4, ""A"": 5}","{""C"": 5, ""B"": 5, ""A"": 7}",3,4
"{B01,B03,B04,B05,B09,B10,B11,B12}|{B02,B06,B07}|{B08}",8,36,1.0,"{""C"": 3, ""B"": 5, ""A"": 4}","{""C"": 5, ""B"": 6, ""A"": 6}",3,4
"{B01,B03,B05,B06,B07,B09,B10,B11,B12}|{B02,B04}|{B08}",8,36,1.0,"{""C"": 4, ""B"": 4, ""A"": 4}","{""C"": 5, ""B"": 5, ""A"": 6}",4,4
"{B01,B03,B05,B07,B09,B10,B11,B12}|{B02,B04,B06}|{B08}",8,36,1.0,"{""C"": 4, ""B"": 4, ""A"": 4}","{""C"": 5, ""B"": 5, ""A"": 6}",4,4
"{B01,B04,B05,B06,B07,B09,B10,B11}|{B02,B03,B12}|{B08}",8,36,1.0,"{""B"": 4, ""C"": 3, ""A"": 5}","{""B"": 5, ""C"": 5, ""A"": 7}",3,4
"{B01,B04,B05,B07,B09,B10,B11}|{B02,B03,B06,B12}|{B08}",8,36,1.0,"{""B"": 4, ""C"": 3, ""A"": 5}","{""B"": 5, ""C"": 5, ""A"": 7}",3,4
"{B01,B05,B07,B09,B10,B11}|{B02,B03,B04,B06,B12}|{B08}",8,36,1.0,"{""B"": 4, ""C"": 3, ""A"": 5}","{""B"": 5, ""C"": 4, ""A"": 7}",4,4
"{B01,B09}|{B02,B03,B04,B05,B06,B07,B10,B11,B12}|{B08}",8,36,1.0,"{""C"": 3, ""A"": 5, ""B"": 4}","{""C"": 5, ""A"": 7, ""B"": 5}",3,4
"{B01,B02,B03,B04,B05,B06,B08,B12}|{B07}|{B09,B10,B11}",8,37,0.927575,"{""C"": 2, ""A"": 4, ""B"": 5}","{""C"": 4, ""A"": 6, ""B"": 7}",4,5
"{B01,B02,B03,B04,B05,B06,B10,B12}|{B07}|{B08,B09,B11}",8,37,0.932053,"{""C"": 2, ""B"": 5, ""A"": 4}","{""C"": 4, ""B"": 7, ""A"": 6}",4,5
"{B01,B02,B03,B04,B05,B06,B11,B12}|{B07}|{B08,B09,B10}",8,37,0.935159,"{""C"": 2, ""B"": 5, ""A"": 4}","{""C"": 4, ""B"": 7, ""A"": 6}",4,5
"{B01,B02,B03,B04,B05,B06,B09,B12}|{B07}|{B08,B10,B11}",8,37,0.937535,"{""C"": 2, ""A"": 4, ""B"": 5}","{""C"": 4, ""A"": 6, ""B"": 7}",4,5
"{B01,B05,B09,B12}|{B02,B03,B04,B06,B07,B10,B11}|{B08}",8,37,0.944741,"{""C"": 3, ""A"": 5, ""B"": 5}","{""C"": 4, ""A"": 6, ""B"": 5}",4,5
"{B01,B05,B07,B09,B10}|{B02,B03,B04,B06,B11,B12}|{B08}",8,37,0.965391,"{""B"": 4, ""C"": 3, ""A"": 5}","{""B"": 5, ""C"": 4, ""A"": 7}",4,5
"{B01,B05,B07,B09,B11}|{B02,B03,B04,B06,B10,B12}|{B08}",8,37,0.968731,"{""B"": 4, ""C"": 3, ""A"": 5}","{""B"": 5, ""C"": 4, ""A"": 7}",4,5
"{B01,B02,B03,B04,B05,B07,B08,B10,B12}|{B06}|{B09,B11}",8,37,0.973139,"{""C"": 3, ""B"": 4, ""A"": 4}","{""C"": 5, ""B"": 6, ""A"": 6}",4,5
"{B01,B02,B03,B05,B08,B09,B10,B11,B12}|{B04}|{B06,B07}",8,37,0.978186,"{""C"": 4, ""B"": 3, ""A"": 4}","{""C"": 5, ""B"": 5, ""A"": 6}",5,5
"{B01,B02,B03,B04,B05,B07,B08,B09,B12}|{B06}|{B10,B11}",8,37,0.978471,"{""C"": 3, ""A"": 4, ""B"": 4}","{""C"": 5, ""A"": 6, ""B"": 6}",4,5
"{B01,B02,B03,B05,B07,B08,B09,B10,B11}|{B04}|{B06,B12}",8,37,0.978847,"{""C"": 4, ""B"": 2, ""A"": 5}","{""C"": 5, ""B"": 4, ""A"": 7}",5,5
"{B01,B02,B03,B05,B09,B10,B11,B12}|{B04}|{B06,B07,B08}",8,37,0.978847,"{""C"": 4, ""B"": 3, ""A"": 4}","{""C"": 5, ""B"": 5, ""A"": 6}",5,5
"{B01,B02,B05,B06,B07,B08,B09,B10,B11}|{B03,B12}|{B04}",8,37,0.978847,"{""B"": 2, ""C"": 4, ""A"": 5}","{""B"": 4, ""C"": 5, ""A"": 7}",5,5
"{B01,B02,B05,B06,B07,B08,B09,B10,B11}|{B03}|{B04,B12}",8,37,0.978847,"{""B"": 2, ""C"": 4, ""A"": 5}","{""B"": 4, ""C"": 5, ""A"": 7}",5,5
"{B01,B02,B05,B07,B08,B09,B10,B11,B12}|{B03,B06}|{B04}",8,37,0.978847,"{""B"": 2, ""C"": 5, ""A"": 5}","{""B"": 4, ""C"": 5, ""A"": 6}",5,5
"{B01,B02,B05,B07,B08,B09,B10,B11}|{B03,B12}|{B04,B06}",8,37,0.978847,"{""B"": 2, ""C"": 4, ""A"": 5}","{""B"": 4, ""C"": 5, ""A"": 7}",5,5
"{B01,B03,B05,B06,B07,B08,B09,B10,B11,B12}|{B02}|{B04}",8,37,0.978847,"{""C"": 4, ""B"": 3, ""A"": 4}","{""C"": 5, ""B"": 5, ""A"": 6}",5,5
"{B01,B03,B05,B06,B07,B09,B10,B11,B12}|{B02,B08}|{B04}",8,37,0.978847,"{""C"": 4, ""B"": 3, ""A"": 4}","{""C"": 5, ""B"": 5, ""A"": 6}",5,5
"{B01,B03,B05,B07,B08,B09,B10,B11,B12}|{B02,B06}|{B04}",8,37,0.978847,"{""C"": 4, ""B"": 3, ""A"": 4}","{""C"": 5, ""B"": 5, ""A"": 6}",5,5
"{B01,B03,B05,B07,B09,B10,B11,B12}|{B02,B06,B08}|{B04}",8,37,0.978847,"{""C"": 4, ""B"": 3, ""A"": 4}","{""C"": 5, ""B"": 5, ""A"": 6}",5,5
"{B01,B05,B07,B08,B09,B10,B11,B12}|{B02,B03}|{B04,B06}",8,37,0.978847,"{""B"": 3, ""C"": 3, ""A"": 5}","{""B"": 5, ""C"": 5, ""A"": 6}",5,5
"{B01,B05,B07,B09,B10,B11,B12}|{B02,B03,B08}|{B04,B06}",8,37,0.978847,"{""B"": 3, ""C"": 3, ""A"": 5}","{""B"": 5, ""C"": 5, ""A"": 6}",5,5
"{B01,B02,B03,B05,B07,B09,B10,B11,B12}|{B04}|{B06,B08}",8,37,0.980149,"{""C"": 4, ""B"": 3, ""A"": 4}","{""C"": 5, ""B"": 5, ""A"": 6}",5,5
"{B01,B02,B03,B04,B05,B07,B10,B11,B12}|{B06}|{B08,B09}",8,37,0.980341,"{""C"": 3, ""B"": 4, ""A"": 4}","{""C"": 5, ""B"": 6, ""A"": 6}",4,5
"{B01,B03,B04,B05,B06,B07,B09,B10,B11}|{B02}|{B08,B12}",8,37,0.982564,"{""C"": 3, ""B"": 4, ""A"": 5}","{""C"": 4, ""B"": 5, ""A"": 7}",4,5
"{B01,B03,B05,B07,B09,B10,B11,B12}|{B02,B08}|{B04,B06}",8,37,0.983653,"{""C"": 4, ""B"": 3, ""A"": 4}","{""C"": 5, ""B"": 5, ""A"": 6}",5,5
"{B01,B02,B03,B05,B06,B07,B08,B11,B12}|{B04}|{B09,B10}",8,37,0.985028,"{""C"": 3, ""B"": 3, ""A"": 4}","{""C"": 5, ""B"": 6, ""A"": 6}",5,5
"{B01,B02,B03,B05,B06,B07,B09,B10,B12}|{B04}|{B08,B11}",8,37,0.987014,"{""C"": 3, ""B"": 3, ""A"": 4}","{""C"": 5, ""B"": 6, ""A"": 6}",5,5
"{B01,B05,B07,B11,B12}|{B02,B03,B04,B06,B09,B10}|{B08}",8,37,0.987042,"{""B"": 4, ""C"": 3, ""A"": 5}","{""B"": 6, ""C"": 4, ""A"": 6}",4,5
"{B01,B05,B09,B10,B12}|{B02,B03,B04,B06,B07,B11}|{B08}",8,37,0.987042,"{""B"": 5, ""C"": 3, ""A"": 5}","{""B"": 5, ""C"": 4, ""A"": 6}",4,5
"{B01,B05,B09,B11,B12}|{B02,B03,B04,B06,B07,B10}|{B08}",8,37,0.987042,"{""B"": 5, ""C"": 3, ""A"": 5}","{""B"": 5, ""C"": 4, ""A"": 6}",4,5
"{B01,B02,B04,B05,B06,B09,B10,B11}|{B03}|{B07,B08,B12}",8,37,0.987186,"{""B"": 3, ""C"": 3, ""A"": 5}","{""B"": 5, ""C"": 5, ""A"": 7}",4,5
"{B01,B02,B03,B04,B05,B06,B10,B12}|{B07,B08}|{B09,B11}",8,37,0.988664,"{""C"": 2, ""B"": 5, ""A"": 4}","{""C"": 4, ""B"": 7, ""A"": 6}",4,5
"{B01,B02,B03,B05,B06,B07,B09,B11,B12}|{B04}|{B08,B10}",8,37,0.988881,"{""C"": 3, ""B"": 3, ""A"": 4}","{""C"": 5, ""B"": 6, ""A"": 6}",5,5
"{B01,B02,B03,B04,B05,B06,B07,B08,B10}|{B09,B11}|{B12}",8,37,0.990927,"{""C"": 2, ""B"": 4, ""A"": 5}","{""C"": 4, ""B"": 6, ""A"": 7}",4,5
"{B01,B02,B03,B04,B05,B06,B07,B08,B09}|{B10,B11}|{B12}",8,37,0.991176,"{""C"": 2, ""A"": 5, ""B"": 4}","{""C"": 4, ""A"": 7, ""B"": 6}",4,5
"{B01,B02,B03,B04,B05,B06,B07,B10,B11}|{B08,B09}|{B12}",8,37,0.991176,"{""C"": 2, ""B"": 4, ""A"": 5}","{""C"": 4, ""B"": 6, ""A"": 7}",4,5
"{B01,B02,B03,B05,B06,B07,B09,B10,B12}|{B04,B11}|{B08}",8,37,0.992598,"{""C"": 3, ""B"": 4, ""A"": 4}","{""C"": 5, ""B"": 6, ""A"": 6}",4,5
"{B01,B02,B03,B05,B06,B07,B09,B11,B12}|{B04,B10}|{B08}",8,37,0.992598,"{""C"": 3, ""B"": 4, ""A"": 4}","{""C"": 5, ""B"": 6, ""A"": 6}",4,5
"{B01,B02,B03,B05,B06,B07,B10,B11,B12}|{B04,B09}|{B08}",8,37,0.992598,"{""C"": 3, ""B"": 4, ""A"": 4}","{""C"": 5, ""B"": 6, ""A"": 6}",4,5
"{B01,B02,B03,B05,B06,B09,B10,B12}|{B04,B07,B11}|{B08}",8,37,0.992598,"{""C"": 3, ""B"": 4, ""A"": 4}","{""C"": 5, ""B"": 6, ""A"": 6}",4,5
"{B01,B02,B03,B05,B07,B09,B10,B12}|{B04,B06,B11}|{B08}",8,37,0.992598,"{""C"": 3, ""B"": 4, ""A"": 4}","{""C"": 5, ""B"": 6, ""A"": 6}",4,5
"{B01,B02,B03,B05,B07,B09,B11,B12}|{B04,B06,B10}|{B08}",8,37,0.992598,"{""C"": 3, ""B"": 4, ""A"": 4}","{""C"": 5, ""B"": 6, ""A"": 6}",4,5
"{B01,B02,B03,B05,B07,B10,B11,B12}|{B04,B06,B09}|{B08}",8,37,0.992598,"{""C"": 3, ""B"": 4, ""A"": 4}","{""C"": 5, ""B"": 6, ""A"": 6}",4,5
"{B01,B02,B03,B05,B09,B10,B12}|{B04,B06,B07,B11}|{B08}",8,37,0.992598,"{""C"": 3, ""B"": 4, ""A"": 4}","{""C"": 5, ""B"": 6, ""A"": 6}",4,5
"{B01,B02,B05,B09,B11,B12}|{B03,B04,B06,B07,B10}|{B08}",8,37,0.992598,"{""B"": 4, ""C"": 4, ""A"": 5}","{""B"": 5, ""C"": 4, ""A"": 6}",4,5
"{B01,B03,B05,B06,B07,B09,B10,B12}|{B02,B04,B11}|{B08}",8,37,0.992598,"{""C"": 4, ""B"": 4, ""A"": 4}","{""C"": 5, ""B"": 5, ""A"": 6}",4,5
"{B01,B03,B05,B06,B07,B09,B11,B12}|{B02,B04,B10}|{B08}",8,37,0.992598,"{""C"": 4, ""B"": 4, ""A"": 4}","{""C"": 5, ""B"": 5, ""A"": 6}",4,5
"{B01,B03,B05,B07,B09,B10,B12}|{B02,B04,B06,B11}|{B08}",8,37,0.992598,"{""C"": 4, ""B"": 4, ""A"": 4}","{""C"": 5, ""B"": 5, ""A"": 6}",4,5
"{B01,B03,B05,B07,B09,B11,B12}|{B02,B04,B06,B10}|{B08}",8,37,0.992598,"{""C"": 4, ""B"": 4, ""A"": 4}","{""C"": 5, ""B"": 5, ""A"": 6}",4,5
"{B01,B05,B07,B10,B11,B12}|{B02,B03,B04,B06,B09}|{B08}",8,37,0.992598,"{""B"": 4, ""C"": 3, ""A"": 5}","{""B"": 6, ""C"": 4, ""A"": 6}",4,5
"{B01,B02,B03,B04,B05,B06,B09,B12}|{B07,B08}|{B10,B11}",8,37,0.994036,"{""C"": 2, ""A"": 4, ""B"": 5}","{""C"": 4, ""A"": 6, ""B"": 7}",4,5
"{B01,B02,B03,B04,B05,B07,B09,B10,B11}|{B06,B08}|{B12}",8,37,0.994547,"{""C"": 3, ""B"": 3, ""A"": 5}","{""C"": 5, ""B"": 5, ""A"": 7}",4,5
"{B01,B02,B03,B04,B05,B08,B09,B10,B11}|{B06,B07}|{B12}",8,37,0.997698,"{""C"": 3, ""B"": 3, ""A"": 5}","{""C"": 5, ""B"": 5, ""A"": 7}",4,5
"{B01,B02,B03,B04,B05,B06,B07,B08,B12}|{B09,B11}|{B10}",8,37,1.0,"{""C"": 2, ""A"": 4, ""B"": 5}","{""C"": 4, ""A"": 6, ""B"": 7}",4,5
"{B01,B02,B03,B04,B05,B06,B07,B08,B12}|{B09}|{B10,B11}",8,37,1.0,"{""C"": 2, ""A"": 4, ""B"": 5}","{""C"": 4, ""A"": 6, ""B"": 7}",4,5
"{B01,B02,B03,B04,B05,B06,B07,B09,B10}|{B08,B12}|{B11}",8,37,1.0,"{""C"": 2, ""B"": 4, ""A"": 5}","{""C"": 4, ""B"": 6, ""A"": 7}",4,5
"{B01,B02,B03,B04,B05,B06,B07,B09,B10}|{B08}|{B11,B12}",8,37,1.0,"{""C"": 2, ""B"": 4, ""A"": 5}","{""C"": 4, ""B"": 6, ""A"": 7}",4,5
"{B01,B02,B03,B04,B05,B06,B07,B09,B11}|{B08,B12}|{B10}",8,37,1.0,"{""C"": 2, ""B"": 4, ""A"": 5}","{""C"": 4, ""B"": 6, ""A"": 7}",4,5
"{B01,B02,B03,B04,B05,B06,B07,B09,B11}|{B08}|{B10,B12}",8,37,1.0,"{""C"": 2, ""B"": 4, ""A"": 5}","{""C"": 4, ""B"": 6, ""A"": 7}",4,5
"{B01,B02,B03,B04,B05,B06,B07,B10,B12}|{B08,B09}|{B11}",8,37,1.0,"{""C"": 2, ""B"": 5, ""A"": 4}","{""C"": 4, ""B"": 7, ""A"": 6}",4,5
"{B01,B02,B03,B04,B05,B06,B07,B11,B12}|{B08,B09}|{B10}",8,37,1.0,"{""C"": 2, ""B"": 5, ""A"": 4}","{""C"": 4, ""B"": 7, ""A"": 6}",4,5
"{B01,B02,B03,B04,B05,B06,B07,B10,B11}|{B08,B12}|{B09}",8,37,1.0,"{""C"": 2, ""B"": 4, ""A"": 5}","{""C"": 4, ""B"": 6, ""A"": 7}",4,5
"{B01,B02,B03,B04,B05,B06,B07,B10,B11}|{B08}|{B09,B12}",8,37,1.0,"{""C"": 2, ""B"": 4, ""A"": 5}","{""C"": 4, ""B"": 6, ""A"": 7}",4,5
"{B01,B02,B03,B04,B05,B06,B07,B12}|{B08,B11}|{B09,B10}",8,37,1.0,"{""C"": 2, ""A"": 4, ""B"": 4}","{""C"": 4, ""A"": 6, ""B"": 8}",4,5
"{B01,B02,B03,B04,B05,B06,B08,B11}|{B07,B12}|{B09,B10}",8,37,1.0,"{""C"": 2, ""B"": 4, ""A"": 5}","{""C"": 4, ""B"": 6, ""A"": 7}",4,5
"{B01,B02,B03,B04,B05,B06,B09,B10}|{B07,B08,B12}|{B11}",8,37,1.0,"{""C"": 2, ""B"": 4, ""A"": 5}","{""C"": 4, ""B"": 6, ""A"": 7}",4,5
"{B01,B02,B03,B04,B05,B06,B09,B11}|{B07,B08,B12}|{B10}",8,37,1.0,"{""C"": 2, ""B"": 4, ""A"": 5}","{""C"": 4, ""B"": 6, ""A"": 7}",4,5
"{B01,B02,B03,B04,B05,B06,B10,B11}|{B07,B08,B12}|{B09}",8,37,1.0,"{""C"": 2, ""B"": 4, ""A"": 5}","{""C"": 4, ""B"": 6, ""A"": 7}",4,5
"{B01,B02,B03,B04,B05,B06,B09,B10}|{B07,B11,B12}|{B08}",8,37,1.0,"{""C"": 2, ""B"": 4, ""A"": 5}","{""C"": 4, ""B"": 6, ""A"": 7}",4,5
"{B01,B02,B03,B04,B05,B06,B09,B10}|{B07,B12}|{B08,B11}",8,37,1.0,"{""C"": 2, ""B"": 4, ""A"": 5}","{""C"": 4, ""B"": 6, ""A"": 7}",4,5
"{B01,B02,B03,B04,B05,B06,B09,B11}|{B07,B12}|{B08,B10}",8,37,1.0,"{""C"": 2, ""B"": 4, ""A"": 5}","{""C"": 4, ""B"": 6, ""A"": 7}",4,5
"{B01,B02,B03,B04,B05,B06,B10,B12}|{B07,B09,B11}|{B08}",8,37,1.0,"{""C"": 2, ""B"": 5, ""A"": 4}","{""C"": 4, ""B"": 7, ""A"": 6}",4,5
"{B01,B02,B03,B04,B05,B06,B12}|{B07,B09,B10,B11}|{B08}",8,37,1.0,"{""C"": 2, ""A"": 4, ""B"": 5}","{""C"": 4, ""A"": 6, ""B"": 7}",4,5
"{B01,B02,B03,B04,B05,B07,B08,B09,B10}|{B06,B12}|{B11}",8,37,1.0,"{""C"": 3, ""B"": 3, ""A"": 5}","{""C"": 5, ""B"": 5, ""A"": 7}",4,5
"{B01,B02,B03,B04,B05,B07,B08,B09,B11}|{B06,B12}|{B10}",8,37,1.0,"{""C"": 3, ""B"": 3, ""A"": 5}","{""C"": 5, ""B"": 5, ""A"": 7}",4,5
"{B01,B02,B03,B04,B05,B07,B08,B10,B11}|{B06,B12}|{B09}",8,37,1.0,"{""C"": 3, ""B"": 3, ""A"": 5}","{""C"": 5, ""B"": 5, ""A"": 7}",4,5
"{B01,B02,B03,B04,B05,B07,B09,B10,B12}|{B06,B08}|{B11}",8,37,1.0,"{""C"": 3, ""B"": 4, ""A"": 4}","{""C"": 5, ""B"": 6, ""A"": 6}",4,5
"{B01,B02,B03,B04,B05,B07,B09,B11,B12}|{B06,B08}|{B10}",8,37,1.0,"{""C"": 3, ""B"": 4, ""A"": 4}","{""C"": 5, ""B"": 6, ""A"": 6}",4,5
"{B01,B02,B03,B04,B05,B07,B10,B11,B12}|{B06,B08}|{B09}",8,37,1.0,"{""C"": 3, ""B"": 4, ""A"": 4}","{""C"": 5, ""B"": 6, ""A"": 6}",4,5
"{B01,B02,B03,B04,B05,B07,B09,B10,B11}|{B06}|{B08,B12}",8,37,1.0,"{""C"": 3, ""B"": 3, ""A"": 5}","{""C"": 5, ""B"": 5, ""A"": 7}",4,5
"{B01,B02,B03,B04,B05,B07,B09,B10,B12}|{B06,B11}|{B08}",8,37,1.0,"{""C"": 3, ""B"": 4, ""A"": 4}","{""C"": 5, ""B"": 6, ""A"": 6}",4,5
"{B01,B02,B03,B04,B05,B07,B09,B11,B12}|{B06,B10}|{B08}",8,37,1.0,"{""C"": 3, ""B"": 4, ""A"": 4}","{""C"": 5, ""B"": 6, ""A"": 6}",4,5
"{B01,B02,B03,B04,B05,B07,B10,B11,B12}|{B06,B09}|{B08}",8,37,1.0,"{""C"": 3, ""B"": 4, ""A"": 4}","{""C"": 5, ""B"": 6, ""A"": 6}",4,5
"{B01,B02,B03,B04,B05,B08,B11,B12}|{B06,B07}|{B09,B10}",8,37,1.0,"{""C"": 3, ""B"": 4, ""A"": 4}","{""C"": 5, ""B"": 6, ""A"": 6}",4,5
"{B01,B02,B03,B04,B05,B09,B10,B11}|{B06,B07,B08}|{B12}",8,37,1.0,"{""C"": 3, ""B"": 3, ""A"": 5}","{""C"": 5, ""B"": 5, ""A"": 7}",4,5
"{B01,B02,B03,B04,B05,B09,B10,B12}|{B06,B07,B08}|{B11}",8,37,1.0,"{""C"": 3, ""B"": 4, ""A"": 4}","{""C"": 5, ""B"": 6, ""A"": 6}",4,5
"{B01,B02,B03,B04,B05,B09,B11,B12}|{B06,B07,B08}|{B10}",8,37,1.0,"{""C"": 3, ""B"": 4, ""A"": 4}","{""C"": 5, ""B"": 6, ""A"": 6}",4,5
"{B01,B02,B03,B04,B05,B10,B11,B12}|{B06,B07,B08}|{B09}",8,37,1.0,"{""C"": 3, ""B"": 4, ""A"": 4}","{""C"": 5, ""B"": 6, ""A"": 6}",4,5
"{B01,B02,B03,B04,B05,B09,B10,B12}|{B06,B07,B11}|{B08}",8,37,1.0,"{""C"": 3, ""B"": 4, ""A"": 4}","{""C"": 5, ""B"": 6, ""A"": 6}",4,5
"{B01,B02,B03,B04,B05,B09,B10,B12}|{B06,B07}|{B08,B11}",8,37,1.0,"{""C"": 3, ""B"": 4, ""A"": 4}","{""C"": 5, ""B"": 6, ""A"": 6}",4,5
"{B01,B02,B03,B04,B05,B09,B11,B12}|{B06,B07}|{B08,B10}",8,37,1.0,"{""C"": 3, ""B"": 4, ""A"": 4}","{""C"": 5, ""B"": 6, ""A"": 6}",4,5
"{B01,B02,B03,B04,B05,B08,B09,B10,B11}|{B06,B12}|{B07}",8,37,1.0,"{""C"": 3, ""B"": 3, ""A"": 5}","{""C"": 5, ""B"": 5, ""A"": 7}",4,5
"{B01,B02,B03,B04,B05,B08,B09,B10,B11}|{B06}|{B07,B12}",8,37,1.0,"{""C"": 3, ""B"": 3, ""A"": 5}","{""C"": 5, ""B"": 5, ""A"": 7}",4,5
"{B01,B02,B03,B04,B05,B09,B10,B11}|{B06,B12}|{B07,B08}",8,37,1.0,"{""C"": 3, ""B"": 3, ""A"": 5}","{""C"": 5, ""B"": 5, ""A"": 7}",4,5
"{B01,B02,B03,B04,B05,B09,B10,B11}|{B06}|{B07,B08,B12}",8,37,1.0,"{""C"": 3, ""B"": 3, ""A"": 5}","{""C"": 5, ""B"": 5, ""A"": 7}",4,5
"{B01,B02,B03,B05,B06,B08,B09,B10,B12}|{B04,B07}|{B11}",8,37,1.0,"{""C"": 3, ""B"": 4, ""A"": 4}","{""C"": 5, ""B"": 5, ""A"": 6}",5,5
"{B01,B02,B03,B05,B06,B08,B09,B11,B12}|{B04,B07}|{B10}",8,37,1.0,"{""C"": 3, ""B"": 4, ""A"": 4}","{""C"": 5, ""B"": 5, ""A"": 6}",5,5
"{B01,B02,B03,B05,B06,B08,B10,B11,B12}|{B04,B07}|{B09}",8,37,1.0,"{""C"": 3, ""B"": 4, ""A"": 4}","{""C"": 5, ""B"": 5, ""A"": 6}",5,5
"{B01,B02,B03,B05,B06,B09,B10,B11,B12}|{B04,B08}|{B07}",8,37,1.0,"{""C"": 3, ""B"": 4, ""A"": 4}","{""C"": 5, ""B"": 5, ""A"": 6}",5,5
"{B01,B02,B03,B05,B07,B08,B11,B12}|{B04,B06}|{B09,B10}",8,37,1.0,"{""C"": 3, ""B"": 3, ""A"": 4}","{""C"": 5, ""B"": 6, ""A"": 6}",5,5
"{B01,B02,B03,B05,B07,B09,B10,B12}|{B04,B06}|{B08,B11}",8,37,1.0,"{""C"": 3, ""B"": 3, ""A"": 4}","{""C"": 5, ""B"": 6, ""A"": 6}",5,5
"{B01,B02,B03,B05,B07,B09,B11,B12}|{B04,B06}|{B08,B10}",8,37,1.0,"{""C"": 3, ""B"": 3, ""A"": 4}","{""C"": 5, ""B"": 6, ""A"": 6}",5,5
"{B01,B02,B03,B05,B08,B09,B10,B12}|{B04,B06,B07}|{B11}",8,37,1.0,"{""C"": 3, ""B"": 4, ""A"": 4}","{""C"": 5, ""B"": 5, ""A"": 6}",5,5
"{B01,B02,B03,B05,B08,B09,B11,B12}|{B04,B06,B07}|{B10}",8,37,1.0,"{""C"": 3, ""B"": 4, ""A"": 4}","{""C"": 5, ""B"": 5, ""A"": 6}",5,5
"{B01,B02,B03,B05,B08,B10,B11,B12}|{B04,B06,B07}|{B09}",8,37,1.0,"{""C"": 3, ""B"": 4, ""A"": 4}","{""C"": 5, ""B"": 5, ""A"": 6}",5,5
"{B01,B02,B03,B05,B09,B10,B11,B12}|{B04,B06,B08}|{B07}",8,37,1.0,"{""C"": 3, ""B"": 4, ""A"": 4}","{""C"": 5, ""B"": 5, ""A"": 6}",5,5
"{B01,B02,B03,B05,B07,B08,B09,B10,B11}|{B04,B12}|{B06}",8,37,1.0,"{""C"": 4, ""B"": 2, ""A"": 5}","{""C"": 5, ""B"": 4, ""A"": 7}",5,5
"{B01,B02,B03,B05,B07,B09,B10,B11,B12}|{B04,B08}|{B06}",8,37,1.0,"{""C"": 4, ""B"": 3, ""A"": 4}","{""C"": 5, ""B"": 5, ""A"": 6}",5,5
"{B01,B02,B03,B05,B08,B09,B10,B11,B12}|{B04,B07}|{B06}",8,37,1.0,"{""C"": 4, ""B"": 3, ""A"": 4}","{""C"": 5, ""B"": 5, ""A"": 6}",5,5
"{B01,B02,B03,B05,B09,B10,B11,B12}|{B04,B07,B08}|{B06}",8,37,1.0,"{""C"": 4, ""B"": 3, ""A"": 4}","{""C"": 5, ""B"": 5, ""A"": 6}",5,5
"{B01,B02,B04,B05,B06,B07,B08,B09,B10}|{B03,B12}|{B11}",8,37,1.0,"{""C"": 3, ""B"": 3, ""A"": 5}","{""C"": 5, ""B"": 5, ""A"": 7}",4,5
"{B01,B02,B04,B05,B06,B07,B08,B09,B11}|{B03,B12}|{B10}",8,37,1.0,"{""B"": 3, ""C"": 3, ""A"": 5}","{""B"": 5, ""C"": 5, ""A"": 7}",4,5
"{B01,B02,B04,B05,B06,B07,B08,B10,B11}|{B03,B12}|{B09}",8,37,1.0,"{""B"": 3, ""C"": 3, ""A"": 5}","{""B"": 5, ""C"": 5, ""A"": 7}",4,5
"{B01,B02,B04,B05,B06,B07,B08,B11,B12}|{B03}|{B09,B10}",8,37,1.0,"{""B"": 3, ""C"": 3, ""A"": 5}","{""B"": 6, ""C"": 5, ""A"": 6}",4,5
"{B01,B02,B04,B05,B06,B07,B09,B10,B11}|{B03,B08}|{B12}",8,37,1.0,"{""B"": 3, ""C"": 3, ""A"": 5}","{""B"": 5, ""C"": 5, ""A"": 7}",4,5
"{B01,B02,B04,B05,B06,B07,B09,B10,B11}|{B03}|{B08,B12}",8,37,1.0,"{""B"": 3, ""C"": 3, ""A"": 5}","{""B"": 5, ""C"": 5, ""A"": 7}",4,5
"{B01,B02,B04,B05,B06,B07,B09,B10,B12}|{B03}|{B08,B11}",8,37,1.0,"{""C"": 3, ""B"": 3, ""A"": 5}","{""C"": 5, ""B"": 6, ""A"": 6}",4,5
"{B01,B02,B04,B05,B06,B07,B09,B11,B12}|{B03}|{B08,B10}",8,37,1.0,"{""B"": 3, ""C"": 3, ""A"": 5}","{""B"": 6, ""C"": 5, ""A"": 6}",4,5
"{B01,B02,B04,B05,B06,B08,B09,B10,B11}|{B03,B07}|{B12}",8,37,1.0,"{""B"": 3, ""C"": 3, ""A"": 5}","{""B"": 5, ""C"": 5, ""A"": 7}",4,5
"{B01,B02,B04,B05,B06,B08,B09,B10,B12}|{B03,B07}|{B11}",8,37,1.0,"{""C"": 3, ""B"": 4, ""A"": 5}","{""C"": 5, ""B"": 5, ""A"": 6}",4,5
"{B01,B02,B04,B05,B06,B08,B09,B11,B12}|{B03,B07}|{B10}",8,37,1.0,"{""B"": 4, ""C"": 3, ""A"": 5}","{""B"": 5, ""C"": 5, ""A"": 6}",4,5
"{B01,B02,B04,B05,B06,B08,B10,B11,B12}|{B03,B07}|{B09}",8,37,1.0,"{""B"": 4, ""C"": 3, ""A"": 5}","{""B"": 5, ""C"": 5, ""A"": 6}",4,5
"{B01,B02,B04,B05,B06,B09,B10,B11}|{B03,B07,B08}|{B12}",8,37,1.0,"{""B"": 3, ""C"": 3, ""A"": 5}","{""B"": 5, ""C"": 5, ""A"": 7}",4,5
"{B01,B02,B04,B05,B06,B09,B11,B12}|{B03,B07,B10}|{B08}",8,37,1.0,"{""B"": 4, ""C"": 3, ""A"": 5}","{""B"": 5, ""C"": 5, ""A"": 6}",4,5
"{B01,B02,B04,B05,B06,B08,B09,B10,B11}|{B03,B12}|{B07}",8,37,1.0,"{""B"": 3, ""C"": 3, ""A"": 5}","{""B"": 5, ""C"": 5, ""A"": 7}",4,5
"{B01,B02,B04,B05,B06,B08,B09,B10,B11}|{B03}|{B07,B12}",8,37,1.0,"{""B"": 3, ""C"": 3, ""A"": 5}","{""B"": 5, ""C"": 5, ""A"": 7}",4,5
"{B01,B02,B04,B05,B06,B09,B10,B11,B12}|{B03,B08}|{B07}",8,37,1.0,"{""B"": 4, ""C"": 3, ""A"": 5}","{""B"": 5, ""C"": 5, ""A"": 6}",4,5
"{B01,B02,B04,B05,B06,B09,B10,B11}|{B03,B12}|{B07,B08}",8,37,1.0,"{""B"": 3, ""C"": 3, ""A"": 5}","{""B"": 5, ""C"": 5, ""A"": 7}",4,5
"{B01,B02,B04,B05,B07,B08,B09,B10,B12}|{B03,B06}|{B11}",8,37,1.0,"{""B"": 3, ""C"": 4, ""A"": 5}","{""B"": 5, ""C"": 5, ""A"": 6}",4,5
"{B01,B02,B04,B05,B07,B08,B09,B11,B12}|{B03,B06}|{B10}",8,37,1.0,"{""B"": 3, ""C"": 4, ""A"": 5}","{""B"": 5, ""C"": 5, ""A"": 6}",4,5
"{B01,B02,B04,B05,B07,B08,B10,B11,B12}|{B03,B06}|{B09}",8,37,1.0,"{""B"": 3, ""C"": 4, ""A"": 5}","{""B"": 5, ""C"": 5, ""A"": 6}",4,5
"{B01,B02,B04,B05,B08,B09,B10,B11,B12}|{B03,B06}|{B07}",8,37,1.0,"{""B"": 3, ""C"": 4, ""A"": 5}","{""B"": 5, ""C"": 5, ""A"": 6}",4,5
"{B01,B02,B04,B05,B09,B10,B11,B12}|{B03,B06}|{B07,B08}",8,37,1.0,"{""B"": 3, ""C"": 4, ""A"": 5}","{""B"": 5, ""C"": 5, ""A"": 6}",4,5
"{B01,B02,B04,B05,B07,B09,B10,B11,B12}|{B03,B08}|{B06}",8,37,1.0,"{""B"": 3, ""C"": 4, ""A"": 5}","{""B"": 5, ""C"": 5, ""A"": 6}",4,5
"{B01,B02,B04,B05,B07,B09,B10,B11,B12}|{B03}|{B06,B08}",8,37,1.0,"{""B"": 3, ""C"": 4, ""A"": 5}","{""B"": 5, ""C"": 5, ""A"": 6}",4,5
"{B01,B02,B04,B05,B08,B09,B10,B11,B12}|{B03,B07}|{B06}",8,37,1.0,"{""B"": 3, ""C"": 4, ""A"": 5}","{""B"": 5, ""C"": 5, ""A"": 6}",4,5
"{B01,B02,B04,B05,B09,B10,B11,B12}|{B03,B07,B08}|{B06}",8,37,1.0,"{""B"": 3, ""C"": 4, ""A"": 5}","{""B"": 5, ""C"": 5, ""A"": 6}",4,5
"{B01,B02,B04,B05,B08,B09,B10,B11,B12}|{B03}|{B06,B07}",8,37,1.0,"{""B"": 3, ""C"": 4, ""A"": 5}","{""B"": 5, ""C"": 5, ""A"": 6}",4,5
"{B01,B02,B04,B05,B09,B10,B11,B12}|{B03}|{B06,B07,B08}",8,37,1.0,"{""B"": 3, ""C"": 4, ""A"": 5}","{""B"": 5, ""C"": 5, ""A"": 6}",4,5
"{B01,B02,B05,B06,B07,B08,B09,B10,B11}|{B03,B04}|{B12}",8,37,1.0,"{""B"": 2, ""C"": 4, ""A"": 5}","{""B"": 4, ""C"": 5, ""A"": 7}",5,5
"{B01,B02,B05,B07,B08,B09,B10,B12}|{B03,B04,B06}|{B11}",8,37,1.0,"{""B"": 3, ""C"": 4, ""A"": 5}","{""B"": 5, ""C"": 4, ""A"": 6}",5,5
"{B01,B02,B05,B07,B08,B09,B11,B12}|{B03,B04,B06}|{B10}",8,37,1.0,"{""B"": 3, ""C"": 4, ""A"": 5}","{""B"": 5, ""C"": 4, ""A"": 6}",5,5
"{B01,B02,B05,B07,B08,B10,B11,B12}|{B03,B04,B06}|{B09}",8,37,1.0,"{""B"": 3, ""C"": 4, ""A"": 5}","{""B"": 5, ""C"": 4, ""A"": 6}",5,5
"{B01,B02,B05,B08,B09,B10,B11,B12}|{B03,B04,B06}|{B07}",8,37,1.0,"{""B"": 3, ""C"": 4, ""A"": 5}","{""B"": 5, ""C"": 4, ""A"": 6}",5,5
"{B01,B02,B05,B09,B10,B11,B12}|{B03,B04,B06}|{B07,B08}",8,37,1.0,"{""B"": 3, ""C"": 4, ""A"": 5}","{""B"": 5, ""C"": 4, ""A"": 6}",5,5
"{B01,B02,B05,B07,B08,B09,B10,B11,B12}|{B03,B04}|{B06}",8,37,1.0,"{""B"": 2, ""C"": 5, ""A"": 5}","{""B"": 4, ""C"": 5, ""A"": 6}",5,5
"{B01,B02,B05,B07,B08,B09,B10,B11}|{B03}|{B04,B06,B12}",8,37,1.0,"{""B"": 2, ""C"": 4, ""A"": 5}","{""B"": 4, ""C"": 5, ""A"": 7}",5,5
"{B01,B03,B04,B05,B06,B07,B08,B09,B10}|{B02,B12}|{B11}",8,37,1.0,"{""C"": 3, ""B"": 4, ""A"": 5}","{""C"": 4, ""B"": 5, ""A"": 7}",4,5
"{B01,B03,B04,B05,B06,B07,B08,B09,B12}|{B02}|{B10,B11}",8,37,1.0,"{""C"": 3, ""A"": 4, ""B"": 5}","{""C"": 4, ""A"": 6, ""B"": 6}",4,5
"{B01,B03,B04,B05,B06,B07,B08,B10,B11}|{B02,B12}|{B09}",8,37,1.0,"{""C"": 3, ""B"": 4, ""A"": 5}","{""C"": 4, ""B"": 5, ""A"": 7}",4,5
"{B01,B03,B04,B05,B06,B07,B08,B10,B12}|{B02}|{B09,B11}",8,37,1.0,"{""C"": 3, ""B"": 5, ""A"": 4}","{""C"": 4, ""B"": 6, ""A"": 6}",4,5
"{B01,B03,B04,B05,B06,B07,B11,B12}|{B02,B08}|{B09,B10}",8,37,1.0,"{""C"": 3, ""B"": 4, ""A"": 4}","{""C"": 4, ""B"": 7, ""A"": 6}",4,5
"{B01,B03,B04,B05,B06,B07,B09,B10}|{B02,B11,B12}|{B08}",8,37,1.0,"{""C"": 3, ""B"": 4, ""A"": 5}","{""C"": 4, ""B"": 5, ""A"": 7}",4,5
"{B01,B03,B04,B05,B06,B07,B09,B11}|{B02,B10,B12}|{B08}",8,37,1.0,"{""C"": 3, ""B"": 4, ""A"": 5}","{""C"": 4, ""B"": 5, ""A"": 7}",4,5
"{B01,B03,B04,B05,B06,B07,B09,B12}|{B02,B10,B11}|{B08}",8,37,1.0,"{""C"": 3, ""A"": 4, ""B"": 5}","{""C"": 4, ""A"": 6, ""B"": 6}",4,5
"{B01,B03,B04,B05,B06,B07,B10,B12}|{B02,B09,B11}|{B08}",8,37,1.0,"{""C"": 3, ""B"": 5, ""A"": 4}","{""C"": 4, ""B"": 6, ""A"": 6}",4,5
"{B01,B03,B04,B05,B06,B07,B10,B11,B12}|{B02}|{B08,B09}",8,37,1.0,"{""C"": 3, ""B"": 5, ""A"": 4}","{""C"": 4, ""B"": 6, ""A"": 6}",4,5
"{B01,B03,B04,B05,B06,B08,B09,B10,B12}|{B02,B07}|{B11}",8,37,1.0,"{""C"": 3, ""B"": 5, ""A"": 4}","{""C"": 4, ""B"": 6, ""A"": 6}",4,5
"{B01,B03,B04,B05,B06,B08,B09,B11,B12}|{B02,B07}|{B10}",8,37,1.0,"{""C"": 3, ""B"": 5, ""A"": 4}","{""C"": 4, ""B"": 6, ""A"": 6}",4,5
"{B01,B03,B04,B05,B06,B08,B10,B11,B12}|{B02,B07}|{B09}",8,37,1.0,"{""C"": 3, ""B"": 5, ""A"": 4}","{""C"": 4, ""B"": 6, ""A"": 6}",4,5
"{B01,B03,B04,B05,B06,B08,B11,B12}|{B02,B07}|{B09,B10}",8,37,1.0,"{""C"": 3, ""B"": 5, ""A"": 4}","{""C"": 4, ""B"": 6, ""A"": 6}",4,5
"{B01,B03,B04,B05,B06,B09,B10,B12}|{B02,B07,B08}|{B11}",8,37,1.0,"{""C"": 3, ""B"": 5, ""A"": 4}","{""C"": 4, ""B"": 6, ""A"": 6}",4,5
"{B01,B03,B04,B05,B06,B09,B11,B12}|{B02,B07,B08}|{B10}",8,37,1.0,"{""C"": 3, ""B"": 5, ""A"": 4}","{""C"": 4, ""B"": 6, ""A"": 6}",4,5
"{B01,B03,B04,B05,B06,B10,B11,B12}|{B02,B07,B08}|{B09}",8,37,1.0,"{""C"": 3, ""B"": 5, ""A"": 4}","{""C"": 4, ""B"": 6, ""A"": 6}",4,5
"{B01,B03,B04,B05,B06,B09,B10,B12}|{B02,B07}|{B08,B11}",8,37,1.0,"{""C"": 3, ""B"": 5, ""A"": 4}","{""C"": 4, ""B"": 6, ""A"": 6}",4,5
"{B01,B03,B04,B05,B06,B09,B11,B12}|{B02,B07}|{B08,B10}",8,37,1.0,"{""C"": 3, ""B"": 5, ""A"": 4}","{""C"": 4, ""B"": 6, ""A"": 6}",4,5
"{B01,B03,B04,B05,B06,B10,B11,B12}|{B02,B07,B09}|{B08}",8,37,1.0,"{""C"": 3, ""B"": 5, ""A"": 4}","{""C"": 4, ""B"": 6, ""A"": 6}",4,5
"{B01,B03,B04,B05,B06,B10,B12}|{B02,B07,B09,B11}|{B08}",8,37,1.0,"{""C"": 3, ""B"": 5, ""A"": 4}","{""C"": 4, ""B"": 6, ""A"": 6}",4,5
"{B01,B03,B04,B05,B06,B11,B12}|{B02,B07,B09,B10}|{B08}",8,37,1.0,"{""C"": 3, ""B"": 5, ""A"": 4}","{""C"": 4, ""B"": 6, ""A"": 6}",4,5
"{B01,B03,B04,B05,B06,B12}|{B02,B07,B09,B10,B11}|{B08}",8,37,1.0,"{""C"": 3, ""A"": 4, ""B"": 5}","{""C"": 4, ""A"": 6, ""B"": 6}",4,5
"{B01,B03,B04,B05,B07,B08,B09,B10,B11}|{B02,B06}|{B12}",8,37,1.0,"{""C"": 3, ""B"": 3, ""A"": 5}","{""C"": 5, ""B"": 5, ""A"": 7}",4,5
"{B01,B03,B04,B05,B07,B08,B09,B11,B12}|{B02,B06}|{B10}",8,37,1.0,"{""C"": 3, ""B"": 4, ""A"": 4}","{""C"": 5, ""B"": 6, ""A"": 6}",4,5
"{B01,B03,B04,B05,B07,B08,B11,B12}|{B02,B06}|{B09,B10}",8,37,1.0,"{""C"": 3, ""B"": 4, ""A"": 4}","{""C"": 5, ""B"": 6, ""A"": 6}",4,5
"{B01,B03,B04,B05,B07,B09,B10,B11}|{B02,B06,B08}|{B12}",8,37,1.0,"{""C"": 3, ""B"": 3, ""A"": 5}","{""C"": 5, ""B"": 5, ""A"": 7}",4,5
"{B01,B03,B04,B05,B07,B09,B10,B12}|{B02,B06,B08}|{B11}",8,37,1.0,"{""C"": 3, ""B"": 4, ""A"": 4}","{""C"": 5, ""B"": 6, ""A"": 6}",4,5
"{B01,B03,B04,B05,B07,B09,B11,B12}|{B02,B06,B08}|{B10}",8,37,1.0,"{""C"": 3, ""B"": 4, ""A"": 4}","{""C"": 5, ""B"": 6, ""A"": 6}",4,5
"{B01,B03,B04,B05,B07,B10,B11,B12}|{B02,B06,B08}|{B09}",8,37,1.0,"{""C"": 3, ""B"": 4, ""A"": 4}","{""C"": 5, ""B"": 6, ""A"": 6}",4,5
"{B01,B03,B04,B05,B07,B09,B10,B12}|{B02,B06}|{B08,B11}",8,37,1.0,"{""C"": 3, ""B"": 4, ""A"": 4}","{""C"": 5, ""B"": 6, ""A"": 6}",4,5
"{B01,B03,B04,B05,B07,B09,B11,B12}|{B02,B06}|{B08,B10}",8,37,1.0,"{""C"": 3, ""B"": 4, ""A"": 4}","{""C"": 5, ""B"": 6, ""A"": 6}",4,5
"{B01,B03,B04,B05,B07,B10,B11,B12}|{B02,B06,B09}|{B08}",8,37,1.0,"{""C"": 3, ""B"": 4, ""A"": 4}","{""C"": 5, ""B"": 6, ""A"": 6}",4,5
"{B01,B03,B04,B05,B07,B11,B12}|{B02,B06,B09,B10}|{B08}",8,37,1.0,"{""C"": 3, ""B"": 4, ""A"": 4}","{""C"": 5, ""B"": 6, ""A"": 6}",4,5
"{B01,B03,B04,B05,B09,B10,B12}|{B02,B06,B07,B11}|{B08}",8,37,1.0,"{""C"": 3, ""B"": 5, ""A"": 4}","{""C"": 5, ""B"": 5, ""A"": 6}",4,5
"{B01,B03,B04,B05,B09,B11,B12}|{B02,B06,B07,B10}|{B08}",8,37,1.0,"{""C"": 3, ""B"": 5, ""A"": 4}","{""C"": 5, ""B"": 5, ""A"": 6}",4,5
"{B01,B03,B04,B05,B09,B12}|{B02,B06,B07,B10,B11}|{B08}",8,37,1.0,"{""C"": 3, ""A"": 4, ""B"": 5}","{""C"": 5, ""A"": 6, ""B"": 5}",4,5
"{B01,B03,B04,B05,B08,B09,B10,B11,B12}|{B02,B06}|{B07}",8,37,1.0,"{""C"": 3, ""B"": 4, ""A"": 4}","{""C"": 5, ""B"": 6, ""A"": 6}",4,5
"{B01,B03,B04,B05,B09,B10,B11,B12}|{B02,B06,B08}|{B07}",8,37,1.0,"{""C"": 3, ""B"": 4, ""A"": 4}","{""C"": 5, ""B"": 6, ""A"": 6}",4,5
"{B01,B03,B04,B05,B09,B10,B11,B12}|{B02,B06}|{B07,B08}",8,37,1.0,"{""C"": 3, ""B"": 4, ""A"": 4}","{""C"": 5, ""B"": 6, ""A"": 6}",4,5
"{B01,B03,B04,B05,B07,B09,B10,B11,B12}|{B02}|{B06,B08}",8,37,1.0,"{""C"": 4, ""B"": 4, ""A"": 4}","{""C"": 5, ""B"": 5, ""A"": 6}",4,5
"{B01,B03,B05,B07,B08,B09,B10,B11,B12}|{B02}|{B04,B06}",8,37,1.0,"{""C"": 4, ""B"": 3, ""A"": 4}","{""C"": 5, ""B"": 5, ""A"": 6}",5,5
"{B01,B04,B05,B06,B07,B08,B09,B10,B11}|{B02,B03}|{B12}",8,37,1.0,"{""B"": 3, ""C"": 3, ""A"": 5}","{""B"": 5, ""C"": 5, ""A"": 7}",4,5
"{B01,B04,B05,B06,B07,B08,B09,B10,B12}|{B02,B03}|{B11}",8,37,1.0,"{""C"": 3, ""B"": 4, ""A"": 5}","{""C"": 5, ""B"": 5, ""A"": 6}",4,5
"{B01,B04,B05,B06,B07,B08,B10,B11,B12}|{B02,B03}|{B09}",8,37,1.0,"{""B"": 4, ""C"": 3, ""A"": 5}","{""B"": 5, ""C"": 5, ""A"": 6}",4,5
"{B01,B04,B05,B06,B07,B09,B10,B11}|{B02,B03,B08}|{B12}",8,37,1.0,"{""B"": 3, ""C"": 3, ""A"": 5}","{""B"": 5, ""C"": 5, ""A"": 7}",4,5
"{B01,B04,B05,B06,B07,B09,B10,B12}|{B02,B03,B11}|{B08}",8,37,1.0,"{""C"": 3, ""B"": 4, ""A"": 5}","{""C"": 5, ""B"": 5, ""A"": 6}",4,5
"{B01,B04,B05,B06,B07,B09,B11,B12}|{B02,B03,B10}|{B08}",8,37,1.0,"{""B"": 4, ""C"": 3, ""A"": 5}","{""B"": 5, ""C"": 5, ""A"": 6}",4,5
"{B01,B04,B05,B07,B08,B09,B10,B11}|{B02,B03,B06}|{B12}",8,37,1.0,"{""B"": 3, ""C"": 3, ""A"": 5}","{""B"": 5, ""C"": 5, ""A"": 7}",4,5
"{B01,B04,B05,B07,B08,B09,B10,B12}|{B02,B03,B06}|{B11}",8,37,1.0,"{""B"": 4, ""C"": 3, ""A"": 5}","{""B"": 5, ""C"": 5, ""A"": 6}",4,5
"{B01,B04,B05,B07,B08,B10,B11,B12}|{B02,B03,B06}|{B09}",8,37,1.0,"{""B"": 4, ""C"": 3, ""A"": 5}","{""B"": 5, ""C"": 5, ""A"": 6}",4,5
"{B01,B04,B05,B07,B09,B10,B11}|{B02,B03,B06,B08}|{B12}",8,37,1.0,"{""B"": 3, ""C"": 3, ""A"": 5}","{""B"": 5, ""C"": 5, ""A"": 7}",4,5
"{B01,B04,B05,B07,B09,B10,B12}|{B02,B03,B06,B11}|{B08}",8,37,1.0,"{""B"": 4, ""C"": 3, ""A"": 5}","{""B"": 5, ""C"": 5, ""A"": 6}",4,5
"{B01,B04,B05,B07,B09,B11,B12}|{B02,B03,B06,B10}|{B08}",8,37,1.0,"{""B"": 4, ""C"": 3, ""A"": 5}","{""B"": 5, ""C"": 5, ""A"": 6}",4,5
"{B01,B04,B05,B07,B08,B09,B10,B11}|{B02,B03,B12}|{B06}",8,37,1.0,"{""B"": 3, ""C"": 3, ""A"": 5}","{""B"": 5, ""C"": 5, ""A"": 7}",4,5
"{B01,B04,B05,B07,B08,B09,B10,B11}|{B02,B03}|{B06,B12}",8,37,1.0,"{""B"": 3, ""C"": 3, ""A"": 5}","{""B"": 5, ""C"": 5, ""A"": 7}",4,5
"{B01,B04,B05,B07,B09,B10,B11}|{B02,B03,B08,B12}|{B06}",8,37,1.0,"{""B"": 3, ""C"": 3, ""A"": 5}","{""B"": 5, ""C"": 5, ""A"": 7}",4,5
"{B01,B04,B05,B07,B09,B10,B11}|{B02,B03,B08}|{B06,B12}",8,37,1.0,"{""B"": 3, ""C"": 3, ""A"": 5}","{""B"": 5, ""C"": 5, ""A"": 7}",4,5
"{B01,B04,B05,B07,B09,B10,B11,B12}|{B02,B03}|{B06,B08}",8,37,1.0,"{""B"": 4, ""C"": 3, ""A"": 5}","{""B"": 5, ""C"": 5, ""A"": 6}",4,5
"{B01,B05,B07,B08,B09,B10,B11}|{B02,B03,B04,B06}|{B12}",8,37,1.0,"{""B"": 3, ""C"": 3, ""A"": 5}","{""B"": 5, ""C"": 4, ""A"": 7}",5,5
"{B01,B05,B07,B08,B09,B10,B12}|{B02,B03,B04,B06}|{B11}",8,37,1.0,"{""B"": 4, ""C"": 3, ""A"": 5}","{""B"": 5, ""C"": 4, ""A"": 6}",5,5
"{B01,B05,B07,B08,B10,B11,B12}|{B02,B03,B04,B06}|{B09}",8,37,1.0,"{""B"": 4, ""C"": 3, ""A"": 5}","{""B"": 5, ""C"": 4, ""A"": 6}",5,5
"{B01,B05,B07,B09,B10,B11}|{B02,B03,B04,B06,B08}|{B12}",8,37,1.0,"{""B"": 3, ""C"": 3, ""A"": 5}","{""B"": 5, ""C"": 4, ""A"": 7}",5,5
"{B01,B04,B05,B06,B07,B08,B09,B10,B11,B12}|{B02}|{B03}",8,37,1.0,"{""B"": 3, ""C"": 4, ""A"": 5}","{""B"": 5, ""C"": 5, ""A"": 6}",4,5
"{B01,B04,B05,B06,B07,B09,B10,B11,B12}|{B02,B08}|{B03}",8,37,1.0,"{""B"": 3, ""C"": 4, ""A"": 5}","{""B"": 5, ""C"": 5, ""A"": 6}",4,5
"{B01,B04,B05,B07,B08,B09,B10,B11}|{B02,B06,B12}|{B03}",8,37,1.0,"{""B"": 3, ""C"": 3, ""A"": 5}","{""B"": 5, ""C"": 5, ""A"": 7}",4,5
"{B01,B04,B05,B07,B08,B09,B10,B11}|{B02,B06}|{B03,B12}",8,37,1.0,"{""B"": 3, ""C"": 3, ""A"": 5}","{""B"": 5, ""C"": 5, ""A"": 7}",4,5
"{B01,B04,B05,B07,B09,B10,B11}|{B02,B06,B08,B12}|{B03}",8,37,1.0,"{""B"": 3, ""C"": 3, ""A"": 5}","{""B"": 5, ""C"": 5, ""A"": 7}",4,5
"{B01,B04,B05,B07,B09,B10,B11}|{B02,B06,B08}|{B03,B12}",8,37,1.0,"{""B"": 3, ""C"": 3, ""A"": 5}","{""B"": 5, ""C"": 5, ""A"": 7}",4,5
"{B01,B04,B05,B07,B09,B10,B11,B12}|{B02,B06}|{B03,B08}",8,37,1.0,"{""B"": 4, ""C"": 3, ""A"": 5}","{""B"": 5, ""C"": 5, ""A"": 6}",4,5
"{B01,B04,B05,B07,B08,B09,B10,B11,B12}|{B02}|{B03,B06}",8,37,1.0,"{""B"": 3, ""C"": 4, ""A"": 5}","{""B"": 5, ""C"": 5, ""A"": 6}",4,5
"{B01,B04,B05,B07,B09,B10,B11,B12}|{B02,B08}|{B03,B06}",8,37,1.0,"{""B"": 3, ""C"": 4, ""A"": 5}","{""B"": 5, ""C"": 5, ""A"": 6}",4,5
"{B01,B05,B07,B08,B09,B10,B11,B12}|{B02}|{B03,B04,B06}",8,37,1.0,"{""B"": 3, ""C"": 4, ""A"": 5}","{""B"": 5, ""C"": 4, ""A"": 6}",5,5
"{B01,B05,B07,B09,B10,B11,B12}|{B02,B08}|{B03,B04,B06}",8,37,1.0,"{""B"": 3, ""C"": 4, ""A"": 5}","{""B"": 5, ""C"": 4, ""A"": 6}",5,5
"{B01,B02,B05,B08,B09,B11,B12}|{B03,B04,B06}|{B07,B10}",8,38,0.8,"{""B"": 3, ""C"": 4, ""A"": 5}","{""B"": 4, ""C"": 4, ""A"": 6}",6,6
"{B01,B05,B07,B08,B09,B10,B12}|{B02,B11}|{B03,B04,B06}",8,38,0.8,"{""B"": 3, ""C"": 4, ""A"": 5}","{""B"": 4, ""C"": 4, ""A"": 6}",6,6
"{B01,B02,B04,B05,B06,B08,B09,B11}|{B03,B12}|{B07,B10}",8,38,0.81913,"{""B"": 3, ""C"": 3, ""A"": 5}","{""B"": 4, ""C"": 5, ""A"": 7}",5,6
"{B01,B02,B04,B05,B08,B09,B11,B12}|{B03,B06}|{B07,B10}",8,38,0.84322,"{""B"": 3, ""C"": 4, ""A"": 5}","{""B"": 4, ""C"": 5, ""A"": 6}",5,6
"{B01,B03,B04,B05,B09,B11,B12}|{B02,B06,B08}|{B07,B10}",8,38,0.879562,"{""C"": 3, ""B"": 4, ""A"": 4}","{""C"": 5, ""B"": 5, ""A"": 6}",5,6
"{B01,B04,B05,B07,B08,B09,B10,B12}|{B02,B11}|{B03,B06}",8,38,0.899095,"{""B"": 3, ""C"": 4, ""A"": 5}","{""B"": 4, ""C"": 5, ""A"": 6}",5,6
"{B01,B05,B08,B09}|{B02,B03,B04,B06,B07,B10,B11}|{B12}",8,38,0.907726,"{""C"": 3, ""A"": 5, ""B"": 4}","{""C"": 4, ""A"": 7, ""B"": 4}",5,6
"{B01,B02,B04,B05,B06,B08,B09,B10,B12}|{B03}|{B07,B11}",8,38,0.910469,"{""C"": 3, ""B"": 3, ""A"": 5}","{""C"": 5, ""B"": 5, ""A"": 6}",5,6
"{B01,B03,B04,B05,B08,B09,B11,B12}|{B02,B06}|{B07,B10}",8,38,0.916855,"{""C"": 3, ""B"": 4, ""A"": 4}","{""C"": 5, ""B"": 5, ""A"": 6}",5,6
"{B01,B04,B05,B07,B08,B09,B10}|{B02,B06,B11}|{B03,B12}",8,38,0.931298,"{""B"": 3, ""C"": 3, ""A"": 5}","{""B"": 4, ""C"": 5, ""A"": 7}",5,6
"{B01,B02,B04,B05,B06,B09,B11,B12}|{B03}|{B07,B08,B10}",8,38,0.936197,"{""B"": 3, ""C"": 3, ""A"": 5}","{""B"": 5, ""C"": 5, ""A"": 6}",5,6
"{B01,B03,B04,B05,B06,B09,B10,B12}|{B02,B08}|{B07,B11}",8,38,0.941967,"{""C"": 3, ""B"": 4, ""A"": 4}","{""C"": 4, ""B"": 6, ""A"": 6}",5,6
"{B01,B03,B04,B05,B09,B11,B12}|{B02,B06}|{B07,B08,B10}",8,38,0.945704,"{""C"": 3, ""B"": 4, ""A"": 4}","{""C"": 5, ""B"": 5, ""A"": 6}",5,6
"{B01,B02,B03,B04,B05,B08,B09,B11}|{B06,B12}|{B07,B10}",8,38,0.951541,"{""C"": 3, ""B"": 3, ""A"": 5}","{""C"": 5, ""B"": 4, ""A"": 7}",5,6
"{B01,B02,B05,B06,B08,B09,B11,B12}|{B03}|{B04,B07,B10}",8,38,0.953417,"{""B"": 3, ""C"": 4, ""A"": 5}","{""B"": 4, ""C"": 5, ""A"": 6}",5,6
"{B01,B02,B04,B05,B08,B09,B11,B12}|{B03}|{B06,B07,B10}",8,38,0.954969,"{""B"": 3, ""C"": 4, ""A"": 5}","{""B"": 4, ""C"": 5, ""A"": 6}",5,6
"{B01,B05,B07,B08,B11}|{B02,B03,B04,B06,B09,B10}|{B12}",8,38,0.956056,"{""B"": 3, ""C"": 3, ""A"": 5}","{""B"": 5, ""C"": 4, ""A"": 7}",5,6
"{B01,B02,B03,B05,B08,B09,B10,B12}|{B04,B06}|{B07,B11}",8,38,0.958105,"{""C"": 3, ""B"": 3, ""A"": 4}","{""C"": 5, ""B"": 5, ""A"": 6}",6,6
"{B01,B02,B04,B05,B06,B08,B09,B11}|{B03}|{B07,B10,B12}",8,38,0.963804,"{""B"": 3, ""C"": 3, ""A"": 5}","{""B"": 4, ""C"": 5, ""A"": 7}",5,6
"{B01,B02,B03,B04,B05,B06,B09,B11}|{B07,B10}|{B08,B12}",8,38,0.971328,"{""C"": 2, ""B"": 4, ""A"": 5}","{""C"": 4, ""B"": 5, ""A"": 7}",5,6
"{B01,B04,B05,B06,B07,B08,B09,B10,B12}|{B02,B11}|{B03}",8,38,0.974158,"{""C"": 4, ""B"": 3, ""A"": 5}","{""C"": 5, ""B"": 4, ""A"": 6}",5,6
"{B01,B05,B07,B09,B10}|{B02,B03,B04,B06,B08,B11}|{B12}",8,38,0.97422,"{""B"": 3, ""C"": 3, ""A"": 5}","{""B"": 5, ""C"": 4, ""A"": 7}",5,6
"{B01,B05,B08,B11,B12}|{B02,B03,B04,B06,B09,B10}|{B07}",8,38,0.974356,"{""B"": 4, ""C"": 3, ""A"": 5}","{""B"": 5, ""C"": 4, ""A"": 6}",5,6
"{B01,B02,B03,B05,B09,B11,B12}|{B04,B06}|{B07,B08,B10}",8,38,0.974546,"{""C"": 3, ""B"": 3, ""A"": 4}","{""C"": 5, ""B"": 5, ""A"": 6}",6,6
"{B01,B03,B04,B05,B06,B08,B09,B10,B12}|{B02}|{B07,B11}",8,38,0.974678,"{""C"": 3, ""B"": 4, ""A"": 4}","{""C"": 4, ""B"": 6, ""A"": 6}",5,6
"{B01,B05,B07,B09,B11}|{B02,B03,B04,B06,B08,B10}|{B12}",8,38,0.975314,"{""B"": 3, ""C"": 3, ""A"": 5}","{""B"": 5, ""C"": 4, ""A"": 7}",5,6
"{B01,B05,B09,B10,B12}|{B02,B03,B04,B06,B08,B11}|{B07}",8,38,0.975314,"{""B"": 4, ""C"": 3, ""A"": 5}","{""B"": 5, ""C"": 4, ""A"": 6}",5,6
"{B01,B05,B09,B11,B12}|{B02,B03,B04,B06,B08,B10}|{B07}",8,38,0.975314,"{""B"": 4, ""C"": 3, ""A"": 5}","{""B"": 5, ""C"": 4, ""A"": 6}",5,6
"{B01,B02,B03,B05,B06,B08,B09,B11}|{B04,B07,B10}|{B12}",8,38,0.98087,"{""C"": 3, ""B"": 3, ""A"": 5}","{""C"": 5, ""B"": 4, ""A"": 7}",5,6
"{B01,B02,B03,B05,B06,B08,B09,B10,B12}|{B04,B11}|{B07}",8,38,0.98087,"{""C"": 3, ""B"": 4, ""A"": 4}","{""C"": 5, ""B"": 5, ""A"": 6}",5,6
"{B01,B02,B03,B05,B06,B08,B09,B11,B12}|{B04,B10}|{B07}",8,38,0.98087,"{""C"": 3, ""B"": 4, ""A"": 4}","{""C"": 5, ""B"": 5, ""A"": 6}",5,6
"{B01,B02,B03,B05,B06,B08,B10,B11,B12}|{B04,B09}|{B07}",8,38,0.98087,"{""C"": 3, ""B"": 4, ""A"": 4}","{""C"": 5, ""B"": 5, ""A"": 6}",5,6
"{B01,B02,B03,B05,B08,B09,B11}|{B04,B06,B07,B10}|{B12}",8,38,0.98087,"{""C"": 3, ""B"": 3, ""A"": 5}","{""C"": 5, ""B"": 4, ""A"": 7}",5,6
"{B01,B02,B03,B05,B08,B09,B10,B12}|{B04,B06,B11}|{B07}",8,38,0.98087,"{""C"": 3, ""B"": 4, ""A"": 4}","{""C"": 5, ""B"": 5, ""A"": 6}",5,6
"{B01,B02,B03,B05,B08,B09,B11,B12}|{B04,B06,B10}|{B07}",8,38,0.98087,"{""C"": 3, ""B"": 4, ""A"": 4}","{""C"": 5, ""B"": 5, ""A"": 6}",5,6
"{B01,B02,B03,B05,B08,B10,B11,B12}|{B04,B06,B09}|{B07}",8,38,0.98087,"{""C"": 3, ""B"": 4, ""A"": 4}","{""C"": 5, ""B"": 5, ""A"": 6}",5,6
"{B01,B02,B03,B05,B07,B08,B09,B10,B12}|{B04,B11}|{B06}",8,38,0.98087,"{""C"": 4, ""B"": 3, ""A"": 4}","{""C"": 5, ""B"": 5, ""A"": 6}",5,6
"{B01,B02,B03,B05,B07,B08,B09,B11,B12}|{B04,B10}|{B06}",8,38,0.98087,"{""C"": 4, ""B"": 3, ""A"": 4}","{""C"": 5, ""B"": 5, ""A"": 6}",5,6
"{B01,B02,B03,B05,B07,B08,B10,B11,B12}|{B04,B09}|{B06}",8,38,0.98087,"{""C"": 4, ""B"": 3, ""A"": 4}","{""C"": 5, ""B"": 5, ""A"": 6}",5,6
"{B01,B02,B03,B05,B08,B09,B10,B12}|{B04,B07,B11}|{B06}",8,38,0.98087,"{""C"": 4, ""B"": 3, ""A"": 4}","{""C"": 5, ""B"": 5, ""A"": 6}",5,6
"{B01,B02,B03,B05,B09,B11,B12}|{B04,B07,B08,B10}|{B06}",8,38,0.98087,"{""C"": 4, ""B"": 3, ""A"": 4}","{""C"": 5, ""B"": 5, ""A"": 6}",5,6
"{B01,B02,B05,B08,B09,B11}|{B03,B04,B06,B07,B10}|{B12}",8,38,0.98087,"{""B"": 3, ""C"": 4, ""A"": 5}","{""B"": 4, ""C"": 4, ""A"": 7}",5,6
"{B01,B02,B05,B08,B09,B11,B12}|{B03}|{B04,B06,B07,B10}",8,38,0.98087,"{""B"": 3, ""C"": 4, ""A"": 5}","{""B"": 4, ""C"": 5, ""A"": 6}",5,6
"{B01,B03,B05,B07,B08,B09,B10,B12}|{B02,B04,B11}|{B06}",8,38,0.98087,"{""C"": 5, ""B"": 3, ""A"": 4}","{""C"": 5, ""B"": 4, ""A"": 6}",5,6
"{B01,B05,B07,B08,B09,B11}|{B02,B03,B04,B06,B10}|{B12}",8,38,0.98087,"{""B"": 3, ""C"": 3, ""A"": 5}","{""B"": 5, ""C"": 4, ""A"": 7}",5,6
"{B01,B05,B07,B08,B10,B11}|{B02,B03,B04,B06,B09}|{B12}",8,38,0.98087,"{""B"": 3, ""C"": 3, ""A"": 5}","{""B"": 5, ""C"": 4, ""A"": 7}",5,6
"{B01,B05,B08,B09,B10,B12}|{B02,B03,B04,B06,B11}|{B07}",8,38,0.98087,"{""B"": 4, ""C"": 3, ""A"": 5}","{""B"": 5, ""C"": 4, ""A"": 6}",5,6
"{B01,B05,B08,B09,B11,B12}|{B02,B03,B04,B06,B10}|{B07}",8,38,0.98087,"{""B"": 4, ""C"": 3, ""A"": 5}","{""B"": 5, ""C"": 4, ""A"": 6}",5,6
"{B01,B05,B09,B10,B12}|{B02,B03,B04,B06,B11}|{B07,B08}",8,38,0.98087,"{""B"": 4, ""C"": 3, ""A"": 5}","{""B"": 5, ""C"": 4, ""A"": 6}",5,6
"{B01,B05,B09,B11,B12}|{B02,B03,B04,B06,B10}|{B07,B08}",8,38,0.98087,"{""B"": 4, ""C"": 3, ""A"": 5}","{""B"": 5, ""C"": 4, ""A"": 6}",5,6
"{B01,B05,B07,B08,B09,B10,B12}|{B02,B03,B04,B11}|{B06}",8,38,0.98087,"{""B"": 3, ""C"": 4, ""A"": 5}","{""B"": 4, ""C"": 5, ""A"": 6}",5,6
"{B01,B05,B07,B08,B09,B10,B12}|{B02,B04,B06,B11}|{B03}",8,38,0.98087,"{""B"": 3, ""C"": 4, ""A"": 5}","{""B"": 4, ""C"": 5, ""A"": 6}",5,6
"{B01,B03,B04,B05,B06,B09,B10,B12}|{B02}|{B07,B08,B11}",8,38,0.98723,"{""C"": 3, ""B"": 4, ""A"": 4}","{""C"": 4, ""B"": 6, ""A"": 6}",5,6
"{B01,B02,B03,B05,B06,B08,B09,B12}|{B04,B07,B10}|{B11}",8,38,0.988614,"{""C"": 3, ""A"": 4, ""B"": 4}","{""C"": 5, ""A"": 6, ""B"": 5}",5,6
"{B01,B02,B03,B05,B06,B08,B11,B12}|{B04,B07,B10}|{B09}",8,38,0.988614,"{""C"": 3, ""B"": 4, ""A"": 4}","{""C"": 5, ""B"": 5, ""A"": 6}",5,6
"{B01,B02,B03,B05,B08,B09,B12}|{B04,B06,B07,B10}|{B11}",8,38,0.988614,"{""C"": 3, ""A"": 4, ""B"": 4}","{""C"": 5, ""A"": 6, ""B"": 5}",5,6
"{B01,B02,B03,B05,B08,B11,B12}|{B04,B06,B07,B10}|{B09}",8,38,0.988614,"{""C"": 3, ""B"": 4, ""A"": 4}","{""C"": 5, ""B"": 5, ""A"": 6}",5,6
"{B01,B05,B07,B08,B09,B12}|{B02,B03,B04,B06,B10}|{B11}",8,38,0.988614,"{""C"": 3, ""A"": 5, ""B"": 4}","{""C"": 4, ""A"": 6, ""B"": 5}",5,6
"{B01,B05,B07,B08,B09,B12}|{B02,B03,B04,B06,B11}|{B10}",8,38,0.988614,"{""C"": 3, ""A"": 5, ""B"": 4}","{""C"": 4, ""A"": 6, ""B"": 5}",5,6
"{B01,B05,B07,B08,B10,B12}|{B02,B03,B04,B06,B11}|{B09}",8,38,0.988614,"{""B"": 4, ""C"": 3, ""A"": 5}","{""B"": 5, ""C"": 4, ""A"": 6}",5,6
"{B01,B05,B07,B08,B11,B12}|{B02,B03,B04,B06,B10}|{B09}",8,38,0.988614,"{""B"": 4, ""C"": 3, ""A"": 5}","{""B"": 5, ""C"": 4, ""A"": 6}",5,6
"{B01,B03,B04,B05,B06,B08,B09,B12}|{B02}|{B07,B10,B11}",8,38,0.989815,"{""C"": 3, ""A"": 4, ""B"": 5}","{""C"": 4, ""A"": 6, ""B"": 5}",5,6
"{B01,B02,B03,B04,B05,B09,B11,B12}|{B06,B08}|{B07,B10}",8,38,0.99128,"{""C"": 3, ""B"": 4, ""A"": 4}","{""C"": 5, ""B"": 5, ""A"": 6}",5,6
"{B01,B03,B04,B05,B06,B08,B11,B12}|{B02}|{B07,B09,B10}",8,38,0.992038,"{""C"": 3, ""B"": 5, ""A"": 4}","{""C"": 4, ""B"": 5, ""A"": 6}",5,6
"{B01,B02,B03,B04,B05,B06,B08,B12}|{B07,B10}|{B09,B11}",8,38,0.992736,"{""C"": 2, ""A"": 4, ""B"": 5}","{""C"": 4, ""A"": 6, ""B"": 6}",5,6
"{B01,B02,B03,B05,B06,B08,B09,B10,B12}|{B04}|{B07,B11}",8,38,0.993254,"{""C"": 3, ""B"": 3, ""A"": 4}","{""C"": 5, ""B"": 5, ""A"": 6}",6,6
"{B01,B02,B03,B05,B06,B09,B11,B12}|{B04}|{B07,B08,B10}",8,38,0.995812,"{""C"": 3, ""B"": 3, ""A"": 4}","{""C"": 5, ""B"": 5, ""A"": 6}",6,6
"{B01,B02,B03,B04,B05,B06,B08,B10,B11}|{B07,B09}|{B12}",8,38,0.997781,"{""C"": 2, ""B"": 4, ""A"": 5}","{""C"": 4, ""B"": 5, ""A"": 7}",5,6
"{B01,B02,B03,B04,B05,B06,B08,B12}|{B07,B11}|{B09,B10}",8,38,0.998806,"{""C"": 2, ""A"": 4, ""B"": 4}","{""C"": 4, ""A"": 6, ""B"": 7}",5,6
"{B01,B02,B03,B04,B05,B06,B11,B12}|{B07,B10}|{B08,B09}",8,38,0.999773,"{""C"": 2, ""B"": 5, ""A"": 4}","{""C"": 4, ""B"": 6, ""A"": 6}",5,6
"{B01,B02,B03,B04,B05,B06,B08,B09,B10}|{B07}|{B11,B12}",8,38,1.0,"{""C"": 2, ""B"": 4, ""A"": 5}","{""C"": 4, ""B"": 5, ""A"": 7}",5,6
"{B01,B02,B03,B04,B05,B06,B08,B09}|{B07,B10,B11}|{B12}",8,38,1.0,"{""C"": 2, ""A"": 5, ""B"": 4}","{""C"": 4, ""A"": 7, ""B"": 5}",5,6
"{B01,B02,B03,B04,B05,B06,B08,B09}|{B07,B10,B12}|{B11}",8,38,1.0,"{""C"": 2, ""A"": 5, ""B"": 4}","{""C"": 4, ""A"": 7, ""B"": 5}",5,6
"{B01,B02,B03,B04,B05,B06,B08,B09,B11}|{B07}|{B10,B12}",8,38,1.0,"{""C"": 2, ""B"": 4, ""A"": 5}","{""C"": 4, ""B"": 5, ""A"": 7}",5,6
"{B01,B02,B03,B04,B05,B06,B08,B10,B12}|{B07,B09}|{B11}",8,38,1.0,"{""C"": 2, ""B"": 5, ""A"": 4}","{""C"": 4, ""B"": 6, ""A"": 6}",5,6
"{B01,B02,B03,B04,B05,B06,B08,B11}|{B07,B09,B10}|{B12}",8,38,1.0,"{""C"": 2, ""B"": 4, ""A"": 5}","{""C"": 4, ""B"": 5, ""A"": 7}",5,6
"{B01,B02,B03,B04,B05,B06,B08,B12}|{B07,B09,B10}|{B11}",8,38,1.0,"{""C"": 2, ""A"": 4, ""B"": 5}","{""C"": 4, ""A"": 6, ""B"": 6}",5,6
"{B01,B02,B03,B04,B05,B06,B08,B11,B12}|{B07,B09}|{B10}",8,38,1.0,"{""C"": 2, ""B"": 5, ""A"": 4}","{""C"": 4, ""B"": 6, ""A"": 6}",5,6
"{B01,B02,B03,B04,B05,B06,B08,B10,B11}|{B07}|{B09,B12}",8,38,1.0,"{""C"": 2, ""B"": 4, ""A"": 5}","{""C"": 4, ""B"": 5, ""A"": 7}",5,6
"{B01,B02,B03,B04,B05,B06,B08,B11}|{B07,B10,B12}|{B09}",8,38,1.0,"{""C"": 2, ""B"": 4, ""A"": 5}","{""C"": 4, ""B"": 5, ""A"": 7}",5,6
"{B01,B02,B03,B04,B05,B06,B08,B12}|{B07,B10,B11}|{B09}",8,38,1.0,"{""C"": 2, ""A"": 4, ""B"": 5}","{""C"": 4, ""A"": 6, ""B"": 6}",5,6
"{B01,B02,B03,B04,B05,B06,B09,B10}|{B07,B08,B11}|{B12}",8,38,1.0,"{""C"": 2, ""B"": 3, ""A"": 5}","{""C"": 4, ""B"": 6, ""A"": 7}",5,6
"{B01,B02,B03,B04,B05,B06,B09,B12}|{B07,B08,B11}|{B10}",8,38,1.0,"{""C"": 2, ""A"": 4, ""B"": 4}","{""C"": 4, ""A"": 6, ""B"": 7}",5,6
"{B01,B02,B03,B04,B05,B06,B10,B12}|{B07,B08,B11}|{B09}",8,38,1.0,"{""C"": 2, ""B"": 4, ""A"": 4}","{""C"": 4, ""B"": 7, ""A"": 6}",5,6
"{B01,B02,B03,B04,B05,B06,B09,B12}|{B07,B11}|{B08,B10}",8,38,1.0,"{""C"": 2, ""A"": 4, ""B"": 4}","{""C"": 4, ""A"": 6, ""B"": 7}",5,6
"{B01,B02,B03,B04,B05,B08,B09,B11}|{B06,B07,B10}|{B12}",8,38,1.0,"{""C"": 3, ""B"": 3, ""A"": 5}","{""C"": 5, ""B"": 4, ""A"": 7}",5,6
"{B01,B02,B03,B04,B05,B08,B09,B12}|{B06,B07,B10}|{B11}",8,38,1.0,"{""C"": 3, ""A"": 4, ""B"": 4}","{""C"": 5, ""A"": 6, ""B"": 5}",5,6
"{B01,B02,B03,B04,B05,B08,B11,B12}|{B06,B07,B10}|{B09}",8,38,1.0,"{""C"": 3, ""B"": 4, ""A"": 4}","{""C"": 5, ""B"": 5, ""A"": 6}",5,6
"{B01,B02,B03,B04,B05,B08,B09,B10,B12}|{B06,B11}|{B07}",8,38,1.0,"{""C"": 3, ""B"": 4, ""A"": 4}","{""C"": 5, ""B"": 5, ""A"": 6}",5,6
"{B01,B02,B03,B04,B05,B08,B09,B11,B12}|{B06,B10}|{B07}",8,38,1.0,"{""C"": 3, ""B"": 4, ""A"": 4}","{""C"": 5, ""B"": 5, ""A"": 6}",5,6
"{B01,B02,B03,B04,B05,B08,B09,B11}|{B06}|{B07,B10,B12}",8,38,1.0,"{""C"": 3, ""B"": 3, ""A"": 5}","{""C"": 5, ""B"": 4, ""A"": 7}",5,6
"{B01,B02,B03,B04,B05,B08,B09,B12}|{B06}|{B07,B10,B11}",8,38,1.0,"{""C"": 3, ""A"": 4, ""B"": 4}","{""C"": 5, ""A"": 6, ""B"": 5}",5,6
"{B01,B02,B03,B04,B05,B08,B10,B11,B12}|{B06,B09}|{B07}",8,38,1.0,"{""C"": 3, ""B"": 4, ""A"": 4}","{""C"": 5, ""B"": 5, ""A"": 6}",5,6
"{B01,B02,B03,B04,B05,B08,B10,B11,B12}|{B06}|{B07,B09}",8,38,1.0,"{""C"": 3, ""B"": 4, ""A"": 4}","{""C"": 5, ""B"": 5, ""A"": 6}",5,6
"{B01,B02,B03,B04,B05,B08,B11,B12}|{B06}|{B07,B09,B10}",8,38,1.0,"{""C"": 3, ""B"": 4, ""A"": 4}","{""C"": 5, ""B"": 5, ""A"": 6}",5,6
"{B01,B02,B03,B04,B05,B09,B10,B12}|{B06}|{B07,B08,B11}",8,38,1.0,"{""C"": 3, ""B"": 3, ""A"": 4}","{""C"": 5, ""B"": 6, ""A"": 6}",5,6
"{B01,B02,B03,B05,B08,B09,B11,B12}|{B04}|{B06,B07,B10}",8,38,1.0,"{""C"": 4, ""B"": 3, ""A"": 4}","{""C"": 5, ""B"": 4, ""A"": 6}",6,6
"{B01,B02,B04,B05,B06,B08,B09,B11}|{B03,B07,B10}|{B12}",8,38,1.0,"{""B"": 3, ""C"": 3, ""A"": 5}","{""B"": 4, ""C"": 5, ""A"": 7}",5,6
"{B01,B02,B04,B05,B08,B09,B11,B12}|{B03,B07,B10}|{B06}",8,38,1.0,"{""B"": 3, ""C"": 4, ""A"": 5}","{""B"": 4, ""C"": 5, ""A"": 6}",5,6
"{B01,B03,B04,B05,B06,B07,B08,B09,B11}|{B02,B10}|{B12}",8,38,1.0,"{""C"": 3, ""B"": 3, ""A"": 5}","{""C"": 4, ""B"": 5, ""A"": 7}",5,6
"{B01,B03,B04,B05,B06,B07,B08,B10,B11}|{B02,B09}|{B12}",8,38,1.0,"{""C"": 3, ""B"": 3, ""A"": 5}","{""C"": 4, ""B"": 5, ""A"": 7}",5,6
"{B01,B03,B04,B05,B06,B07,B08,B10,B12}|{B02,B09}|{B11}",8,38,1.0,"{""C"": 3, ""B"": 4, ""A"": 4}","{""C"": 4, ""B"": 6, ""A"": 6}",5,6
"{B01,B03,B04,B05,B06,B07,B08,B11}|{B02,B09,B10}|{B12}",8,38,1.0,"{""C"": 3, ""B"": 3, ""A"": 5}","{""C"": 4, ""B"": 5, ""A"": 7}",5,6
"{B01,B03,B04,B05,B06,B07,B08,B12}|{B02,B09,B10}|{B11}",8,38,1.0,"{""C"": 3, ""A"": 4, ""B"": 4}","{""C"": 4, ""A"": 6, ""B"": 6}",5,6
"{B01,B03,B04,B05,B06,B07,B08,B11,B12}|{B02,B09}|{B10}",8,38,1.0,"{""C"": 3, ""B"": 4, ""A"": 4}","{""C"": 4, ""B"": 6, ""A"": 6}",5,6
"{B01,B03,B04,B05,B06,B07,B08,B12}|{B02,B11}|{B09,B10}",8,38,1.0,"{""C"": 3, ""A"": 4, ""B"": 4}","{""C"": 4, ""A"": 6, ""B"": 6}",5,6
"{B01,B03,B04,B05,B06,B07,B09,B10}|{B02,B08,B11}|{B12}",8,38,1.0,"{""C"": 3, ""B"": 3, ""A"": 5}","{""C"": 4, ""B"": 5, ""A"": 7}",5,6
"{B01,B03,B04,B05,B06,B07,B09,B11}|{B02,B08,B10}|{B12}",8,38,1.0,"{""C"": 3, ""B"": 3, ""A"": 5}","{""C"": 4, ""B"": 5, ""A"": 7}",5,6
"{B01,B03,B04,B05,B06,B07,B09,B12}|{B02,B08,B10}|{B11}",8,38,1.0,"{""C"": 3, ""A"": 4, ""B"": 4}","{""C"": 4, ""A"": 6, ""B"": 6}",5,6
"{B01,B03,B04,B05,B06,B07,B09,B12}|{B02,B08,B11}|{B10}",8,38,1.0,"{""C"": 3, ""A"": 4, ""B"": 4}","{""C"": 4, ""A"": 6, ""B"": 6}",5,6
"{B01,B03,B04,B05,B06,B07,B10,B12}|{B02,B08,B11}|{B09}",8,38,1.0,"{""C"": 3, ""B"": 4, ""A"": 4}","{""C"": 4, ""B"": 6, ""A"": 6}",5,6
"{B01,B03,B04,B05,B06,B07,B11,B12}|{B02,B08,B10}|{B09}",8,38,1.0,"{""C"": 3, ""B"": 4, ""A"": 4}","{""C"": 4, ""B"": 6, ""A"": 6}",5,6
"{B01,B03,B04,B05,B06,B07,B09,B12}|{B02,B10}|{B08,B11}",8,38,1.0,"{""C"": 3, ""A"": 4, ""B"": 4}","{""C"": 4, ""A"": 6, ""B"": 6}",5,6
"{B01,B03,B04,B05,B06,B07,B09,B12}|{B02,B11}|{B08,B10}",8,38,1.0,"{""C"": 3, ""A"": 4, ""B"": 4}","{""C"": 4, ""A"": 6, ""B"": 6}",5,6
"{B01,B03,B04,B05,B06,B08,B09}|{B02,B07,B10,B11}|{B12}",8,38,1.0,"{""C"": 3, ""A"": 5, ""B"": 4}","{""C"": 4, ""A"": 7, ""B"": 4}",5,6
"{B01,B03,B04,B05,B06,B08,B09,B12}|{B02,B07,B10}|{B11}",8,38,1.0,"{""C"": 3, ""A"": 4, ""B"": 5}","{""C"": 4, ""A"": 6, ""B"": 5}",5,6
"{B01,B03,B04,B05,B06,B08,B09,B12}|{B02,B07,B11}|{B10}",8,38,1.0,"{""C"": 3, ""A"": 4, ""B"": 5}","{""C"": 4, ""A"": 6, ""B"": 5}",5,6
"{B01,B03,B04,B05,B06,B08,B10,B12}|{B02,B07,B11}|{B09}",8,38,1.0,"{""C"": 3, ""B"": 5, ""A"": 4}","{""C"": 4, ""B"": 5, ""A"": 6}",5,6
"{B01,B03,B04,B05,B06,B08,B11,B12}|{B02,B07,B10}|{B09}",8,38,1.0,"{""C"": 3, ""B"": 5, ""A"": 4}","{""C"": 4, ""B"": 5, ""A"": 6}",5,6
"{B01,B03,B04,B05,B06,B08,B12}|{B02,B07,B10,B11}|{B09}",8,38,1.0,"{""C"": 3, ""A"": 4, ""B"": 5}","{""C"": 4, ""A"": 6, ""B"": 5}",5,6
"{B01,B03,B04,B05,B06,B08,B09,B12}|{B02,B10,B11}|{B07}",8,38,1.0,"{""C"": 3, ""A"": 4, ""B"": 5}","{""C"": 4, ""A"": 6, ""B"": 5}",5,6
"{B01,B03,B04,B05,B06,B08,B09,B12}|{B02,B11}|{B07,B10}",8,38,1.0,"{""C"": 3, ""A"": 4, ""B"": 4}","{""C"": 4, ""A"": 6, ""B"": 4}",6,7
"{B01,B03,B04,B05,B06,B08,B10,B11,B12}|{B02,B09}|{B07}",8,38,1.0,"{""C"": 3, ""B"": 4, ""A"": 4}","{""C"": 4, ""B"": 6, ""A"": 6}",5,6
"{B01,B03,B04,B05,B06,B08,B10,B12}|{B02,B09,B11}|{B07}",8,38,1.0,"{""C"": 3, ""B"": 5, ""A"": 4}","{""C"": 4, ""B"": 5, ""A"": 6}",5,6
"{B01,B03,B04,B05,B06,B10,B11,B12}|{B02,B09}|{B07,B08}",8,38,1.0,"{""C"": 3, ""B"": 4, ""A"": 4}","{""C"": 4, ""B"": 6, ""A"": 6}",5,6
"{B01,B03,B04,B05,B06,B11,B12}|{B02,B09,B10}|{B07,B08}",8,38,1.0,"{""C"": 3, ""B"": 4, ""A"": 4}","{""C"": 4, ""B"": 6, ""A"": 6}",5,6
"{B01,B03,B04,B05,B07,B08,B09,B10}|{B02,B06,B11}|{B12}",8,38,1.0,"{""C"": 3, ""B"": 3, ""A"": 5}","{""C"": 5, ""B"": 4, ""A"": 7}",5,6
"{B01,B03,B04,B05,B07,B08,B09,B12}|{B02,B06,B10}|{B11}",8,38,1.0,"{""C"": 3, ""A"": 4, ""B"": 4}","{""C"": 5, ""A"": 6, ""B"": 5}",5,6
"{B01,B03,B04,B05,B07,B08,B09,B12}|{B02,B06,B11}|{B10}",8,38,1.0,"{""C"": 3, ""A"": 4, ""B"": 4}","{""C"": 5, ""A"": 6, ""B"": 5}",5,6
"{B01,B03,B04,B05,B07,B08,B10,B12}|{B02,B06,B11}|{B09}",8,38,1.0,"{""C"": 3, ""B"": 4, ""A"": 4}","{""C"": 5, ""B"": 5, ""A"": 6}",5,6
"{B01,B03,B04,B05,B07,B08,B11,B12}|{B02,B06,B10}|{B09}",8,38,1.0,"{""C"": 3, ""B"": 4, ""A"": 4}","{""C"": 5, ""B"": 5, ""A"": 6}",5,6
"{B01,B03,B04,B05,B08,B09,B10,B12}|{B02,B06,B11}|{B07}",8,38,1.0,"{""C"": 3, ""B"": 4, ""A"": 4}","{""C"": 5, ""B"": 5, ""A"": 6}",5,6
"{B01,B03,B04,B05,B08,B09,B11,B12}|{B02,B06,B10}|{B07}",8,38,1.0,"{""C"": 3, ""B"": 4, ""A"": 4}","{""C"": 5, ""B"": 5, ""A"": 6}",5,6
"{B01,B03,B04,B05,B08,B11,B12}|{B02,B06,B09,B10}|{B07}",8,38,1.0,"{""C"": 3, ""B"": 4, ""A"": 4}","{""C"": 5, ""B"": 5, ""A"": 6}",5,6
"{B01,B03,B04,B05,B09,B10,B12}|{B02,B06,B08,B11}|{B07}",8,38,1.0,"{""C"": 3, ""B"": 4, ""A"": 4}","{""C"": 5, ""B"": 5, ""A"": 6}",5,6
"{B01,B03,B04,B05,B09,B11,B12}|{B02,B06,B08,B10}|{B07}",8,38,1.0,"{""C"": 3, ""B"": 4, ""A"": 4}","{""C"": 5, ""B"": 5, ""A"": 6}",5,6
"{B01,B03,B04,B05,B09,B10,B12}|{B02,B06,B11}|{B07,B08}",8,38,1.0,"{""C"": 3, ""B"": 4, ""A"": 4}","{""C"": 5, ""B"": 5, ""A"": 6}",5,6
"{B01,B03,B04,B05,B09,B11,B12}|{B02,B06,B10}|{B07,B08}",8,38,1.0,"{""C"": 3, ""B"": 4, ""A"": 4}","{""C"": 5, ""B"": 5, ""A"": 6}",5,6
"{B01,B03,B04,B05,B07,B08,B09,B11,B12}|{B02,B10}|{B06}",8,38,1.0,"{""C"": 4, ""B"": 3, ""A"": 4}","{""C"": 5, ""B"": 5, ""A"": 6}",5,6
"{B01,B03,B04,B05,B07,B08,B10,B11,B12}|{B02,B09}|{B06}",8,38,1.0,"{""C"": 4, ""B"": 3, ""A"": 4}","{""C"": 5, ""B"": 5, ""A"": 6}",5,6
"{B01,B03,B04,B05,B07,B08,B11,B12}|{B02,B09,B10}|{B06}",8,38,1.0,"{""C"": 4, ""B"": 3, ""A"": 4}","{""C"": 5, ""B"": 5, ""A"": 6}",5,6
"{B01,B03,B04,B05,B07,B09,B10,B12}|{B02,B08,B11}|{B06}",8,38,1.0,"{""C"": 4, ""B"": 3, ""A"": 4}","{""C"": 5, ""B"": 5, ""A"": 6}",5,6
"{B01,B03,B04,B05,B07,B09,B11,B12}|{B02,B08,B10}|{B06}",8,38,1.0,"{""C"": 4, ""B"": 3, ""A"": 4}","{""C"": 5, ""B"": 5, ""A"": 6}",5,6
"{B01,B03,B04,B05,B08,B09,B12}|{B02,B07,B10,B11}|{B06}",8,38,1.0,"{""C"": 4, ""A"": 4, ""B"": 4}","{""C"": 5, ""A"": 6, ""B"": 4}",5,6
"{B01,B03,B05,B06,B07,B08,B09,B10,B12}|{B02,B11}|{B04}",8,38,1.0,"{""C"": 4, ""B"": 3, ""A"": 4}","{""C"": 5, ""B"": 4, ""A"": 6}",6,6
"{B01,B03,B05,B07,B08,B09,B10,B12}|{B02,B06,B11}|{B04}",8,38,1.0,"{""C"": 4, ""B"": 3, ""A"": 4}","{""C"": 5, ""B"": 4, ""A"": 6}",6,6
"{B01,B03,B05,B07,B08,B09,B10,B12}|{B02,B11}|{B04,B06}",8,38,1.0,"{""C"": 4, ""B"": 3, ""A"": 4}","{""C"": 5, ""B"": 4, ""A"": 6}",6,6
"{B01,B04,B05,B06,B07,B08,B09,B10}|{B02,B03,B11}|{B12}",8,38,1.0,"{""C"": 3, ""B"": 3, ""A"": 5}","{""C"": 5, ""B"": 4, ""A"": 7}",5,6
"{B01,B04,B05,B07,B08,B09,B10}|{B02,B03,B06,B11}|{B12}",8,38,1.0,"{""B"": 3, ""C"": 3, ""A"": 5}","{""B"": 4, ""C"": 5, ""A"": 7}",5,6
"{B01,B04,B05,B07,B08,B09,B10}|{B02,B03,B11,B12}|{B06}",8,38,1.0,"{""B"": 3, ""C"": 3, ""A"": 5}","{""B"": 4, ""C"": 5, ""A"": 7}",5,6
"{B01,B04,B05,B07,B08,B09,B10}|{B02,B03,B11}|{B06,B12}",8,38,1.0,"{""B"": 3, ""C"": 3, ""A"": 5}","{""B"": 4, ""C"": 5, ""A"": 7}",5,6
"{B01,B04,B05,B07,B08,B09,B11,B12}|{B02,B03,B10}|{B06}",8,38,1.0,"{""B"": 3, ""C"": 3, ""A"": 5}","{""B"": 5, ""C"": 5, ""A"": 6}",5,6
"{B01,B04,B05,B07,B08,B10,B11,B12}|{B02,B03,B09}|{B06}",8,38,1.0,"{""B"": 3, ""C"": 3, ""A"": 5}","{""B"": 5, ""C"": 5, ""A"": 6}",5,6
"{B01,B04,B05,B07,B08,B11,B12}|{B02,B03,B09,B10}|{B06}",8,38,1.0,"{""B"": 3, ""C"": 3, ""A"": 5}","{""B"": 5, ""C"": 5, ""A"": 6}",5,6
"{B01,B04,B05,B07,B09,B10,B12}|{B02,B03,B08,B11}|{B06}",8,38,1.0,"{""B"": 3, ""C"": 3, ""A"": 5}","{""B"": 5, ""C"": 5, ""A"": 6}",5,6
"{B01,B04,B05,B07,B09,B11,B12}|{B02,B03,B08,B10}|{B06}",8,38,1.0,"{""B"": 3, ""C"": 3, ""A"": 5}","{""B"": 5, ""C"": 5, ""A"": 6}",5,6
"{B01,B04,B05,B08,B09,B12}|{B02,B03,B07,B10,B11}|{B06}",8,38,1.0,"{""C"": 3, ""A"": 5, ""B"": 4}","{""C"": 5, ""A"": 6, ""B"": 4}",5,6
"{B01,B05,B07,B08,B09,B10,B12}|{B02,B03,B11}|{B04,B06}",8,38,1.0,"{""B"": 3, ""C"": 3, ""A"": 5}","{""B"": 4, ""C"": 5, ""A"": 6}",6,6
"{B01,B04,B05,B07,B08,B09,B10}|{B02,B06,B11,B12}|{B03}",8,38,1.0,"{""B"": 3, ""C"": 3, ""A"": 5}","{""B"": 4, ""C"": 5, ""A"": 7}",5,6
"{B01,B04,B05,B07,B08,B09,B11,B12}|{B02,B06,B10}|{B03}",8,38,1.0,"{""B"": 3, ""C"": 3, ""A"": 5}","{""B"": 5, ""C"": 5, ""A"": 6}",5,6
"{B01,B04,B05,B07,B08,B10,B11,B12}|{B02,B06,B09}|{B03}",8,38,1.0,"{""B"": 3, ""C"": 3, ""A"": 5}","{""B"": 5, ""C"": 5, ""A"": 6}",5,6
"{B01,B04,B05,B07,B08,B11,B12}|{B02,B06,B09,B10}|{B03}",8,38,1.0,"{""B"": 3, ""C"": 3, ""A"": 5}","{""B"": 5, ""C"": 5, ""A"": 6}",5,6
"{B01,B04,B05,B07,B09,B10,B12}|{B02,B06,B08,B11}|{B03}",8,38,1.0,"{""B"": 3, ""C"": 3, ""A"": 5}","{""B"": 5, ""C"": 5, ""A"": 6}",5,6
"{B01,B04,B05,B07,B09,B11,B12}|{B02,B06,B08,B10}|{B03}",8,38,1.0,"{""B"": 3, ""C"": 3, ""A"": 5}","{""B"": 5, ""C"": 5, ""A"": 6}",5,6
"{B01,B04,B05,B08,B09,B12}|{B02,B06,B07,B10,B11}|{B03}",8,38,1.0,"{""C"": 3, ""A"": 5, ""B"": 4}","{""C"": 5, ""A"": 6, ""B"": 4}",5,6
"{B01,B02,B03,B05,B06,B09,B10,B11}|{B04,B07,B12}|{B08}",9,37,1.0,"{""C"": 3, ""B"": 4, ""A"": 5}","{""C"": 5, ""B"": 5, ""A"": 7}",4,4
"{B01,B02,B03,B05,B09,B10,B11}|{B04,B06,B07,B12}|{B08}",9,37,1.0,"{""C"": 3, ""B"": 4, ""A"": 5}","{""C"": 5, ""B"": 5, ""A"": 7}",4,4
"{B01,B02,B04,B05,B09,B10,B11}|{B03,B06,B07,B12}|{B08}",9,37,1.0,"{""B"": 4, ""C"": 4, ""A"": 5}","{""B"": 5, ""C"": 5, ""A"": 7}",3,4
"{B01,B02,B05,B06,B07,B09,B10,B11}|{B03,B04,B12}|{B08}",9,37,1.0,"{""B"": 3, ""C"": 4, ""A"": 5}","{""B"": 5, ""C"": 5, ""A"": 7}",4,4
"{B01,B02,B05,B06,B09,B10,B11,B12}|{B03,B04,B07}|{B08}",9,37,1.0,"{""B"": 4, ""C"": 4, ""A"": 5}","{""B"": 5, ""C"": 5, ""A"": 6}",4,4
"{B01,B02,B05,B09,B10,B11}|{B03,B04,B06,B07,B12}|{B08}",9,37,1.0,"{""B"": 4, ""C"": 4, ""A"": 5}","{""B"": 5, ""C"": 4, ""A"": 7}",4,4
"{B01,B03,B04,B05,B06,B09,B10,B11}|{B02,B07,B12}|{B08}",9,37,1.0,"{""C"": 3, ""B"": 5, ""A"": 5}","{""C"": 4, ""B"": 6, ""A"": 7}",3,4
"{B01,B04,B05,B06,B09,B10,B11,B12}|{B02,B03,B07}|{B08}",9,37,1.0,"{""B"": 5, ""C"": 3, ""A"": 5}","{""B"": 6, ""C"": 5, ""A"": 6}",3,4
"{B01,B04,B05,B09,B10,B11,B12}|{B02,B03,B06,B07}|{B08}",9,37,1.0,"{""B"": 5, ""C"": 3, ""A"": 5}","{""B"": 6, ""C"": 5, ""A"": 6}",3,4
"{B01,B05,B06,B07,B09,B10,B11,B12}|{B02,B03,B04}|{B08}",9,37,1.0,"{""B"": 4, ""C"": 4, ""A"": 5}","{""B"": 5, ""C"": 5, ""A"": 6}",4,4
"{B01,B05,B09,B10,B11,B12}|{B02,B03,B04,B06,B07}|{B08}",9,37,1.0,"{""B"": 5, ""C"": 3, ""A"": 5}","{""B"": 6, ""C"": 4, ""A"": 6}",4,4
"{B01,B09,B10}|{B02,B03,B04,B05,B06,B07,B11,B12}|{B08}",9,37,1.0,"{""B"": 4, ""C"": 3, ""A"": 5}","{""B"": 6, ""C"": 5, ""A"": 7}",3,4
"{B01,B10}|{B02,B03,B04,B05,B06,B07,B09,B11,B12}|{B08}",9,37,1.0,"{""B"": 4, ""C"": 3, ""A"": 5}","{""B"": 6, ""C"": 5, ""A"": 7}",3,4
"{B01,B11}|{B02,B03,B04,B05,B06,B07,B09,B10,B12}|{B08}",9,37,1.0,"{""B"": 4, ""C"": 3, ""A"": 5}","{""B"": 6, ""C"": 5, ""A"": 7}",3,4
"{B01}|{B02,B03,B04,B05,B06,B07,B09,B10,B11,B12}|{B08}",9,37,1.0,"{""C"": 3, ""A"": 5, ""B"": 4}","{""C"": 5, ""A"": 7, ""B"": 6}",3,4
"{B01,B09}|{B02,B03,B05,B06,B07,B08,B10,B11,B12}|{B04}",9,38,0.902082,"{""C"": 4, ""A"": 5, ""B"": 3}","{""C"": 5, ""A"": 7, ""B"": 4}",5,5
"{B01,B02,B03,B04,B05,B06,B12}|{B07}|{B08,B09,B10,B11}",9,38,0.919043,"{""C"": 2, ""A"": 4, ""B"": 5}","{""C"": 4, ""A"": 6, ""B"": 8}",4,5
"{B01,B09}|{B02,B03,B04,B05,B06,B07,B08,B10,B11}|{B12}",9,38,0.919043,"{""C"": 3, ""A"": 6, ""B"": 3}","{""C"": 5, ""A"": 8, ""B"": 4}",4,5
"{B01,B08}|{B02,B03,B04,B05,B06,B09,B10,B11,B12}|{B07}",9,38,0.919043,"{""C"": 3, ""A"": 5, ""B"": 4}","{""C"": 5, ""A"": 7, ""B"": 5}",4,5
"{B01,B09,B10}|{B02,B03,B04,B05,B06,B08,B11,B12}|{B07}",9,38,0.919043,"{""B"": 4, ""C"": 3, ""A"": 5}","{""B"": 5, ""C"": 5, ""A"": 7}",4,5
"{B01,B09}|{B02,B03,B04,B05,B06,B08,B10,B11,B12}|{B07}",9,38,0.919043,"{""C"": 3, ""A"": 5, ""B"": 4}","{""C"": 5, ""A"": 7, ""B"": 5}",4,5
"{B01,B10}|{B02,B03,B04,B05,B06,B08,B09,B11,B12}|{B07}",9,38,0.919043,"{""B"": 4, ""C"": 3, ""A"": 5}","{""B"": 5, ""C"": 5, ""A"": 7}",4,5
"{B01,B11}|{B02,B03,B04,B05,B06,B08,B09,B10,B12}|{B07}",9,38,0.919043,"{""B"": 4, ""C"": 3, ""A"": 5}","{""B"": 5, ""C"": 5, ""A"": 7}",4,5
"{B01,B09}|{B02,B03,B04,B05,B06,B10,B11,B12}|{B07,B08}",9,38,0.919043,"{""C"": 3, ""A"": 5, ""B"": 4}","{""C"": 5, ""A"": 7, ""B"": 5}",4,5
"{B01,B09}|{B02,B03,B04,B05,B07,B08,B10,B11,B12}|{B06}",9,38,0.919043,"{""C"": 4, ""A"": 5, ""B"": 3}","{""C"": 6, ""A"": 7, ""B"": 4}",4,5
"{B01,B09}|{B02,B04,B05,B06,B07,B08,B10,B11,B12}|{B03}",9,38,0.919043,"{""C"": 4, ""A"": 6, ""B"": 3}","{""C"": 5, ""A"": 7, ""B"": 4}",4,5
"{B01,B05,B12}|{B02,B03,B04,B06,B07,B09,B10,B11}|{B08}",9,38,0.933384,"{""C"": 3, ""A"": 5, ""B"": 5}","{""C"": 4, ""A"": 6, ""B"": 6}",4,5
"{B01,B05,B10,B12}|{B02,B03,B04,B06,B07,B09,B11}|{B08}",9,38,0.934766,"{""B"": 5, ""C"": 3, ""A"": 5}","{""B"": 6, ""C"": 4, ""A"": 6}",4,5
"{B01,B05,B09,B11}|{B02,B03,B04,B06,B07,B10,B12}|{B08}",9,38,0.93481,"{""B"": 5, ""C"": 3, ""A"": 5}","{""B"": 5, ""C"": 4, ""A"": 7}",4,5
"{B01,B05,B11,B12}|{B02,B03,B04,B06,B07,B09,B10}|{B08}",9,38,0.938102,"{""B"": 5, ""C"": 3, ""A"": 5}","{""B"": 6, ""C"": 4, ""A"": 6}",4,5
"{B01,B02,B03,B04,B05,B07,B08,B12}|{B06}|{B09,B10,B11}",9,38,0.938269,"{""C"": 3, ""A"": 4, ""B"": 4}","{""C"": 5, ""A"": 6, ""B"": 7}",4,5
"{B01,B05,B09,B10}|{B02,B03,B04,B06,B07,B11,B12}|{B08}",9,38,0.940975,"{""B"": 5, ""C"": 3, ""A"": 5}","{""B"": 5, ""C"": 4, ""A"": 7}",4,5
"{B01,B05,B07,B11}|{B02,B03,B04,B06,B09,B10,B12}|{B08}",9,38,0.941062,"{""B"": 4, ""C"": 3, ""A"": 5}","{""B"": 6, ""C"": 4, ""A"": 7}",4,5
"{B01,B02,B03,B04,B05,B07,B10,B12}|{B06}|{B08,B09,B11}",9,38,0.942837,"{""C"": 3, ""B"": 4, ""A"": 4}","{""C"": 5, ""B"": 7, ""A"": 6}",4,5
"{B01,B02,B03,B04,B05,B07,B11,B12}|{B06}|{B08,B09,B10}",9,38,0.945993,"{""C"": 3, ""B"": 4, ""A"": 4}","{""C"": 5, ""B"": 7, ""A"": 6}",4,5
"{B01,B02,B03,B04,B05,B07,B09,B12}|{B06}|{B08,B10,B11}",9,38,0.948424,"{""C"": 3, ""A"": 4, ""B"": 4}","{""C"": 5, ""A"": 6, ""B"": 7}",4,5
"{B01,B02,B03,B04,B05,B06,B12}|{B07,B08}|{B09,B10,B11}",9,38,0.95285,"{""C"": 2, ""A"": 4, ""B"": 5}","{""C"": 4, ""A"": 6, ""B"": 8}",4,5
"{B01,B02,B03,B04,B05,B06,B07,B08}|{B09,B10,B11}|{B12}",9,38,0.955612,"{""C"": 2, ""A"": 5, ""B"": 4}","{""C"": 4, ""A"": 7, ""B"": 7}",4,5
"{B01,B05,B07,B10,B11}|{B02,B03,B04,B06,B09,B12}|{B08}",9,38,0.959077,"{""B"": 4, ""C"": 3, ""A"": 5}","{""B"": 6, ""C"": 4, ""A"": 7}",4,5
"{B01,B02,B03,B04,B05,B06,B07,B10}|{B08,B09,B11}|{B12}",9,38,0.96038,"{""C"": 2, ""B"": 4, ""A"": 5}","{""C"": 4, ""B"": 7, ""A"": 7}",4,5
"{B01,B02,B03,B04,B05,B06,B07,B11}|{B08,B09,B10}|{B12}",9,38,0.9637,"{""C"": 2, ""B"": 4, ""A"": 5}","{""C"": 4, ""B"": 7, ""A"": 7}",4,5
"{B01,B02,B03,B05,B09,B10,B11}|{B04,B06}|{B07,B08,B12}",9,38,0.964153,"{""C"": 3, ""B"": 3, ""A"": 5}","{""C"": 5, ""B"": 5, ""A"": 7}",5,5
"{B01,B02,B03,B04,B05,B06,B07,B09}|{B08,B10,B11}|{B12}",9,38,0.966205,"{""C"": 2, ""A"": 5, ""B"": 4}","{""C"": 4, ""A"": 7, ""B"": 7}",4,5
"{B01,B03,B04,B05,B06,B07,B08,B12}|{B02}|{B09,B10,B11}",9,38,0.977251,"{""C"": 3, ""A"": 4, ""B"": 5}","{""C"": 4, ""A"": 6, ""B"": 7}",4,5
"{B01,B02,B03,B05,B06,B07,B09,B10,B11}|{B04}|{B08,B12}",9,38,0.977885,"{""C"": 3, ""B"": 3, ""A"": 5}","{""C"": 5, ""B"": 5, ""A"": 7}",5,5
"{B01,B02,B03,B05,B06,B08,B09,B10,B11}|{B04}|{B07,B12}",9,38,0.978847,"{""C"": 3, ""B"": 3, ""A"": 5}","{""C"": 5, ""B"": 5, ""A"": 7}",5,5
"{B01,B02,B03,B05,B06,B09,B10,B11}|{B04}|{B07,B08,B12}",9,38,0.978847,"{""C"": 3, ""B"": 3, ""A"": 5}","{""C"": 5, ""B"": 5, ""A"": 7}",5,5
"{B01,B02,B05,B06,B07,B09,B10,B11,B12}|{B03,B08}|{B04}",9,38,0.978847,"{""B"": 3, ""C"": 4, ""A"": 5}","{""B"": 5, ""C"": 5, ""A"": 6}",5,5
"{B01,B02,B05,B06,B07,B09,B10,B11,B12}|{B03}|{B04,B08}",9,38,0.978847,"{""B"": 3, ""C"": 4, ""A"": 5}","{""B"": 5, ""C"": 5, ""A"": 6}",5,5
"{B01,B02,B05,B06,B08,B09,B10,B11,B12}|{B03,B07}|{B04}",9,38,0.978847,"{""B"": 3, ""C"": 4, ""A"": 5}","{""B"": 5, ""C"": 5, ""A"": 6}",5,5
"{B01,B02,B05,B06,B09,B10,B11,B12}|{B03,B07,B08}|{B04}",9,38,0.978847,"{""B"": 3, ""C"": 4, ""A"": 5}","{""B"": 5, ""C"": 5, ""A"": 6}",5,5
"{B01,B02,B05,B06,B08,B09,B10,B11,B12}|{B03}|{B04,B07}",9,38,0.978847,"{""B"": 3, ""C"": 4, ""A"": 5}","{""B"": 5, ""C"": 5, ""A"": 6}",5,5
"{B01,B02,B05,B06,B09,B10,B11,B12}|{B03}|{B04,B07,B08}",9,38,0.978847,"{""B"": 3, ""C"": 4, ""A"": 5}","{""B"": 5, ""C"": 5, ""A"": 6}",5,5
"{B01,B02,B05,B07,B08,B09,B10,B11}|{B03,B06,B12}|{B04}",9,38,0.978847,"{""B"": 2, ""C"": 5, ""A"": 5}","{""B"": 4, ""C"": 5, ""A"": 7}",5,5
"{B01,B02,B05,B07,B08,B09,B10,B11}|{B03,B06}|{B04,B12}",9,38,0.978847,"{""B"": 2, ""C"": 5, ""A"": 5}","{""B"": 4, ""C"": 5, ""A"": 7}",5,5
"{B01,B02,B05,B07,B09,B10,B11,B12}|{B03,B08}|{B04,B06}",9,38,0.978847,"{""B"": 3, ""C"": 4, ""A"": 5}","{""B"": 5, ""C"": 5, ""A"": 6}",5,5
"{B01,B02,B05,B08,B09,B10,B11,B12}|{B03,B07}|{B04,B06}",9,38,0.978847,"{""B"": 3, ""C"": 4, ""A"": 5}","{""B"": 5, ""C"": 5, ""A"": 6}",5,5
"{B01,B02,B05,B09,B10,B11,B12}|{B03,B07,B08}|{B04,B06}",9,38,0.978847,"{""B"": 3, ""C"": 4, ""A"": 5}","{""B"": 5, ""C"": 5, ""A"": 6}",5,5
"{B01,B03,B05,B07,B09,B10,B11,B12}|{B02,B06}|{B04,B08}",9,38,0.978847,"{""C"": 4, ""B"": 4, ""A"": 4}","{""C"": 5, ""B"": 5, ""A"": 6}",5,5
"{B01,B05,B06,B07,B08,B09,B10,B11,B12}|{B02,B03}|{B04}",9,38,0.978847,"{""B"": 3, ""C"": 4, ""A"": 5}","{""B"": 5, ""C"": 5, ""A"": 6}",5,5
"{B01,B05,B06,B07,B09,B10,B11,B12}|{B02,B03,B08}|{B04}",9,38,0.978847,"{""B"": 3, ""C"": 4, ""A"": 5}","{""B"": 5, ""C"": 5, ""A"": 6}",5,5
"{B01,B05,B07,B08,B09,B10,B11,B12}|{B02,B03,B06}|{B04}",9,38,0.978847,"{""B"": 3, ""C"": 4, ""A"": 5}","{""B"": 5, ""C"": 5, ""A"": 6}",5,5
"{B01,B05,B07,B09,B10,B11,B12}|{B02,B03,B06,B08}|{B04}",9,38,0.978847,"{""B"": 3, ""C"": 4, ""A"": 5}","{""B"": 5, ""C"": 5, ""A"": 6}",5,5
"{B01,B05,B07,B08,B09,B10,B11}|{B02,B03,B12}|{B04,B06}",9,38,0.978847,"{""B"": 3, ""C"": 3, ""A"": 5}","{""B"": 5, ""C"": 5, ""A"": 7}",5,5
"{B01,B05,B07,B08,B09,B10,B11}|{B02,B03}|{B04,B06,B12}",9,38,0.978847,"{""B"": 3, ""C"": 3, ""A"": 5}","{""B"": 5, ""C"": 5, ""A"": 7}",5,5
"{B01,B05,B07,B09,B10,B11}|{B02,B03,B08,B12}|{B04,B06}",9,38,0.978847,"{""B"": 3, ""C"": 3, ""A"": 5}","{""B"": 5, ""C"": 5, ""A"": 7}",5,5
"{B01,B05,B07,B09,B10,B11}|{B02,B03,B08}|{B04,B06,B12}",9,38,0.978847,"{""B"": 3, ""C"": 3, ""A"": 5}","{""B"": 5, ""C"": 5, ""A"": 7}",5,5
"{B01,B05,B07,B09,B10,B11,B12}|{B02,B03}|{B04,B06,B08}",9,38,0.978847,"{""B"": 4, ""C"": 3, ""A"": 5}","{""B"": 5, ""C"": 5, ""A"": 6}",5,5
"{B01,B03,B04,B05,B06,B07,B10,B12}|{B02}|{B08,B09,B11}",9,38,0.979237,"{""C"": 3, ""B"": 5, ""A"": 4}","{""C"": 4, ""B"": 7, ""A"": 6}",4,5
"{B01,B04,B05,B07,B09,B10,B11}|{B02,B08,B12}|{B03,B06}",9,38,0.980344,"{""B"": 3, ""C"": 4, ""A"": 5}","{""B"": 5, ""C"": 5, ""A"": 7}",4,5
"{B01,B03,B04,B05,B06,B07,B11,B12}|{B02}|{B08,B09,B10}",9,38,0.981408,"{""C"": 3, ""B"": 5, ""A"": 4}","{""C"": 4, ""B"": 7, ""A"": 6}",4,5
"{B01,B02,B04,B05,B08,B09,B10,B11}|{B03}|{B06,B07,B12}",9,38,0.981652,"{""B"": 3, ""C"": 4, ""A"": 5}","{""B"": 5, ""C"": 5, ""A"": 7}",4,5
"{B01,B03,B04,B05,B06,B07,B09,B12}|{B02}|{B08,B10,B11}",9,38,0.981724,"{""C"": 3, ""A"": 4, ""B"": 5}","{""C"": 4, ""A"": 6, ""B"": 7}",4,5
"{B01,B02,B03,B05,B08,B09,B10,B11}|{B04,B06}|{B07,B12}",9,38,0.981966,"{""C"": 3, ""B"": 3, ""A"": 5}","{""C"": 5, ""B"": 5, ""A"": 7}",5,5
"{B01,B02,B03,B05,B06,B07,B08,B10,B12}|{B04}|{B09,B11}",9,38,0.983089,"{""C"": 3, ""B"": 4, ""A"": 4}","{""C"": 5, ""B"": 6, ""A"": 6}",5,5
"{B01,B05,B09}|{B02,B03,B04,B06,B07,B10,B11,B12}|{B08}",9,38,0.983333,"{""C"": 3, ""A"": 5, ""B"": 5}","{""C"": 4, ""A"": 7, ""B"": 5}",4,5
"{B01,B02,B03,B05,B07,B09,B10,B11}|{B04,B06}|{B08,B12}",9,38,0.984288,"{""C"": 3, ""B"": 3, ""A"": 5}","{""C"": 5, ""B"": 5, ""A"": 7}",5,5
"{B01,B02,B04,B05,B07,B09,B10,B11}|{B03}|{B06,B08,B12}",9,38,0.984537,"{""B"": 3, ""C"": 4, ""A"": 5}","{""B"": 5, ""C"": 5, ""A"": 7}",4,5
"{B01,B02,B05,B07,B09,B10,B11,B12}|{B03}|{B04,B06,B08}",9,38,0.984909,"{""B"": 3, ""C"": 4, ""A"": 5}","{""B"": 5, ""C"": 5, ""A"": 6}",5,5
"{B01,B02,B03,B05,B06,B07,B08,B09,B12}|{B04}|{B10,B11}",9,38,0.985311,"{""C"": 3, ""A"": 4, ""B"": 4}","{""C"": 5, ""A"": 6, ""B"": 6}",5,5
"{B01,B03,B04,B05,B06,B08,B09,B10,B11}|{B02}|{B07,B12}",9,38,0.986291,"{""C"": 3, ""B"": 4, ""A"": 5}","{""C"": 4, ""B"": 6, ""A"": 7}",4,5
"{B01,B04,B05,B06,B07,B08,B09,B10,B11}|{B02,B12}|{B03}",9,38,0.986364,"{""B"": 3, ""C"": 4, ""A"": 5}","{""B"": 5, ""C"": 5, ""A"": 7}",4,5
"{B01,B02,B03,B05,B06,B07,B10,B11,B12}|{B04}|{B08,B09}",9,38,0.986736,"{""C"": 3, ""B"": 4, ""A"": 4}","{""C"": 5, ""B"": 6, ""A"": 6}",5,5
"{B01,B05,B07,B09,B12}|{B02,B03,B04,B06,B10,B11}|{B08}",9,38,0.987042,"{""C"": 3, ""A"": 5, ""B"": 5}","{""C"": 4, ""A"": 6, ""B"": 6}",4,5
"{B01,B05,B07,B10,B12}|{B02,B03,B04,B06,B09,B11}|{B08}",9,38,0.987042,"{""B"": 5, ""C"": 3, ""A"": 5}","{""B"": 6, ""C"": 4, ""A"": 6}",4,5
"{B01,B05,B10,B11,B12}|{B02,B03,B04,B06,B07,B09}|{B08}",9,38,0.987042,"{""B"": 5, ""C"": 3, ""A"": 5}","{""B"": 6, ""C"": 4, ""A"": 6}",4,5
"{B01,B03,B04,B05,B09,B10,B11,B12}|{B02}|{B06,B07,B08}",9,38,0.991696,"{""C"": 4, ""B"": 4, ""A"": 4}","{""C"": 5, ""B"": 6, ""A"": 6}",4,5
"{B01,B05,B07,B08,B10,B11}|{B02,B03,B04,B06,B12}|{B09}",9,38,0.991925,"{""B"": 4, ""C"": 3, ""A"": 5}","{""B"": 5, ""C"": 4, ""A"": 7}",5,5
"{B01,B03,B05,B06,B07,B09,B10,B11,B12}|{B02}|{B04,B08}",9,38,0.992044,"{""C"": 4, ""B"": 4, ""A"": 4}","{""C"": 5, ""B"": 5, ""A"": 6}",5,5
"{B01,B02,B05,B08,B09,B10,B11,B12}|{B03}|{B04,B06,B07}",9,38,0.992563,"{""B"": 3, ""C"": 4, ""A"": 5}","{""B"": 5, ""C"": 5, ""A"": 6}",5,5
"{B01,B02,B03,B05,B06,B07,B11,B12}|{B04,B09,B10}|{B08}",9,38,0.992598,"{""C"": 3, ""B"": 4, ""A"": 4}","{""C"": 5, ""B"": 7, ""A"": 6}",4,5
"{B01,B02,B03,B05,B06,B09,B11}|{B04,B07,B10,B12}|{B08}",9,38,0.992598,"{""C"": 3, ""B"": 4, ""A"": 5}","{""C"": 5, ""B"": 5, ""A"": 7}",4,5
"{B01,B02,B03,B05,B06,B09,B12}|{B04,B07,B10,B11}|{B08}",9,38,0.992598,"{""C"": 3, ""A"": 4, ""B"": 5}","{""C"": 5, ""A"": 6, ""B"": 6}",4,5
"{B01,B02,B03,B05,B06,B10,B11,B12}|{B04,B07,B09}|{B08}",9,38,0.992598,"{""C"": 3, ""B"": 5, ""A"": 4}","{""C"": 5, ""B"": 6, ""A"": 6}",4,5
"{B01,B02,B03,B05,B06,B11,B12}|{B04,B07,B09,B10}|{B08}",9,38,0.992598,"{""C"": 3, ""B"": 5, ""A"": 4}","{""C"": 5, ""B"": 6, ""A"": 6}",4,5
"{B01,B02,B03,B05,B07,B11,B12}|{B04,B06,B09,B10}|{B08}",9,38,0.992598,"{""C"": 3, ""B"": 4, ""A"": 4}","{""C"": 5, ""B"": 7, ""A"": 6}",4,5
"{B01,B02,B03,B05,B09,B11}|{B04,B06,B07,B10,B12}|{B08}",9,38,0.992598,"{""C"": 3, ""B"": 4, ""A"": 5}","{""C"": 5, ""B"": 5, ""A"": 7}",4,5
"{B01,B02,B03,B05,B09,B12}|{B04,B06,B07,B10,B11}|{B08}",9,38,0.992598,"{""C"": 3, ""A"": 4, ""B"": 5}","{""C"": 5, ""A"": 6, ""B"": 6}",4,5
"{B01,B02,B03,B05,B10,B11,B12}|{B04,B06,B07,B09}|{B08}",9,38,0.992598,"{""C"": 3, ""B"": 5, ""A"": 4}","{""C"": 5, ""B"": 6, ""A"": 6}",4,5
"{B01,B02,B03,B05,B11,B12}|{B04,B06,B07,B09,B10}|{B08}",9,38,0.992598,"{""C"": 3, ""B"": 5, ""A"": 4}","{""C"": 5, ""B"": 6, ""A"": 6}",4,5
"{B01,B02,B03,B09,B10,B12}|{B04,B05,B06,B07,B11}|{B08}",9,38,0.992598,"{""C"": 3, ""B"": 3, ""A"": 5}","{""C"": 5, ""B"": 5, ""A"": 8}",4,5
"{B01,B02,B03,B09,B10}|{B04,B05,B06,B07,B11,B12}|{B08}",9,38,0.992598,"{""C"": 3, ""B"": 3, ""A"": 6}","{""C"": 5, ""B"": 5, ""A"": 7}",4,5
"{B01,B02,B04,B09,B10}|{B03,B05,B06,B07,B11,B12}|{B08}",9,38,0.992598,"{""B"": 3, ""C"": 4, ""A"": 5}","{""B"": 5, ""C"": 5, ""A"": 7}",4,5
"{B01,B02,B05,B06,B09,B11,B12}|{B03,B04,B07,B10}|{B08}",9,38,0.992598,"{""B"": 4, ""C"": 4, ""A"": 5}","{""B"": 5, ""C"": 5, ""A"": 6}",4,5
"{B01,B02,B05,B07,B09,B10,B12}|{B03,B04,B06,B11}|{B08}",9,38,0.992598,"{""B"": 4, ""C"": 4, ""A"": 5}","{""B"": 6, ""C"": 4, ""A"": 6}",4,5
"{B01,B02,B05,B07,B09,B11,B12}|{B03,B04,B06,B10}|{B08}",9,38,0.992598,"{""B"": 4, ""C"": 4, ""A"": 5}","{""B"": 6, ""C"": 4, ""A"": 6}",4,5
"{B01,B02,B05,B07,B10,B11,B12}|{B03,B04,B06,B09}|{B08}",9,38,0.992598,"{""B"": 4, ""C"": 4, ""A"": 5}","{""B"": 6, ""C"": 4, ""A"": 6}",4,5
"{B01,B02,B05,B09,B10,B12}|{B03,B04,B06,B07,B11}|{B08}",9,38,0.992598,"{""B"": 4, ""C"": 4, ""A"": 5}","{""B"": 6, ""C"": 4, ""A"": 6}",4,5
"{B01,B02,B05,B09,B11}|{B03,B04,B06,B07,B10,B12}|{B08}",9,38,0.992598,"{""B"": 4, ""C"": 4, ""A"": 5}","{""B"": 5, ""C"": 4, ""A"": 7}",4,5
"{B01,B03,B05,B06,B07,B10,B11,B12}|{B02,B04,B09}|{B08}",9,38,0.992598,"{""C"": 4, ""B"": 4, ""A"": 4}","{""C"": 5, ""B"": 6, ""A"": 6}",4,5
"{B01,B03,B05,B06,B07,B11,B12}|{B02,B04,B09,B10}|{B08}",9,38,0.992598,"{""C"": 4, ""B"": 4, ""A"": 4}","{""C"": 5, ""B"": 6, ""A"": 6}",4,5
"{B01,B03,B05,B06,B09,B10,B12}|{B02,B04,B07,B11}|{B08}",9,38,0.992598,"{""C"": 4, ""B"": 5, ""A"": 4}","{""C"": 5, ""B"": 5, ""A"": 6}",4,5
"{B01,B03,B05,B06,B09,B11,B12}|{B02,B04,B07,B10}|{B08}",9,38,0.992598,"{""C"": 4, ""B"": 5, ""A"": 4}","{""C"": 5, ""B"": 5, ""A"": 6}",4,5
"{B01,B03,B05,B06,B09,B12}|{B02,B04,B07,B10,B11}|{B08}",9,38,0.992598,"{""C"": 4, ""A"": 4, ""B"": 5}","{""C"": 5, ""A"": 6, ""B"": 5}",4,5
"{B01,B03,B05,B07,B10,B11,B12}|{B02,B04,B06,B09}|{B08}",9,38,0.992598,"{""C"": 4, ""B"": 4, ""A"": 4}","{""C"": 5, ""B"": 6, ""A"": 6}",4,5
"{B01,B03,B05,B07,B11,B12}|{B02,B04,B06,B09,B10}|{B08}",9,38,0.992598,"{""C"": 4, ""B"": 4, ""A"": 4}","{""C"": 5, ""B"": 6, ""A"": 6}",4,5
"{B01,B03,B05,B09,B10,B12}|{B02,B04,B06,B07,B11}|{B08}",9,38,0.992598,"{""C"": 4, ""B"": 5, ""A"": 4}","{""C"": 5, ""B"": 5, ""A"": 6}",4,5
"{B01,B03,B05,B09,B11,B12}|{B02,B04,B06,B07,B10}|{B08}",9,38,0.992598,"{""C"": 4, ""B"": 5, ""A"": 4}","{""C"": 5, ""B"": 5, ""A"": 6}",4,5
"{B01,B03,B05,B09,B12}|{B02,B04,B06,B07,B10,B11}|{B08}",9,38,0.992598,"{""C"": 4, ""A"": 4, ""B"": 5}","{""C"": 5, ""A"": 6, ""B"": 5}",4,5
"{B01,B04,B09}|{B02,B03,B05,B06,B07,B10,B11,B12}|{B08}",9,38,0.992598,"{""C"": 3, ""A"": 5, ""B"": 4}","{""C"": 5, ""A"": 7, ""B"": 5}",4,5
"{B01,B05,B06,B07,B09,B10,B12}|{B02,B03,B04,B11}|{B08}",9,38,0.992598,"{""C"": 4, ""B"": 4, ""A"": 5}","{""C"": 5, ""B"": 5, ""A"": 6}",4,5
"{B01,B05,B06,B07,B09,B11,B12}|{B02,B03,B04,B10}|{B08}",9,38,0.992598,"{""B"": 4, ""C"": 4, ""A"": 5}","{""B"": 5, ""C"": 5, ""A"": 6}",4,5
"{B01,B02,B03,B04,B05,B09,B10,B11}|{B06,B07}|{B08,B12}",9,38,0.993333,"{""C"": 3, ""B"": 4, ""A"": 5}","{""C"": 5, ""B"": 5, ""A"": 7}",4,5
"{B01,B02,B03,B04,B05,B09,B10,B11}|{B06,B08}|{B07,B12}",9,38,0.993333,"{""C"": 3, ""B"": 4, ""A"": 5}","{""C"": 5, ""B"": 5, ""A"": 7}",4,5
"{B01,B04,B05,B07,B09,B10,B11}|{B02,B06,B12}|{B03,B08}",9,38,0.993548,"{""B"": 4, ""C"": 3, ""A"": 5}","{""B"": 5, ""C"": 5, ""A"": 7}",4,5
"{B01,B03,B04,B05,B07,B09,B10,B11}|{B02,B08}|{B06,B12}",9,38,0.995224,"{""C"": 4, ""B"": 3, ""A"": 5}","{""C"": 5, ""B"": 5, ""A"": 7}",4,5
"{B01,B05,B07,B08,B09,B10}|{B02,B03,B04,B06,B12}|{B11}",9,38,0.995802,"{""B"": 4, ""C"": 3, ""A"": 5}","{""B"": 5, ""C"": 4, ""A"": 7}",5,5
"{B01,B02,B04,B05,B09,B10,B11}|{B03}|{B06,B07,B08,B12}",9,38,0.996917,"{""B"": 3, ""C"": 4, ""A"": 5}","{""B"": 5, ""C"": 5, ""A"": 7}",4,5
"{B01,B03,B04,B05,B06,B09,B10,B11}|{B02}|{B07,B08,B12}",9,38,0.997222,"{""C"": 3, ""B"": 4, ""A"": 5}","{""C"": 4, ""B"": 6, ""A"": 7}",4,5
"{B01,B03,B04,B05,B06,B09,B10,B11}|{B02,B08}|{B07,B12}",9,38,0.997531,"{""C"": 3, ""B"": 4, ""A"": 5}","{""C"": 4, ""B"": 6, ""A"": 7}",4,5
"{B01,B02,B03,B05,B06,B07,B09,B10,B11}|{B04,B08}|{B12}",9,38,0.997827,"{""C"": 3, ""B"": 3, ""A"": 5}","{""C"": 5, ""B"": 5, ""A"": 7}",5,5
"{B01,B02,B03,B04,B05,B07,B11,B12}|{B06,B08}|{B09,B10}",9,38,0.997854,"{""C"": 3, ""B"": 4, ""A"": 4}","{""C"": 5, ""B"": 7, ""A"": 6}",4,5
"{B01,B02,B03,B04,B05,B08,B10,B12}|{B06,B07}|{B09,B11}",9,38,0.998177,"{""C"": 3, ""B"": 5, ""A"": 4}","{""C"": 5, ""B"": 6, ""A"": 6}",4,5
"{B01,B03,B04,B05,B07,B08,B09,B10,B11}|{B02}|{B06,B12}",9,38,0.998232,"{""C"": 4, ""B"": 3, ""A"": 5}","{""C"": 5, ""B"": 5, ""A"": 7}",4,5
"{B01,B02,B03,B05,B06,B08,B09,B10,B11}|{B04,B07}|{B12}",9,38,0.999899,"{""C"": 3, ""B"": 3, ""A"": 5}","{""C"": 5, ""B"": 5, ""A"": 7}",5,5
"{B01,B02,B03,B04,B05,B06,B07,B12}|{B08,B09,B10}|{B11}",9,38,1.0,"{""C"": 2, ""A"": 4, ""B"": 5}","{""C"": 4, ""A"": 6, ""B"": 8}",4,5
"{B01,B02,B03,B04,B05,B06,B07,B12}|{B08,B09,B11}|{B10}",9,38,1.0,"{""C"": 2, ""A"": 4, ""B"": 5}","{""C"": 4, ""A"": 6, ""B"": 8}",4,5
"{B01,B02,B03,B04,B05,B06,B07,B12}|{B08,B10,B11}|{B09}",9,38,1.0,"{""C"": 2, ""A"": 4, ""B"": 5}","{""C"": 4, ""A"": 6, ""B"": 8}",4,5
"{B01,B02,B03,B04,B05,B06,B07,B12}|{B08,B10}|{B09,B11}",9,38,1.0,"{""C"": 2, ""A"": 4, ""B"": 5}","{""C"": 4, ""A"": 6, ""B"": 8}",4,5
"{B01,B02,B03,B04,B05,B06,B07,B11}|{B08,B12}|{B09,B10}",9,38,1.0,"{""C"": 2, ""B"": 4, ""A"": 5}","{""C"": 4, ""B"": 7, ""A"": 7}",4,5
"{B01,B02,B03,B04,B05,B06,B07,B11}|{B08}|{B09,B10,B12}",9,38,1.0,"{""C"": 2, ""B"": 4, ""A"": 5}","{""C"": 4, ""B"": 7, ""A"": 7}",4,5
"{B01,B02,B03,B04,B05,B06,B08,B09}|{B07,B12}|{B10,B11}",9,38,1.0,"{""C"": 2, ""A"": 5, ""B"": 5}","{""C"": 4, ""A"": 7, ""B"": 6}",4,5
"{B01,B02,B03,B04,B05,B06,B08,B10}|{B07,B12}|{B09,B11}",9,38,1.0,"{""C"": 2, ""B"": 5, ""A"": 5}","{""C"": 4, ""B"": 6, ""A"": 7}",4,5
"{B01,B02,B03,B04,B05,B06,B11}|{B07,B08,B12}|{B09,B10}",9,38,1.0,"{""C"": 2, ""B"": 4, ""A"": 5}","{""C"": 4, ""B"": 7, ""A"": 7}",4,5
"{B01,B02,B03,B04,B05,B06,B09}|{B07,B10,B11,B12}|{B08}",9,38,1.0,"{""C"": 2, ""A"": 5, ""B"": 5}","{""C"": 4, ""A"": 7, ""B"": 6}",4,5
"{B01,B02,B03,B04,B05,B06,B10,B11}|{B07,B09,B12}|{B08}",9,38,1.0,"{""C"": 2, ""B"": 5, ""A"": 5}","{""C"": 4, ""B"": 6, ""A"": 7}",4,5
"{B01,B02,B03,B04,B05,B06,B11}|{B07,B09,B10,B12}|{B08}",9,38,1.0,"{""C"": 2, ""B"": 5, ""A"": 5}","{""C"": 4, ""B"": 6, ""A"": 7}",4,5
"{B01,B02,B03,B04,B05,B06,B10,B11}|{B07,B12}|{B08,B09}",9,38,1.0,"{""C"": 2, ""B"": 5, ""A"": 5}","{""C"": 4, ""B"": 6, ""A"": 7}",4,5
"{B01,B02,B03,B04,B05,B07,B08,B11}|{B06,B12}|{B09,B10}",9,38,1.0,"{""C"": 3, ""B"": 3, ""A"": 5}","{""C"": 5, ""B"": 6, ""A"": 7}",4,5
"{B01,B02,B03,B04,B05,B07,B09,B10}|{B06,B12}|{B08,B11}",9,38,1.0,"{""C"": 3, ""B"": 3, ""A"": 5}","{""C"": 5, ""B"": 6, ""A"": 7}",4,5
"{B01,B02,B03,B04,B05,B07,B09,B11}|{B06,B12}|{B08,B10}",9,38,1.0,"{""C"": 3, ""B"": 3, ""A"": 5}","{""C"": 5, ""B"": 6, ""A"": 7}",4,5
"{B01,B02,B03,B04,B05,B07,B11,B12}|{B06,B09,B10}|{B08}",9,38,1.0,"{""C"": 3, ""B"": 4, ""A"": 4}","{""C"": 5, ""B"": 7, ""A"": 6}",4,5
"{B01,B02,B03,B04,B05,B08,B09,B10}|{B06,B07,B12}|{B11}",9,38,1.0,"{""C"": 3, ""B"": 4, ""A"": 5}","{""C"": 5, ""B"": 5, ""A"": 7}",4,5
"{B01,B02,B03,B04,B05,B08,B09,B11}|{B06,B07,B12}|{B10}",9,38,1.0,"{""C"": 3, ""B"": 4, ""A"": 5}","{""C"": 5, ""B"": 5, ""A"": 7}",4,5
"{B01,B02,B03,B04,B05,B08,B09,B12}|{B06,B07}|{B10,B11}",9,38,1.0,"{""C"": 3, ""A"": 4, ""B"": 5}","{""C"": 5, ""A"": 6, ""B"": 6}",4,5
"{B01,B02,B03,B04,B05,B08,B10,B11}|{B06,B07,B12}|{B09}",9,38,1.0,"{""C"": 3, ""B"": 4, ""A"": 5}","{""C"": 5, ""B"": 5, ""A"": 7}",4,5
"{B01,B02,B03,B04,B05,B11,B12}|{B06,B07,B08}|{B09,B10}",9,38,1.0,"{""C"": 3, ""B"": 4, ""A"": 4}","{""C"": 5, ""B"": 7, ""A"": 6}",4,5
"{B01,B02,B03,B04,B05,B09,B11}|{B06,B07,B10,B12}|{B08}",9,38,1.0,"{""C"": 3, ""B"": 4, ""A"": 5}","{""C"": 5, ""B"": 5, ""A"": 7}",4,5
"{B01,B02,B03,B04,B05,B09,B12}|{B06,B07,B10,B11}|{B08}",9,38,1.0,"{""C"": 3, ""A"": 4, ""B"": 5}","{""C"": 5, ""A"": 6, ""B"": 6}",4,5
"{B01,B02,B03,B04,B05,B10,B11,B12}|{B06,B07,B09}|{B08}",9,38,1.0,"{""C"": 3, ""B"": 5, ""A"": 4}","{""C"": 5, ""B"": 6, ""A"": 6}",4,5
"{B01,B02,B03,B04,B05,B11,B12}|{B06,B07,B09,B10}|{B08}",9,38,1.0,"{""C"": 3, ""B"": 5, ""A"": 4}","{""C"": 5, ""B"": 6, ""A"": 6}",4,5
"{B01,B02,B03,B04,B05,B10,B11,B12}|{B06,B07}|{B08,B09}",9,38,1.0,"{""C"": 3, ""B"": 5, ""A"": 4}","{""C"": 5, ""B"": 6, ""A"": 6}",4,5
"{B01,B02,B03,B04,B05,B09,B10,B11}|{B06,B08,B12}|{B07}",9,38,1.0,"{""C"": 3, ""B"": 4, ""A"": 5}","{""C"": 5, ""B"": 5, ""A"": 7}",4,5
"{B01,B02,B03,B04,B06,B09,B10,B12}|{B05,B07,B11}|{B08}",9,38,1.0,"{""C"": 3, ""B"": 3, ""A"": 5}","{""C"": 5, ""B"": 5, ""A"": 8}",4,5
"{B01,B02,B03,B04,B06,B09,B10}|{B05,B07,B11,B12}|{B08}",9,38,1.0,"{""C"": 3, ""B"": 3, ""A"": 6}","{""C"": 5, ""B"": 5, ""A"": 7}",4,5
"{B01,B02,B03,B04,B09,B10,B12}|{B05,B06,B07,B11}|{B08}",9,38,1.0,"{""C"": 3, ""B"": 3, ""A"": 5}","{""C"": 5, ""B"": 5, ""A"": 8}",4,5
"{B01,B02,B03,B04,B09,B10}|{B05,B06,B07,B11,B12}|{B08}",9,38,1.0,"{""C"": 3, ""B"": 3, ""A"": 6}","{""C"": 5, ""B"": 5, ""A"": 7}",4,5
"{B01,B02,B03,B05,B06,B07,B08,B09,B10}|{B04,B12}|{B11}",9,38,1.0,"{""C"": 3, ""B"": 3, ""A"": 5}","{""C"": 5, ""B"": 5, ""A"": 7}",5,5
"{B01,B02,B03,B05,B06,B07,B08,B09,B11}|{B04,B12}|{B10}",9,38,1.0,"{""C"": 3, ""B"": 3, ""A"": 5}","{""C"": 5, ""B"": 5, ""A"": 7}",5,5
"{B01,B02,B03,B05,B06,B07,B08,B10,B11}|{B04,B12}|{B09}",9,38,1.0,"{""C"": 3, ""B"": 3, ""A"": 5}","{""C"": 5, ""B"": 5, ""A"": 7}",5,5
"{B01,B02,B03,B05,B06,B07,B09,B10,B12}|{B04,B08}|{B11}",9,38,1.0,"{""C"": 3, ""B"": 4, ""A"": 4}","{""C"": 5, ""B"": 6, ""A"": 6}",5,5
"{B01,B02,B03,B05,B06,B07,B09,B11,B12}|{B04,B08}|{B10}",9,38,1.0,"{""C"": 3, ""B"": 4, ""A"": 4}","{""C"": 5, ""B"": 6, ""A"": 6}",5,5
"{B01,B02,B03,B05,B06,B07,B10,B11,B12}|{B04,B08}|{B09}",9,38,1.0,"{""C"": 3, ""B"": 4, ""A"": 4}","{""C"": 5, ""B"": 6, ""A"": 6}",5,5
"{B01,B02,B03,B05,B06,B08,B11,B12}|{B04,B07}|{B09,B10}",9,38,1.0,"{""C"": 3, ""B"": 4, ""A"": 4}","{""C"": 5, ""B"": 6, ""A"": 6}",5,5
"{B01,B02,B03,B05,B06,B09,B10,B11}|{B04,B07,B08}|{B12}",9,38,1.0,"{""C"": 3, ""B"": 3, ""A"": 5}","{""C"": 5, ""B"": 5, ""A"": 7}",5,5
"{B01,B02,B03,B05,B06,B09,B10,B12}|{B04,B07,B08}|{B11}",9,38,1.0,"{""C"": 3, ""B"": 4, ""A"": 4}","{""C"": 5, ""B"": 6, ""A"": 6}",5,5
"{B01,B02,B03,B05,B06,B09,B11,B12}|{B04,B07,B08}|{B10}",9,38,1.0,"{""C"": 3, ""B"": 4, ""A"": 4}","{""C"": 5, ""B"": 6, ""A"": 6}",5,5
"{B01,B02,B03,B05,B06,B10,B11,B12}|{B04,B07,B08}|{B09}",9,38,1.0,"{""C"": 3, ""B"": 4, ""A"": 4}","{""C"": 5, ""B"": 6, ""A"": 6}",5,5
"{B01,B02,B03,B05,B06,B09,B10,B12}|{B04,B07}|{B08,B11}",9,38,1.0,"{""C"": 3, ""B"": 4, ""A"": 4}","{""C"": 5, ""B"": 6, ""A"": 6}",5,5
"{B01,B02,B03,B05,B06,B09,B11,B12}|{B04,B07}|{B08,B10}",9,38,1.0,"{""C"": 3, ""B"": 4, ""A"": 4}","{""C"": 5, ""B"": 6, ""A"": 6}",5,5
"{B01,B02,B03,B05,B06,B08,B09,B10,B11}|{B04,B12}|{B07}",9,38,1.0,"{""C"": 3, ""B"": 3, ""A"": 5}","{""C"": 5, ""B"": 5, ""A"": 7}",5,5
"{B01,B02,B03,B05,B06,B09,B10,B11}|{B04,B12}|{B07,B08}",9,38,1.0,"{""C"": 3, ""B"": 3, ""A"": 5}","{""C"": 5, ""B"": 5, ""A"": 7}",5,5
"{B01,B02,B03,B05,B07,B08,B09,B10}|{B04,B06,B12}|{B11}",9,38,1.0,"{""C"": 3, ""B"": 3, ""A"": 5}","{""C"": 5, ""B"": 5, ""A"": 7}",5,5
"{B01,B02,B03,B05,B07,B08,B09,B11}|{B04,B06,B12}|{B10}",9,38,1.0,"{""C"": 3, ""B"": 3, ""A"": 5}","{""C"": 5, ""B"": 5, ""A"": 7}",5,5
"{B01,B02,B03,B05,B07,B08,B09,B12}|{B04,B06}|{B10,B11}",9,38,1.0,"{""C"": 3, ""A"": 4, ""B"": 4}","{""C"": 5, ""A"": 6, ""B"": 6}",5,5
"{B01,B02,B03,B05,B07,B08,B10,B11}|{B04,B06,B12}|{B09}",9,38,1.0,"{""C"": 3, ""B"": 3, ""A"": 5}","{""C"": 5, ""B"": 5, ""A"": 7}",5,5
"{B01,B02,B03,B05,B07,B08,B10,B12}|{B04,B06}|{B09,B11}",9,38,1.0,"{""C"": 3, ""B"": 4, ""A"": 4}","{""C"": 5, ""B"": 6, ""A"": 6}",5,5
"{B01,B02,B03,B05,B07,B09,B10,B11}|{B04,B06,B08}|{B12}",9,38,1.0,"{""C"": 3, ""B"": 3, ""A"": 5}","{""C"": 5, ""B"": 5, ""A"": 7}",5,5
"{B01,B02,B03,B05,B07,B09,B10,B12}|{B04,B06,B08}|{B11}",9,38,1.0,"{""C"": 3, ""B"": 4, ""A"": 4}","{""C"": 5, ""B"": 6, ""A"": 6}",5,5
"{B01,B02,B03,B05,B07,B09,B11,B12}|{B04,B06,B08}|{B10}",9,38,1.0,"{""C"": 3, ""B"": 4, ""A"": 4}","{""C"": 5, ""B"": 6, ""A"": 6}",5,5
"{B01,B02,B03,B05,B07,B10,B11,B12}|{B04,B06,B08}|{B09}",9,38,1.0,"{""C"": 3, ""B"": 4, ""A"": 4}","{""C"": 5, ""B"": 6, ""A"": 6}",5,5
"{B01,B02,B03,B05,B07,B10,B11,B12}|{B04,B06}|{B08,B09}",9,38,1.0,"{""C"": 3, ""B"": 4, ""A"": 4}","{""C"": 5, ""B"": 6, ""A"": 6}",5,5
"{B01,B02,B03,B05,B08,B09,B10,B11}|{B04,B06,B07}|{B12}",9,38,1.0,"{""C"": 3, ""B"": 3, ""A"": 5}","{""C"": 5, ""B"": 5, ""A"": 7}",5,5
"{B01,B02,B03,B05,B08,B11,B12}|{B04,B06,B07}|{B09,B10}",9,38,1.0,"{""C"": 3, ""B"": 4, ""A"": 4}","{""C"": 5, ""B"": 6, ""A"": 6}",5,5
"{B01,B02,B03,B05,B09,B10,B11}|{B04,B06,B07,B08}|{B12}",9,38,1.0,"{""C"": 3, ""B"": 3, ""A"": 5}","{""C"": 5, ""B"": 5, ""A"": 7}",5,5
"{B01,B02,B03,B05,B09,B10,B12}|{B04,B06,B07,B08}|{B11}",9,38,1.0,"{""C"": 3, ""B"": 4, ""A"": 4}","{""C"": 5, ""B"": 6, ""A"": 6}",5,5
"{B01,B02,B03,B05,B09,B11,B12}|{B04,B06,B07,B08}|{B10}",9,38,1.0,"{""C"": 3, ""B"": 4, ""A"": 4}","{""C"": 5, ""B"": 6, ""A"": 6}",5,5
"{B01,B02,B03,B05,B10,B11,B12}|{B04,B06,B07,B08}|{B09}",9,38,1.0,"{""C"": 3, ""B"": 4, ""A"": 4}","{""C"": 5, ""B"": 6, ""A"": 6}",5,5
"{B01,B02,B03,B05,B09,B10,B12}|{B04,B06,B07}|{B08,B11}",9,38,1.0,"{""C"": 3, ""B"": 4, ""A"": 4}","{""C"": 5, ""B"": 6, ""A"": 6}",5,5
"{B01,B02,B03,B05,B09,B11,B12}|{B04,B06,B07}|{B08,B10}",9,38,1.0,"{""C"": 3, ""B"": 4, ""A"": 4}","{""C"": 5, ""B"": 6, ""A"": 6}",5,5
"{B01,B02,B03,B05,B08,B09,B10,B11}|{B04,B06,B12}|{B07}",9,38,1.0,"{""C"": 3, ""B"": 3, ""A"": 5}","{""C"": 5, ""B"": 5, ""A"": 7}",5,5
"{B01,B02,B03,B05,B09,B10,B11}|{B04,B06,B12}|{B07,B08}",9,38,1.0,"{""C"": 3, ""B"": 3, ""A"": 5}","{""C"": 5, ""B"": 5, ""A"": 7}",5,5
"{B01,B02,B03,B05,B09,B10,B11,B12}|{B04,B07}|{B06,B08}",9,38,1.0,"{""C"": 4, ""B"": 4, ""A"": 4}","{""C"": 5, ""B"": 5, ""A"": 6}",5,5
"{B01,B02,B03,B05,B09,B10,B11,B12}|{B04,B08}|{B06,B07}",9,38,1.0,"{""C"": 4, ""B"": 4, ""A"": 4}","{""C"": 5, ""B"": 5, ""A"": 6}",5,5
"{B01,B02,B04,B05,B06,B07,B08,B09,B12}|{B03}|{B10,B11}",9,38,1.0,"{""C"": 3, ""A"": 5, ""B"": 4}","{""C"": 5, ""A"": 6, ""B"": 6}",4,5
"{B01,B02,B04,B05,B06,B07,B08,B10,B12}|{B03}|{B09,B11}",9,38,1.0,"{""C"": 3, ""B"": 4, ""A"": 5}","{""C"": 5, ""B"": 6, ""A"": 6}",4,5
"{B01,B02,B04,B05,B06,B07,B08,B11}|{B03,B12}|{B09,B10}",9,38,1.0,"{""B"": 3, ""C"": 3, ""A"": 5}","{""B"": 6, ""C"": 5, ""A"": 7}",4,5
"{B01,B02,B04,B05,B06,B07,B09,B10,B12}|{B03,B08}|{B11}",9,38,1.0,"{""C"": 3, ""B"": 4, ""A"": 5}","{""C"": 5, ""B"": 6, ""A"": 6}",4,5
"{B01,B02,B04,B05,B06,B07,B09,B11,B12}|{B03,B08}|{B10}",9,38,1.0,"{""B"": 4, ""C"": 3, ""A"": 5}","{""B"": 6, ""C"": 5, ""A"": 6}",4,5
"{B01,B02,B04,B05,B06,B07,B10,B11,B12}|{B03,B08}|{B09}",9,38,1.0,"{""B"": 4, ""C"": 3, ""A"": 5}","{""B"": 6, ""C"": 5, ""A"": 6}",4,5
"{B01,B02,B04,B05,B06,B07,B09,B10,B12}|{B03,B11}|{B08}",9,38,1.0,"{""C"": 3, ""B"": 4, ""A"": 5}","{""C"": 5, ""B"": 6, ""A"": 6}",4,5
"{B01,B02,B04,B05,B06,B07,B09,B10}|{B03,B12}|{B08,B11}",9,38,1.0,"{""C"": 3, ""B"": 3, ""A"": 5}","{""C"": 5, ""B"": 6, ""A"": 7}",4,5
"{B01,B02,B04,B05,B06,B07,B09,B11,B12}|{B03,B10}|{B08}",9,38,1.0,"{""B"": 4, ""C"": 3, ""A"": 5}","{""B"": 6, ""C"": 5, ""A"": 6}",4,5
"{B01,B02,B04,B05,B06,B07,B09,B11}|{B03,B12}|{B08,B10}",9,38,1.0,"{""B"": 3, ""C"": 3, ""A"": 5}","{""B"": 6, ""C"": 5, ""A"": 7}",4,5
"{B01,B02,B04,B05,B06,B07,B10,B11,B12}|{B03,B09}|{B08}",9,38,1.0,"{""B"": 4, ""C"": 3, ""A"": 5}","{""B"": 6, ""C"": 5, ""A"": 6}",4,5
"{B01,B02,B04,B05,B06,B07,B10,B11,B12}|{B03}|{B08,B09}",9,38,1.0,"{""B"": 4, ""C"": 3, ""A"": 5}","{""B"": 6, ""C"": 5, ""A"": 6}",4,5
"{B01,B02,B04,B05,B06,B08,B09,B10}|{B03,B07,B12}|{B11}",9,38,1.0,"{""C"": 3, ""B"": 4, ""A"": 5}","{""C"": 5, ""B"": 5, ""A"": 7}",4,5
"{B01,B02,B04,B05,B06,B08,B09,B11}|{B03,B07,B12}|{B10}",9,38,1.0,"{""B"": 4, ""C"": 3, ""A"": 5}","{""B"": 5, ""C"": 5, ""A"": 7}",4,5
"{B01,B02,B04,B05,B06,B08,B10,B11}|{B03,B07,B12}|{B09}",9,38,1.0,"{""B"": 4, ""C"": 3, ""A"": 5}","{""B"": 5, ""C"": 5, ""A"": 7}",4,5
"{B01,B02,B04,B05,B06,B08,B11,B12}|{B03,B07}|{B09,B10}",9,38,1.0,"{""B"": 4, ""C"": 3, ""A"": 5}","{""B"": 6, ""C"": 5, ""A"": 6}",4,5
"{B01,B02,B04,B05,B06,B09,B10,B12}|{B03,B07,B08}|{B11}",9,38,1.0,"{""C"": 3, ""B"": 4, ""A"": 5}","{""C"": 5, ""B"": 6, ""A"": 6}",4,5
"{B01,B02,B04,B05,B06,B09,B11,B12}|{B03,B07,B08}|{B10}",9,38,1.0,"{""B"": 4, ""C"": 3, ""A"": 5}","{""B"": 6, ""C"": 5, ""A"": 6}",4,5
"{B01,B02,B04,B05,B06,B10,B11,B12}|{B03,B07,B08}|{B09}",9,38,1.0,"{""B"": 4, ""C"": 3, ""A"": 5}","{""B"": 6, ""C"": 5, ""A"": 6}",4,5
"{B01,B02,B04,B05,B06,B09,B10,B11}|{B03,B07}|{B08,B12}",9,38,1.0,"{""B"": 4, ""C"": 3, ""A"": 5}","{""B"": 5, ""C"": 5, ""A"": 7}",4,5
"{B01,B02,B04,B05,B06,B09,B10,B12}|{B03,B07,B11}|{B08}",9,38,1.0,"{""C"": 3, ""B"": 4, ""A"": 5}","{""C"": 5, ""B"": 6, ""A"": 6}",4,5
"{B01,B02,B04,B05,B06,B09,B10,B12}|{B03,B07}|{B08,B11}",9,38,1.0,"{""C"": 3, ""B"": 4, ""A"": 5}","{""C"": 5, ""B"": 6, ""A"": 6}",4,5
"{B01,B02,B04,B05,B06,B09,B11}|{B03,B07,B10,B12}|{B08}",9,38,1.0,"{""B"": 4, ""C"": 3, ""A"": 5}","{""B"": 5, ""C"": 5, ""A"": 7}",4,5
"{B01,B02,B04,B05,B06,B09,B11,B12}|{B03,B07}|{B08,B10}",9,38,1.0,"{""B"": 4, ""C"": 3, ""A"": 5}","{""B"": 6, ""C"": 5, ""A"": 6}",4,5
"{B01,B02,B04,B05,B06,B09,B10,B11}|{B03,B08,B12}|{B07}",9,38,1.0,"{""B"": 4, ""C"": 3, ""A"": 5}","{""B"": 5, ""C"": 5, ""A"": 7}",4,5
"{B01,B02,B04,B05,B06,B09,B10,B11}|{B03,B08}|{B07,B12}",9,38,1.0,"{""B"": 4, ""C"": 3, ""A"": 5}","{""B"": 5, ""C"": 5, ""A"": 7}",4,5
"{B01,B02,B04,B05,B07,B08,B09,B10}|{B03,B06,B12}|{B11}",9,38,1.0,"{""B"": 3, ""C"": 4, ""A"": 5}","{""B"": 5, ""C"": 5, ""A"": 7}",4,5
"{B01,B02,B04,B05,B07,B08,B09,B11}|{B03,B06,B12}|{B10}",9,38,1.0,"{""B"": 3, ""C"": 4, ""A"": 5}","{""B"": 5, ""C"": 5, ""A"": 7}",4,5
"{B01,B02,B04,B05,B07,B08,B10,B11}|{B03,B06,B12}|{B09}",9,38,1.0,"{""B"": 3, ""C"": 4, ""A"": 5}","{""B"": 5, ""C"": 5, ""A"": 7}",4,5
"{B01,B02,B04,B05,B07,B08,B11,B12}|{B03,B06}|{B09,B10}",9,38,1.0,"{""B"": 3, ""C"": 4, ""A"": 5}","{""B"": 6, ""C"": 5, ""A"": 6}",4,5
"{B01,B02,B04,B05,B07,B09,B10,B11}|{B03,B06,B08}|{B12}",9,38,1.0,"{""B"": 3, ""C"": 4, ""A"": 5}","{""B"": 5, ""C"": 5, ""A"": 7}",4,5
"{B01,B02,B04,B05,B07,B09,B10,B11}|{B03,B06}|{B08,B12}",9,38,1.0,"{""B"": 3, ""C"": 4, ""A"": 5}","{""B"": 5, ""C"": 5, ""A"": 7}",4,5
"{B01,B02,B04,B05,B07,B09,B10,B12}|{B03,B06}|{B08,B11}",9,38,1.0,"{""B"": 3, ""C"": 4, ""A"": 5}","{""B"": 6, ""C"": 5, ""A"": 6}",4,5
"{B01,B02,B04,B05,B07,B09,B11,B12}|{B03,B06}|{B08,B10}",9,38,1.0,"{""B"": 3, ""C"": 4, ""A"": 5}","{""B"": 6, ""C"": 5, ""A"": 6}",4,5
"{B01,B02,B04,B05,B08,B09,B10,B11}|{B03,B06,B07}|{B12}",9,38,1.0,"{""B"": 3, ""C"": 4, ""A"": 5}","{""B"": 5, ""C"": 5, ""A"": 7}",4,5
"{B01,B02,B04,B05,B08,B09,B10,B12}|{B03,B06,B07}|{B11}",9,38,1.0,"{""B"": 4, ""C"": 4, ""A"": 5}","{""B"": 5, ""C"": 5, ""A"": 6}",4,5
"{B01,B02,B04,B05,B08,B09,B11,B12}|{B03,B06,B07}|{B10}",9,38,1.0,"{""B"": 4, ""C"": 4, ""A"": 5}","{""B"": 5, ""C"": 5, ""A"": 6}",4,5
"{B01,B02,B04,B05,B08,B10,B11,B12}|{B03,B06,B07}|{B09}",9,38,1.0,"{""B"": 4, ""C"": 4, ""A"": 5}","{""B"": 5, ""C"": 5, ""A"": 6}",4,5
"{B01,B02,B04,B05,B09,B10,B11}|{B03,B06,B07,B08}|{B12}",9,38,1.0,"{""B"": 3, ""C"": 4, ""A"": 5}","{""B"": 5, ""C"": 5, ""A"": 7}",4,5
"{B01,B02,B04,B05,B09,B11,B12}|{B03,B06,B07,B10}|{B08}",9,38,1.0,"{""B"": 4, ""C"": 4, ""A"": 5}","{""B"": 5, ""C"": 5, ""A"": 6}",4,5
"{B01,B02,B04,B05,B08,B09,B10,B11}|{B03,B06,B12}|{B07}",9,38,1.0,"{""B"": 3, ""C"": 4, ""A"": 5}","{""B"": 5, ""C"": 5, ""A"": 7}",4,5
"{B01,B02,B04,B05,B08,B09,B10,B11}|{B03,B06}|{B07,B12}",9,38,1.0,"{""B"": 3, ""C"": 4, ""A"": 5}","{""B"": 5, ""C"": 5, ""A"": 7}",4,5
"{B01,B02,B04,B05,B09,B10,B11,B12}|{B03,B06,B08}|{B07}",9,38,1.0,"{""B"": 4, ""C"": 4, ""A"": 5}","{""B"": 5, ""C"": 5, ""A"": 6}",4,5
"{B01,B02,B04,B05,B09,B10,B11}|{B03,B06,B12}|{B07,B08}",9,38,1.0,"{""B"": 3, ""C"": 4, ""A"": 5}","{""B"": 5, ""C"": 5, ""A"": 7}",4,5
"{B01,B02,B04,B05,B09,B10,B11}|{B03,B06}|{B07,B08,B12}",9,38,1.0,"{""B"": 3, ""C"": 4, ""A"": 5}","{""B"": 5, ""C"": 5, ""A"": 7}",4,5
"{B01,B02,B04,B05,B07,B09,B10,B11}|{B03,B08,B12}|{B06}",9,38,1.0,"{""B"": 3, ""C"": 4, ""A"": 5}","{""B"": 5, ""C"": 5, ""A"": 7}",4,5
"{B01,B02,B04,B05,B07,B09,B10,B11}|{B03,B08}|{B06,B12}",9,38,1.0,"{""B"": 3, ""C"": 4, ""A"": 5}","{""B"": 5, ""C"": 5, ""A"": 7}",4,5
"{B01,B02,B04,B05,B07,B09,B10,B11}|{B03,B12}|{B06,B08}",9,38,1.0,"{""B"": 3, ""C"": 4, ""A"": 5}","{""B"": 5, ""C"": 5, ""A"": 7}",4,5
"{B01,B02,B04,B05,B08,B09,B10,B11}|{B03,B07,B12}|{B06}",9,38,1.0,"{""B"": 3, ""C"": 4, ""A"": 5}","{""B"": 5, ""C"": 5, ""A"": 7}",4,5
"{B01,B02,B04,B05,B08,B09,B10,B11}|{B03,B07}|{B06,B12}",9,38,1.0,"{""B"": 3, ""C"": 4, ""A"": 5}","{""B"": 5, ""C"": 5, ""A"": 7}",4,5
"{B01,B02,B04,B05,B09,B10,B11}|{B03,B07,B08,B12}|{B06}",9,38,1.0,"{""B"": 3, ""C"": 4, ""A"": 5}","{""B"": 5, ""C"": 5, ""A"": 7}",4,5
"{B01,B02,B04,B05,B09,B10,B11}|{B03,B07,B08}|{B06,B12}",9,38,1.0,"{""B"": 3, ""C"": 4, ""A"": 5}","{""B"": 5, ""C"": 5, ""A"": 7}",4,5
"{B01,B02,B04,B05,B09,B10,B11,B12}|{B03,B07}|{B06,B08}",9,38,1.0,"{""B"": 4, ""C"": 4, ""A"": 5}","{""B"": 5, ""C"": 5, ""A"": 6}",4,5
"{B01,B02,B04,B05,B08,B09,B10,B11}|{B03,B12}|{B06,B07}",9,38,1.0,"{""B"": 3, ""C"": 4, ""A"": 5}","{""B"": 5, ""C"": 5, ""A"": 7}",4,5
"{B01,B02,B04,B05,B09,B10,B11,B12}|{B03,B08}|{B06,B07}",9,38,1.0,"{""B"": 4, ""C"": 4, ""A"": 5}","{""B"": 5, ""C"": 5, ""A"": 6}",4,5
"{B01,B02,B04,B05,B09,B10,B11}|{B03,B12}|{B06,B07,B08}",9,38,1.0,"{""B"": 3, ""C"": 4, ""A"": 5}","{""B"": 5, ""C"": 5, ""A"": 7}",4,5
"{B01,B02,B05,B06,B07,B08,B09,B10,B12}|{B03,B04}|{B11}",9,38,1.0,"{""C"": 4, ""B"": 3, ""A"": 5}","{""C"": 5, ""B"": 5, ""A"": 6}",5,5
"{B01,B02,B05,B06,B07,B08,B09,B11,B12}|{B03,B04}|{B10}",9,38,1.0,"{""B"": 3, ""C"": 4, ""A"": 5}","{""B"": 5, ""C"": 5, ""A"": 6}",5,5
"{B01,B02,B05,B06,B07,B08,B10,B11,B12}|{B03,B04}|{B09}",9,38,1.0,"{""B"": 3, ""C"": 4, ""A"": 5}","{""B"": 5, ""C"": 5, ""A"": 6}",5,5
"{B01,B02,B05,B06,B08,B09,B10,B11,B12}|{B03,B04}|{B07}",9,38,1.0,"{""B"": 3, ""C"": 4, ""A"": 5}","{""B"": 5, ""C"": 5, ""A"": 6}",5,5
"{B01,B02,B05,B06,B09,B10,B11,B12}|{B03,B04}|{B07,B08}",9,38,1.0,"{""B"": 3, ""C"": 4, ""A"": 5}","{""B"": 5, ""C"": 5, ""A"": 6}",5,5
"{B01,B02,B05,B07,B08,B09,B10}|{B03,B04,B06,B12}|{B11}",9,38,1.0,"{""B"": 3, ""C"": 4, ""A"": 5}","{""B"": 5, ""C"": 4, ""A"": 7}",5,5
"{B01,B02,B05,B07,B08,B09,B11}|{B03,B04,B06,B12}|{B10}",9,38,1.0,"{""B"": 3, ""C"": 4, ""A"": 5}","{""B"": 5, ""C"": 4, ""A"": 7}",5,5
"{B01,B02,B05,B07,B08,B10,B11}|{B03,B04,B06,B12}|{B09}",9,38,1.0,"{""B"": 3, ""C"": 4, ""A"": 5}","{""B"": 5, ""C"": 4, ""A"": 7}",5,5
"{B01,B02,B05,B07,B08,B11,B12}|{B03,B04,B06}|{B09,B10}",9,38,1.0,"{""B"": 3, ""C"": 4, ""A"": 5}","{""B"": 6, ""C"": 4, ""A"": 6}",5,5
"{B01,B02,B05,B07,B09,B10,B11}|{B03,B04,B06,B08}|{B12}",9,38,1.0,"{""B"": 3, ""C"": 4, ""A"": 5}","{""B"": 5, ""C"": 4, ""A"": 7}",5,5
"{B01,B02,B05,B07,B09,B10,B11}|{B03,B04,B06}|{B08,B12}",9,38,1.0,"{""B"": 3, ""C"": 4, ""A"": 5}","{""B"": 5, ""C"": 4, ""A"": 7}",5,5
"{B01,B02,B05,B07,B09,B10,B12}|{B03,B04,B06}|{B08,B11}",9,38,1.0,"{""B"": 3, ""C"": 4, ""A"": 5}","{""B"": 6, ""C"": 4, ""A"": 6}",5,5
"{B01,B02,B05,B07,B09,B11,B12}|{B03,B04,B06}|{B08,B10}",9,38,1.0,"{""B"": 3, ""C"": 4, ""A"": 5}","{""B"": 6, ""C"": 4, ""A"": 6}",5,5
"{B01,B02,B05,B08,B09,B10,B11}|{B03,B04,B06,B07}|{B12}",9,38,1.0,"{""B"": 3, ""C"": 4, ""A"": 5}","{""B"": 5, ""C"": 4, ""A"": 7}",5,5
"{B01,B02,B05,B08,B09,B10,B12}|{B03,B04,B06,B07}|{B11}",9,38,1.0,"{""B"": 4, ""C"": 4, ""A"": 5}","{""B"": 5, ""C"": 4, ""A"": 6}",5,5
"{B01,B02,B05,B08,B09,B11,B12}|{B03,B04,B06,B07}|{B10}",9,38,1.0,"{""B"": 4, ""C"": 4, ""A"": 5}","{""B"": 5, ""C"": 4, ""A"": 6}",5,5
"{B01,B02,B05,B08,B10,B11,B12}|{B03,B04,B06,B07}|{B09}",9,38,1.0,"{""B"": 4, ""C"": 4, ""A"": 5}","{""B"": 5, ""C"": 4, ""A"": 6}",5,5
"{B01,B02,B05,B09,B10,B11}|{B03,B04,B06,B07,B08}|{B12}",9,38,1.0,"{""B"": 3, ""C"": 4, ""A"": 5}","{""B"": 5, ""C"": 4, ""A"": 7}",5,5
"{B01,B02,B05,B08,B09,B10,B11}|{B03,B04,B06,B12}|{B07}",9,38,1.0,"{""B"": 3, ""C"": 4, ""A"": 5}","{""B"": 5, ""C"": 4, ""A"": 7}",5,5
"{B01,B02,B05,B08,B09,B10,B11}|{B03,B04,B06}|{B07,B12}",9,38,1.0,"{""B"": 3, ""C"": 4, ""A"": 5}","{""B"": 5, ""C"": 4, ""A"": 7}",5,5
"{B01,B02,B05,B09,B10,B11,B12}|{B03,B04,B06,B08}|{B07}",9,38,1.0,"{""B"": 4, ""C"": 4, ""A"": 5}","{""B"": 5, ""C"": 4, ""A"": 6}",5,5
"{B01,B02,B05,B09,B10,B11}|{B03,B04,B06,B12}|{B07,B08}",9,38,1.0,"{""B"": 3, ""C"": 4, ""A"": 5}","{""B"": 5, ""C"": 4, ""A"": 7}",5,5
"{B01,B02,B05,B09,B10,B11}|{B03,B04,B06}|{B07,B08,B12}",9,38,1.0,"{""B"": 3, ""C"": 4, ""A"": 5}","{""B"": 5, ""C"": 4, ""A"": 7}",5,5
"{B01,B02,B05,B07,B08,B09,B10,B11}|{B03,B04,B12}|{B06}",9,38,1.0,"{""B"": 2, ""C"": 5, ""A"": 5}","{""B"": 4, ""C"": 5, ""A"": 7}",5,5
"{B01,B02,B05,B07,B08,B09,B10,B11}|{B03,B04}|{B06,B12}",9,38,1.0,"{""B"": 2, ""C"": 5, ""A"": 5}","{""B"": 4, ""C"": 5, ""A"": 7}",5,5
"{B01,B02,B09,B10}|{B03,B04,B05,B06,B07,B11,B12}|{B08}",9,38,1.0,"{""B"": 3, ""C"": 4, ""A"": 5}","{""B"": 5, ""C"": 5, ""A"": 7}",4,5
"{B01,B02,B05,B09,B10,B11,B12}|{B03}|{B04,B06,B07,B08}",9,38,1.0,"{""B"": 3, ""C"": 4, ""A"": 5}","{""B"": 5, ""C"": 5, ""A"": 6}",5,5
"{B01,B03,B04,B05,B06,B07,B08,B09,B11}|{B02,B12}|{B10}",9,38,1.0,"{""C"": 3, ""B"": 4, ""A"": 5}","{""C"": 4, ""B"": 6, ""A"": 7}",4,5
"{B01,B03,B04,B05,B06,B07,B08,B11}|{B02,B12}|{B09,B10}",9,38,1.0,"{""C"": 3, ""B"": 4, ""A"": 5}","{""C"": 4, ""B"": 6, ""A"": 7}",4,5
"{B01,B03,B04,B05,B06,B07,B09,B10}|{B02,B08,B12}|{B11}",9,38,1.0,"{""C"": 3, ""B"": 4, ""A"": 5}","{""C"": 4, ""B"": 6, ""A"": 7}",4,5
"{B01,B03,B04,B05,B06,B07,B09,B11}|{B02,B08,B12}|{B10}",9,38,1.0,"{""C"": 3, ""B"": 4, ""A"": 5}","{""C"": 4, ""B"": 6, ""A"": 7}",4,5
"{B01,B03,B04,B05,B06,B07,B09,B12}|{B02,B08}|{B10,B11}",9,38,1.0,"{""C"": 3, ""A"": 4, ""B"": 5}","{""C"": 4, ""A"": 6, ""B"": 7}",4,5
"{B01,B03,B04,B05,B06,B07,B10,B11}|{B02,B08,B12}|{B09}",9,38,1.0,"{""C"": 3, ""B"": 4, ""A"": 5}","{""C"": 4, ""B"": 6, ""A"": 7}",4,5
"{B01,B03,B04,B05,B06,B07,B10,B12}|{B02,B08}|{B09,B11}",9,38,1.0,"{""C"": 3, ""B"": 5, ""A"": 4}","{""C"": 4, ""B"": 7, ""A"": 6}",4,5
"{B01,B03,B04,B05,B06,B07,B09,B10}|{B02,B12}|{B08,B11}",9,38,1.0,"{""C"": 3, ""B"": 4, ""A"": 5}","{""C"": 4, ""B"": 6, ""A"": 7}",4,5
"{B01,B03,B04,B05,B06,B07,B09,B11}|{B02,B12}|{B08,B10}",9,38,1.0,"{""C"": 3, ""B"": 4, ""A"": 5}","{""C"": 4, ""B"": 6, ""A"": 7}",4,5
"{B01,B03,B04,B05,B06,B07,B10,B11}|{B02,B09,B12}|{B08}",9,38,1.0,"{""C"": 3, ""B"": 4, ""A"": 5}","{""C"": 4, ""B"": 6, ""A"": 7}",4,5
"{B01,B03,B04,B05,B06,B07,B11}|{B02,B09,B10,B12}|{B08}",9,38,1.0,"{""C"": 3, ""B"": 4, ""A"": 5}","{""C"": 4, ""B"": 6, ""A"": 7}",4,5
"{B01,B03,B04,B05,B06,B07,B12}|{B02,B09,B10,B11}|{B08}",9,38,1.0,"{""C"": 3, ""A"": 4, ""B"": 5}","{""C"": 4, ""A"": 6, ""B"": 7}",4,5
"{B01,B03,B04,B05,B06,B08,B09,B10,B11}|{B02,B07}|{B12}",9,38,1.0,"{""C"": 3, ""B"": 4, ""A"": 5}","{""C"": 4, ""B"": 6, ""A"": 7}",4,5
"{B01,B03,B04,B05,B06,B08,B09,B12}|{B02,B07}|{B10,B11}",9,38,1.0,"{""C"": 3, ""A"": 4, ""B"": 6}","{""C"": 4, ""A"": 6, ""B"": 6}",4,5
"{B01,B03,B04,B05,B06,B08,B10,B12}|{B02,B07}|{B09,B11}",9,38,1.0,"{""C"": 3, ""B"": 6, ""A"": 4}","{""C"": 4, ""B"": 6, ""A"": 6}",4,5
"{B01,B03,B04,B05,B06,B09,B10,B11}|{B02,B07,B08}|{B12}",9,38,1.0,"{""C"": 3, ""B"": 4, ""A"": 5}","{""C"": 4, ""B"": 6, ""A"": 7}",4,5
"{B01,B03,B04,B05,B06,B11,B12}|{B02,B07,B08}|{B09,B10}",9,38,1.0,"{""C"": 3, ""B"": 5, ""A"": 4}","{""C"": 4, ""B"": 7, ""A"": 6}",4,5
"{B01,B03,B04,B05,B06,B09,B10}|{B02,B07,B11,B12}|{B08}",9,38,1.0,"{""C"": 3, ""B"": 5, ""A"": 5}","{""C"": 4, ""B"": 5, ""A"": 7}",4,5
"{B01,B03,B04,B05,B06,B09,B11}|{B02,B07,B10,B12}|{B08}",9,38,1.0,"{""C"": 3, ""B"": 5, ""A"": 5}","{""C"": 4, ""B"": 5, ""A"": 7}",4,5
"{B01,B03,B04,B05,B06,B09}|{B02,B07,B10,B11,B12}|{B08}",9,38,1.0,"{""C"": 3, ""A"": 5, ""B"": 5}","{""C"": 4, ""A"": 7, ""B"": 5}",4,5
"{B01,B03,B04,B05,B06,B10,B11,B12}|{B02,B07}|{B08,B09}",9,38,1.0,"{""C"": 3, ""B"": 6, ""A"": 4}","{""C"": 4, ""B"": 6, ""A"": 6}",4,5
"{B01,B03,B04,B05,B06,B08,B09,B10,B11}|{B02,B12}|{B07}",9,38,1.0,"{""C"": 3, ""B"": 4, ""A"": 5}","{""C"": 4, ""B"": 6, ""A"": 7}",4,5
"{B01,B03,B04,B05,B06,B09,B10,B11}|{B02,B08,B12}|{B07}",9,38,1.0,"{""C"": 3, ""B"": 4, ""A"": 5}","{""C"": 4, ""B"": 6, ""A"": 7}",4,5
"{B01,B03,B04,B05,B06,B09,B10,B11}|{B02,B12}|{B07,B08}",9,38,1.0,"{""C"": 3, ""B"": 4, ""A"": 5}","{""C"": 4, ""B"": 6, ""A"": 7}",4,5
"{B01,B03,B04,B05,B07,B08,B09,B10}|{B02,B06,B12}|{B11}",9,38,1.0,"{""C"": 3, ""B"": 4, ""A"": 5}","{""C"": 5, ""B"": 5, ""A"": 7}",4,5
"{B01,B03,B04,B05,B07,B08,B09,B12}|{B02,B06}|{B10,B11}",9,38,1.0,"{""C"": 3, ""A"": 4, ""B"": 5}","{""C"": 5, ""A"": 6, ""B"": 6}",4,5
"{B01,B03,B04,B05,B07,B08,B10,B11}|{B02,B06,B12}|{B09}",9,38,1.0,"{""C"": 3, ""B"": 4, ""A"": 5}","{""C"": 5, ""B"": 5, ""A"": 7}",4,5
"{B01,B03,B04,B05,B07,B08,B10,B12}|{B02,B06}|{B09,B11}",9,38,1.0,"{""C"": 3, ""B"": 5, ""A"": 4}","{""C"": 5, ""B"": 6, ""A"": 6}",4,5
"{B01,B03,B04,B05,B07,B11,B12}|{B02,B06,B08}|{B09,B10}",9,38,1.0,"{""C"": 3, ""B"": 4, ""A"": 4}","{""C"": 5, ""B"": 7, ""A"": 6}",4,5
"{B01,B03,B04,B05,B07,B09,B10,B11}|{B02,B06}|{B08,B12}",9,38,1.0,"{""C"": 3, ""B"": 4, ""A"": 5}","{""C"": 5, ""B"": 5, ""A"": 7}",4,5
"{B01,B03,B04,B05,B07,B09,B10}|{B02,B06,B11,B12}|{B08}",9,38,1.0,"{""C"": 3, ""B"": 4, ""A"": 5}","{""C"": 5, ""B"": 5, ""A"": 7}",4,5
"{B01,B03,B04,B05,B07,B09,B11}|{B02,B06,B10,B12}|{B08}",9,38,1.0,"{""C"": 3, ""B"": 4, ""A"": 5}","{""C"": 5, ""B"": 5, ""A"": 7}",4,5
"{B01,B03,B04,B05,B07,B09,B12}|{B02,B06,B10,B11}|{B08}",9,38,1.0,"{""C"": 3, ""A"": 4, ""B"": 5}","{""C"": 5, ""A"": 6, ""B"": 6}",4,5
"{B01,B03,B04,B05,B07,B10,B12}|{B02,B06,B09,B11}|{B08}",9,38,1.0,"{""C"": 3, ""B"": 5, ""A"": 4}","{""C"": 5, ""B"": 6, ""A"": 6}",4,5
"{B01,B03,B04,B05,B07,B10,B11,B12}|{B02,B06}|{B08,B09}",9,38,1.0,"{""C"": 3, ""B"": 5, ""A"": 4}","{""C"": 5, ""B"": 6, ""A"": 6}",4,5
"{B01,B03,B04,B05,B08,B09,B10,B12}|{B02,B06,B07}|{B11}",9,38,1.0,"{""C"": 3, ""B"": 5, ""A"": 4}","{""C"": 5, ""B"": 6, ""A"": 6}",4,5
"{B01,B03,B04,B05,B08,B09,B11,B12}|{B02,B06,B07}|{B10}",9,38,1.0,"{""C"": 3, ""B"": 5, ""A"": 4}","{""C"": 5, ""B"": 6, ""A"": 6}",4,5
"{B01,B03,B04,B05,B08,B10,B11,B12}|{B02,B06,B07}|{B09}",9,38,1.0,"{""C"": 3, ""B"": 5, ""A"": 4}","{""C"": 5, ""B"": 6, ""A"": 6}",4,5
"{B01,B03,B04,B05,B08,B11,B12}|{B02,B06,B07}|{B09,B10}",9,38,1.0,"{""C"": 3, ""B"": 5, ""A"": 4}","{""C"": 5, ""B"": 6, ""A"": 6}",4,5
"{B01,B03,B04,B05,B09,B10,B12}|{B02,B06,B07,B08}|{B11}",9,38,1.0,"{""C"": 3, ""B"": 5, ""A"": 4}","{""C"": 5, ""B"": 6, ""A"": 6}",4,5
"{B01,B03,B04,B05,B09,B11,B12}|{B02,B06,B07,B08}|{B10}",9,38,1.0,"{""C"": 3, ""B"": 5, ""A"": 4}","{""C"": 5, ""B"": 6, ""A"": 6}",4,5
"{B01,B03,B04,B05,B10,B11,B12}|{B02,B06,B07,B08}|{B09}",9,38,1.0,"{""C"": 3, ""B"": 5, ""A"": 4}","{""C"": 5, ""B"": 6, ""A"": 6}",4,5
"{B01,B03,B04,B05,B09,B10,B12}|{B02,B06,B07}|{B08,B11}",9,38,1.0,"{""C"": 3, ""B"": 5, ""A"": 4}","{""C"": 5, ""B"": 6, ""A"": 6}",4,5
"{B01,B03,B04,B05,B09,B11,B12}|{B02,B06,B07}|{B08,B10}",9,38,1.0,"{""C"": 3, ""B"": 5, ""A"": 4}","{""C"": 5, ""B"": 6, ""A"": 6}",4,5
"{B01,B03,B04,B05,B10,B11,B12}|{B02,B06,B07,B09}|{B08}",9,38,1.0,"{""C"": 3, ""B"": 5, ""A"": 4}","{""C"": 5, ""B"": 6, ""A"": 6}",4,5
"{B01,B03,B04,B05,B10,B12}|{B02,B06,B07,B09,B11}|{B08}",9,38,1.0,"{""C"": 3, ""B"": 5, ""A"": 4}","{""C"": 5, ""B"": 6, ""A"": 6}",4,5
"{B01,B03,B04,B05,B11,B12}|{B02,B06,B07,B09,B10}|{B08}",9,38,1.0,"{""C"": 3, ""B"": 5, ""A"": 4}","{""C"": 5, ""B"": 6, ""A"": 6}",4,5
"{B01,B03,B04,B05,B12}|{B02,B06,B07,B09,B10,B11}|{B08}",9,38,1.0,"{""C"": 3, ""A"": 4, ""B"": 5}","{""C"": 5, ""A"": 6, ""B"": 6}",4,5
"{B01,B03,B04,B05,B07,B08,B09,B10,B11}|{B02,B12}|{B06}",9,38,1.0,"{""C"": 4, ""B"": 3, ""A"": 5}","{""C"": 5, ""B"": 5, ""A"": 7}",4,5
"{B01,B03,B04,B05,B07,B09,B10,B11}|{B02,B08,B12}|{B06}",9,38,1.0,"{""C"": 4, ""B"": 3, ""A"": 5}","{""C"": 5, ""B"": 5, ""A"": 7}",4,5
"{B01,B03,B04,B05,B08,B09,B10,B11,B12}|{B02,B07}|{B06}",9,38,1.0,"{""C"": 4, ""B"": 4, ""A"": 4}","{""C"": 5, ""B"": 6, ""A"": 6}",4,5
"{B01,B03,B04,B05,B09,B10,B11,B12}|{B02,B07,B08}|{B06}",9,38,1.0,"{""C"": 4, ""B"": 4, ""A"": 4}","{""C"": 5, ""B"": 6, ""A"": 6}",4,5
"{B01,B03,B04,B05,B08,B09,B10,B11,B12}|{B02}|{B06,B07}",9,38,1.0,"{""C"": 4, ""B"": 4, ""A"": 4}","{""C"": 5, ""B"": 6, ""A"": 6}",4,5
"{B01,B03,B04,B05,B09,B10,B11,B12}|{B02,B08}|{B06,B07}",9,38,1.0,"{""C"": 4, ""B"": 4, ""A"": 4}","{""C"": 5, ""B"": 6, ""A"": 6}",4,5
"{B01,B03,B05,B06,B07,B08,B09,B10,B12}|{B02,B04}|{B11}",9,38,1.0,"{""C"": 4, ""B"": 4, ""A"": 4}","{""C"": 5, ""B"": 5, ""A"": 6}",5,5
"{B01,B03,B05,B06,B07,B08,B10,B11,B12}|{B02,B04}|{B09}",9,38,1.0,"{""C"": 4, ""B"": 4, ""A"": 4}","{""C"": 5, ""B"": 5, ""A"": 6}",5,5
"{B01,B03,B05,B07,B08,B09,B10,B12}|{B02,B04,B06}|{B11}",9,38,1.0,"{""C"": 4, ""B"": 4, ""A"": 4}","{""C"": 5, ""B"": 5, ""A"": 6}",5,5
"{B01,B03,B05,B07,B08,B10,B11,B12}|{B02,B04,B06}|{B09}",9,38,1.0,"{""C"": 4, ""B"": 4, ""A"": 4}","{""C"": 5, ""B"": 5, ""A"": 6}",5,5
"{B01,B03,B05,B07,B08,B09,B10,B11,B12}|{B02,B04}|{B06}",9,38,1.0,"{""C"": 5, ""B"": 3, ""A"": 4}","{""C"": 5, ""B"": 5, ""A"": 6}",5,5
"{B01,B03,B05,B07,B09,B10,B11,B12}|{B02,B04,B08}|{B06}",9,38,1.0,"{""C"": 5, ""B"": 3, ""A"": 4}","{""C"": 5, ""B"": 5, ""A"": 6}",5,5
"{B01,B03,B05,B07,B09,B10,B11,B12}|{B02}|{B04,B06,B08}",9,38,1.0,"{""C"": 4, ""B"": 4, ""A"": 4}","{""C"": 5, ""B"": 5, ""A"": 6}",5,5
"{B01,B04,B05,B06,B07,B08,B09,B10}|{B02,B03,B12}|{B11}",9,38,1.0,"{""C"": 3, ""B"": 4, ""A"": 5}","{""C"": 5, ""B"": 5, ""A"": 7}",4,5
"{B01,B04,B05,B06,B07,B08,B09,B11,B12}|{B02,B03}|{B10}",9,38,1.0,"{""B"": 4, ""C"": 3, ""A"": 5}","{""B"": 6, ""C"": 5, ""A"": 6}",4,5
"{B01,B04,B05,B06,B07,B08,B10,B11}|{B02,B03,B12}|{B09}",9,38,1.0,"{""B"": 4, ""C"": 3, ""A"": 5}","{""B"": 5, ""C"": 5, ""A"": 7}",4,5
"{B01,B04,B05,B06,B07,B08,B11,B12}|{B02,B03}|{B09,B10}",9,38,1.0,"{""B"": 4, ""C"": 3, ""A"": 5}","{""B"": 6, ""C"": 5, ""A"": 6}",4,5
"{B01,B04,B05,B06,B07,B09,B10,B12}|{B02,B03,B08}|{B11}",9,38,1.0,"{""C"": 3, ""B"": 4, ""A"": 5}","{""C"": 5, ""B"": 6, ""A"": 6}",4,5
"{B01,B04,B05,B06,B07,B09,B11,B12}|{B02,B03,B08}|{B10}",9,38,1.0,"{""B"": 4, ""C"": 3, ""A"": 5}","{""B"": 6, ""C"": 5, ""A"": 6}",4,5
"{B01,B04,B05,B06,B07,B10,B11,B12}|{B02,B03,B08}|{B09}",9,38,1.0,"{""B"": 4, ""C"": 3, ""A"": 5}","{""B"": 6, ""C"": 5, ""A"": 6}",4,5
"{B01,B04,B05,B06,B07,B09,B10,B11}|{B02,B03}|{B08,B12}",9,38,1.0,"{""B"": 4, ""C"": 3, ""A"": 5}","{""B"": 5, ""C"": 5, ""A"": 7}",4,5
"{B01,B04,B05,B06,B07,B09,B10}|{B02,B03,B11,B12}|{B08}",9,38,1.0,"{""C"": 3, ""B"": 4, ""A"": 5}","{""C"": 5, ""B"": 5, ""A"": 7}",4,5
"{B01,B04,B05,B06,B07,B09,B10,B12}|{B02,B03}|{B08,B11}",9,38,1.0,"{""C"": 3, ""B"": 4, ""A"": 5}","{""C"": 5, ""B"": 6, ""A"": 6}",4,5
"{B01,B04,B05,B06,B07,B09,B11}|{B02,B03,B10,B12}|{B08}",9,38,1.0,"{""B"": 4, ""C"": 3, ""A"": 5}","{""B"": 5, ""C"": 5, ""A"": 7}",4,5
"{B01,B04,B05,B06,B07,B09,B11,B12}|{B02,B03}|{B08,B10}",9,38,1.0,"{""B"": 4, ""C"": 3, ""A"": 5}","{""B"": 6, ""C"": 5, ""A"": 6}",4,5
"{B01,B04,B05,B06,B07,B10,B11,B12}|{B02,B03,B09}|{B08}",9,38,1.0,"{""B"": 4, ""C"": 3, ""A"": 5}","{""B"": 6, ""C"": 5, ""A"": 6}",4,5
"{B01,B04,B05,B06,B07,B11,B12}|{B02,B03,B09,B10}|{B08}",9,38,1.0,"{""B"": 4, ""C"": 3, ""A"": 5}","{""B"": 6, ""C"": 5, ""A"": 6}",4,5
"{B01,B04,B05,B06,B09,B10,B12}|{B02,B03,B07,B11}|{B08}",9,38,1.0,"{""C"": 3, ""B"": 5, ""A"": 5}","{""C"": 5, ""B"": 5, ""A"": 6}",4,5
"{B01,B04,B05,B06,B09,B11,B12}|{B02,B03,B07,B10}|{B08}",9,38,1.0,"{""B"": 5, ""C"": 3, ""A"": 5}","{""B"": 5, ""C"": 5, ""A"": 6}",4,5
"{B01,B04,B05,B06,B09,B12}|{B02,B03,B07,B10,B11}|{B08}",9,38,1.0,"{""C"": 3, ""A"": 5, ""B"": 5}","{""C"": 5, ""A"": 6, ""B"": 5}",4,5
"{B01,B04,B05,B06,B08,B09,B10,B11,B12}|{B02,B03}|{B07}",9,38,1.0,"{""B"": 4, ""C"": 3, ""A"": 5}","{""B"": 6, ""C"": 5, ""A"": 6}",4,5
"{B01,B04,B05,B06,B09,B10,B11,B12}|{B02,B03,B08}|{B07}",9,38,1.0,"{""B"": 4, ""C"": 3, ""A"": 5}","{""B"": 6, ""C"": 5, ""A"": 6}",4,5
"{B01,B04,B05,B06,B09,B10,B11,B12}|{B02,B03}|{B07,B08}",9,38,1.0,"{""B"": 4, ""C"": 3, ""A"": 5}","{""B"": 6, ""C"": 5, ""A"": 6}",4,5
"{B01,B04,B05,B07,B08,B09,B10}|{B02,B03,B06,B12}|{B11}",9,38,1.0,"{""B"": 4, ""C"": 3, ""A"": 5}","{""B"": 5, ""C"": 5, ""A"": 7}",4,5
"{B01,B04,B05,B07,B08,B09,B11,B12}|{B02,B03,B06}|{B10}",9,38,1.0,"{""B"": 4, ""C"": 3, ""A"": 5}","{""B"": 6, ""C"": 5, ""A"": 6}",4,5
"{B01,B04,B05,B07,B08,B10,B11}|{B02,B03,B06,B12}|{B09}",9,38,1.0,"{""B"": 4, ""C"": 3, ""A"": 5}","{""B"": 5, ""C"": 5, ""A"": 7}",4,5
"{B01,B04,B05,B07,B08,B11,B12}|{B02,B03,B06}|{B09,B10}",9,38,1.0,"{""B"": 4, ""C"": 3, ""A"": 5}","{""B"": 6, ""C"": 5, ""A"": 6}",4,5
"{B01,B04,B05,B07,B09,B10,B12}|{B02,B03,B06,B08}|{B11}",9,38,1.0,"{""B"": 4, ""C"": 3, ""A"": 5}","{""B"": 6, ""C"": 5, ""A"": 6}",4,5
"{B01,B04,B05,B07,B09,B11,B12}|{B02,B03,B06,B08}|{B10}",9,38,1.0,"{""B"": 4, ""C"": 3, ""A"": 5}","{""B"": 6, ""C"": 5, ""A"": 6}",4,5
"{B01,B04,B05,B07,B10,B11,B12}|{B02,B03,B06,B08}|{B09}",9,38,1.0,"{""B"": 4, ""C"": 3, ""A"": 5}","{""B"": 6, ""C"": 5, ""A"": 6}",4,5
"{B01,B04,B05,B07,B09,B10,B11}|{B02,B03,B06}|{B08,B12}",9,38,1.0,"{""B"": 4, ""C"": 3, ""A"": 5}","{""B"": 5, ""C"": 5, ""A"": 7}",4,5
"{B01,B04,B05,B07,B09,B10}|{B02,B03,B06,B11,B12}|{B08}",9,38,1.0,"{""B"": 4, ""C"": 3, ""A"": 5}","{""B"": 5, ""C"": 5, ""A"": 7}",4,5
"{B01,B04,B05,B07,B09,B10,B12}|{B02,B03,B06}|{B08,B11}",9,38,1.0,"{""B"": 4, ""C"": 3, ""A"": 5}","{""B"": 6, ""C"": 5, ""A"": 6}",4,5
"{B01,B04,B05,B07,B09,B11}|{B02,B03,B06,B10,B12}|{B08}",9,38,1.0,"{""B"": 4, ""C"": 3, ""A"": 5}","{""B"": 5, ""C"": 5, ""A"": 7}",4,5
"{B01,B04,B05,B07,B09,B11,B12}|{B02,B03,B06}|{B08,B10}",9,38,1.0,"{""B"": 4, ""C"": 3, ""A"": 5}","{""B"": 6, ""C"": 5, ""A"": 6}",4,5
"{B01,B04,B05,B07,B10,B11,B12}|{B02,B03,B06,B09}|{B08}",9,38,1.0,"{""B"": 4, ""C"": 3, ""A"": 5}","{""B"": 6, ""C"": 5, ""A"": 6}",4,5
"{B01,B04,B05,B07,B11,B12}|{B02,B03,B06,B09,B10}|{B08}",9,38,1.0,"{""B"": 4, ""C"": 3, ""A"": 5}","{""B"": 6, ""C"": 5, ""A"": 6}",4,5
"{B01,B04,B05,B09,B10,B12}|{B02,B03,B06,B07,B11}|{B08}",9,38,1.0,"{""B"": 5, ""C"": 3, ""A"": 5}","{""B"": 5, ""C"": 5, ""A"": 6}",4,5
"{B01,B04,B05,B09,B11,B12}|{B02,B03,B06,B07,B10}|{B08}",9,38,1.0,"{""B"": 5, ""C"": 3, ""A"": 5}","{""B"": 5, ""C"": 5, ""A"": 6}",4,5
"{B01,B04,B05,B09,B12}|{B02,B03,B06,B07,B10,B11}|{B08}",9,38,1.0,"{""C"": 3, ""A"": 5, ""B"": 5}","{""C"": 5, ""A"": 6, ""B"": 5}",4,5
"{B01,B04,B05,B08,B09,B10,B11,B12}|{B02,B03,B06}|{B07}",9,38,1.0,"{""B"": 4, ""C"": 3, ""A"": 5}","{""B"": 6, ""C"": 5, ""A"": 6}",4,5
"{B01,B04,B05,B09,B10,B11,B12}|{B02,B03,B06,B08}|{B07}",9,38,1.0,"{""B"": 4, ""C"": 3, ""A"": 5}","{""B"": 6, ""C"": 5, ""A"": 6}",4,5
"{B01,B04,B05,B09,B10,B11,B12}|{B02,B03,B06}|{B07,B08}",9,38,1.0,"{""B"": 4, ""C"": 3, ""A"": 5}","{""B"": 6, ""C"": 5, ""A"": 6}",4,5
"{B01,B04,B05,B07,B09,B10,B11}|{B02,B03,B12}|{B06,B08}",9,38,1.0,"{""B"": 4, ""C"": 3, ""A"": 5}","{""B"": 5, ""C"": 5, ""A"": 7}",4,5
"{B01,B04,B05,B07,B09,B10,B11}|{B02,B03}|{B06,B08,B12}",9,38,1.0,"{""B"": 4, ""C"": 3, ""A"": 5}","{""B"": 5, ""C"": 5, ""A"": 7}",4,5
"{B01,B04,B05,B08,B09,B10,B11,B12}|{B02,B03,B07}|{B06}",9,38,1.0,"{""B"": 4, ""C"": 3, ""A"": 5}","{""B"": 6, ""C"": 5, ""A"": 6}",4,5
"{B01,B04,B05,B09,B10,B11,B12}|{B02,B03,B07,B08}|{B06}",9,38,1.0,"{""B"": 4, ""C"": 3, ""A"": 5}","{""B"": 6, ""C"": 5, ""A"": 6}",4,5
"{B01,B04,B05,B08,B09,B10,B11,B12}|{B02,B03}|{B06,B07}",9,38,1.0,"{""B"": 4, ""C"": 3, ""A"": 5}","{""B"": 6, ""C"": 5, ""A"": 6}",4,5
"{B01,B04,B05,B09,B10,B11,B12}|{B02,B03,B08}|{B06,B07}",9,38,1.0,"{""B"": 4, ""C"": 3, ""A"": 5}","{""B"": 6, ""C"": 5, ""A"": 6}",4,5
"{B01,B04,B05,B09,B10,B11,B12}|{B02,B03}|{B06,B07,B08}",9,38,1.0,"{""B"": 4, ""C"": 3, ""A"": 5}","{""B"": 6, ""C"": 5, ""A"": 6}",4,5
"{B01,B05,B07,B08,B09,B11,B12}|{B02,B03,B04,B06}|{B10}",9,38,1.0,"{""B"": 4, ""C"": 3, ""A"": 5}","{""B"": 6, ""C"": 4, ""A"": 6}",5,5
"{B01,B05,B07,B08,B11,B12}|{B02,B03,B04,B06}|{B09,B10}",9,38,1.0,"{""B"": 4, ""C"": 3, ""A"": 5}","{""B"": 6, ""C"": 4, ""A"": 6}",5,5
"{B01,B05,B07,B09,B10,B12}|{B02,B03,B04,B06,B08}|{B11}",9,38,1.0,"{""B"": 4, ""C"": 3, ""A"": 5}","{""B"": 6, ""C"": 4, ""A"": 6}",5,5
"{B01,B05,B07,B09,B11,B12}|{B02,B03,B04,B06,B08}|{B10}",9,38,1.0,"{""B"": 4, ""C"": 3, ""A"": 5}","{""B"": 6, ""C"": 4, ""A"": 6}",5,5
"{B01,B05,B07,B10,B11,B12}|{B02,B03,B04,B06,B08}|{B09}",9,38,1.0,"{""B"": 4, ""C"": 3, ""A"": 5}","{""B"": 6, ""C"": 4, ""A"": 6}",5,5
"{B01,B05,B07,B09,B10,B11}|{B02,B03,B04,B06}|{B08,B12}",9,38,1.0,"{""B"": 4, ""C"": 3, ""A"": 5}","{""B"": 5, ""C"": 4, ""A"": 7}",5,5
"{B01,B05,B07,B09,B10,B12}|{B02,B03,B04,B06}|{B08,B11}",9,38,1.0,"{""B"": 4, ""C"": 3, ""A"": 5}","{""B"": 6, ""C"": 4, ""A"": 6}",5,5
"{B01,B05,B07,B09,B11,B12}|{B02,B03,B04,B06}|{B08,B10}",9,38,1.0,"{""B"": 4, ""C"": 3, ""A"": 5}","{""B"": 6, ""C"": 4, ""A"": 6}",5,5
"{B01,B05,B08,B09,B10,B11,B12}|{B02,B03,B04,B06}|{B07}",9,38,1.0,"{""B"": 4, ""C"": 3, ""A"": 5}","{""B"": 6, ""C"": 4, ""A"": 6}",5,5
"{B01,B05,B09,B10,B11,B12}|{B02,B03,B04,B06,B08}|{B07}",9,38,1.0,"{""B"": 4, ""C"": 3, ""A"": 5}","{""B"": 6, ""C"": 4, ""A"": 6}",5,5
"{B01,B05,B09,B10,B11,B12}|{B02,B03,B04,B06}|{B07,B08}",9,38,1.0,"{""B"": 4, ""C"": 3, ""A"": 5}","{""B"": 6, ""C"": 4, ""A"": 6}",5,5
"{B01,B05,B07,B08,B09,B10,B11,B12}|{B02,B03,B04}|{B06}",9,38,1.0,"{""B"": 3, ""C"": 4, ""A"": 5}","{""B"": 5, ""C"": 5, ""A"": 6}",5,5
"{B01,B05,B07,B09,B10,B11,B12}|{B02,B03,B04,B08}|{B06}",9,38,1.0,"{""B"": 3, ""C"": 4, ""A"": 5}","{""B"": 5, ""C"": 5, ""A"": 6}",5,5
"{B01,B08}|{B02,B03,B04,B05,B06,B07,B10,B11,B12}|{B09}",9,38,1.0,"{""C"": 3, ""A"": 5, ""B"": 4}","{""C"": 5, ""A"": 7, ""B"": 5}",4,5
"{B01,B09}|{B02,B03,B04,B05,B06,B07,B08,B10,B12}|{B11}",9,38,1.0,"{""C"": 3, ""A"": 5, ""B"": 4}","{""C"": 5, ""A"": 7, ""B"": 5}",4,5
"{B01,B09}|{B02,B03,B04,B05,B06,B07,B08,B11,B12}|{B10}",9,38,1.0,"{""C"": 3, ""A"": 5, ""B"": 4}","{""C"": 5, ""A"": 7, ""B"": 5}",4,5
"{B01,B10}|{B02,B03,B04,B05,B06,B07,B08,B11,B12}|{B09}",9,38,1.0,"{""B"": 4, ""C"": 3, ""A"": 5}","{""B"": 5, ""C"": 5, ""A"": 7}",4,5
"{B01,B11}|{B02,B03,B04,B05,B06,B07,B08,B10,B12}|{B09}",9,38,1.0,"{""B"": 4, ""C"": 3, ""A"": 5}","{""B"": 5, ""C"": 5, ""A"": 7}",4,5
"{B01}|{B02,B03,B04,B05,B06,B07,B08,B10,B11,B12}|{B09}",9,38,1.0,"{""C"": 3, ""A"": 5, ""B"": 4}","{""C"": 5, ""A"": 7, ""B"": 5}",4,5
"{B01,B04,B05,B06,B07,B08,B09,B10,B11}|{B02}|{B03,B12}",9,38,1.0,"{""B"": 3, ""C"": 4, ""A"": 5}","{""B"": 5, ""C"": 5, ""A"": 7}",4,5
"{B01,B04,B05,B06,B07,B09,B10,B11}|{B02,B08,B12}|{B03}",9,38,1.0,"{""B"": 3, ""C"": 4, ""A"": 5}","{""B"": 5, ""C"": 5, ""A"": 7}",4,5
"{B01,B04,B05,B06,B07,B09,B10,B11}|{B02,B08}|{B03,B12}",9,38,1.0,"{""B"": 3, ""C"": 4, ""A"": 5}","{""B"": 5, ""C"": 5, ""A"": 7}",4,5
