time_s,trip_id,drone_id,x,y,altitude_m,phase,connected,mode,reason
360.0,T006,U01,318686.201,2545556.139,127.7,ascent,1,direct,
360.0,T009,U02,318686.201,2545556.139,127.7,ascent,1,direct,
360.0,T010,U03,318686.201,2545556.139,127.7,ascent,1,direct,
360.0,T016,U04,318686.201,2545556.139,127.7,ascent,1,direct,
365.0,T006,U01,318686.201,2545556.139,142.7,ascent,1,direct,
365.0,T009,U02,318686.201,2545556.139,142.7,ascent,1,direct,
365.0,T010,U03,318686.201,2545556.139,142.7,ascent,1,direct,
365.0,T016,U04,318686.201,2545556.139,142.7,ascent,1,direct,
370.0,T006,U01,318686.201,2545556.139,157.7,ascent,1,direct,
370.0,T009,U02,318686.201,2545556.139,157.7,ascent,1,direct,
370.0,T010,U03,318686.201,2545556.139,157.7,ascent,1,direct,
370.0,T016,U04,318686.201,2545556.139,157.7,ascent,1,direct,
375.0,T006,U01,318686.201,2545556.139,172.7,ascent,1,direct,
375.0,T009,U02,318686.201,2545556.139,172.7,ascent,1,direct,
375.0,T010,U03,318686.201,2545556.139,172.7,ascent,1,direct,
375.0,T016,U04,318686.201,2545556.139,172.7,ascent,1,direct,
380.0,T006,U01,318686.201,2545556.139,187.7,ascent,1,direct,
380.0,T009,U02,318686.201,2545556.139,187.7,ascent,1,direct,
380.0,T010,U03,318686.201,2545556.139,187.7,ascent,1,direct,
380.0,T016,U04,318686.201,2545556.139,187.7,ascent,1,direct,
385.0,T006,U01,318686.201,2545556.139,202.7,ascent,1,direct,
385.0,T009,U02,318686.201,2545556.139,202.7,ascent,1,direct,
385.0,T010,U03,318686.201,2545556.139,202.7,ascent,1,direct,
385.0,T016,U04,318686.201,2545556.139,202.7,ascent,1,direct,
390.0,T002,U05,318686.201,2545556.139,127.7,ascent,1,direct,
390.0,T004,U06,318686.201,2545556.139,127.7,ascent,1,direct,
390.0,T006,U01,318686.201,2545556.139,217.7,ascent,1,direct,
390.0,T009,U02,318686.201,2545556.139,217.7,ascent,1,direct,
390.0,T010,U03,318686.201,2545556.139,217.7,ascent,1,direct,
390.0,T016,U04,318686.201,2545556.139,217.7,ascent,1,direct,
395.0,T002,U05,318686.201,2545556.139,142.7,ascent,1,direct,
395.0,T004,U06,318686.201,2545556.139,142.7,ascent,1,direct,
395.0,T006,U01,318686.201,2545556.139,232.7,ascent,1,direct,
395.0,T009,U02,318686.201,2545556.139,232.7,ascent,1,direct,
395.0,T010,U03,318686.201,2545556.139,232.7,ascent,1,direct,
395.0,T016,U04,318686.201,2545556.139,232.7,ascent,1,direct,
400.0,T002,U05,318686.201,2545556.139,157.7,ascent,1,direct,
400.0,T004,U06,318686.201,2545556.139,157.7,ascent,1,direct,
400.0,T006,U01,318686.201,2545556.139,247.7,ascent,1,direct,
400.0,T009,U02,318686.201,2545556.139,247.7,ascent,1,direct,
400.0,T010,U03,318686.201,2545556.139,247.7,ascent,1,direct,
400.0,T016,U04,318686.201,2545556.139,247.7,ascent,1,direct,
405.0,T002,U05,318686.201,2545556.139,172.7,ascent,1,direct,
405.0,T004,U06,318686.201,2545556.139,172.7,ascent,1,direct,
405.0,T006,U01,318686.201,2545556.139,262.7,ascent,1,direct,
405.0,T009,U02,318686.201,2545556.139,262.7,ascent,1,direct,
405.0,T010,U03,318686.201,2545556.139,262.7,ascent,1,direct,
405.0,T016,U04,318686.201,2545556.139,262.7,ascent,1,direct,
410.0,T002,U05,318686.201,2545556.139,187.7,ascent,1,direct,
410.0,T004,U06,318686.201,2545556.139,187.7,ascent,1,direct,
410.0,T006,U01,318686.201,2545556.139,277.7,ascent,1,direct,
410.0,T009,U02,318686.201,2545556.139,277.7,ascent,1,direct,
410.0,T010,U03,318686.201,2545556.139,277.7,ascent,1,direct,
410.0,T016,U04,318694.122,2545572.939,273.057,cruise,1,direct,
415.0,T002,U05,318686.201,2545556.139,202.7,ascent,1,direct,
415.0,T004,U06,318686.201,2545556.139,202.7,ascent,1,direct,
415.0,T006,U01,318686.201,2545556.139,292.7,ascent,1,direct,
415.0,T009,U02,318686.201,2545556.139,292.7,ascent,1,direct,
415.0,T010,U03,318686.201,2545556.139,292.7,ascent,1,direct,
415.0,T016,U04,318719.71,2545627.21,273.057,cruise,1,direct,
420.0,T002,U05,318686.201,2545556.139,217.7,ascent,1,direct,
420.0,T004,U06,318686.201,2545556.139,217.7,ascent,1,direct,
420.0,T006,U01,318686.201,2545556.139,307.7,ascent,1,direct,
420.0,T009,U02,318686.201,2545556.139,307.7,ascent,1,direct,
420.0,T010,U03,318686.201,2545556.139,307.7,ascent,1,direct,
420.0,T016,U04,318745.297,2545681.48,273.057,cruise,1,direct,
425.0,T002,U05,318686.201,2545556.139,232.7,ascent,1,direct,
425.0,T004,U06,318686.201,2545556.139,232.7,ascent,1,direct,
425.0,T006,U01,318686.201,2545556.139,322.7,ascent,1,direct,
425.0,T009,U02,318686.201,2545556.139,322.7,ascent,1,direct,
425.0,T010,U03,318686.201,2545556.139,322.7,ascent,1,direct,
425.0,T016,U04,318770.885,2545735.751,273.057,cruise,1,direct,
430.0,T002,U05,318686.201,2545556.139,247.7,ascent,1,direct,
430.0,T004,U06,318686.201,2545556.139,247.7,ascent,1,direct,
430.0,T006,U01,318686.201,2545556.139,337.7,ascent,1,direct,
430.0,T009,U02,318686.201,2545556.139,337.7,ascent,1,direct,
430.0,T010,U03,318686.201,2545556.139,337.7,ascent,1,direct,
430.0,T016,U04,318796.472,2545790.021,273.057,cruise,1,direct,
435.0,T002,U05,318686.201,2545556.139,262.7,ascent,1,direct,
435.0,T004,U06,318686.201,2545556.139,262.7,ascent,1,direct,
435.0,T006,U01,318686.201,2545556.139,352.7,ascent,1,direct,
435.0,T009,U02,318686.201,2545556.139,352.7,ascent,1,direct,
435.0,T010,U03,318686.201,2545556.139,352.7,ascent,1,direct,
435.0,T016,U04,318822.06,2545844.291,273.057,cruise,1,direct,
440.0,T002,U05,318686.201,2545556.139,277.7,ascent,1,direct,
440.0,T004,U06,318686.201,2545556.139,277.7,ascent,1,direct,
440.0,T006,U01,318686.201,2545556.139,367.7,ascent,1,direct,
440.0,T009,U02,318686.201,2545556.139,367.7,ascent,1,direct,
440.0,T010,U03,318686.201,2545556.139,367.7,ascent,1,direct,
440.0,T016,U04,318847.647,2545898.562,273.057,cruise,1,direct,
445.0,T002,U05,318686.201,2545556.139,292.7,ascent,1,direct,
445.0,T004,U06,318686.201,2545556.139,292.7,ascent,1,direct,
445.0,T006,U01,318686.201,2545556.139,382.7,ascent,1,direct,
445.0,T009,U02,318686.201,2545556.139,382.7,ascent,1,direct,
445.0,T010,U03,318677.671,2545594.362,372.909,cruise,1,direct,
445.0,T016,U04,318873.235,2545952.832,273.057,cruise,1,direct,
450.0,T001,U07,318686.201,2545556.139,127.7,ascent,1,direct,
450.0,T002,U05,318686.201,2545556.139,307.7,ascent,1,direct,
450.0,T003,U08,318686.201,2545556.139,127.7,ascent,1,direct,
450.0,T004,U06,318686.201,2545556.139,307.7,ascent,1,direct,
450.0,T006,U01,318686.201,2545556.139,397.7,ascent,1,direct,
450.0,T009,U02,318686.201,2545556.139,397.7,ascent,1,direct,
450.0,T010,U03,318664.601,2545652.921,372.909,cruise,1,direct,
450.0,T016,U04,318898.822,2546007.103,273.057,cruise,1,direct,
455.0,T001,U07,318686.201,2545556.139,140.2,ascent,1,direct,
455.0,T002,U05,318686.201,2545556.139,322.7,ascent,1,direct,
455.0,T003,U08,318686.201,2545556.139,140.2,ascent,1,direct,
455.0,T004,U06,318686.201,2545556.139,322.7,ascent,1,direct,
455.0,T006,U01,318686.201,2545556.139,412.7,ascent,1,direct,
455.0,T009,U02,318686.201,2545556.139,412.7,ascent,1,direct,
455.0,T010,U03,318651.531,2545711.48,372.909,cruise,1,direct,
455.0,T016,U04,318924.41,2546061.373,273.057,cruise,1,direct,
460.0,T001,U07,318686.201,2545556.139,152.7,ascent,1,direct,
460.0,T002,U05,318686.201,2545556.139,337.7,ascent,1,direct,
460.0,T003,U08,318686.201,2545556.139,152.7,ascent,1,direct,
460.0,T004,U06,318686.201,2545556.139,337.7,ascent,1,direct,
460.0,T006,U01,318686.201,2545556.139,427.7,ascent,1,direct,
460.0,T009,U02,318686.201,2545556.139,427.7,ascent,1,direct,
460.0,T010,U03,318638.462,2545770.039,372.909,cruise,1,direct,
460.0,T016,U04,318949.997,2546115.644,273.057,cruise,1,direct,
465.0,T001,U07,318686.201,2545556.139,165.2,ascent,1,direct,
465.0,T002,U05,318686.201,2545556.139,352.7,ascent,1,direct,
465.0,T003,U08,318686.201,2545556.139,165.2,ascent,1,direct,
465.0,T004,U06,318686.201,2545556.139,352.7,ascent,1,direct,
465.0,T006,U01,318713.626,2545562.936,435.637,cruise,1,direct,
465.0,T009,U02,318686.201,2545556.139,442.7,ascent,1,direct,
465.0,T010,U03,318625.392,2545828.599,372.909,cruise,1,direct,
465.0,T016,U04,318975.585,2546169.914,273.057,cruise,1,direct,
470.0,T001,U07,318686.201,2545556.139,177.7,ascent,1,direct,
470.0,T002,U05,318686.201,2545556.139,367.7,ascent,1,direct,
470.0,T003,U08,318686.201,2545556.139,177.7,ascent,1,direct,
470.0,T004,U06,318686.201,2545556.139,367.7,ascent,1,direct,
470.0,T006,U01,318771.864,2545577.368,435.637,cruise,1,direct,
470.0,T009,U02,318686.201,2545556.139,457.7,ascent,1,direct,
470.0,T010,U03,318612.323,2545887.158,372.909,cruise,1,direct,
470.0,T016,U04,319001.172,2546224.184,273.057,cruise,1,direct,
475.0,T001,U07,318686.201,2545556.139,190.2,ascent,1,direct,
475.0,T002,U05,318686.201,2545556.139,382.7,ascent,1,direct,
475.0,T003,U08,318686.201,2545556.139,190.2,ascent,1,direct,
475.0,T004,U06,318686.201,2545556.139,382.7,ascent,1,direct,
475.0,T006,U01,318830.102,2545591.801,435.637,cruise,1,direct,
475.0,T009,U02,318686.201,2545556.139,472.7,ascent,1,direct,
475.0,T010,U03,318599.253,2545945.717,372.909,cruise,1,direct,
475.0,T016,U04,319026.76,2546278.455,273.057,cruise,1,direct,
480.0,T001,U07,318686.201,2545556.139,202.7,ascent,1,direct,
480.0,T002,U05,318686.201,2545556.139,397.7,ascent,1,direct,
480.0,T003,U08,318686.201,2545556.139,202.7,ascent,1,direct,
480.0,T004,U06,318686.201,2545556.139,397.7,ascent,1,direct,
480.0,T006,U01,318888.34,2545606.234,435.637,cruise,1,direct,
480.0,T009,U02,318686.201,2545556.139,487.7,ascent,1,direct,
480.0,T010,U03,318586.183,2546004.276,372.909,cruise,1,direct,
480.0,T016,U04,319052.347,2546332.725,273.057,cruise,1,direct,
485.0,T001,U07,318686.201,2545556.139,215.2,ascent,1,direct,
485.0,T002,U05,318686.201,2545556.139,412.7,ascent,1,direct,
485.0,T003,U08,318686.201,2545556.139,215.2,ascent,1,direct,
485.0,T004,U06,318744.526,2545590.298,399.182,cruise,1,direct,
485.0,T006,U01,318946.579,2545620.666,435.637,cruise,1,direct,
485.0,T009,U02,318686.201,2545556.139,502.7,ascent,1,direct,
485.0,T010,U03,318573.114,2546062.836,372.909,cruise,1,direct,
485.0,T016,U04,319077.935,2546386.996,273.057,cruise,1,direct,
490.0,T001,U07,318686.201,2545556.139,227.7,ascent,1,direct,
490.0,T002,U05,318686.201,2545556.139,427.7,ascent,1,direct,
490.0,T003,U08,318686.201,2545556.139,227.7,ascent,1,direct,
490.0,T004,U06,318809.243,2545628.201,399.182,cruise,1,direct,
490.0,T006,U01,319004.817,2545635.099,435.637,cruise,1,direct,
490.0,T009,U02,318686.201,2545556.139,517.7,ascent,1,direct,
490.0,T010,U03,318560.044,2546121.395,372.909,cruise,1,direct,
490.0,T016,U04,319103.522,2546441.266,273.057,cruise,1,direct,
495.0,T001,U07,318686.201,2545556.139,240.2,ascent,1,direct,
495.0,T002,U05,318686.201,2545556.139,442.7,ascent,1,direct,
495.0,T003,U08,318686.201,2545556.139,240.2,ascent,1,direct,
495.0,T004,U06,318873.961,2545666.104,399.182,cruise,1,direct,
495.0,T006,U01,319063.055,2545649.531,435.637,cruise,1,direct,
495.0,T009,U02,318686.201,2545556.139,532.7,ascent,1,direct,
495.0,T010,U03,318546.974,2546179.954,372.909,cruise,1,direct,
495.0,T016,U04,319129.11,2546495.537,273.057,cruise,1,direct,
500.0,T001,U07,318686.201,2545556.139,252.7,ascent,1,direct,
500.0,T002,U05,318686.201,2545556.139,457.7,ascent,1,direct,
500.0,T003,U08,318686.201,2545556.139,252.7,ascent,1,direct,
500.0,T004,U06,318938.678,2545704.007,399.182,cruise,1,direct,
500.0,T006,U01,319121.294,2545663.964,435.637,cruise,1,direct,
500.0,T009,U02,318686.201,2545556.139,547.7,ascent,1,direct,
500.0,T010,U03,318533.905,2546238.513,372.909,cruise,1,direct,
500.0,T016,U04,319154.697,2546549.807,273.057,cruise,1,direct,
505.0,T001,U07,318686.201,2545556.139,265.2,ascent,1,direct,
505.0,T002,U05,318686.201,2545556.139,472.7,ascent,1,direct,
505.0,T003,U08,318686.201,2545556.139,265.2,ascent,1,direct,
505.0,T004,U06,319003.396,2545741.91,399.182,cruise,1,direct,
505.0,T006,U01,319179.532,2545678.397,435.637,cruise,1,direct,
505.0,T009,U02,318686.201,2545556.139,562.7,ascent,1,direct,
505.0,T010,U03,318520.835,2546297.073,372.909,cruise,1,direct,
505.0,T016,U04,319180.285,2546604.078,273.057,cruise,1,direct,
510.0,T001,U07,318686.201,2545556.139,277.7,ascent,1,direct,
510.0,T002,U05,318686.201,2545556.139,487.7,ascent,1,direct,
510.0,T003,U08,318686.201,2545556.139,277.7,ascent,1,direct,
510.0,T004,U06,319068.113,2545779.813,399.182,cruise,1,direct,
510.0,T006,U01,319237.77,2545692.829,435.637,cruise,1,direct,
510.0,T009,U02,318670.931,2545574.137,571.799,cruise,1,direct,
510.0,T010,U03,318507.766,2546355.632,372.909,cruise,1,direct,
510.0,T016,U04,319205.872,2546658.348,273.057,cruise,1,direct,
515.0,T001,U07,318686.201,2545556.139,290.2,ascent,1,direct,
515.0,T002,U05,318686.201,2545556.139,502.7,ascent,1,direct,
515.0,T003,U08,318686.201,2545556.139,290.2,ascent,1,direct,
515.0,T004,U06,319132.831,2545817.716,399.182,cruise,1,direct,
515.0,T006,U01,319296.008,2545707.262,435.637,cruise,1,direct,
515.0,T009,U02,318632.113,2545619.888,571.799,cruise,1,direct,
515.0,T010,U03,318494.696,2546414.191,372.909,cruise,1,direct,
515.0,T016,U04,319231.459,2546712.618,273.057,cruise,1,direct,
520.0,T001,U07,318686.201,2545556.139,302.7,ascent,1,direct,
520.0,T002,U05,318686.201,2545556.139,517.7,ascent,1,direct,
520.0,T003,U08,318686.201,2545556.139,302.7,ascent,1,direct,
520.0,T004,U06,319197.548,2545855.619,399.182,cruise,1,direct,
520.0,T006,U01,319354.247,2545721.695,435.637,cruise,1,direct,
520.0,T009,U02,318593.296,2545665.64,571.799,cruise,1,direct,
520.0,T010,U03,318481.626,2546472.75,372.909,cruise,1,direct,
520.0,T016,U04,319257.047,2546766.889,273.057,cruise,1,direct,
525.0,T001,U07,318686.201,2545556.139,315.2,ascent,1,direct,
525.0,T002,U05,318686.201,2545556.139,532.7,ascent,1,direct,
525.0,T003,U08,318686.201,2545556.139,315.2,ascent,1,direct,
525.0,T004,U06,319262.266,2545893.522,399.182,cruise,1,direct,
525.0,T006,U01,319412.485,2545736.127,435.637,cruise,1,direct,
525.0,T009,U02,318554.478,2545711.391,571.799,cruise,1,direct,
525.0,T010,U03,318468.557,2546531.309,372.909,cruise,1,direct,
525.0,T016,U04,319282.634,2546821.159,273.057,cruise,1,direct,
530.0,T001,U07,318686.201,2545556.139,327.7,ascent,1,direct,
530.0,T002,U05,318686.201,2545556.139,547.7,ascent,1,direct,
530.0,T003,U08,318686.201,2545556.139,327.7,ascent,1,direct,
530.0,T004,U06,319326.984,2545931.425,399.182,cruise,1,direct,
530.0,T006,U01,319470.723,2545750.56,435.637,cruise,1,direct,
530.0,T009,U02,318515.66,2545757.143,571.799,cruise,1,direct,
530.0,T010,U03,318455.487,2546589.869,372.909,cruise,1,direct,
530.0,T016,U04,319308.222,2546875.43,273.057,cruise,1,direct,
535.0,T001,U07,318686.201,2545556.139,340.2,ascent,1,direct,
535.0,T002,U05,318686.201,2545556.139,562.7,ascent,1,direct,
535.0,T003,U08,318686.201,2545556.139,340.2,ascent,1,direct,
535.0,T004,U06,319391.701,2545969.328,399.182,cruise,1,direct,
535.0,T006,U01,319528.962,2545764.993,435.637,cruise,1,direct,
535.0,T009,U02,318476.843,2545802.894,571.799,cruise,1,direct,
535.0,T010,U03,318442.417,2546648.428,372.909,cruise,1,direct,
535.0,T016,U04,319333.809,2546929.7,273.057,cruise,1,direct,
540.0,T001,U07,318686.201,2545556.139,352.7,ascent,1,direct,
540.0,T002,U05,318686.201,2545556.139,577.7,ascent,1,direct,
540.0,T003,U08,318686.201,2545556.139,352.7,ascent,1,direct,
540.0,T004,U06,319456.419,2546007.231,399.182,cruise,1,direct,
540.0,T006,U01,319587.2,2545779.425,435.637,cruise,1,direct,
540.0,T009,U02,318438.025,2545848.645,571.799,cruise,1,direct,
540.0,T010,U03,318429.348,2546706.987,372.909,cruise,1,direct,
540.0,T016,U04,319359.397,2546983.971,273.057,cruise,1,direct,
545.0,T001,U07,318686.201,2545556.139,365.2,ascent,1,direct,
545.0,T002,U05,318689.952,2545555.841,591.947,cruise,1,direct,
545.0,T003,U08,318686.201,2545556.139,365.2,ascent,1,direct,
545.0,T004,U06,319521.136,2546045.134,399.182,cruise,1,direct,
545.0,T006,U01,319645.438,2545793.858,435.637,cruise,1,direct,
545.0,T009,U02,318399.207,2545894.397,571.799,cruise,1,direct,
545.0,T010,U03,318416.278,2546765.546,372.909,cruise,1,direct,
545.0,T016,U04,319384.984,2547038.241,273.057,cruise,1,direct,
550.0,T001,U07,318616.597,2545555.062,366.098,cruise,1,direct,
550.0,T002,U05,318764.716,2545549.894,591.947,cruise,1,direct,
550.0,T003,U08,318686.201,2545556.139,377.7,ascent,1,direct,
550.0,T004,U06,319585.854,2546083.037,399.182,cruise,1,direct,
550.0,T006,U01,319703.677,2545808.291,435.637,cruise,1,direct,
550.0,T009,U02,318360.389,2545940.148,571.799,cruise,1,direct,
550.0,T010,U03,318403.209,2546824.106,372.909,cruise,1,direct,
550.0,T016,U04,319410.572,2547092.511,273.057,cruise,1,direct,
555.0,T001,U07,318541.606,2545553.902,366.098,cruise,1,direct,
555.0,T002,U05,318839.48,2545543.948,591.947,cruise,1,direct,
555.0,T003,U08,318686.201,2545556.139,390.2,ascent,1,direct,
555.0,T004,U06,319650.571,2546120.94,399.182,cruise,1,direct,
555.0,T006,U01,319761.915,2545822.723,435.637,cruise,1,direct,
555.0,T009,U02,318321.572,2545985.899,571.799,cruise,1,direct,
555.0,T010,U03,318390.139,2546882.665,372.909,cruise,1,direct,
555.0,T016,U04,319436.159,2547146.782,273.057,cruise,1,direct,
560.0,T001,U07,318466.615,2545552.741,366.098,cruise,1,direct,
560.0,T002,U05,318914.244,2545538.001,591.947,cruise,1,direct,
560.0,T003,U08,318686.201,2545556.139,402.7,ascent,1,direct,
560.0,T004,U06,319715.289,2546158.843,399.182,cruise,1,direct,
560.0,T006,U01,319820.153,2545837.156,435.637,cruise,1,direct,
560.0,T009,U02,318282.754,2546031.651,571.799,cruise,1,direct,
560.0,T010,U03,318377.069,2546941.224,372.909,cruise,1,direct,
560.0,T016,U04,319461.747,2547201.052,273.057,cruise,1,direct,
565.0,T001,U07,318391.624,2545551.58,366.098,cruise,1,direct,
565.0,T002,U05,318989.008,2545532.055,591.947,cruise,1,direct,
565.0,T003,U08,318686.201,2545556.139,415.2,ascent,1,direct,
565.0,T004,U06,319780.006,2546196.746,399.182,cruise,1,direct,
565.0,T006,U01,319878.391,2545851.589,435.637,cruise,1,direct,
565.0,T009,U02,318243.936,2546077.402,571.799,cruise,1,direct,
565.0,T010,U03,318364.0,2546999.783,372.909,cruise,1,direct,
565.0,T016,U04,319487.334,2547255.323,273.057,cruise,1,direct,
570.0,T001,U07,318316.633,2545550.42,366.098,cruise,1,direct,
570.0,T002,U05,319063.772,2545526.108,591.947,cruise,1,direct,
570.0,T003,U08,318686.201,2545556.139,427.7,ascent,1,direct,
570.0,T004,U06,319844.724,2546234.649,399.182,cruise,1,direct,
570.0,T006,U01,319936.63,2545866.021,435.637,cruise,1,direct,
570.0,T009,U02,318205.119,2546123.153,571.799,cruise,1,direct,
570.0,T010,U03,318350.93,2547058.343,372.909,cruise,1,direct,
570.0,T016,U04,319512.922,2547309.593,273.057,cruise,1,direct,
575.0,T001,U07,318241.642,2545549.259,366.098,cruise,1,direct,
575.0,T002,U05,319138.536,2545520.162,591.947,cruise,1,direct,
575.0,T003,U08,318686.201,2545556.139,440.2,ascent,1,direct,
575.0,T004,U06,319909.442,2546272.552,399.182,cruise,1,direct,
575.0,T006,U01,319994.868,2545880.454,435.637,cruise,1,direct,
575.0,T009,U02,318166.301,2546168.905,571.799,cruise,1,direct,
575.0,T010,U03,318337.861,2547116.902,372.909,cruise,1,direct,
575.0,T016,U04,319538.509,2547363.864,273.057,cruise,1,direct,
580.0,T001,U07,318166.651,2545548.099,366.098,cruise,1,direct,
580.0,T002,U05,319213.3,2545514.215,591.947,cruise,1,direct,
580.0,T003,U08,318686.201,2545556.139,452.7,ascent,1,direct,
580.0,T004,U06,319974.159,2546310.455,399.182,cruise,1,direct,
580.0,T006,U01,320053.106,2545894.887,435.637,cruise,1,direct,
580.0,T009,U02,318127.483,2546214.656,571.799,cruise,1,direct,
580.0,T010,U03,318324.791,2547175.461,372.909,cruise,1,direct,
580.0,T016,U04,319564.097,2547418.134,273.057,cruise,1,direct,
585.0,T001,U07,318091.66,2545546.938,366.098,cruise,1,direct,
585.0,T002,U05,319288.064,2545508.268,591.947,cruise,1,direct,
585.0,T003,U08,318686.201,2545556.139,465.2,ascent,1,direct,
585.0,T004,U06,320038.877,2546348.358,399.182,cruise,1,direct,
585.0,T006,U01,320111.345,2545909.319,435.637,cruise,1,direct,
585.0,T009,U02,318088.666,2546260.407,571.799,cruise,1,direct,
585.0,T010,U03,318311.721,2547234.02,372.909,cruise,1,direct,
585.0,T016,U04,319589.684,2547472.404,273.057,cruise,1,direct,
590.0,T001,U07,318016.668,2545545.778,366.098,cruise,1,direct,
590.0,T002,U05,319362.827,2545502.322,591.947,cruise,1,direct,
590.0,T003,U08,318686.201,2545556.139,477.7,ascent,1,direct,
590.0,T004,U06,320103.594,2546386.261,399.182,cruise,1,direct,
590.0,T006,U01,320169.583,2545923.752,435.637,cruise,1,direct,
590.0,T009,U02,318049.848,2546306.159,571.799,cruise,1,direct,
590.0,T010,U03,318298.652,2547292.58,372.909,cruise,1,direct,
590.0,T016,U04,319615.272,2547526.675,273.057,cruise,1,direct,
595.0,T001,U07,317941.677,2545544.617,366.098,cruise,1,direct,
595.0,T002,U05,319437.591,2545496.375,591.947,cruise,1,direct,
595.0,T003,U08,318686.201,2545556.139,490.2,ascent,1,direct,
595.0,T004,U06,320168.312,2546424.164,399.182,cruise,1,direct,
595.0,T006,U01,320227.821,2545938.184,435.637,cruise,1,direct,
595.0,T009,U02,318011.03,2546351.91,571.799,cruise,1,direct,
595.0,T010,U03,318285.582,2547351.139,372.909,cruise,1,direct,
595.0,T016,U04,319640.859,2547580.945,273.057,cruise,1,direct,
600.0,T001,U07,317866.686,2545543.456,366.098,cruise,1,direct,
600.0,T002,U05,319512.355,2545490.429,591.947,cruise,1,direct,
600.0,T003,U08,318686.201,2545556.139,502.7,ascent,1,direct,
600.0,T004,U06,320233.029,2546462.067,399.182,cruise,1,direct,
600.0,T006,U01,320286.059,2545952.617,435.637,cruise,1,direct,
600.0,T009,U02,317972.212,2546397.661,571.799,cruise,1,direct,
600.0,T010,U03,318272.512,2547409.698,372.909,cruise,1,direct,
600.0,T016,U04,319666.447,2547635.216,273.057,cruise,1,direct,
605.0,T001,U07,317791.695,2545542.296,366.098,cruise,1,direct,
605.0,T002,U05,319587.119,2545484.482,591.947,cruise,1,direct,
605.0,T003,U08,318669.677,2545566.229,511.973,cruise,1,direct,
605.0,T004,U06,320297.747,2546499.97,399.182,cruise,1,direct,
605.0,T006,U01,320344.298,2545967.05,435.637,cruise,1,direct,
605.0,T009,U02,317933.395,2546443.413,571.799,cruise,1,direct,
605.0,T010,U03,318259.443,2547468.257,372.909,cruise,1,direct,
605.0,T016,U04,319692.034,2547689.486,273.057,cruise,1,direct,
610.0,T001,U07,317716.704,2545541.135,366.098,cruise,1,direct,
610.0,T002,U05,319661.883,2545478.536,591.947,cruise,1,direct,
610.0,T003,U08,318605.666,2545605.312,511.973,cruise,1,direct,
610.0,T004,U06,320362.464,2546537.873,399.182,cruise,1,direct,
610.0,T006,U01,320402.536,2545981.482,435.637,cruise,1,direct,
610.0,T009,U02,317894.577,2546489.164,571.799,cruise,1,direct,
610.0,T010,U03,318246.373,2547526.817,372.909,cruise,1,direct,
610.0,T016,U04,319717.622,2547743.757,273.057,cruise,1,direct,
615.0,T001,U07,317641.713,2545539.975,366.098,cruise,1,direct,
615.0,T002,U05,319736.647,2545472.589,591.947,cruise,1,direct,
615.0,T003,U08,318541.654,2545644.396,511.973,cruise,1,direct,
615.0,T004,U06,320427.182,2546575.776,399.182,cruise,1,direct,
615.0,T006,U01,320460.774,2545995.915,435.637,cruise,1,direct,
615.0,T009,U02,317855.759,2546534.915,571.799,cruise,1,direct,
615.0,T010,U03,318233.304,2547585.376,372.909,cruise,1,direct,
615.0,T016,U04,319743.209,2547798.027,273.057,cruise,1,direct,
620.0,T001,U07,317566.722,2545538.814,366.098,cruise,1,direct,
620.0,T002,U05,319811.411,2545466.643,591.947,cruise,1,direct,
620.0,T003,U08,318477.643,2545683.48,511.973,cruise,1,direct,
620.0,T004,U06,320491.9,2546613.679,399.182,cruise,1,direct,
620.0,T006,U01,320519.013,2546010.348,435.637,cruise,1,direct,
620.0,T009,U02,317816.942,2546580.667,571.799,cruise,1,direct,
620.0,T010,U03,318220.234,2547643.935,372.909,cruise,1,direct,
620.0,T016,U04,319768.797,2547852.298,273.057,cruise,1,direct,
625.0,T001,U07,317491.731,2545537.654,366.098,cruise,1,direct,
625.0,T002,U05,319886.175,2545460.696,591.947,cruise,1,direct,
625.0,T003,U08,318413.631,2545722.564,511.973,cruise,1,direct,
625.0,T004,U06,320556.617,2546651.582,399.182,cruise,1,direct,
625.0,T006,U01,320577.251,2546024.78,435.637,cruise,1,direct,
625.0,T009,U02,317778.124,2546626.418,571.799,cruise,1,direct,
625.0,T010,U03,318207.164,2547702.494,372.909,cruise,1,direct,
625.0,T016,U04,319794.384,2547906.568,273.057,cruise,1,direct,
630.0,T001,U07,317416.74,2545536.493,366.098,cruise,1,direct,
630.0,T002,U05,319960.939,2545454.749,591.947,cruise,1,direct,
630.0,T003,U08,318349.62,2545761.647,511.973,cruise,1,direct,
630.0,T004,U06,320621.335,2546689.485,399.182,cruise,1,direct,
630.0,T006,U01,320635.489,2546039.213,435.637,cruise,1,direct,
630.0,T009,U02,317739.306,2546672.17,571.799,cruise,1,direct,
630.0,T010,U03,318194.095,2547761.054,372.909,cruise,1,direct,
630.0,T016,U04,319819.972,2547960.838,273.057,cruise,1,direct,
635.0,T001,U07,317341.749,2545535.333,366.098,cruise,1,direct,
635.0,T002,U05,320035.702,2545448.803,591.947,cruise,1,direct,
635.0,T003,U08,318285.608,2545800.731,511.973,cruise,1,direct,
635.0,T004,U06,320686.052,2546727.388,399.182,cruise,1,direct,
635.0,T006,U01,320693.727,2546053.646,435.637,cruise,1,direct,
635.0,T009,U02,317700.489,2546717.921,571.799,cruise,1,direct,
635.0,T010,U03,318181.025,2547819.613,372.909,cruise,1,direct,
635.0,T016,U04,319845.559,2548015.109,273.057,cruise,1,direct,
640.0,T001,U07,317266.758,2545534.172,366.098,cruise,1,direct,
640.0,T002,U05,320110.466,2545442.856,591.947,cruise,1,direct,
640.0,T003,U08,318221.597,2545839.815,511.973,cruise,1,direct,
640.0,T004,U06,320750.77,2546765.291,399.182,cruise,1,direct,
640.0,T006,U01,320751.966,2546068.078,435.637,cruise,1,direct,
640.0,T009,U02,317661.671,2546763.672,571.799,cruise,1,direct,
640.0,T010,U03,318167.955,2547878.172,372.909,cruise,1,direct,
640.0,T016,U04,319871.147,2548069.379,273.057,cruise,1,direct,
645.0,T001,U07,317191.767,2545533.011,366.098,cruise,1,direct,
645.0,T002,U05,320185.23,2545436.91,591.947,cruise,1,direct,
645.0,T003,U08,318157.586,2545878.898,511.973,cruise,1,direct,
645.0,T004,U06,320815.487,2546803.194,399.182,cruise,1,direct,
645.0,T006,U01,320810.204,2546082.511,435.637,cruise,1,direct,
645.0,T009,U02,317622.853,2546809.424,571.799,cruise,1,direct,
645.0,T010,U03,318154.886,2547936.731,372.909,cruise,1,direct,
645.0,T016,U04,319896.734,2548123.65,273.057,cruise,1,direct,
650.0,T001,U07,317116.776,2545531.851,366.098,cruise,1,direct,
650.0,T002,U05,320259.994,2545430.963,591.947,cruise,1,direct,
650.0,T003,U08,318093.574,2545917.982,511.973,cruise,1,direct,
650.0,T004,U06,320880.205,2546841.097,399.182,cruise,1,direct,
650.0,T006,U01,320868.442,2546096.944,435.637,cruise,1,direct,
650.0,T009,U02,317584.035,2546855.175,571.799,cruise,1,direct,
650.0,T010,U03,318141.816,2547995.291,372.909,cruise,1,direct,
650.0,T016,U04,319922.322,2548177.92,273.057,cruise,1,direct,
655.0,T001,U07,317041.785,2545530.69,366.098,cruise,1,direct,
655.0,T002,U05,320334.758,2545425.017,591.947,cruise,1,direct,
655.0,T003,U08,318029.563,2545957.066,511.973,cruise,1,direct,
655.0,T004,U06,320944.922,2546879.0,399.182,cruise,1,direct,
655.0,T006,U01,320926.681,2546111.376,435.637,cruise,1,direct,
655.0,T009,U02,317545.218,2546900.926,571.799,cruise,1,direct,
655.0,T010,U03,318128.747,2548053.85,372.909,cruise,1,direct,
655.0,T016,U04,319947.909,2548232.191,273.057,cruise,1,direct,
660.0,T001,U07,316966.794,2545529.53,366.098,cruise,1,direct,
660.0,T002,U05,320409.522,2545419.07,591.947,cruise,1,direct,
660.0,T003,U08,317965.551,2545996.15,511.973,cruise,1,direct,
660.0,T004,U06,321009.64,2546916.903,399.182,cruise,1,direct,
660.0,T006,U01,320984.919,2546125.809,435.637,cruise,1,direct,
660.0,T009,U02,317506.4,2546946.678,571.799,cruise,1,direct,
660.0,T010,U03,318115.677,2548112.409,372.909,cruise,1,direct,
660.0,T016,U04,319973.497,2548286.461,273.057,cruise,1,direct,
665.0,T001,U07,316891.803,2545528.369,366.098,cruise,1,direct,
665.0,T002,U05,320484.286,2545413.124,591.947,cruise,1,direct,
665.0,T003,U08,317901.54,2546035.233,511.973,cruise,1,direct,
665.0,T004,U06,321074.358,2546954.806,399.182,cruise,1,direct,
665.0,T006,U01,321043.157,2546140.242,435.637,cruise,1,direct,
665.0,T009,U02,317467.582,2546992.429,571.799,cruise,1,direct,
665.0,T010,U03,318102.607,2548170.968,372.909,cruise,1,direct,
665.0,T016,U04,319988.6,2548318.494,267.935,descent,1,direct,
670.0,T001,U07,316816.812,2545527.209,366.098,cruise,1,direct,
670.0,T002,U05,320559.05,2545407.177,591.947,cruise,1,direct,
670.0,T003,U08,317837.529,2546074.317,511.973,cruise,1,direct,
670.0,T004,U06,321139.075,2546992.709,399.182,cruise,1,direct,
670.0,T006,U01,321101.396,2546154.674,435.637,cruise,1,direct,
670.0,T009,U02,317428.765,2547038.18,571.799,cruise,1,direct,
670.0,T010,U03,318089.538,2548229.528,372.909,cruise,1,direct,
670.0,T016,U04,319988.6,2548318.494,255.435,descent,1,direct,
675.0,T001,U07,316741.821,2545526.048,366.098,cruise,1,direct,
675.0,T002,U05,320633.814,2545401.23,591.947,cruise,1,direct,
675.0,T003,U08,317773.517,2546113.401,511.973,cruise,1,direct,
675.0,T004,U06,321203.793,2547030.612,399.182,cruise,1,direct,
675.0,T006,U01,321159.634,2546169.107,435.637,cruise,1,direct,
675.0,T009,U02,317389.947,2547083.932,571.799,cruise,1,direct,
675.0,T010,U03,318076.468,2548288.087,372.909,cruise,1,direct,
675.0,T016,U04,319988.6,2548318.494,242.935,descent,1,direct,
680.0,T001,U07,316666.83,2545524.887,366.098,cruise,1,direct,
680.0,T002,U05,320708.577,2545395.284,591.947,cruise,1,direct,
680.0,T003,U08,317709.506,2546152.485,511.973,cruise,1,direct,
680.0,T004,U06,321268.51,2547068.515,399.182,cruise,1,direct,
680.0,T006,U01,321217.872,2546183.539,435.637,cruise,1,direct,
680.0,T009,U02,317351.129,2547129.683,571.799,cruise,1,direct,
680.0,T010,U03,318063.399,2548346.646,372.909,cruise,1,direct,
680.0,T016,U04,319988.6,2548318.494,230.435,descent,1,direct,
685.0,T001,U07,316591.839,2545523.727,366.098,cruise,1,direct,
685.0,T002,U05,320783.341,2545389.337,591.947,cruise,1,direct,
685.0,T003,U08,317645.494,2546191.568,511.973,cruise,1,direct,
685.0,T004,U06,321333.228,2547106.418,399.182,cruise,1,direct,
685.0,T006,U01,321276.11,2546197.972,435.637,cruise,1,direct,
685.0,T009,U02,317312.312,2547175.434,571.799,cruise,1,direct,
685.0,T010,U03,318050.329,2548405.205,372.909,cruise,1,direct,
685.0,T016,U04,319988.6,2548318.494,217.935,descent,1,direct,
690.0,T001,U07,316516.848,2545522.566,366.098,cruise,1,direct,
690.0,T002,U05,320858.105,2545383.391,591.947,cruise,1,direct,
690.0,T003,U08,317581.483,2546230.652,511.973,cruise,1,direct,
690.0,T004,U06,321397.945,2547144.321,399.182,cruise,1,direct,
690.0,T006,U01,321334.349,2546212.405,435.637,cruise,1,direct,
690.0,T009,U02,317273.494,2547221.186,571.799,cruise,1,direct,
690.0,T010,U03,318037.259,2548463.765,372.909,cruise,1,direct,
690.0,T016,U04,319988.6,2548318.494,205.435,descent,1,direct,
695.0,T001,U07,316441.857,2545521.406,366.098,cruise,1,direct,
695.0,T002,U05,320932.869,2545377.444,591.947,cruise,1,direct,
695.0,T003,U08,317517.471,2546269.736,511.973,cruise,1,direct,
695.0,T004,U06,321462.663,2547182.224,399.182,cruise,1,direct,
695.0,T006,U01,321392.587,2546226.837,435.637,cruise,1,direct,
695.0,T009,U02,317234.676,2547266.937,571.799,cruise,1,direct,
695.0,T010,U03,318024.19,2548522.324,372.909,cruise,1,direct,
695.0,T016,U04,319988.6,2548318.494,192.935,descent,1,direct,
700.0,T001,U07,316366.866,2545520.245,366.098,cruise,1,direct,
700.0,T002,U05,321007.633,2545371.498,591.947,cruise,1,direct,
700.0,T003,U08,317453.46,2546308.82,511.973,cruise,1,direct,
700.0,T004,U06,321527.38,2547220.127,399.182,cruise,1,direct,
700.0,T006,U01,321450.825,2546241.27,435.637,cruise,1,direct,
700.0,T009,U02,317195.858,2547312.688,571.799,cruise,1,direct,
700.0,T010,U03,318011.12,2548580.883,372.909,cruise,1,direct,
700.0,T016,U04,319988.6,2548318.494,184,handover,1,direct,
705.0,T001,U07,316291.875,2545519.085,366.098,cruise,1,direct,
705.0,T002,U05,321082.397,2545365.551,591.947,cruise,1,direct,
705.0,T003,U08,317389.449,2546347.903,511.973,cruise,1,direct,
705.0,T004,U06,321592.098,2547258.03,399.182,cruise,1,direct,
705.0,T006,U01,321509.064,2546255.703,435.637,cruise,1,direct,
705.0,T009,U02,317157.041,2547358.44,571.799,cruise,1,direct,
705.0,T010,U03,317998.05,2548639.442,372.909,cruise,1,direct,
705.0,T016,U04,319988.6,2548318.494,184,handover,1,direct,
710.0,T001,U07,316216.884,2545517.924,366.098,cruise,1,direct,
710.0,T002,U05,321157.161,2545359.605,591.947,cruise,1,direct,
710.0,T003,U08,317325.437,2546386.987,511.973,cruise,1,direct,
710.0,T004,U06,321656.816,2547295.933,399.182,cruise,1,direct,
710.0,T006,U01,321567.302,2546270.135,435.637,cruise,1,direct,
710.0,T009,U02,317118.223,2547404.191,571.799,cruise,1,direct,
710.0,T010,U03,317984.981,2548698.002,372.909,cruise,1,direct,
710.0,T016,U04,319988.6,2548318.494,184,handover,1,direct,
715.0,T001,U07,316141.893,2545516.763,366.098,cruise,1,direct,
715.0,T002,U05,321231.925,2545353.658,591.947,cruise,1,direct,
715.0,T003,U08,317261.426,2546426.071,511.973,cruise,1,direct,
715.0,T004,U06,321721.533,2547333.836,399.182,cruise,1,direct,
715.0,T006,U01,321625.54,2546284.568,435.637,cruise,1,direct,
715.0,T009,U02,317079.405,2547449.942,571.799,cruise,1,direct,
715.0,T010,U03,317971.911,2548756.561,372.909,cruise,1,direct,
715.0,T016,U04,319988.6,2548318.494,184,handover,1,direct,
720.0,T001,U07,316066.902,2545515.603,366.098,cruise,1,direct,
720.0,T002,U05,321306.688,2545347.711,591.947,cruise,1,direct,
720.0,T003,U08,317197.414,2546465.154,511.973,cruise,1,direct,
720.0,T004,U06,321786.251,2547371.739,399.182,cruise,1,direct,
720.0,T006,U01,321683.778,2546299.001,435.637,cruise,1,direct,
720.0,T009,U02,317040.588,2547495.694,571.799,cruise,1,direct,
720.0,T010,U03,317958.842,2548815.12,372.909,cruise,1,direct,
720.0,T016,U04,319988.6,2548318.494,184,handover,1,direct,
725.0,T001,U07,315991.911,2545514.442,366.098,cruise,1,direct,
725.0,T002,U05,321381.452,2545341.765,591.947,cruise,1,direct,
725.0,T003,U08,317133.403,2546504.238,511.973,cruise,1,direct,
725.0,T004,U06,321850.968,2547409.642,399.182,cruise,1,direct,
725.0,T006,U01,321742.017,2546313.433,435.637,cruise,1,direct,
725.0,T009,U02,317001.77,2547541.445,571.799,cruise,1,direct,
725.0,T010,U03,317945.772,2548873.679,372.909,cruise,1,direct,
725.0,T016,U04,319988.6,2548318.494,184,handover,1,direct,
730.0,T001,U07,315916.92,2545513.282,366.098,cruise,1,direct,
730.0,T002,U05,321456.216,2545335.818,591.947,cruise,1,direct,
730.0,T003,U08,317069.391,2546543.322,511.973,cruise,1,direct,
730.0,T004,U06,321915.686,2547447.545,399.182,cruise,1,direct,
730.0,T006,U01,321800.255,2546327.866,435.637,cruise,1,direct,
730.0,T009,U02,316962.952,2547587.197,571.799,cruise,1,direct,
730.0,T010,U03,317932.702,2548932.238,372.909,cruise,1,direct,
730.0,T016,U04,319988.6,2548318.494,184,handover,1,direct,
735.0,T001,U07,315841.929,2545512.121,366.098,cruise,1,direct,
735.0,T002,U05,321530.98,2545329.872,591.947,cruise,1,direct,
735.0,T003,U08,317005.38,2546582.406,511.973,cruise,1,direct,
735.0,T004,U06,321980.403,2547485.448,399.182,cruise,1,direct,
735.0,T006,U01,321858.493,2546342.299,435.637,cruise,1,direct,
735.0,T009,U02,316924.134,2547632.948,571.799,cruise,1,direct,
735.0,T010,U03,317919.633,2548990.798,372.909,cruise,1,direct,
735.0,T016,U04,319988.6,2548318.494,184,handover,1,direct,
740.0,T001,U07,315766.938,2545510.961,366.098,cruise,1,direct,
740.0,T002,U05,321605.744,2545323.925,591.947,cruise,1,direct,
740.0,T003,U08,316941.369,2546621.489,511.973,cruise,1,direct,
740.0,T004,U06,322045.121,2547523.351,399.182,cruise,1,direct,
740.0,T006,U01,321916.732,2546356.731,435.637,cruise,1,direct,
740.0,T009,U02,316885.317,2547678.699,571.799,cruise,1,direct,
740.0,T010,U03,317906.563,2549049.357,372.909,cruise,1,direct,
740.0,T016,U04,319988.6,2548318.494,184,handover,1,direct,
745.0,T001,U07,315691.947,2545509.8,366.098,cruise,1,direct,
745.0,T002,U05,321680.508,2545317.979,591.947,cruise,1,direct,
745.0,T003,U08,316877.357,2546660.573,511.973,cruise,1,direct,
745.0,T004,U06,322109.838,2547561.254,399.182,cruise,0,outage,terrain_occlusion
745.0,T006,U01,321974.97,2546371.164,435.637,cruise,1,direct,
745.0,T009,U02,316846.499,2547724.451,571.799,cruise,1,direct,
745.0,T010,U03,317893.493,2549107.916,372.909,cruise,1,direct,
745.0,T016,U04,319988.6,2548318.494,184,handover,1,direct,
750.0,T001,U07,315616.956,2545508.64,366.098,cruise,1,direct,
750.0,T002,U05,321755.272,2545312.032,591.947,cruise,1,direct,
750.0,T003,U08,316813.346,2546699.657,511.973,cruise,1,direct,
750.0,T004,U06,322174.556,2547599.157,399.182,cruise,0,outage,terrain_occlusion
750.0,T006,U01,322033.208,2546385.597,435.637,cruise,1,direct,
750.0,T009,U02,316807.681,2547770.202,571.799,cruise,1,direct,
750.0,T010,U03,317880.424,2549166.475,372.909,cruise,1,direct,
750.0,T016,U04,319988.6,2548318.494,184,handover,1,direct,
755.0,T001,U07,315541.965,2545507.479,366.098,cruise,1,direct,
755.0,T002,U05,321830.036,2545306.086,591.947,cruise,1,direct,
755.0,T003,U08,316749.334,2546738.741,511.973,cruise,1,direct,
755.0,T004,U06,322239.274,2547637.06,399.182,cruise,0,outage,terrain_occlusion
755.0,T006,U01,322091.446,2546400.029,435.637,cruise,1,direct,
755.0,T009,U02,316768.864,2547815.953,571.799,cruise,1,direct,
755.0,T010,U03,317867.354,2549225.035,372.909,cruise,1,direct,
755.0,T016,U04,319988.6,2548318.494,184,handover,1,direct,
760.0,T001,U07,315500.332,2545506.835,361.65,descent,1,direct,
760.0,T002,U05,321904.8,2545300.139,591.947,cruise,1,direct,
760.0,T003,U08,316685.323,2546777.824,511.973,cruise,1,direct,
760.0,T004,U06,322303.991,2547674.963,399.182,cruise,0,outage,terrain_occlusion
760.0,T006,U01,322149.685,2546414.462,435.637,cruise,1,direct,
760.0,T009,U02,316730.046,2547861.705,571.799,cruise,1,direct,
760.0,T010,U03,317854.285,2549283.594,372.909,cruise,1,direct,
760.0,T016,U04,319988.6,2548318.494,184,handover,1,direct,
765.0,T001,U07,315500.332,2545506.835,351.65,descent,1,direct,
765.0,T002,U05,321979.563,2545294.192,591.947,cruise,1,direct,
765.0,T003,U08,316621.312,2546816.908,511.973,cruise,1,direct,
765.0,T004,U06,322368.709,2547712.866,399.182,cruise,0,outage,terrain_occlusion
765.0,T006,U01,322207.923,2546428.895,435.637,cruise,1,direct,
765.0,T009,U02,316691.228,2547907.456,571.799,cruise,1,direct,
765.0,T010,U03,317841.215,2549342.153,372.909,cruise,1,direct,
765.0,T016,U04,319988.6,2548318.494,184,handover,1,direct,
770.0,T001,U07,315500.332,2545506.835,341.65,descent,1,direct,
770.0,T002,U05,322054.327,2545288.246,591.947,cruise,1,direct,
770.0,T003,U08,316557.3,2546855.992,511.973,cruise,1,direct,
770.0,T004,U06,322433.426,2547750.769,399.182,cruise,0,outage,terrain_occlusion
770.0,T006,U01,322266.161,2546443.327,435.637,cruise,1,direct,
770.0,T009,U02,316652.411,2547953.207,571.799,cruise,1,direct,
770.0,T010,U03,317828.145,2549400.712,372.909,cruise,1,direct,
770.0,T016,U04,319988.6,2548318.494,184,handover,1,direct,
775.0,T001,U07,315500.332,2545506.835,331.65,descent,1,direct,
775.0,T002,U05,322129.091,2545282.299,591.947,cruise,1,direct,
775.0,T003,U08,316493.289,2546895.075,511.973,cruise,1,direct,
775.0,T004,U06,322498.144,2547788.672,399.182,cruise,0,outage,terrain_occlusion
775.0,T006,U01,322324.4,2546457.76,435.637,cruise,1,direct,
775.0,T009,U02,316613.593,2547998.959,571.799,cruise,1,direct,
775.0,T010,U03,317815.076,2549459.272,372.909,cruise,1,direct,
775.0,T016,U04,319988.6,2548318.494,184,handover,1,direct,
780.0,T001,U07,315500.332,2545506.835,321.65,descent,1,direct,
780.0,T002,U05,322203.855,2545276.353,591.947,cruise,1,direct,
780.0,T003,U08,316429.277,2546934.159,511.973,cruise,1,direct,
780.0,T004,U06,322562.861,2547826.575,399.182,cruise,0,outage,terrain_occlusion
780.0,T006,U01,322382.638,2546472.192,435.637,cruise,1,direct,
780.0,T009,U02,316574.775,2548044.71,571.799,cruise,1,direct,
780.0,T010,U03,317802.006,2549517.831,372.909,cruise,1,direct,
780.0,T016,U04,319988.6,2548318.494,184,handover,1,direct,
785.0,T001,U07,315500.332,2545506.835,314.8,handover,1,direct,
785.0,T002,U05,322278.619,2545270.406,591.947,cruise,1,direct,
785.0,T003,U08,316365.266,2546973.243,511.973,cruise,1,direct,
785.0,T004,U06,322627.579,2547864.478,399.182,cruise,0,outage,terrain_occlusion
785.0,T006,U01,322440.876,2546486.625,435.637,cruise,1,direct,
785.0,T009,U02,316535.957,2548090.461,571.799,cruise,1,direct,
785.0,T010,U03,317788.937,2549576.39,372.909,cruise,1,direct,
785.0,T016,U04,319988.6,2548318.494,184,handover,1,direct,
790.0,T001,U07,315500.332,2545506.835,314.8,handover,1,direct,
790.0,T002,U05,322353.383,2545264.46,591.947,cruise,1,direct,
790.0,T003,U08,316301.254,2547012.327,511.973,cruise,1,direct,
790.0,T004,U06,322692.296,2547902.381,399.182,cruise,0,outage,terrain_occlusion
790.0,T006,U01,322499.115,2546501.058,435.637,cruise,1,direct,
790.0,T009,U02,316497.14,2548136.213,571.799,cruise,1,direct,
790.0,T010,U03,317775.867,2549634.949,372.909,cruise,1,direct,
790.0,T016,U04,319988.6,2548318.494,184,handover,1,direct,
795.0,T001,U07,315500.332,2545506.835,314.8,handover,1,direct,
795.0,T002,U05,322428.147,2545258.513,591.947,cruise,1,direct,
795.0,T003,U08,316237.243,2547051.41,511.973,cruise,1,direct,
795.0,T004,U06,322757.014,2547940.284,399.182,cruise,0,outage,terrain_occlusion
795.0,T006,U01,322557.353,2546515.49,435.637,cruise,0,outage,terrain_occlusion
795.0,T009,U02,316458.322,2548181.964,571.799,cruise,1,direct,
795.0,T010,U03,317762.797,2549693.509,372.909,cruise,1,direct,
795.0,T016,U04,319988.6,2548318.494,184,handover,1,direct,
800.0,T001,U07,315500.332,2545506.835,314.8,handover,1,direct,
800.0,T002,U05,322502.911,2545252.567,591.947,cruise,1,direct,
800.0,T003,U08,316173.232,2547090.494,511.973,cruise,1,direct,
800.0,T004,U06,322821.732,2547978.187,399.182,cruise,0,outage,terrain_occlusion
800.0,T006,U01,322615.591,2546529.923,435.637,cruise,0,outage,terrain_occlusion
800.0,T009,U02,316419.504,2548227.715,571.799,cruise,1,direct,
800.0,T010,U03,317749.728,2549752.068,372.909,cruise,1,direct,
800.0,T016,U04,319988.6,2548318.494,184,handover,1,direct,
805.0,T001,U07,315500.332,2545506.835,314.8,handover,1,direct,
805.0,T002,U05,322577.675,2545246.62,591.947,cruise,1,direct,
805.0,T003,U08,316109.22,2547129.578,511.973,cruise,1,direct,
805.0,T004,U06,322870.603,2548006.81,396.121,descent,0,outage,terrain_occlusion
805.0,T006,U01,322673.829,2546544.356,435.637,cruise,0,outage,terrain_occlusion
805.0,T009,U02,316380.687,2548273.467,571.799,cruise,1,direct,
805.0,T010,U03,317736.658,2549810.627,372.909,cruise,1,direct,
805.0,T016,U04,319988.6,2548318.494,184,handover,1,direct,
810.0,T001,U07,315500.332,2545506.835,314.8,handover,1,direct,
810.0,T002,U05,322652.438,2545240.673,591.947,cruise,0,outage,terrain_occlusion
810.0,T003,U08,316045.209,2547168.662,511.973,cruise,1,direct,
810.0,T004,U06,322870.603,2548006.81,383.621,descent,0,outage,terrain_occlusion
810.0,T006,U01,322732.068,2546558.788,435.637,cruise,0,outage,terrain_occlusion
810.0,T009,U02,316341.869,2548319.218,571.799,cruise,1,direct,
810.0,T010,U03,317723.588,2549869.186,372.909,cruise,0,outage,terrain_occlusion
810.0,T016,U04,319988.6,2548318.494,184,handover,1,direct,
815.0,T001,U07,315500.332,2545506.835,314.8,handover,1,direct,
815.0,T002,U05,322727.202,2545234.727,591.947,cruise,0,outage,terrain_occlusion
815.0,T003,U08,315981.197,2547207.745,511.973,cruise,1,direct,
815.0,T004,U06,322870.603,2548006.81,371.121,descent,0,outage,terrain_occlusion
815.0,T006,U01,322790.306,2546573.221,435.637,cruise,0,outage,terrain_occlusion
815.0,T009,U02,316303.051,2548364.969,571.799,cruise,1,direct,
815.0,T010,U03,317710.519,2549927.746,372.909,cruise,0,outage,terrain_occlusion
815.0,T016,U04,319988.6,2548318.494,184,handover,1,direct,
820.0,T001,U07,315500.332,2545506.835,314.8,handover,1,direct,
820.0,T002,U05,322801.966,2545228.78,591.947,cruise,0,outage,terrain_occlusion
820.0,T003,U08,315917.186,2547246.829,511.973,cruise,1,direct,
820.0,T004,U06,322870.603,2548006.81,358.621,descent,0,outage,terrain_occlusion
820.0,T006,U01,322848.544,2546587.654,435.637,cruise,0,outage,terrain_occlusion
820.0,T009,U02,316264.234,2548410.721,571.799,cruise,1,direct,
820.0,T010,U03,317697.449,2549986.305,372.909,cruise,0,outage,terrain_occlusion
820.0,T016,U04,319988.6,2548318.494,184,handover,1,direct,
825.0,T001,U07,315500.332,2545506.835,314.8,handover,1,direct,
825.0,T002,U05,322876.73,2545222.834,591.947,cruise,0,outage,terrain_occlusion
825.0,T003,U08,315853.174,2547285.913,511.973,cruise,1,direct,
825.0,T004,U06,322870.603,2548006.81,351.7,handover,0,outage,terrain_occlusion
825.0,T006,U01,322906.783,2546602.086,435.637,cruise,0,outage,terrain_occlusion
825.0,T009,U02,316225.416,2548456.472,571.799,cruise,1,direct,
825.0,T010,U03,317684.38,2550044.864,372.909,cruise,0,outage,terrain_occlusion
825.0,T016,U04,319988.6,2548318.494,184,handover,1,direct,
830.0,T001,U07,315500.332,2545506.835,314.8,handover,1,direct,
830.0,T002,U05,322951.494,2545216.887,591.947,cruise,0,outage,terrain_occlusion
830.0,T003,U08,315789.163,2547324.997,511.973,cruise,1,direct,
830.0,T004,U06,322870.603,2548006.81,351.7,handover,0,outage,terrain_occlusion
830.0,T006,U01,322965.021,2546616.519,435.637,cruise,0,outage,terrain_occlusion
830.0,T009,U02,316186.598,2548502.224,571.799,cruise,1,direct,
830.0,T010,U03,317671.31,2550103.423,372.909,cruise,0,outage,terrain_occlusion
830.0,T016,U04,319988.6,2548318.494,184,handover,1,direct,
835.0,T001,U07,315500.332,2545506.835,314.8,handover,1,direct,
835.0,T002,U05,323026.258,2545210.941,591.947,cruise,0,outage,terrain_occlusion
835.0,T003,U08,315725.152,2547364.08,511.973,cruise,1,direct,
835.0,T004,U06,322870.603,2548006.81,351.7,handover,0,outage,terrain_occlusion
835.0,T006,U01,323023.259,2546630.952,435.637,cruise,0,outage,terrain_occlusion
835.0,T009,U02,316147.78,2548547.975,571.799,cruise,1,direct,
835.0,T010,U03,317658.24,2550161.983,372.909,cruise,0,outage,terrain_occlusion
835.0,T016,U04,319988.6,2548318.494,184,handover,1,direct,
840.0,T001,U07,315500.332,2545506.835,314.8,handover,1,direct,
840.0,T002,U05,323101.022,2545204.994,591.947,cruise,0,outage,terrain_occlusion
840.0,T003,U08,315661.14,2547403.164,511.973,cruise,1,direct,
840.0,T004,U06,322870.603,2548006.81,351.7,handover,0,outage,terrain_occlusion
840.0,T006,U01,323081.497,2546645.384,435.637,cruise,0,outage,terrain_occlusion
840.0,T009,U02,316108.963,2548593.726,571.799,cruise,0,outage,terrain_occlusion
840.0,T010,U03,317645.171,2550220.542,372.909,cruise,0,outage,terrain_occlusion
840.0,T016,U04,319988.6,2548318.494,184,handover,1,direct,
845.0,T001,U07,315500.332,2545506.835,314.8,handover,1,direct,
845.0,T002,U05,323175.786,2545199.047,591.947,cruise,0,outage,terrain_occlusion
845.0,T003,U08,315597.129,2547442.248,511.973,cruise,1,direct,
845.0,T004,U06,322870.603,2548006.81,351.7,handover,0,outage,terrain_occlusion
845.0,T006,U01,323139.736,2546659.817,435.637,cruise,0,outage,terrain_occlusion
845.0,T009,U02,316070.145,2548639.478,571.799,cruise,0,outage,terrain_occlusion
845.0,T010,U03,317632.101,2550279.101,372.909,cruise,0,outage,terrain_occlusion
845.0,T016,U04,319988.6,2548318.494,184,handover,1,direct,
850.0,T001,U07,315500.332,2545506.835,314.8,handover,1,direct,
850.0,T002,U05,323250.549,2545193.101,591.947,cruise,0,outage,terrain_occlusion
850.0,T003,U08,315533.117,2547481.331,511.973,cruise,1,direct,
850.0,T004,U06,322870.603,2548006.81,351.7,handover,0,outage,terrain_occlusion
850.0,T006,U01,323197.974,2546674.25,435.637,cruise,0,outage,terrain_occlusion
850.0,T009,U02,316031.327,2548685.229,571.799,cruise,0,outage,terrain_occlusion
850.0,T010,U03,317619.031,2550337.66,372.909,cruise,0,outage,terrain_occlusion
850.0,T016,U04,319988.6,2548318.494,184,handover,1,direct,
855.0,T001,U07,315500.332,2545506.835,314.8,handover,1,direct,
855.0,T002,U05,323325.313,2545187.154,591.947,cruise,0,outage,terrain_occlusion
855.0,T003,U08,315469.106,2547520.415,511.973,cruise,1,direct,
855.0,T004,U06,322870.603,2548006.81,351.7,handover,0,outage,terrain_occlusion
855.0,T006,U01,323256.212,2546688.682,435.637,cruise,0,outage,terrain_occlusion
855.0,T009,U02,315992.51,2548730.98,571.799,cruise,0,outage,terrain_occlusion
855.0,T010,U03,317605.962,2550396.22,372.909,cruise,0,outage,terrain_occlusion
855.0,T016,U04,319988.6,2548318.494,184,handover,1,direct,
860.0,T001,U07,315500.332,2545506.835,314.8,handover,1,direct,
860.0,T002,U05,323400.077,2545181.208,591.947,cruise,0,outage,terrain_occlusion
860.0,T003,U08,315405.095,2547559.499,511.973,cruise,1,direct,
860.0,T004,U06,322870.603,2548006.81,351.7,handover,0,outage,terrain_occlusion
860.0,T006,U01,323314.451,2546703.115,435.637,cruise,0,outage,terrain_occlusion
860.0,T009,U02,315953.692,2548776.732,571.799,cruise,0,outage,terrain_occlusion
860.0,T010,U03,317592.892,2550454.779,372.909,cruise,0,outage,terrain_occlusion
860.0,T016,U04,319988.6,2548318.494,184,handover,1,direct,
865.0,T001,U07,315500.332,2545506.835,314.8,handover,1,direct,
865.0,T002,U05,323474.841,2545175.261,591.947,cruise,0,outage,terrain_occlusion
865.0,T003,U08,315341.083,2547598.583,511.973,cruise,1,direct,
865.0,T004,U06,322870.603,2548006.81,351.7,handover,0,outage,terrain_occlusion
865.0,T006,U01,323330.195,2546707.017,426.516,descent,0,outage,terrain_occlusion
865.0,T009,U02,315914.874,2548822.483,571.799,cruise,0,outage,terrain_occlusion
865.0,T010,U03,317579.823,2550513.338,372.909,cruise,0,outage,terrain_occlusion
865.0,T016,U04,319988.6,2548318.494,184,handover,1,direct,
870.0,T001,U07,315500.332,2545506.835,314.8,handover,1,direct,
870.0,T002,U05,323549.605,2545169.315,591.947,cruise,0,outage,terrain_occlusion
870.0,T003,U08,315277.072,2547637.666,511.973,cruise,1,direct,
870.0,T004,U06,322870.603,2548006.81,351.7,handover,0,outage,terrain_occlusion
870.0,T006,U01,323330.195,2546707.017,414.016,descent,0,outage,terrain_occlusion
870.0,T009,U02,315876.057,2548868.234,571.799,cruise,0,outage,terrain_occlusion
870.0,T010,U03,317566.753,2550571.897,372.909,cruise,0,outage,terrain_occlusion
870.0,T016,U04,319988.6,2548318.494,184,handover,1,direct,
875.0,T001,U07,315500.332,2545506.835,314.8,handover,1,direct,
875.0,T002,U05,323624.369,2545163.368,591.947,cruise,0,outage,terrain_occlusion
875.0,T003,U08,315213.06,2547676.75,511.973,cruise,0,outage,terrain_occlusion
875.0,T004,U06,322870.603,2548006.81,351.7,handover,0,outage,terrain_occlusion
875.0,T006,U01,323330.195,2546707.017,401.516,descent,0,outage,terrain_occlusion
875.0,T009,U02,315837.239,2548913.986,571.799,cruise,0,outage,terrain_occlusion
875.0,T010,U03,317553.683,2550630.457,372.909,cruise,0,outage,terrain_occlusion
875.0,T016,U04,319988.6,2548318.494,184,handover,1,direct,
880.0,T001,U07,315500.332,2545506.835,314.8,handover,1,direct,
880.0,T002,U05,323699.133,2545157.422,591.947,cruise,0,outage,terrain_occlusion
880.0,T003,U08,315149.049,2547715.834,511.973,cruise,0,outage,terrain_occlusion
880.0,T004,U06,322870.603,2548006.81,351.7,handover,0,outage,terrain_occlusion
880.0,T006,U01,323330.195,2546707.017,389.016,descent,0,outage,terrain_occlusion
880.0,T009,U02,315798.421,2548959.737,571.799,cruise,0,outage,terrain_occlusion
880.0,T010,U03,317540.614,2550689.016,372.909,cruise,0,outage,terrain_occlusion
880.0,T016,U04,319988.6,2548318.494,184,handover,1,direct,
885.0,T001,U07,315500.332,2545506.835,314.8,handover,1,direct,
885.0,T002,U05,323773.897,2545151.475,591.947,cruise,0,outage,terrain_occlusion
885.0,T003,U08,315085.037,2547754.918,511.973,cruise,0,outage,terrain_occlusion
885.0,T004,U06,322870.603,2548006.81,351.7,handover,0,outage,terrain_occlusion
885.0,T006,U01,323330.195,2546707.017,376.516,descent,0,outage,terrain_occlusion
885.0,T009,U02,315759.603,2549005.488,571.799,cruise,0,outage,terrain_occlusion
885.0,T010,U03,317527.544,2550747.575,372.909,cruise,0,outage,terrain_occlusion
885.0,T016,U04,319988.6,2548318.494,184,handover,1,direct,
890.0,T001,U07,315500.332,2545506.835,314.8,handover,1,direct,
890.0,T002,U05,323848.661,2545145.528,591.947,cruise,0,outage,terrain_occlusion
890.0,T003,U08,315021.026,2547794.001,511.973,cruise,0,outage,terrain_occlusion
890.0,T004,U06,322870.603,2548006.81,351.7,handover,0,outage,terrain_occlusion
890.0,T006,U01,323330.195,2546707.017,364.016,descent,0,outage,terrain_occlusion
890.0,T009,U02,315720.786,2549051.24,571.799,cruise,0,outage,terrain_occlusion
890.0,T010,U03,317514.475,2550806.134,372.909,cruise,0,outage,terrain_occlusion
890.0,T016,U04,319988.6,2548318.494,184,handover,1,direct,
895.0,T001,U07,315500.332,2545506.835,314.8,handover,1,direct,
895.0,T002,U05,323923.424,2545139.582,591.947,cruise,0,outage,terrain_occlusion
895.0,T003,U08,314957.015,2547833.085,511.973,cruise,0,outage,terrain_occlusion
895.0,T004,U06,322870.603,2548006.81,351.7,handover,0,outage,terrain_occlusion
895.0,T006,U01,323330.195,2546707.017,351.6,handover,0,outage,terrain_occlusion
895.0,T009,U02,315681.968,2549096.991,571.799,cruise,0,outage,terrain_occlusion
895.0,T010,U03,317501.405,2550864.694,372.909,cruise,0,outage,terrain_occlusion
895.0,T016,U04,319988.6,2548318.494,184,handover,1,direct,
900.0,T001,U07,315500.332,2545506.835,314.8,handover,1,direct,
900.0,T002,U05,323998.188,2545133.635,591.947,cruise,0,outage,terrain_occlusion
900.0,T003,U08,314893.003,2547872.169,511.973,cruise,0,outage,terrain_occlusion
900.0,T004,U06,322870.603,2548006.81,351.7,handover,0,outage,terrain_occlusion
900.0,T006,U01,323330.195,2546707.017,351.6,handover,0,outage,terrain_occlusion
900.0,T009,U02,315643.15,2549142.742,571.799,cruise,0,outage,terrain_occlusion
900.0,T010,U03,317488.335,2550923.253,372.909,cruise,0,outage,terrain_occlusion
900.0,T016,U04,319988.6,2548318.494,184,handover,1,direct,
905.0,T001,U07,315500.332,2545506.835,314.8,handover,1,direct,
905.0,T002,U05,324072.952,2545127.689,591.947,cruise,0,outage,terrain_occlusion
905.0,T003,U08,314828.992,2547911.252,511.973,cruise,0,outage,terrain_occlusion
905.0,T004,U06,322870.603,2548006.81,351.7,handover,0,outage,terrain_occlusion
905.0,T006,U01,323330.195,2546707.017,351.6,handover,0,outage,terrain_occlusion
905.0,T009,U02,315604.333,2549188.494,571.799,cruise,0,outage,terrain_occlusion
905.0,T010,U03,317475.266,2550981.812,372.909,cruise,0,outage,terrain_occlusion
905.0,T016,U04,319988.6,2548318.494,184,handover,1,direct,
910.0,T001,U07,315500.332,2545506.835,314.8,handover,1,direct,
910.0,T002,U05,324088.71,2545126.435,582.082,descent,0,outage,terrain_occlusion
910.0,T003,U08,314816.047,2547919.156,503.995,descent,0,outage,terrain_occlusion
910.0,T004,U06,322870.603,2548006.81,351.7,handover,0,outage,terrain_occlusion
910.0,T006,U01,323330.195,2546707.017,351.6,handover,0,outage,terrain_occlusion
910.0,T009,U02,315565.515,2549234.245,571.799,cruise,0,outage,terrain_occlusion
910.0,T010,U03,317462.196,2551040.371,372.909,cruise,0,outage,terrain_occlusion
910.0,T016,U04,319988.6,2548318.494,188.278,return,1,direct,
915.0,T001,U07,315500.332,2545506.835,314.8,handover,1,direct,
915.0,T002,U05,324088.71,2545126.435,569.582,descent,0,outage,terrain_occlusion
915.0,T003,U08,314816.047,2547919.156,493.995,descent,0,outage,terrain_occlusion
915.0,T004,U06,322870.603,2548006.81,351.7,handover,0,outage,terrain_occlusion
915.0,T006,U01,323330.195,2546707.017,351.6,handover,0,outage,terrain_occlusion
915.0,T009,U02,315526.697,2549279.996,571.799,cruise,0,outage,terrain_occlusion
915.0,T010,U03,317449.126,2551098.931,372.909,cruise,0,outage,terrain_occlusion
915.0,T016,U04,319988.6,2548318.494,203.278,return,1,direct,
920.0,T001,U07,315500.332,2545506.835,314.8,handover,1,direct,
920.0,T002,U05,324088.71,2545126.435,557.082,descent,0,outage,terrain_occlusion
920.0,T003,U08,314816.047,2547919.156,483.995,descent,0,outage,terrain_occlusion
920.0,T004,U06,322870.603,2548006.81,351.7,handover,0,outage,terrain_occlusion
920.0,T006,U01,323330.195,2546707.017,351.6,handover,0,outage,terrain_occlusion
920.0,T009,U02,315487.88,2549325.748,571.799,cruise,0,outage,terrain_occlusion
920.0,T010,U03,317436.057,2551157.49,372.909,cruise,0,outage,terrain_occlusion
920.0,T016,U04,319988.6,2548318.494,218.278,return,1,direct,
925.0,T001,U07,315500.332,2545506.835,314.8,handover,1,direct,
925.0,T002,U05,324088.71,2545126.435,544.582,descent,0,outage,terrain_occlusion
925.0,T003,U08,314816.047,2547919.156,473.995,descent,0,outage,terrain_occlusion
925.0,T004,U06,322870.603,2548006.81,351.7,handover,0,outage,terrain_occlusion
925.0,T006,U01,323330.195,2546707.017,351.6,handover,0,outage,terrain_occlusion
925.0,T009,U02,315449.062,2549371.499,571.799,cruise,0,outage,terrain_occlusion
925.0,T010,U03,317422.987,2551216.049,372.909,cruise,0,outage,terrain_occlusion
925.0,T016,U04,319988.6,2548318.494,233.278,return,1,direct,
930.0,T001,U07,315500.332,2545506.835,314.8,handover,1,direct,
930.0,T002,U05,324088.71,2545126.435,532.082,descent,0,outage,terrain_occlusion
930.0,T003,U08,314816.047,2547919.156,463.995,descent,0,outage,terrain_occlusion
930.0,T004,U06,322870.603,2548006.81,351.7,handover,0,outage,terrain_occlusion
930.0,T006,U01,323330.195,2546707.017,351.6,handover,0,outage,terrain_occlusion
930.0,T009,U02,315410.244,2549417.251,571.799,cruise,0,outage,terrain_occlusion
930.0,T010,U03,317409.918,2551274.608,372.909,cruise,0,outage,terrain_occlusion
930.0,T016,U04,319988.6,2548318.494,248.278,return,1,direct,
935.0,T001,U07,315500.332,2545506.835,314.8,handover,1,direct,
935.0,T002,U05,324088.71,2545126.435,519.582,descent,0,outage,terrain_occlusion
935.0,T003,U08,314816.047,2547919.156,453.995,descent,0,outage,terrain_occlusion
935.0,T004,U06,322870.603,2548006.81,351.7,handover,0,outage,terrain_occlusion
935.0,T006,U01,323330.195,2546707.017,351.6,handover,0,outage,terrain_occlusion
935.0,T009,U02,315371.426,2549463.002,571.799,cruise,0,outage,terrain_occlusion
935.0,T010,U03,317396.848,2551333.167,372.909,cruise,0,outage,terrain_occlusion
935.0,T016,U04,319988.6,2548318.494,263.278,return,1,direct,
940.0,T001,U07,315500.332,2545506.835,314.8,handover,1,direct,
940.0,T002,U05,324088.71,2545126.435,507.082,descent,0,outage,terrain_occlusion
940.0,T003,U08,314816.047,2547919.156,443.995,descent,0,outage,terrain_occlusion
940.0,T004,U06,322870.603,2548006.81,351.7,handover,0,outage,terrain_occlusion
940.0,T006,U01,323330.195,2546707.017,351.6,handover,0,outage,terrain_occlusion
940.0,T009,U02,315332.609,2549508.753,571.799,cruise,0,outage,terrain_occlusion
940.0,T010,U03,317383.778,2551391.727,372.909,cruise,0,outage,terrain_occlusion
940.0,T016,U04,319979.693,2548299.602,273.057,return,1,direct,
945.0,T001,U07,315500.332,2545506.835,314.8,handover,1,direct,
945.0,T002,U05,324088.71,2545126.435,494.582,descent,0,outage,terrain_occlusion
945.0,T003,U08,314816.047,2547919.156,433.995,descent,0,outage,terrain_occlusion
945.0,T004,U06,322870.603,2548006.81,351.7,handover,0,outage,terrain_occlusion
945.0,T006,U01,323330.195,2546707.017,351.6,handover,0,outage,terrain_occlusion
945.0,T009,U02,315293.791,2549554.505,571.799,cruise,0,outage,terrain_occlusion
945.0,T010,U03,317370.709,2551450.286,372.909,cruise,0,outage,terrain_occlusion
945.0,T016,U04,319954.105,2548245.332,273.057,return,1,direct,
950.0,T001,U07,315500.332,2545506.835,314.8,handover,1,direct,
950.0,T002,U05,324088.71,2545126.435,482.082,descent,0,outage,terrain_occlusion
950.0,T003,U08,314816.047,2547919.156,423.995,descent,0,outage,terrain_occlusion
950.0,T004,U06,322870.603,2548006.81,351.7,handover,0,outage,terrain_occlusion
950.0,T006,U01,323330.195,2546707.017,351.6,handover,0,outage,terrain_occlusion
950.0,T009,U02,315254.973,2549600.256,571.799,cruise,0,outage,terrain_occlusion
950.0,T010,U03,317357.639,2551508.845,372.909,cruise,0,outage,terrain_occlusion
950.0,T016,U04,319928.518,2548191.061,273.057,return,1,direct,
955.0,T001,U07,315500.332,2545506.835,314.8,handover,1,direct,
955.0,T002,U05,324088.71,2545126.435,469.582,descent,0,outage,terrain_occlusion
955.0,T003,U08,314816.047,2547919.156,413.995,descent,0,outage,terrain_occlusion
955.0,T004,U06,322870.603,2548006.81,351.7,handover,0,outage,terrain_occlusion
955.0,T006,U01,323330.195,2546707.017,351.6,handover,0,outage,terrain_occlusion
955.0,T009,U02,315216.156,2549646.007,571.799,cruise,0,outage,terrain_occlusion
955.0,T010,U03,317344.569,2551567.404,372.909,cruise,0,outage,terrain_occlusion
955.0,T016,U04,319902.93,2548136.791,273.057,return,1,direct,
960.0,T001,U07,315500.332,2545506.835,314.8,handover,1,direct,
960.0,T002,U05,324088.71,2545126.435,457.082,descent,0,outage,terrain_occlusion
960.0,T003,U08,314816.047,2547919.156,403.995,descent,0,outage,terrain_occlusion
960.0,T004,U06,322870.603,2548006.81,351.7,handover,0,outage,terrain_occlusion
960.0,T006,U01,323330.195,2546707.017,351.6,handover,0,outage,terrain_occlusion
960.0,T009,U02,315177.338,2549691.759,571.799,cruise,0,outage,terrain_occlusion
960.0,T010,U03,317331.5,2551625.964,372.909,cruise,0,outage,terrain_occlusion
960.0,T016,U04,319877.343,2548082.52,273.057,return,1,direct,
965.0,T001,U07,315500.332,2545506.835,314.8,handover,1,direct,
965.0,T002,U05,324088.71,2545126.435,444.582,descent,0,outage,terrain_occlusion
965.0,T003,U08,314816.047,2547919.156,393.995,descent,0,outage,terrain_occlusion
965.0,T004,U06,322870.603,2548006.81,351.7,handover,0,outage,terrain_occlusion
965.0,T006,U01,323330.195,2546707.017,351.6,handover,0,outage,terrain_occlusion
965.0,T009,U02,315138.52,2549737.51,571.799,cruise,0,outage,terrain_occlusion
965.0,T010,U03,317318.43,2551684.523,372.909,cruise,0,outage,terrain_occlusion
965.0,T016,U04,319851.755,2548028.25,273.057,return,1,direct,
970.0,T001,U07,315500.332,2545506.835,314.8,handover,1,direct,
970.0,T002,U05,324088.71,2545126.435,432.082,descent,0,outage,terrain_occlusion
970.0,T003,U08,314816.047,2547919.156,383.995,descent,0,outage,terrain_occlusion
970.0,T004,U06,322870.603,2548006.81,351.7,handover,0,outage,terrain_occlusion
970.0,T006,U01,323330.195,2546707.017,351.6,handover,0,outage,terrain_occlusion
970.0,T009,U02,315099.703,2549783.261,571.799,cruise,0,outage,terrain_occlusion
970.0,T010,U03,317305.361,2551743.082,372.909,cruise,0,outage,terrain_occlusion
970.0,T016,U04,319826.168,2547973.979,273.057,return,1,direct,
975.0,T001,U07,315500.332,2545506.835,314.8,handover,1,direct,
975.0,T002,U05,324088.71,2545126.435,419.582,descent,0,outage,terrain_occlusion
975.0,T003,U08,314816.047,2547919.156,373.995,descent,0,outage,terrain_occlusion
975.0,T004,U06,322870.603,2548006.81,351.7,handover,0,outage,terrain_occlusion
975.0,T006,U01,323330.195,2546707.017,351.6,handover,0,outage,terrain_occlusion
975.0,T009,U02,315060.885,2549829.013,571.799,cruise,0,outage,terrain_occlusion
975.0,T010,U03,317292.291,2551801.641,372.909,cruise,0,outage,terrain_occlusion
975.0,T016,U04,319800.58,2547919.709,273.057,return,1,direct,
980.0,T001,U07,315500.332,2545506.835,314.8,handover,1,direct,
980.0,T002,U05,324088.71,2545126.435,407.082,descent,0,outage,terrain_occlusion
980.0,T003,U08,314816.047,2547919.156,363.995,descent,0,outage,terrain_occlusion
980.0,T004,U06,322870.603,2548006.81,351.7,handover,0,outage,terrain_occlusion
980.0,T006,U01,323330.195,2546707.017,351.6,handover,0,outage,terrain_occlusion
980.0,T009,U02,315022.067,2549874.764,571.799,cruise,0,outage,terrain_occlusion
980.0,T010,U03,317279.221,2551860.201,372.909,cruise,0,outage,terrain_occlusion
980.0,T016,U04,319774.993,2547865.439,273.057,return,1,direct,
985.0,T001,U07,315500.332,2545506.835,314.8,handover,1,direct,
985.0,T002,U05,324088.71,2545126.435,394.582,descent,0,outage,terrain_occlusion
985.0,T003,U08,314816.047,2547919.156,353.995,descent,0,outage,terrain_occlusion
985.0,T004,U06,322870.603,2548006.81,351.7,handover,0,outage,terrain_occlusion
985.0,T006,U01,323330.195,2546707.017,351.6,handover,0,outage,terrain_occlusion
985.0,T009,U02,314983.249,2549920.515,571.799,cruise,0,outage,terrain_occlusion
985.0,T010,U03,317266.152,2551918.76,372.909,cruise,0,outage,terrain_occlusion
985.0,T016,U04,319749.405,2547811.168,273.057,return,1,direct,
990.0,T001,U07,315500.332,2545506.835,314.8,handover,1,direct,
990.0,T002,U05,324088.71,2545126.435,382.082,descent,0,outage,terrain_occlusion
990.0,T003,U08,314816.047,2547919.156,348.5,handover,0,outage,terrain_occlusion
990.0,T004,U06,322870.603,2548006.81,351.7,handover,0,outage,terrain_occlusion
990.0,T006,U01,323330.195,2546707.017,351.6,handover,0,outage,terrain_occlusion
990.0,T009,U02,314944.432,2549966.267,571.799,cruise,0,outage,terrain_occlusion
990.0,T010,U03,317253.082,2551977.319,372.909,cruise,0,outage,terrain_occlusion
990.0,T016,U04,319723.818,2547756.898,273.057,return,1,direct,
995.0,T001,U07,315500.332,2545506.835,314.8,handover,1,direct,
995.0,T002,U05,324088.71,2545126.435,369.582,descent,0,outage,terrain_occlusion
995.0,T003,U08,314816.047,2547919.156,348.5,handover,0,outage,terrain_occlusion
995.0,T004,U06,322870.603,2548006.81,351.7,handover,0,outage,terrain_occlusion
995.0,T006,U01,323330.195,2546707.017,351.6,handover,0,outage,terrain_occlusion
995.0,T009,U02,314905.614,2550012.018,571.799,cruise,0,outage,terrain_occlusion
995.0,T010,U03,317240.013,2552035.878,372.909,cruise,0,outage,terrain_occlusion
995.0,T016,U04,319698.23,2547702.627,273.057,return,1,direct,
1000.0,T001,U07,315500.332,2545506.835,314.8,handover,1,direct,
1000.0,T002,U05,324088.71,2545126.435,357.082,descent,0,outage,terrain_occlusion
1000.0,T003,U08,314816.047,2547919.156,348.5,handover,0,outage,terrain_occlusion
1000.0,T004,U06,322870.603,2548006.81,351.7,handover,0,outage,terrain_occlusion
1000.0,T006,U01,323330.195,2546707.017,351.6,handover,0,outage,terrain_occlusion
1000.0,T009,U02,314866.796,2550057.769,571.799,cruise,0,outage,terrain_occlusion
1000.0,T010,U03,317226.943,2552094.438,372.909,cruise,0,outage,terrain_occlusion
1000.0,T016,U04,319672.643,2547648.357,273.057,return,1,direct,
1005.0,T001,U07,315500.332,2545506.835,314.8,handover,1,direct,
1005.0,T002,U05,324088.71,2545126.435,351,handover,0,outage,terrain_occlusion
1005.0,T003,U08,314816.047,2547919.156,348.5,handover,0,outage,terrain_occlusion
1005.0,T004,U06,322870.603,2548006.81,351.7,handover,0,outage,terrain_occlusion
1005.0,T006,U01,323330.195,2546707.017,351.6,handover,0,outage,terrain_occlusion
1005.0,T009,U02,314827.979,2550103.521,571.799,cruise,0,outage,terrain_occlusion
1005.0,T010,U03,317213.873,2552152.997,372.909,cruise,0,outage,terrain_occlusion
1005.0,T016,U04,319647.055,2547594.086,273.057,return,1,direct,
1010.0,T001,U07,315500.332,2545506.835,314.8,handover,1,direct,
1010.0,T002,U05,324088.71,2545126.435,351,handover,0,outage,terrain_occlusion
1010.0,T003,U08,314816.047,2547919.156,348.5,handover,0,outage,terrain_occlusion
1010.0,T004,U06,322870.603,2548006.81,351.7,handover,0,outage,terrain_occlusion
1010.0,T006,U01,323330.195,2546707.017,351.6,handover,0,outage,terrain_occlusion
1010.0,T009,U02,314798.303,2550138.497,568.855,descent,0,outage,terrain_occlusion
1010.0,T010,U03,317200.804,2552211.556,372.909,cruise,0,outage,terrain_occlusion
1010.0,T016,U04,319621.468,2547539.816,273.057,return,1,direct,
1015.0,T001,U07,315500.332,2545506.835,314.8,handover,1,direct,
1015.0,T002,U05,324088.71,2545126.435,351,handover,0,outage,terrain_occlusion
1015.0,T003,U08,314816.047,2547919.156,348.5,handover,0,outage,terrain_occlusion
1015.0,T004,U06,322870.603,2548006.81,351.7,handover,0,outage,terrain_occlusion
1015.0,T006,U01,323330.195,2546707.017,351.6,handover,0,outage,terrain_occlusion
1015.0,T009,U02,314798.303,2550138.497,556.355,descent,0,outage,terrain_occlusion
1015.0,T010,U03,317187.734,2552270.115,372.909,cruise,0,outage,terrain_occlusion
1015.0,T016,U04,319595.88,2547485.546,273.057,return,1,direct,
1020.0,T001,U07,315500.332,2545506.835,314.8,handover,1,direct,
1020.0,T002,U05,324088.71,2545126.435,351,handover,0,outage,terrain_occlusion
1020.0,T003,U08,314816.047,2547919.156,348.5,handover,0,outage,terrain_occlusion
1020.0,T004,U06,322870.603,2548006.81,351.7,handover,0,outage,terrain_occlusion
1020.0,T006,U01,323330.195,2546707.017,351.6,handover,0,outage,terrain_occlusion
1020.0,T009,U02,314798.303,2550138.497,543.855,descent,0,outage,terrain_occlusion
1020.0,T010,U03,317174.664,2552328.675,372.909,cruise,0,outage,terrain_occlusion
1020.0,T016,U04,319570.293,2547431.275,273.057,return,1,direct,
1025.0,T001,U07,315500.332,2545506.835,314.8,handover,1,direct,
1025.0,T002,U05,324088.71,2545126.435,351,handover,0,outage,terrain_occlusion
1025.0,T003,U08,314816.047,2547919.156,348.5,handover,0,outage,terrain_occlusion
1025.0,T004,U06,322870.603,2548006.81,351.7,handover,0,outage,terrain_occlusion
1025.0,T006,U01,323330.195,2546707.017,351.6,handover,0,outage,terrain_occlusion
1025.0,T009,U02,314798.303,2550138.497,531.355,descent,0,outage,terrain_occlusion
1025.0,T010,U03,317161.595,2552387.234,372.909,cruise,0,outage,terrain_occlusion
1025.0,T016,U04,319544.705,2547377.005,273.057,return,1,direct,
1030.0,T001,U07,315500.332,2545506.835,314.8,handover,1,direct,
1030.0,T002,U05,324088.71,2545126.435,351,handover,0,outage,terrain_occlusion
1030.0,T003,U08,314816.047,2547919.156,348.5,handover,0,outage,terrain_occlusion
1030.0,T004,U06,322870.603,2548006.81,351.7,handover,0,outage,terrain_occlusion
1030.0,T006,U01,323330.195,2546707.017,351.6,handover,0,outage,terrain_occlusion
1030.0,T009,U02,314798.303,2550138.497,518.855,descent,0,outage,terrain_occlusion
1030.0,T010,U03,317148.525,2552445.793,372.909,cruise,0,outage,terrain_occlusion
1030.0,T016,U04,319519.118,2547322.734,273.057,return,1,direct,
1035.0,T001,U07,315500.332,2545506.835,314.8,handover,1,direct,
1035.0,T002,U05,324088.71,2545126.435,351,handover,0,outage,terrain_occlusion
1035.0,T003,U08,314816.047,2547919.156,348.5,handover,0,outage,terrain_occlusion
1035.0,T004,U06,322870.603,2548006.81,351.7,handover,0,outage,terrain_occlusion
1035.0,T006,U01,323330.195,2546707.017,351.6,handover,0,outage,terrain_occlusion
1035.0,T009,U02,314798.303,2550138.497,506.355,descent,0,outage,terrain_occlusion
1035.0,T010,U03,317135.456,2552504.352,372.909,cruise,0,outage,terrain_occlusion
1035.0,T016,U04,319493.53,2547268.464,273.057,return,1,direct,
1040.0,T001,U07,315500.332,2545506.835,314.8,handover,1,direct,
1040.0,T002,U05,324088.71,2545126.435,351,handover,0,outage,terrain_occlusion
1040.0,T003,U08,314816.047,2547919.156,348.5,handover,0,outage,terrain_occlusion
1040.0,T004,U06,322870.603,2548006.81,351.7,handover,0,outage,terrain_occlusion
1040.0,T006,U01,323330.195,2546707.017,351.6,handover,0,outage,terrain_occlusion
1040.0,T009,U02,314798.303,2550138.497,493.855,descent,0,outage,terrain_occlusion
1040.0,T010,U03,317122.386,2552562.912,372.909,cruise,0,outage,terrain_occlusion
1040.0,T016,U04,319467.943,2547214.193,273.057,return,1,direct,
1045.0,T001,U07,315500.332,2545506.835,314.8,handover,1,direct,
1045.0,T002,U05,324088.71,2545126.435,351,handover,0,outage,terrain_occlusion
1045.0,T003,U08,314816.047,2547919.156,348.5,handover,0,outage,terrain_occlusion
1045.0,T004,U06,322870.603,2548006.81,351.7,handover,0,outage,terrain_occlusion
1045.0,T006,U01,323330.195,2546707.017,351.6,handover,0,outage,terrain_occlusion
1045.0,T009,U02,314798.303,2550138.497,481.355,descent,0,outage,terrain_occlusion
1045.0,T010,U03,317109.316,2552621.471,372.909,cruise,0,outage,terrain_occlusion
1045.0,T016,U04,319442.355,2547159.923,273.057,return,1,direct,
1050.0,T001,U07,315500.332,2545506.835,314.8,handover,1,direct,
1050.0,T002,U05,324088.71,2545126.435,351,handover,0,outage,terrain_occlusion
1050.0,T003,U08,314816.047,2547919.156,348.5,handover,0,outage,terrain_occlusion
1050.0,T004,U06,322870.603,2548006.81,351.7,handover,0,outage,terrain_occlusion
1050.0,T006,U01,323330.195,2546707.017,351.6,handover,0,outage,terrain_occlusion
1050.0,T009,U02,314798.303,2550138.497,474.5,handover,0,outage,terrain_occlusion
1050.0,T010,U03,317096.247,2552680.03,372.909,cruise,0,outage,terrain_occlusion
1050.0,T016,U04,319416.768,2547105.653,273.057,return,1,direct,
1055.0,T001,U07,315500.332,2545506.835,314.8,handover,1,direct,
1055.0,T002,U05,324088.71,2545126.435,351,handover,0,outage,terrain_occlusion
1055.0,T003,U08,314816.047,2547919.156,348.5,handover,0,outage,terrain_occlusion
1055.0,T004,U06,322870.603,2548006.81,351.7,handover,0,outage,terrain_occlusion
1055.0,T006,U01,323330.195,2546707.017,351.6,handover,0,outage,terrain_occlusion
1055.0,T009,U02,314798.303,2550138.497,474.5,handover,0,outage,terrain_occlusion
1055.0,T010,U03,317083.177,2552738.589,372.909,cruise,0,outage,terrain_occlusion
1055.0,T016,U04,319391.18,2547051.382,273.057,return,1,direct,
1060.0,T001,U07,315500.332,2545506.835,314.8,handover,1,direct,
1060.0,T002,U05,324088.71,2545126.435,351,handover,0,outage,terrain_occlusion
1060.0,T003,U08,314816.047,2547919.156,348.5,handover,0,outage,terrain_occlusion
1060.0,T004,U06,322870.603,2548006.81,351.7,handover,0,outage,terrain_occlusion
1060.0,T006,U01,323330.195,2546707.017,351.6,handover,0,outage,terrain_occlusion
1060.0,T009,U02,314798.303,2550138.497,474.5,handover,0,outage,terrain_occlusion
1060.0,T010,U03,317070.107,2552797.149,372.909,cruise,0,outage,terrain_occlusion
1060.0,T016,U04,319365.593,2546997.112,273.057,return,1,direct,
1065.0,T001,U07,315500.332,2545506.835,314.8,handover,1,direct,
1065.0,T002,U05,324088.71,2545126.435,351,handover,0,outage,terrain_occlusion
1065.0,T003,U08,314816.047,2547919.156,348.5,handover,0,outage,terrain_occlusion
1065.0,T004,U06,322870.603,2548006.81,358.395,return,0,outage,terrain_occlusion
1065.0,T006,U01,323330.195,2546707.017,351.6,handover,0,outage,terrain_occlusion
1065.0,T009,U02,314798.303,2550138.497,474.5,handover,0,outage,terrain_occlusion
1065.0,T010,U03,317057.038,2552855.708,372.909,cruise,0,outage,terrain_occlusion
1065.0,T016,U04,319340.005,2546942.841,273.057,return,1,direct,
1070.0,T001,U07,315500.332,2545506.835,314.8,handover,1,direct,
1070.0,T002,U05,324088.71,2545126.435,351,handover,0,outage,terrain_occlusion
1070.0,T003,U08,314816.047,2547919.156,348.5,handover,0,outage,terrain_occlusion
1070.0,T004,U06,322870.603,2548006.81,373.395,return,0,outage,terrain_occlusion
1070.0,T006,U01,323330.195,2546707.017,351.6,handover,0,outage,terrain_occlusion
1070.0,T009,U02,314798.303,2550138.497,474.5,handover,0,outage,terrain_occlusion
1070.0,T010,U03,317043.968,2552914.267,372.909,cruise,0,outage,terrain_occlusion
1070.0,T016,U04,319314.418,2546888.571,273.057,return,1,direct,
1075.0,T001,U07,315500.332,2545506.835,314.8,handover,1,direct,
1075.0,T002,U05,324088.71,2545126.435,351,handover,0,outage,terrain_occlusion
1075.0,T003,U08,314816.047,2547919.156,348.5,handover,0,outage,terrain_occlusion
1075.0,T004,U06,322870.603,2548006.81,388.395,return,0,outage,terrain_occlusion
1075.0,T006,U01,323330.195,2546707.017,351.6,handover,0,outage,terrain_occlusion
1075.0,T009,U02,314798.303,2550138.497,474.5,handover,0,outage,terrain_occlusion
1075.0,T010,U03,317030.899,2552972.826,372.909,cruise,0,outage,terrain_occlusion
1075.0,T016,U04,319288.83,2546834.3,273.057,return,1,direct,
1080.0,T001,U07,315500.332,2545506.835,314.8,handover,1,direct,
1080.0,T002,U05,324088.71,2545126.435,351,handover,0,outage,terrain_occlusion
1080.0,T003,U08,314816.047,2547919.156,348.5,handover,0,outage,terrain_occlusion
1080.0,T004,U06,322852.427,2547996.165,399.182,return,0,outage,terrain_occlusion
1080.0,T006,U01,323330.195,2546707.017,351.6,handover,0,outage,terrain_occlusion
1080.0,T009,U02,314798.303,2550138.497,474.5,handover,0,outage,terrain_occlusion
1080.0,T010,U03,317017.829,2553031.386,372.909,cruise,0,outage,terrain_occlusion
1080.0,T016,U04,319263.243,2546780.03,273.057,return,1,direct,
1085.0,T001,U07,315500.332,2545506.835,314.8,handover,1,direct,
1085.0,T002,U05,324088.71,2545126.435,351,handover,0,outage,terrain_occlusion
1085.0,T003,U08,314816.047,2547919.156,348.5,handover,0,outage,terrain_occlusion
1085.0,T004,U06,322787.709,2547958.262,399.182,return,0,outage,terrain_occlusion
1085.0,T006,U01,323330.195,2546707.017,351.6,handover,0,outage,terrain_occlusion
1085.0,T009,U02,314798.303,2550138.497,474.5,handover,0,outage,terrain_occlusion
1085.0,T010,U03,317004.759,2553089.945,372.909,cruise,0,outage,terrain_occlusion
1085.0,T016,U04,319237.655,2546725.759,273.057,return,1,direct,
1090.0,T001,U07,315500.332,2545506.835,314.8,handover,1,direct,
1090.0,T002,U05,324088.71,2545126.435,351,handover,0,outage,terrain_occlusion
1090.0,T003,U08,314816.047,2547919.156,348.5,handover,0,outage,terrain_occlusion
1090.0,T004,U06,322722.992,2547920.359,399.182,return,0,outage,terrain_occlusion
1090.0,T006,U01,323330.195,2546707.017,351.6,handover,0,outage,terrain_occlusion
1090.0,T009,U02,314798.303,2550138.497,474.5,handover,0,outage,terrain_occlusion
1090.0,T010,U03,316991.69,2553148.504,372.909,cruise,0,outage,terrain_occlusion
1090.0,T016,U04,319212.068,2546671.489,273.057,return,1,direct,
1095.0,T001,U07,315500.332,2545506.835,314.8,handover,1,direct,
1095.0,T002,U05,324088.71,2545126.435,351,handover,0,outage,terrain_occlusion
1095.0,T003,U08,314816.047,2547919.156,348.5,handover,0,outage,terrain_occlusion
1095.0,T004,U06,322658.274,2547882.456,399.182,return,0,outage,terrain_occlusion
1095.0,T006,U01,323330.195,2546707.017,351.6,handover,0,outage,terrain_occlusion
1095.0,T009,U02,314798.303,2550138.497,474.5,handover,0,outage,terrain_occlusion
1095.0,T010,U03,316978.62,2553207.063,372.909,cruise,0,outage,terrain_occlusion
1095.0,T016,U04,319186.48,2546617.219,273.057,return,1,direct,
1100.0,T001,U07,315500.332,2545506.835,314.8,handover,1,direct,
1100.0,T002,U05,324088.71,2545126.435,351,handover,0,outage,terrain_occlusion
1100.0,T003,U08,314816.047,2547919.156,348.5,handover,0,outage,terrain_occlusion
1100.0,T004,U06,322593.557,2547844.553,399.182,return,0,outage,terrain_occlusion
1100.0,T006,U01,323330.195,2546707.017,351.6,handover,0,outage,terrain_occlusion
1100.0,T009,U02,314798.303,2550138.497,474.5,handover,0,outage,terrain_occlusion
1100.0,T010,U03,316965.551,2553265.623,372.909,cruise,0,outage,terrain_occlusion
1100.0,T016,U04,319160.893,2546562.948,273.057,return,1,direct,
1105.0,T001,U07,315500.332,2545506.835,314.8,handover,1,direct,
1105.0,T002,U05,324088.71,2545126.435,351,handover,0,outage,terrain_occlusion
1105.0,T003,U08,314816.047,2547919.156,348.5,handover,0,outage,terrain_occlusion
1105.0,T004,U06,322528.839,2547806.65,399.182,return,0,outage,terrain_occlusion
1105.0,T006,U01,323330.195,2546707.017,351.701,return,0,outage,terrain_occlusion
1105.0,T009,U02,314798.303,2550138.497,474.5,handover,0,outage,terrain_occlusion
1105.0,T010,U03,316952.481,2553324.182,372.909,cruise,0,outage,terrain_occlusion
1105.0,T016,U04,319135.305,2546508.678,273.057,return,1,direct,
1110.0,T001,U07,315500.332,2545506.835,314.8,handover,1,direct,
1110.0,T002,U05,324088.71,2545126.435,351,handover,0,outage,terrain_occlusion
1110.0,T003,U08,314816.047,2547919.156,348.5,handover,0,outage,terrain_occlusion
1110.0,T004,U06,322464.122,2547768.747,399.182,return,0,outage,terrain_occlusion
1110.0,T006,U01,323330.195,2546707.017,366.701,return,0,outage,terrain_occlusion
1110.0,T009,U02,314798.303,2550138.497,474.5,handover,0,outage,terrain_occlusion
1110.0,T010,U03,316939.411,2553382.741,372.909,cruise,0,outage,terrain_occlusion
1110.0,T016,U04,319109.718,2546454.407,273.057,return,1,direct,
1115.0,T001,U07,315500.332,2545506.835,314.8,handover,1,direct,
1115.0,T002,U05,324088.71,2545126.435,351,handover,0,outage,terrain_occlusion
1115.0,T003,U08,314816.047,2547919.156,348.5,handover,0,outage,terrain_occlusion
1115.0,T004,U06,322399.404,2547730.844,399.182,return,0,outage,terrain_occlusion
1115.0,T006,U01,323330.195,2546707.017,381.701,return,0,outage,terrain_occlusion
1115.0,T009,U02,314798.303,2550138.497,474.5,handover,0,outage,terrain_occlusion
1115.0,T010,U03,316926.352,2553441.253,372.899,descent,0,outage,terrain_occlusion
1115.0,T016,U04,319084.13,2546400.137,273.057,return,1,direct,
1120.0,T001,U07,315500.332,2545506.835,314.8,handover,1,direct,
1120.0,T002,U05,324088.71,2545126.435,351,handover,0,outage,terrain_occlusion
1120.0,T003,U08,314816.047,2547919.156,348.5,handover,0,outage,terrain_occlusion
1120.0,T004,U06,322334.687,2547692.941,399.182,return,0,outage,terrain_occlusion
1120.0,T006,U01,323330.195,2546707.017,396.701,return,0,outage,terrain_occlusion
1120.0,T009,U02,314798.303,2550138.497,474.5,handover,0,outage,terrain_occlusion
1120.0,T010,U03,316926.352,2553441.253,360.399,descent,0,outage,terrain_occlusion
1120.0,T016,U04,319058.543,2546345.866,273.057,return,1,direct,
1125.0,T001,U07,315500.332,2545506.835,314.8,handover,1,direct,
1125.0,T002,U05,324088.71,2545126.435,351,handover,0,outage,terrain_occlusion
1125.0,T003,U08,314816.047,2547919.156,348.5,handover,0,outage,terrain_occlusion
1125.0,T004,U06,322269.969,2547655.038,399.182,return,0,outage,terrain_occlusion
1125.0,T006,U01,323330.195,2546707.017,411.701,return,0,outage,terrain_occlusion
1125.0,T009,U02,314798.303,2550138.497,474.5,handover,0,outage,terrain_occlusion
1125.0,T010,U03,316926.352,2553441.253,347.899,descent,0,outage,terrain_occlusion
1125.0,T016,U04,319032.955,2546291.596,273.057,return,1,direct,
1130.0,T001,U07,315500.332,2545506.835,314.8,handover,1,direct,
1130.0,T002,U05,324088.71,2545126.435,351,handover,0,outage,terrain_occlusion
1130.0,T003,U08,314816.047,2547919.156,348.5,handover,0,outage,terrain_occlusion
1130.0,T004,U06,322205.251,2547617.135,399.182,return,0,outage,terrain_occlusion
1130.0,T006,U01,323330.195,2546707.017,426.701,return,0,outage,terrain_occlusion
1130.0,T009,U02,314798.303,2550138.497,474.5,handover,0,outage,terrain_occlusion
1130.0,T010,U03,316926.352,2553441.253,335.399,descent,0,outage,terrain_occlusion
1130.0,T016,U04,319007.368,2546237.326,273.057,return,1,direct,
1135.0,T001,U07,315500.332,2545506.835,314.8,handover,1,direct,
1135.0,T002,U05,324088.71,2545126.435,351,handover,0,outage,terrain_occlusion
1135.0,T003,U08,314816.047,2547919.156,348.5,handover,0,outage,terrain_occlusion
1135.0,T004,U06,322140.534,2547579.232,399.182,return,0,outage,terrain_occlusion
1135.0,T006,U01,323306.65,2546701.182,435.637,return,0,outage,terrain_occlusion
1135.0,T009,U02,314798.303,2550138.497,474.5,handover,0,outage,terrain_occlusion
1135.0,T010,U03,316926.352,2553441.253,322.899,descent,0,outage,terrain_occlusion
1135.0,T016,U04,318981.78,2546183.055,273.057,return,1,direct,
1140.0,T001,U07,315500.332,2545506.835,314.8,handover,1,direct,
1140.0,T002,U05,324088.71,2545126.435,351,handover,0,outage,terrain_occlusion
1140.0,T003,U08,314816.047,2547919.156,348.5,handover,0,outage,terrain_occlusion
1140.0,T004,U06,322075.816,2547541.329,399.182,return,1,direct,
1140.0,T006,U01,323248.412,2546686.749,435.637,return,0,outage,terrain_occlusion
1140.0,T009,U02,314798.303,2550138.497,474.5,handover,0,outage,terrain_occlusion
1140.0,T010,U03,316926.352,2553441.253,310.399,descent,0,outage,terrain_occlusion
1140.0,T016,U04,318956.193,2546128.785,273.057,return,1,direct,
1145.0,T001,U07,315500.332,2545506.835,318.738,return,1,direct,
1145.0,T002,U05,324088.71,2545126.435,351,handover,0,outage,terrain_occlusion
1145.0,T003,U08,314816.047,2547919.156,348.5,handover,0,outage,terrain_occlusion
1145.0,T004,U06,322011.099,2547503.426,399.182,return,1,direct,
1145.0,T006,U01,323190.174,2546672.316,435.637,return,0,outage,terrain_occlusion
1145.0,T009,U02,314798.303,2550138.497,474.5,handover,0,outage,terrain_occlusion
1145.0,T010,U03,316926.352,2553441.253,297.899,descent,0,outage,terrain_occlusion
1145.0,T016,U04,318930.605,2546074.514,273.057,return,1,direct,
1150.0,T001,U07,315500.332,2545506.835,331.238,return,1,direct,
1150.0,T002,U05,324088.71,2545126.435,351,handover,0,outage,terrain_occlusion
1150.0,T003,U08,314816.047,2547919.156,348.5,handover,0,outage,terrain_occlusion
1150.0,T004,U06,321946.381,2547465.523,399.182,return,1,direct,
1150.0,T006,U01,323131.935,2546657.884,435.637,return,0,outage,terrain_occlusion
1150.0,T009,U02,314798.303,2550138.497,474.5,handover,0,outage,terrain_occlusion
1150.0,T010,U03,316926.352,2553441.253,285.399,descent,0,outage,terrain_occlusion
1150.0,T016,U04,318905.018,2546020.244,273.057,return,1,direct,
1155.0,T001,U07,315500.332,2545506.835,343.738,return,1,direct,
1155.0,T002,U05,324088.71,2545126.435,351,handover,0,outage,terrain_occlusion
1155.0,T003,U08,314816.047,2547919.156,348.5,handover,0,outage,terrain_occlusion
1155.0,T004,U06,321881.664,2547427.62,399.182,return,1,direct,
1155.0,T006,U01,323073.697,2546643.451,435.637,return,0,outage,terrain_occlusion
1155.0,T009,U02,314798.303,2550138.497,474.5,handover,0,outage,terrain_occlusion
1155.0,T010,U03,316926.352,2553441.253,272.899,descent,0,outage,terrain_occlusion
1155.0,T016,U04,318879.43,2545965.973,273.057,return,1,direct,
1160.0,T001,U07,315500.332,2545506.835,356.238,return,1,direct,
1160.0,T002,U05,324088.71,2545126.435,351,handover,0,outage,terrain_occlusion
1160.0,T003,U08,314816.047,2547919.156,348.5,handover,0,outage,terrain_occlusion
1160.0,T004,U06,321816.946,2547389.717,399.182,return,1,direct,
1160.0,T006,U01,323015.459,2546629.018,435.637,return,0,outage,terrain_occlusion
1160.0,T009,U02,314798.303,2550138.497,474.5,handover,0,outage,terrain_occlusion
1160.0,T010,U03,316926.352,2553441.253,270.9,handover,0,outage,terrain_occlusion
1160.0,T016,U04,318853.843,2545911.703,273.057,return,1,direct,
1165.0,T001,U07,315516.172,2545507.08,366.098,return,1,direct,
1165.0,T002,U05,324088.71,2545126.435,351,handover,0,outage,terrain_occlusion
1165.0,T003,U08,314816.047,2547919.156,348.5,handover,0,outage,terrain_occlusion
1165.0,T004,U06,321752.229,2547351.814,399.182,return,1,direct,
1165.0,T006,U01,322957.22,2546614.586,435.637,return,0,outage,terrain_occlusion
1165.0,T009,U02,314798.303,2550138.497,474.5,handover,0,outage,terrain_occlusion
1165.0,T010,U03,316926.352,2553441.253,270.9,handover,0,outage,terrain_occlusion
1165.0,T016,U04,318828.255,2545857.432,273.057,return,1,direct,
1170.0,T001,U07,315591.163,2545508.24,366.098,return,1,direct,
1170.0,T002,U05,324088.71,2545126.435,351,handover,0,outage,terrain_occlusion
1170.0,T003,U08,314816.047,2547919.156,348.5,handover,0,outage,terrain_occlusion
1170.0,T004,U06,321687.511,2547313.911,399.182,return,1,direct,
1170.0,T006,U01,322898.982,2546600.153,435.637,return,0,outage,terrain_occlusion
1170.0,T009,U02,314798.303,2550138.497,474.5,handover,0,outage,terrain_occlusion
1170.0,T010,U03,316926.352,2553441.253,270.9,handover,0,outage,terrain_occlusion
1170.0,T016,U04,318802.668,2545803.162,273.057,return,1,direct,
1175.0,T001,U07,315666.154,2545509.401,366.098,return,1,direct,
1175.0,T002,U05,324088.71,2545126.435,351,handover,0,outage,terrain_occlusion
1175.0,T003,U08,314816.047,2547919.156,348.5,handover,0,outage,terrain_occlusion
1175.0,T004,U06,321622.793,2547276.008,399.182,return,1,direct,
1175.0,T006,U01,322840.744,2546585.721,435.637,return,0,outage,terrain_occlusion
1175.0,T009,U02,314798.303,2550138.497,474.5,handover,0,outage,terrain_occlusion
1175.0,T010,U03,316926.352,2553441.253,270.9,handover,0,outage,terrain_occlusion
1175.0,T016,U04,318777.08,2545748.892,273.057,return,1,direct,
1180.0,T001,U07,315741.145,2545510.561,366.098,return,1,direct,
1180.0,T002,U05,324088.71,2545126.435,351,handover,0,outage,terrain_occlusion
1180.0,T003,U08,314816.047,2547919.156,348.5,handover,0,outage,terrain_occlusion
1180.0,T004,U06,321558.076,2547238.105,399.182,return,1,direct,
1180.0,T006,U01,322782.506,2546571.288,435.637,return,0,outage,terrain_occlusion
1180.0,T009,U02,314798.303,2550138.497,474.5,handover,0,outage,terrain_occlusion
1180.0,T010,U03,316926.352,2553441.253,270.9,handover,0,outage,terrain_occlusion
1180.0,T016,U04,318751.493,2545694.621,273.057,return,1,direct,
1185.0,T001,U07,315816.136,2545511.722,366.098,return,1,direct,
1185.0,T002,U05,324088.71,2545126.435,351,handover,0,outage,terrain_occlusion
1185.0,T003,U08,314816.047,2547919.156,348.5,handover,0,outage,terrain_occlusion
1185.0,T004,U06,321493.358,2547200.202,399.182,return,1,direct,
1185.0,T006,U01,322724.267,2546556.855,435.637,return,0,outage,terrain_occlusion
1185.0,T009,U02,314798.303,2550138.497,474.5,handover,0,outage,terrain_occlusion
1185.0,T010,U03,316926.352,2553441.253,270.9,handover,0,outage,terrain_occlusion
1185.0,T016,U04,318725.905,2545640.351,273.057,return,1,direct,
1190.0,T001,U07,315891.127,2545512.883,366.098,return,1,direct,
1190.0,T002,U05,324088.71,2545126.435,351,handover,0,outage,terrain_occlusion
1190.0,T003,U08,314816.047,2547919.156,348.5,handover,0,outage,terrain_occlusion
1190.0,T004,U06,321428.641,2547162.299,399.182,return,1,direct,
1190.0,T006,U01,322666.029,2546542.423,435.637,return,0,outage,terrain_occlusion
1190.0,T009,U02,314798.303,2550138.497,474.5,handover,0,outage,terrain_occlusion
1190.0,T010,U03,316926.352,2553441.253,270.9,handover,0,outage,terrain_occlusion
1190.0,T016,U04,318700.318,2545586.08,273.057,return,1,direct,
1195.0,T001,U07,315966.118,2545514.043,366.098,return,1,direct,
1195.0,T002,U05,324088.71,2545126.435,351,handover,0,outage,terrain_occlusion
1195.0,T003,U08,314816.047,2547919.156,348.5,handover,0,outage,terrain_occlusion
1195.0,T004,U06,321363.923,2547124.396,399.182,return,1,direct,
1195.0,T006,U01,322607.791,2546527.99,435.637,return,0,outage,terrain_occlusion
1195.0,T009,U02,314798.303,2550138.497,474.5,handover,0,outage,terrain_occlusion
1195.0,T010,U03,316926.352,2553441.253,270.9,handover,0,outage,terrain_occlusion
1195.0,T016,U04,318686.201,2545556.139,267.453,return,1,direct,
1200.0,T001,U07,316041.109,2545515.204,366.098,return,1,direct,
1200.0,T002,U05,324088.71,2545126.435,351,handover,0,outage,terrain_occlusion
1200.0,T003,U08,314816.047,2547919.156,348.5,handover,0,outage,terrain_occlusion
1200.0,T004,U06,321299.206,2547086.493,399.182,return,1,direct,
1200.0,T006,U01,322549.552,2546513.557,435.637,return,0,outage,terrain_occlusion
1200.0,T009,U02,314798.303,2550138.497,474.5,handover,0,outage,terrain_occlusion
1200.0,T010,U03,316926.352,2553441.253,270.9,handover,0,outage,terrain_occlusion
1200.0,T016,U04,318686.201,2545556.139,254.953,return,1,direct,
1205.0,T001,U07,316116.1,2545516.364,366.098,return,1,direct,
1205.0,T002,U05,324088.71,2545126.435,351,handover,0,outage,terrain_occlusion
1205.0,T003,U08,314816.047,2547919.156,348.5,handover,0,outage,terrain_occlusion
1205.0,T004,U06,321234.488,2547048.59,399.182,return,1,direct,
1205.0,T006,U01,322491.314,2546499.125,435.637,return,1,direct,
1205.0,T009,U02,314798.303,2550138.497,474.5,handover,0,outage,terrain_occlusion
1205.0,T010,U03,316926.352,2553441.253,270.9,handover,0,outage,terrain_occlusion
1205.0,T016,U04,318686.201,2545556.139,242.453,return,1,direct,
1210.0,T001,U07,316191.091,2545517.525,366.098,return,1,direct,
1210.0,T002,U05,324088.71,2545126.435,351,handover,0,outage,terrain_occlusion
1210.0,T003,U08,314816.047,2547919.156,348.5,handover,0,outage,terrain_occlusion
1210.0,T004,U06,321169.771,2547010.687,399.182,return,1,direct,
1210.0,T006,U01,322433.076,2546484.692,435.637,return,1,direct,
1210.0,T009,U02,314798.303,2550138.497,474.5,handover,0,outage,terrain_occlusion
1210.0,T010,U03,316926.352,2553441.253,270.9,handover,0,outage,terrain_occlusion
1210.0,T016,U04,318686.201,2545556.139,229.953,return,1,direct,
1215.0,T001,U07,316266.082,2545518.685,366.098,return,1,direct,
1215.0,T002,U05,324088.71,2545126.435,351,handover,0,outage,terrain_occlusion
1215.0,T003,U08,314816.047,2547919.156,348.5,handover,0,outage,terrain_occlusion
1215.0,T004,U06,321105.053,2546972.783,399.182,return,1,direct,
1215.0,T006,U01,322374.837,2546470.259,435.637,return,1,direct,
1215.0,T009,U02,314798.303,2550138.497,474.5,handover,0,outage,terrain_occlusion
1215.0,T010,U03,316926.352,2553441.253,270.9,handover,0,outage,terrain_occlusion
1215.0,T016,U04,318686.201,2545556.139,217.453,return,1,direct,
1220.0,T001,U07,316341.073,2545519.846,366.098,return,1,direct,
1220.0,T002,U05,324088.71,2545126.435,351,handover,0,outage,terrain_occlusion
1220.0,T003,U08,314816.047,2547919.156,348.5,handover,0,outage,terrain_occlusion
1220.0,T004,U06,321040.335,2546934.88,399.182,return,1,direct,
1220.0,T006,U01,322316.599,2546455.827,435.637,return,1,direct,
1220.0,T009,U02,314798.303,2550138.497,474.5,handover,0,outage,terrain_occlusion
1220.0,T010,U03,316926.352,2553441.253,270.9,handover,0,outage,terrain_occlusion
1220.0,T016,U04,318686.201,2545556.139,204.953,return,1,direct,
1225.0,T001,U07,316416.064,2545521.007,366.098,return,1,direct,
1225.0,T002,U05,324088.71,2545126.435,351,handover,0,outage,terrain_occlusion
1225.0,T003,U08,314816.047,2547919.156,348.5,handover,0,outage,terrain_occlusion
1225.0,T004,U06,320975.618,2546896.977,399.182,return,1,direct,
1225.0,T006,U01,322258.361,2546441.394,435.637,return,1,direct,
1225.0,T009,U02,314798.303,2550138.497,474.5,handover,0,outage,terrain_occlusion
1225.0,T010,U03,316926.352,2553441.253,270.9,handover,0,outage,terrain_occlusion
1225.0,T016,U04,318686.201,2545556.139,192.453,return,1,direct,
1230.0,T001,U07,316491.055,2545522.167,366.098,return,1,direct,
1230.0,T002,U05,324088.71,2545126.435,351,handover,0,outage,terrain_occlusion
1230.0,T003,U08,314816.047,2547919.156,348.5,handover,0,outage,terrain_occlusion
1230.0,T004,U06,320910.9,2546859.074,399.182,return,1,direct,
1230.0,T006,U01,322200.123,2546426.961,435.637,return,1,direct,
1230.0,T009,U02,314798.303,2550138.497,474.5,handover,0,outage,terrain_occlusion
1230.0,T010,U03,316926.352,2553441.253,270.9,handover,0,outage,terrain_occlusion
1230.0,T016,U04,318686.201,2545556.139,179.953,return,1,direct,
1235.0,T001,U07,316566.046,2545523.328,366.098,return,1,direct,
1235.0,T002,U05,324088.71,2545126.435,351,handover,0,outage,terrain_occlusion
1235.0,T003,U08,314816.047,2547919.156,348.5,handover,0,outage,terrain_occlusion
1235.0,T004,U06,320846.183,2546821.171,399.182,return,1,direct,
1235.0,T006,U01,322141.884,2546412.529,435.637,return,1,direct,
1235.0,T009,U02,314798.303,2550138.497,474.5,handover,0,outage,terrain_occlusion
1235.0,T010,U03,316926.352,2553441.253,270.9,handover,0,outage,terrain_occlusion
1235.0,T016,U04,318686.201,2545556.139,167.453,return,1,direct,
1240.0,T001,U07,316641.037,2545524.488,366.098,return,1,direct,
1240.0,T002,U05,324088.71,2545126.435,351,handover,0,outage,terrain_occlusion
1240.0,T003,U08,314816.047,2547919.156,348.5,handover,0,outage,terrain_occlusion
1240.0,T004,U06,320781.465,2546783.268,399.182,return,1,direct,
1240.0,T006,U01,322083.646,2546398.096,435.637,return,1,direct,
1240.0,T009,U02,314798.303,2550138.497,474.5,handover,0,outage,terrain_occlusion
1240.0,T010,U03,316926.352,2553441.253,270.9,handover,0,outage,terrain_occlusion
1240.0,T016,U04,318686.201,2545556.139,154.953,return,1,direct,
1245.0,T001,U07,316716.028,2545525.649,366.098,return,1,direct,
1245.0,T002,U05,324088.71,2545126.435,358.702,return,0,outage,terrain_occlusion
1245.0,T003,U08,314816.047,2547919.156,348.5,handover,0,outage,terrain_occlusion
1245.0,T004,U06,320716.748,2546745.365,399.182,return,1,direct,
1245.0,T006,U01,322025.408,2546383.663,435.637,return,1,direct,
1245.0,T009,U02,314798.303,2550138.497,474.5,handover,0,outage,terrain_occlusion
1245.0,T010,U03,316926.352,2553441.253,270.9,handover,0,outage,terrain_occlusion
1245.0,T016,U04,318686.201,2545556.139,142.453,return,1,direct,
1250.0,T001,U07,316791.019,2545526.809,366.098,return,1,direct,
1250.0,T002,U05,324088.71,2545126.435,373.702,return,0,outage,terrain_occlusion
1250.0,T003,U08,314816.047,2547919.156,348.5,handover,0,outage,terrain_occlusion
1250.0,T004,U06,320652.03,2546707.462,399.182,return,1,direct,
1250.0,T006,U01,321967.169,2546369.231,435.637,return,1,direct,
1250.0,T009,U02,314798.303,2550138.497,474.5,handover,0,outage,terrain_occlusion
1250.0,T010,U03,316926.352,2553441.253,270.9,handover,0,outage,terrain_occlusion
1250.0,T016,U04,318686.201,2545556.139,129.953,return,1,direct,
1255.0,T001,U07,316866.01,2545527.97,366.098,return,1,direct,
1255.0,T002,U05,324088.71,2545126.435,388.702,return,0,outage,terrain_occlusion
1255.0,T003,U08,314816.047,2547919.156,348.5,handover,0,outage,terrain_occlusion
1255.0,T004,U06,320587.313,2546669.559,399.182,return,1,direct,
1255.0,T006,U01,321908.931,2546354.798,435.637,return,1,direct,
1255.0,T009,U02,314798.303,2550138.497,474.5,handover,0,outage,terrain_occlusion
1255.0,T010,U03,316926.352,2553441.253,270.9,handover,0,outage,terrain_occlusion
1260.0,T001,U07,316941.001,2545529.131,366.098,return,1,direct,
1260.0,T002,U05,324088.71,2545126.435,403.702,return,0,outage,terrain_occlusion
1260.0,T003,U08,314816.047,2547919.156,348.5,handover,0,outage,terrain_occlusion
1260.0,T004,U06,320522.595,2546631.656,399.182,return,1,direct,
1260.0,T006,U01,321850.693,2546340.365,435.637,return,1,direct,
1260.0,T009,U02,314798.303,2550138.497,481.273,return,0,outage,terrain_occlusion
1260.0,T010,U03,316926.352,2553441.253,270.9,handover,0,outage,terrain_occlusion
1265.0,T001,U07,317015.992,2545530.291,366.098,return,1,direct,
1265.0,T002,U05,324088.71,2545126.435,418.702,return,0,outage,terrain_occlusion
1265.0,T003,U08,314816.047,2547919.156,348.5,handover,0,outage,terrain_occlusion
1265.0,T004,U06,320457.877,2546593.753,399.182,return,1,direct,
1265.0,T006,U01,321792.455,2546325.933,435.637,return,1,direct,
1265.0,T009,U02,314798.303,2550138.497,496.273,return,0,outage,terrain_occlusion
1265.0,T010,U03,316926.352,2553441.253,270.9,handover,0,outage,terrain_occlusion
1270.0,T001,U07,317090.983,2545531.452,366.098,return,1,direct,
1270.0,T002,U05,324088.71,2545126.435,433.702,return,0,outage,terrain_occlusion
1270.0,T003,U08,314816.047,2547919.156,348.5,handover,0,outage,terrain_occlusion
1270.0,T004,U06,320393.16,2546555.85,399.182,return,1,direct,
1270.0,T006,U01,321734.216,2546311.5,435.637,return,1,direct,
1270.0,T009,U02,314798.303,2550138.497,511.273,return,0,outage,terrain_occlusion
1270.0,T010,U03,316926.352,2553441.253,270.9,handover,0,outage,terrain_occlusion
1275.0,T001,U07,317165.974,2545532.612,366.098,return,1,direct,
1275.0,T002,U05,324088.71,2545126.435,448.702,return,0,outage,terrain_occlusion
1275.0,T003,U08,314816.047,2547919.156,348.5,handover,0,outage,terrain_occlusion
1275.0,T004,U06,320328.442,2546517.947,399.182,return,1,direct,
1275.0,T006,U01,321675.978,2546297.068,435.637,return,1,direct,
1275.0,T009,U02,314798.303,2550138.497,526.273,return,0,outage,terrain_occlusion
1275.0,T010,U03,316926.352,2553441.253,270.9,handover,0,outage,terrain_occlusion
1280.0,T001,U07,317240.965,2545533.773,366.098,return,1,direct,
1280.0,T002,U05,324088.71,2545126.435,463.702,return,0,outage,terrain_occlusion
1280.0,T003,U08,314816.047,2547919.156,348.5,handover,0,outage,terrain_occlusion
1280.0,T004,U06,320263.725,2546480.044,399.182,return,1,direct,
1280.0,T006,U01,321617.74,2546282.635,435.637,return,1,direct,
1280.0,T009,U02,314798.303,2550138.497,541.273,return,0,outage,terrain_occlusion
1280.0,T010,U03,316926.352,2553441.253,270.9,handover,0,outage,terrain_occlusion
1285.0,T001,U07,317315.956,2545534.933,366.098,return,1,direct,
1285.0,T002,U05,324088.71,2545126.435,478.702,return,0,outage,terrain_occlusion
1285.0,T003,U08,314816.047,2547919.156,348.5,handover,0,outage,terrain_occlusion
1285.0,T004,U06,320199.007,2546442.141,399.182,return,1,direct,
1285.0,T006,U01,321559.501,2546268.202,435.637,return,1,direct,
1285.0,T009,U02,314798.303,2550138.497,556.273,return,0,outage,terrain_occlusion
1285.0,T010,U03,316926.352,2553441.253,270.9,handover,0,outage,terrain_occlusion
1290.0,T001,U07,317390.947,2545536.094,366.098,return,1,direct,
1290.0,T002,U05,324088.71,2545126.435,493.702,return,0,outage,terrain_occlusion
1290.0,T003,U08,314816.047,2547919.156,348.5,handover,0,outage,terrain_occlusion
1290.0,T004,U06,320134.29,2546404.238,399.182,return,1,direct,
1290.0,T006,U01,321501.263,2546253.77,435.637,return,1,direct,
1290.0,T009,U02,314798.303,2550138.497,571.273,return,0,outage,terrain_occlusion
1290.0,T010,U03,316926.352,2553441.253,270.9,handover,0,outage,terrain_occlusion
1295.0,T001,U07,317465.938,2545537.254,366.098,return,1,direct,
1295.0,T002,U05,324088.71,2545126.435,508.702,return,0,outage,terrain_occlusion
1295.0,T003,U08,314816.047,2547919.156,348.5,handover,0,outage,terrain_occlusion
1295.0,T004,U06,320069.572,2546366.335,399.182,return,1,direct,
1295.0,T006,U01,321443.025,2546239.337,435.637,return,1,direct,
1295.0,T009,U02,314835.76,2550094.35,571.799,return,0,outage,terrain_occlusion
1295.0,T010,U03,316926.352,2553441.253,270.9,handover,0,outage,terrain_occlusion
1300.0,T001,U07,317540.929,2545538.415,366.098,return,1,direct,
1300.0,T002,U05,324088.71,2545126.435,523.702,return,0,outage,terrain_occlusion
1300.0,T003,U08,314816.047,2547919.156,348.5,handover,0,outage,terrain_occlusion
1300.0,T004,U06,320004.855,2546328.432,399.182,return,1,direct,
1300.0,T006,U01,321384.787,2546224.904,435.637,return,1,direct,
1300.0,T009,U02,314874.578,2550048.598,571.799,return,0,outage,terrain_occlusion
1300.0,T010,U03,316926.352,2553441.253,270.9,handover,0,outage,terrain_occlusion
1305.0,T001,U07,317615.92,2545539.576,366.098,return,1,direct,
1305.0,T002,U05,324088.71,2545126.435,538.702,return,0,outage,terrain_occlusion
1305.0,T003,U08,314816.047,2547919.156,348.5,handover,0,outage,terrain_occlusion
1305.0,T004,U06,319940.137,2546290.529,399.182,return,1,direct,
1305.0,T006,U01,321326.548,2546210.472,435.637,return,1,direct,
1305.0,T009,U02,314913.395,2550002.847,571.799,return,0,outage,terrain_occlusion
1305.0,T010,U03,316926.352,2553441.253,270.9,handover,0,outage,terrain_occlusion
1310.0,T001,U07,317690.911,2545540.736,366.098,return,1,direct,
1310.0,T002,U05,324088.71,2545126.435,553.702,return,0,outage,terrain_occlusion
1310.0,T003,U08,314816.047,2547919.156,348.5,handover,0,outage,terrain_occlusion
1310.0,T004,U06,319875.419,2546252.626,399.182,return,1,direct,
1310.0,T006,U01,321268.31,2546196.039,435.637,return,1,direct,
1310.0,T009,U02,314952.213,2549957.096,571.799,return,0,outage,terrain_occlusion
1310.0,T010,U03,316926.352,2553441.253,270.9,handover,0,outage,terrain_occlusion
1315.0,T001,U07,317765.902,2545541.897,366.098,return,1,direct,
1315.0,T002,U05,324088.71,2545126.435,568.702,return,0,outage,terrain_occlusion
1315.0,T003,U08,314816.047,2547919.156,348.5,handover,0,outage,terrain_occlusion
1315.0,T004,U06,319810.702,2546214.723,399.182,return,1,direct,
1315.0,T006,U01,321210.072,2546181.606,435.637,return,1,direct,
1315.0,T009,U02,314991.031,2549911.344,571.799,return,0,outage,terrain_occlusion
1315.0,T010,U03,316926.352,2553441.253,270.9,handover,0,outage,terrain_occlusion
1320.0,T001,U07,317840.893,2545543.057,366.098,return,1,direct,
1320.0,T002,U05,324088.71,2545126.435,583.702,return,0,outage,terrain_occlusion
1320.0,T003,U08,314816.047,2547919.156,348.5,handover,0,outage,terrain_occlusion
1320.0,T004,U06,319745.984,2546176.82,399.182,return,1,direct,
1320.0,T006,U01,321151.833,2546167.174,435.637,return,1,direct,
1320.0,T009,U02,315029.848,2549865.593,571.799,return,0,outage,terrain_occlusion
1320.0,T010,U03,316926.352,2553441.253,270.9,handover,0,outage,terrain_occlusion
1325.0,T001,U07,317915.884,2545544.218,366.098,return,1,direct,
1325.0,T002,U05,324055.044,2545129.113,591.947,return,0,outage,terrain_occlusion
1325.0,T003,U08,314816.047,2547919.156,348.5,handover,0,outage,terrain_occlusion
1325.0,T004,U06,319681.267,2546138.917,399.182,return,1,direct,
1325.0,T006,U01,321093.595,2546152.741,435.637,return,1,direct,
1325.0,T009,U02,315068.666,2549819.842,571.799,return,0,outage,terrain_occlusion
1325.0,T010,U03,316926.352,2553441.253,270.9,handover,0,outage,terrain_occlusion
1330.0,T001,U07,317990.875,2545545.378,366.098,return,1,direct,
1330.0,T002,U05,323980.28,2545135.06,591.947,return,0,outage,terrain_occlusion
1330.0,T003,U08,314816.047,2547919.156,348.5,handover,0,outage,terrain_occlusion
1330.0,T004,U06,319616.549,2546101.014,399.182,return,1,direct,
1330.0,T006,U01,321035.357,2546138.308,435.637,return,1,direct,
1330.0,T009,U02,315107.484,2549774.09,571.799,return,0,outage,terrain_occlusion
1330.0,T010,U03,316926.352,2553441.253,270.9,handover,0,outage,terrain_occlusion
1335.0,T001,U07,318065.866,2545546.539,366.098,return,1,direct,
1335.0,T002,U05,323905.517,2545141.006,591.947,return,0,outage,terrain_occlusion
1335.0,T003,U08,314816.047,2547919.156,348.5,handover,0,outage,terrain_occlusion
1335.0,T004,U06,319551.832,2546063.111,399.182,return,1,direct,
1335.0,T006,U01,320977.118,2546123.876,435.637,return,1,direct,
1335.0,T009,U02,315146.301,2549728.339,571.799,return,0,outage,terrain_occlusion
1335.0,T010,U03,316926.352,2553441.253,270.9,handover,0,outage,terrain_occlusion
1340.0,T001,U07,318140.857,2545547.7,366.098,return,1,direct,
1340.0,T002,U05,323830.753,2545146.953,591.947,return,0,outage,terrain_occlusion
1340.0,T003,U08,314816.047,2547919.156,348.5,handover,0,outage,terrain_occlusion
1340.0,T004,U06,319487.114,2546025.208,399.182,return,1,direct,
1340.0,T006,U01,320918.88,2546109.443,435.637,return,1,direct,
1340.0,T009,U02,315185.119,2549682.587,571.799,return,0,outage,terrain_occlusion
1340.0,T010,U03,316926.352,2553441.253,270.9,handover,0,outage,terrain_occlusion
1345.0,T001,U07,318215.849,2545548.86,366.098,return,1,direct,
1345.0,T002,U05,323755.989,2545152.899,591.947,return,0,outage,terrain_occlusion
1345.0,T003,U08,314816.047,2547919.156,348.5,handover,0,outage,terrain_occlusion
1345.0,T004,U06,319422.397,2545987.305,399.182,return,1,direct,
1345.0,T006,U01,320860.642,2546095.01,435.637,return,1,direct,
1345.0,T009,U02,315223.937,2549636.836,571.799,return,0,outage,terrain_occlusion
1345.0,T010,U03,316926.352,2553441.253,270.9,handover,0,outage,terrain_occlusion
1350.0,T001,U07,318290.84,2545550.021,366.098,return,1,direct,
1350.0,T002,U05,323681.225,2545158.846,591.947,return,0,outage,terrain_occlusion
1350.0,T003,U08,314816.047,2547919.156,354.131,return,0,outage,terrain_occlusion
1350.0,T004,U06,319357.679,2545949.402,399.182,return,1,direct,
1350.0,T006,U01,320802.404,2546080.578,435.637,return,1,direct,
1350.0,T009,U02,315262.755,2549591.085,571.799,return,0,outage,terrain_occlusion
1350.0,T010,U03,316926.352,2553441.253,270.9,handover,0,outage,terrain_occlusion
1355.0,T001,U07,318365.831,2545551.181,366.098,return,1,direct,
1355.0,T002,U05,323606.461,2545164.793,591.947,return,0,outage,terrain_occlusion
1355.0,T003,U08,314816.047,2547919.156,366.631,return,0,outage,terrain_occlusion
1355.0,T004,U06,319292.961,2545911.499,399.182,return,1,direct,
1355.0,T006,U01,320744.165,2546066.145,435.637,return,1,direct,
1355.0,T009,U02,315301.572,2549545.333,571.799,return,0,outage,terrain_occlusion
1355.0,T010,U03,316926.352,2553441.253,270.9,handover,0,outage,terrain_occlusion
1360.0,T001,U07,318440.822,2545552.342,366.098,return,1,direct,
1360.0,T002,U05,323531.697,2545170.739,591.947,return,0,outage,terrain_occlusion
1360.0,T003,U08,314816.047,2547919.156,379.131,return,0,outage,terrain_occlusion
1360.0,T004,U06,319228.244,2545873.596,399.182,return,1,direct,
1360.0,T006,U01,320685.927,2546051.713,435.637,return,1,direct,
1360.0,T009,U02,315340.39,2549499.582,571.799,return,0,outage,terrain_occlusion
1360.0,T010,U03,316926.352,2553441.253,270.9,handover,0,outage,terrain_occlusion
1365.0,T001,U07,318515.813,2545553.502,366.098,return,1,direct,
1365.0,T002,U05,323456.933,2545176.686,591.947,return,0,outage,terrain_occlusion
1365.0,T003,U08,314816.047,2547919.156,391.631,return,0,outage,terrain_occlusion
1365.0,T004,U06,319163.526,2545835.693,399.182,return,1,direct,
1365.0,T006,U01,320627.689,2546037.28,435.637,return,1,direct,
1365.0,T009,U02,315379.208,2549453.831,571.799,return,0,outage,terrain_occlusion
1365.0,T010,U03,316926.352,2553441.253,270.9,handover,0,outage,terrain_occlusion
1370.0,T001,U07,318590.804,2545554.663,366.098,return,1,direct,
1370.0,T002,U05,323382.169,2545182.632,591.947,return,0,outage,terrain_occlusion
1370.0,T003,U08,314816.047,2547919.156,404.131,return,0,outage,terrain_occlusion
1370.0,T004,U06,319098.809,2545797.79,399.182,return,1,direct,
1370.0,T006,U01,320569.45,2546022.847,435.637,return,1,direct,
1370.0,T009,U02,315418.025,2549408.079,571.799,return,0,outage,terrain_occlusion
1370.0,T010,U03,316926.352,2553441.253,283.501,return,0,outage,terrain_occlusion
1375.0,T001,U07,318665.795,2545555.823,366.098,return,1,direct,
1375.0,T002,U05,323307.405,2545188.579,591.947,return,0,outage,terrain_occlusion
1375.0,T003,U08,314816.047,2547919.156,416.631,return,0,outage,terrain_occlusion
1375.0,T004,U06,319034.091,2545759.887,399.182,return,1,direct,
1375.0,T006,U01,320511.212,2546008.415,435.637,return,1,direct,
1375.0,T009,U02,315456.843,2549362.328,571.799,return,0,outage,terrain_occlusion
1375.0,T010,U03,316926.352,2553441.253,298.501,return,0,outage,terrain_occlusion
1380.0,T001,U07,318686.201,2545556.139,358.819,return,1,direct,
1380.0,T002,U05,323232.642,2545194.525,591.947,return,0,outage,terrain_occlusion
1380.0,T003,U08,314816.047,2547919.156,429.131,return,0,outage,terrain_occlusion
1380.0,T004,U06,318969.374,2545721.984,399.182,return,1,direct,
1380.0,T006,U01,320452.974,2545993.982,435.637,return,1,direct,
1380.0,T009,U02,315495.661,2549316.577,571.799,return,0,outage,terrain_occlusion
1380.0,T010,U03,316926.352,2553441.253,313.501,return,0,outage,terrain_occlusion
1385.0,T001,U07,318686.201,2545556.139,348.819,return,1,direct,
1385.0,T002,U05,323157.878,2545200.472,591.947,return,0,outage,terrain_occlusion
1385.0,T003,U08,314816.047,2547919.156,441.631,return,0,outage,terrain_occlusion
1385.0,T004,U06,318904.656,2545684.081,399.182,return,1,direct,
1385.0,T006,U01,320394.736,2545979.549,435.637,return,1,direct,
1385.0,T009,U02,315534.478,2549270.825,571.799,return,0,outage,terrain_occlusion
1385.0,T010,U03,316926.352,2553441.253,328.501,return,0,outage,terrain_occlusion
1390.0,T001,U07,318686.201,2545556.139,338.819,return,1,direct,
1390.0,T002,U05,323083.114,2545206.418,591.947,return,0,outage,terrain_occlusion
1390.0,T003,U08,314816.047,2547919.156,454.131,return,0,outage,terrain_occlusion
1390.0,T004,U06,318839.938,2545646.178,399.182,return,1,direct,
1390.0,T006,U01,320336.497,2545965.117,435.637,return,1,direct,
1390.0,T009,U02,315573.296,2549225.074,571.799,return,0,outage,terrain_occlusion
1390.0,T010,U03,316926.352,2553441.253,343.501,return,0,outage,terrain_occlusion
1395.0,T001,U07,318686.201,2545556.139,328.819,return,1,direct,
1395.0,T002,U05,323008.35,2545212.365,591.947,return,0,outage,terrain_occlusion
1395.0,T003,U08,314816.047,2547919.156,466.631,return,0,outage,terrain_occlusion
1395.0,T004,U06,318775.221,2545608.275,399.182,return,1,direct,
1395.0,T006,U01,320278.259,2545950.684,435.637,return,1,direct,
1395.0,T009,U02,315612.114,2549179.323,571.799,return,0,outage,terrain_occlusion
1395.0,T010,U03,316926.352,2553441.253,358.501,return,0,outage,terrain_occlusion
1400.0,T001,U07,318686.201,2545556.139,318.819,return,1,direct,
1400.0,T002,U05,322933.586,2545218.312,591.947,return,0,outage,terrain_occlusion
1400.0,T003,U08,314816.047,2547919.156,479.131,return,0,outage,terrain_occlusion
1400.0,T004,U06,318710.503,2545570.372,399.182,return,1,direct,
1400.0,T006,U01,320220.021,2545936.251,435.637,return,1,direct,
1400.0,T009,U02,315650.932,2549133.571,571.799,return,0,outage,terrain_occlusion
1400.0,T010,U03,316926.868,2553438.944,372.909,return,0,outage,terrain_occlusion
1405.0,T001,U07,318686.201,2545556.139,308.819,return,1,direct,
1405.0,T002,U05,322858.822,2545224.258,591.947,return,0,outage,terrain_occlusion
1405.0,T003,U08,314816.047,2547919.156,491.631,return,0,outage,terrain_occlusion
1405.0,T004,U06,318686.201,2545556.139,391.376,return,1,direct,
1405.0,T006,U01,320161.782,2545921.819,435.637,return,1,direct,
1405.0,T009,U02,315689.749,2549087.82,571.799,return,0,outage,terrain_occlusion
1405.0,T010,U03,316939.937,2553380.385,372.909,return,0,outage,terrain_occlusion
1410.0,T001,U07,318686.201,2545556.139,298.819,return,1,direct,
1410.0,T002,U05,322784.058,2545230.205,591.947,return,0,outage,terrain_occlusion
1410.0,T003,U08,314816.047,2547919.156,504.131,return,0,outage,terrain_occlusion
1410.0,T004,U06,318686.201,2545556.139,378.876,return,1,direct,
1410.0,T006,U01,320103.544,2545907.386,435.637,return,1,direct,
1410.0,T009,U02,315728.567,2549042.069,571.799,return,0,outage,terrain_occlusion
1410.0,T010,U03,316953.007,2553321.826,372.909,return,0,outage,terrain_occlusion
1415.0,T001,U07,318686.201,2545556.139,288.819,return,1,direct,
1415.0,T002,U05,322709.294,2545236.151,591.947,return,0,outage,terrain_occlusion
1415.0,T003,U08,314839.898,2547904.594,511.973,return,0,outage,terrain_occlusion
1415.0,T004,U06,318686.201,2545556.139,366.376,return,1,direct,
1415.0,T006,U01,320045.306,2545892.953,435.637,return,1,direct,
1415.0,T009,U02,315767.385,2548996.317,571.799,return,0,outage,terrain_occlusion
1415.0,T010,U03,316966.076,2553263.267,372.909,return,0,outage,terrain_occlusion
1420.0,T001,U07,318686.201,2545556.139,278.819,return,1,direct,
1420.0,T002,U05,322634.53,2545242.098,591.947,return,0,outage,terrain_occlusion
1420.0,T003,U08,314903.909,2547865.51,511.973,return,0,outage,terrain_occlusion
1420.0,T004,U06,318686.201,2545556.139,353.876,return,1,direct,
1420.0,T006,U01,319987.067,2545878.521,435.637,return,1,direct,
1420.0,T009,U02,315806.202,2548950.566,571.799,return,0,outage,terrain_occlusion
1420.0,T010,U03,316979.146,2553204.707,372.909,return,0,outage,terrain_occlusion
1425.0,T001,U07,318686.201,2545556.139,268.819,return,1,direct,
1425.0,T002,U05,322559.767,2545248.044,591.947,return,1,direct,
1425.0,T003,U08,314967.92,2547826.426,511.973,return,0,outage,terrain_occlusion
1425.0,T004,U06,318686.201,2545556.139,341.376,return,1,direct,
1425.0,T006,U01,319928.829,2545864.088,435.637,return,1,direct,
1425.0,T009,U02,315845.02,2548904.815,571.799,return,0,outage,terrain_occlusion
1425.0,T010,U03,316992.216,2553146.148,372.909,return,0,outage,terrain_occlusion
1430.0,T001,U07,318686.201,2545556.139,258.819,return,1,direct,
1430.0,T002,U05,322485.003,2545253.991,591.947,return,1,direct,
1430.0,T003,U08,315031.932,2547787.342,511.973,return,0,outage,terrain_occlusion
1430.0,T004,U06,318686.201,2545556.139,328.876,return,1,direct,
1430.0,T006,U01,319870.591,2545849.655,435.637,return,1,direct,
1430.0,T009,U02,315883.838,2548859.063,571.799,return,0,outage,terrain_occlusion
1430.0,T010,U03,317005.285,2553087.589,372.909,return,0,outage,terrain_occlusion
1435.0,T001,U07,318686.201,2545556.139,248.819,return,1,direct,
1435.0,T002,U05,322410.239,2545259.937,591.947,return,1,direct,
1435.0,T003,U08,315095.943,2547748.259,511.973,return,0,outage,terrain_occlusion
1435.0,T004,U06,318686.201,2545556.139,316.376,return,1,direct,
1435.0,T006,U01,319812.353,2545835.223,435.637,return,1,direct,
1435.0,T009,U02,315922.656,2548813.312,571.799,return,0,outage,terrain_occlusion
1435.0,T010,U03,317018.355,2553029.03,372.909,return,0,outage,terrain_occlusion
1440.0,T001,U07,318686.201,2545556.139,238.819,return,1,direct,
1440.0,T002,U05,322335.475,2545265.884,591.947,return,1,direct,
1440.0,T003,U08,315159.955,2547709.175,511.973,return,0,outage,terrain_occlusion
1440.0,T004,U06,318686.201,2545556.139,303.876,return,1,direct,
1440.0,T006,U01,319754.114,2545820.79,435.637,return,1,direct,
1440.0,T009,U02,315961.473,2548767.56,571.799,return,0,outage,terrain_occlusion
1440.0,T010,U03,317031.424,2552970.47,372.909,return,0,outage,terrain_occlusion
1445.0,T001,U07,318686.201,2545556.139,228.819,return,1,direct,
1445.0,T002,U05,322260.711,2545271.831,591.947,return,1,direct,
1445.0,T003,U08,315223.966,2547670.091,511.973,return,0,outage,terrain_occlusion
1445.0,T004,U06,318686.201,2545556.139,291.376,return,1,direct,
1445.0,T006,U01,319695.876,2545806.358,435.637,return,1,direct,
1445.0,T009,U02,316000.291,2548721.809,571.799,return,0,outage,terrain_occlusion
1445.0,T010,U03,317044.494,2552911.911,372.909,return,0,outage,terrain_occlusion
1450.0,T001,U07,318686.201,2545556.139,218.819,return,1,direct,
1450.0,T002,U05,322185.947,2545277.777,591.947,return,1,direct,
1450.0,T003,U08,315287.978,2547631.008,511.973,return,0,outage,terrain_occlusion
1450.0,T004,U06,318686.201,2545556.139,278.876,return,1,direct,
1450.0,T006,U01,319637.638,2545791.925,435.637,return,1,direct,
1450.0,T009,U02,316039.109,2548676.058,571.799,return,0,outage,terrain_occlusion
1450.0,T010,U03,317057.564,2552853.352,372.909,return,0,outage,terrain_occlusion
1455.0,T001,U07,318686.201,2545556.139,208.819,return,1,direct,
1455.0,T002,U05,322111.183,2545283.724,591.947,return,1,direct,
1455.0,T003,U08,315351.989,2547591.924,511.973,return,1,direct,
1455.0,T004,U06,318686.201,2545556.139,266.376,return,1,direct,
1455.0,T006,U01,319579.399,2545777.492,435.637,return,1,direct,
1455.0,T009,U02,316077.926,2548630.306,571.799,return,0,outage,terrain_occlusion
1455.0,T010,U03,317070.633,2552794.793,372.909,return,0,outage,terrain_occlusion
1460.0,T001,U07,318686.201,2545556.139,198.819,return,1,direct,
1460.0,T002,U05,322036.419,2545289.67,591.947,return,1,direct,
1460.0,T003,U08,315416.0,2547552.84,511.973,return,1,direct,
1460.0,T004,U06,318686.201,2545556.139,253.876,return,1,direct,
1460.0,T006,U01,319521.161,2545763.06,435.637,return,1,direct,
1460.0,T009,U02,316116.744,2548584.555,571.799,return,0,outage,terrain_occlusion
1460.0,T010,U03,317083.703,2552736.233,372.909,return,0,outage,terrain_occlusion
1465.0,T001,U07,318686.201,2545556.139,188.819,return,1,direct,
1465.0,T002,U05,321961.656,2545295.617,591.947,return,1,direct,
1465.0,T003,U08,315480.012,2547513.756,511.973,return,1,direct,
1465.0,T004,U06,318686.201,2545556.139,241.376,return,1,direct,
1465.0,T006,U01,319462.923,2545748.627,435.637,return,1,direct,
1465.0,T009,U02,316155.562,2548538.804,571.799,return,1,direct,
1465.0,T010,U03,317096.773,2552677.674,372.909,return,0,outage,terrain_occlusion
1470.0,T001,U07,318686.201,2545556.139,178.819,return,1,direct,
1470.0,T002,U05,321886.892,2545301.563,591.947,return,1,direct,
1470.0,T003,U08,315544.023,2547474.673,511.973,return,1,direct,
1470.0,T004,U06,318686.201,2545556.139,228.876,return,1,direct,
1470.0,T006,U01,319404.685,2545734.194,435.637,return,1,direct,
1470.0,T009,U02,316194.379,2548493.052,571.799,return,1,direct,
1470.0,T010,U03,317109.842,2552619.115,372.909,return,0,outage,terrain_occlusion
1475.0,T001,U07,318686.201,2545556.139,168.819,return,1,direct,
1475.0,T002,U05,321812.128,2545307.51,591.947,return,1,direct,
1475.0,T003,U08,315608.035,2547435.589,511.973,return,1,direct,
1475.0,T004,U06,318686.201,2545556.139,216.376,return,1,direct,
1475.0,T006,U01,319346.446,2545719.762,435.637,return,1,direct,
1475.0,T009,U02,316233.197,2548447.301,571.799,return,1,direct,
1475.0,T010,U03,317122.912,2552560.556,372.909,return,0,outage,terrain_occlusion
1480.0,T001,U07,318686.201,2545556.139,158.819,return,1,direct,
1480.0,T002,U05,321737.364,2545313.456,591.947,return,1,direct,
1480.0,T003,U08,315672.046,2547396.505,511.973,return,1,direct,
1480.0,T004,U06,318686.201,2545556.139,203.876,return,1,direct,
1480.0,T006,U01,319288.208,2545705.329,435.637,return,1,direct,
1480.0,T009,U02,316272.015,2548401.55,571.799,return,1,direct,
1480.0,T010,U03,317135.981,2552501.996,372.909,return,0,outage,terrain_occlusion
1485.0,T001,U07,318686.201,2545556.139,148.819,return,1,direct,
1485.0,T002,U05,321662.6,2545319.403,591.947,return,1,direct,
1485.0,T003,U08,315736.058,2547357.421,511.973,return,1,direct,
1485.0,T004,U06,318686.201,2545556.139,191.376,return,1,direct,
1485.0,T006,U01,319229.97,2545690.896,435.637,return,1,direct,
1485.0,T009,U02,316310.833,2548355.798,571.799,return,1,direct,
1485.0,T010,U03,317149.051,2552443.437,372.909,return,0,outage,terrain_occlusion
1490.0,T001,U07,318686.201,2545556.139,138.819,return,1,direct,
1490.0,T002,U05,321587.836,2545325.35,591.947,return,1,direct,
1490.0,T003,U08,315800.069,2547318.338,511.973,return,1,direct,
1490.0,T004,U06,318686.201,2545556.139,178.876,return,1,direct,
1490.0,T006,U01,319171.731,2545676.464,435.637,return,1,direct,
1490.0,T009,U02,316349.65,2548310.047,571.799,return,1,direct,
1490.0,T010,U03,317162.121,2552384.878,372.909,return,0,outage,terrain_occlusion
1495.0,T001,U07,318686.201,2545556.139,128.819,return,1,direct,
1495.0,T002,U05,321513.072,2545331.296,591.947,return,1,direct,
1495.0,T003,U08,315864.08,2547279.254,511.973,return,1,direct,
1495.0,T004,U06,318686.201,2545556.139,166.376,return,1,direct,
1495.0,T006,U01,319113.493,2545662.031,435.637,return,1,direct,
1495.0,T009,U02,316388.468,2548264.296,571.799,return,1,direct,
1495.0,T010,U03,317175.19,2552326.319,372.909,return,0,outage,terrain_occlusion
1500.0,T002,U05,321438.308,2545337.243,591.947,return,1,direct,
1500.0,T003,U08,315928.092,2547240.17,511.973,return,1,direct,
1500.0,T004,U06,318686.201,2545556.139,153.876,return,1,direct,
1500.0,T006,U01,319055.255,2545647.598,435.637,return,1,direct,
1500.0,T009,U02,316427.286,2548218.544,571.799,return,1,direct,
1500.0,T010,U03,317188.26,2552267.759,372.909,return,0,outage,terrain_occlusion
1505.0,T002,U05,321363.544,2545343.189,591.947,return,1,direct,
1505.0,T003,U08,315992.103,2547201.086,511.973,return,1,direct,
1505.0,T004,U06,318686.201,2545556.139,141.376,return,1,direct,
1505.0,T006,U01,318997.017,2545633.166,435.637,return,1,direct,
1505.0,T009,U02,316466.103,2548172.793,571.799,return,1,direct,
1505.0,T010,U03,317201.329,2552209.2,372.909,return,0,outage,terrain_occlusion
1510.0,T002,U05,321288.781,2545349.136,591.947,return,1,direct,
1510.0,T003,U08,316056.115,2547162.003,511.973,return,1,direct,
1510.0,T004,U06,318686.201,2545556.139,128.876,return,1,direct,
1510.0,T006,U01,318938.778,2545618.733,435.637,return,1,direct,
1510.0,T009,U02,316504.921,2548127.042,571.799,return,1,direct,
1510.0,T010,U03,317214.399,2552150.641,372.909,return,0,outage,terrain_occlusion
1515.0,T002,U05,321214.017,2545355.082,591.947,return,1,direct,
1515.0,T003,U08,316120.126,2547122.919,511.973,return,1,direct,
1515.0,T006,U01,318880.54,2545604.3,435.637,return,1,direct,
1515.0,T009,U02,316543.739,2548081.29,571.799,return,1,direct,
1515.0,T010,U03,317227.469,2552092.082,372.909,return,0,outage,terrain_occlusion
1520.0,T002,U05,321139.253,2545361.029,591.947,return,1,direct,
1520.0,T003,U08,316184.137,2547083.835,511.973,return,1,direct,
1520.0,T006,U01,318822.302,2545589.868,435.637,return,1,direct,
1520.0,T009,U02,316582.556,2548035.539,571.799,return,1,direct,
1520.0,T010,U03,317240.538,2552033.522,372.909,return,0,outage,terrain_occlusion
1525.0,T002,U05,321064.489,2545366.975,591.947,return,1,direct,
1525.0,T003,U08,316248.149,2547044.752,511.973,return,1,direct,
1525.0,T006,U01,318764.063,2545575.435,435.637,return,1,direct,
1525.0,T009,U02,316621.374,2547989.788,571.799,return,1,direct,
1525.0,T010,U03,317253.608,2551974.963,372.909,return,0,outage,terrain_occlusion
1530.0,T002,U05,320989.725,2545372.922,591.947,return,1,direct,
1530.0,T003,U08,316312.16,2547005.668,511.973,return,1,direct,
1530.0,T006,U01,318705.825,2545561.002,435.637,return,1,direct,
1530.0,T009,U02,316660.192,2547944.036,571.799,return,1,direct,
1530.0,T010,U03,317266.678,2551916.404,372.909,return,0,outage,terrain_occlusion
1535.0,T002,U05,320914.961,2545378.869,591.947,return,1,direct,
1535.0,T003,U08,316376.172,2546966.584,511.973,return,1,direct,
1535.0,T006,U01,318686.201,2545556.139,427.348,return,1,direct,
1535.0,T009,U02,316699.01,2547898.285,571.799,return,1,direct,
1535.0,T010,U03,317279.747,2551857.845,372.909,return,0,outage,terrain_occlusion
1540.0,T002,U05,320840.197,2545384.815,591.947,return,1,direct,
1540.0,T003,U08,316440.183,2546927.5,511.973,return,1,direct,
1540.0,T006,U01,318686.201,2545556.139,414.848,return,1,direct,
1540.0,T009,U02,316737.827,2547852.533,571.799,return,1,direct,
1540.0,T010,U03,317292.817,2551799.285,372.909,return,0,outage,terrain_occlusion
1545.0,T002,U05,320765.433,2545390.762,591.947,return,1,direct,
1545.0,T003,U08,316504.195,2546888.417,511.973,return,1,direct,
1545.0,T006,U01,318686.201,2545556.139,402.348,return,1,direct,
1545.0,T009,U02,316776.645,2547806.782,571.799,return,1,direct,
1545.0,T010,U03,317305.886,2551740.726,372.909,return,0,outage,terrain_occlusion
1550.0,T002,U05,320690.669,2545396.708,591.947,return,1,direct,
1550.0,T003,U08,316568.206,2546849.333,511.973,return,1,direct,
1550.0,T006,U01,318686.201,2545556.139,389.848,return,1,direct,
1550.0,T009,U02,316815.463,2547761.031,571.799,return,1,direct,
1550.0,T010,U03,317318.956,2551682.167,372.909,return,0,outage,terrain_occlusion
1555.0,T002,U05,320615.906,2545402.655,591.947,return,1,direct,
1555.0,T003,U08,316632.217,2546810.249,511.973,return,1,direct,
1555.0,T006,U01,318686.201,2545556.139,377.348,return,1,direct,
1555.0,T009,U02,316854.28,2547715.279,571.799,return,1,direct,
1555.0,T010,U03,317332.026,2551623.608,372.909,return,0,outage,terrain_occlusion
1560.0,T002,U05,320541.142,2545408.601,591.947,return,1,direct,
1560.0,T003,U08,316696.229,2546771.165,511.973,return,1,direct,
1560.0,T006,U01,318686.201,2545556.139,364.848,return,1,direct,
1560.0,T009,U02,316893.098,2547669.528,571.799,return,1,direct,
1560.0,T010,U03,317345.095,2551565.049,372.909,return,0,outage,terrain_occlusion
1565.0,T002,U05,320466.378,2545414.548,591.947,return,1,direct,
1565.0,T003,U08,316760.24,2546732.082,511.973,return,1,direct,
1565.0,T006,U01,318686.201,2545556.139,352.348,return,1,direct,
1565.0,T009,U02,316931.916,2547623.777,571.799,return,1,direct,
1565.0,T010,U03,317358.165,2551506.489,372.909,return,0,outage,terrain_occlusion
1570.0,T002,U05,320391.614,2545420.494,591.947,return,1,direct,
1570.0,T003,U08,316824.252,2546692.998,511.973,return,1,direct,
1570.0,T006,U01,318686.201,2545556.139,339.848,return,1,direct,
1570.0,T009,U02,316970.733,2547578.025,571.799,return,1,direct,
1570.0,T010,U03,317371.235,2551447.93,372.909,return,0,outage,terrain_occlusion
1575.0,T002,U05,320316.85,2545426.441,591.947,return,1,direct,
1575.0,T003,U08,316888.263,2546653.914,511.973,return,1,direct,
1575.0,T006,U01,318686.201,2545556.139,327.348,return,1,direct,
1575.0,T009,U02,317009.551,2547532.274,571.799,return,1,direct,
1575.0,T010,U03,317384.304,2551389.371,372.909,return,0,outage,terrain_occlusion
1580.0,T002,U05,320242.086,2545432.388,591.947,return,1,direct,
1580.0,T003,U08,316952.275,2546614.831,511.973,return,1,direct,
1580.0,T006,U01,318686.201,2545556.139,314.848,return,1,direct,
1580.0,T009,U02,317048.369,2547486.523,571.799,return,1,direct,
1580.0,T010,U03,317397.374,2551330.812,372.909,return,0,outage,terrain_occlusion
1585.0,T002,U05,320167.322,2545438.334,591.947,return,1,direct,
1585.0,T003,U08,317016.286,2546575.747,511.973,return,1,direct,
1585.0,T006,U01,318686.201,2545556.139,302.348,return,1,direct,
1585.0,T009,U02,317087.187,2547440.771,571.799,return,1,direct,
1585.0,T010,U03,317410.443,2551272.252,372.909,return,0,outage,terrain_occlusion
1590.0,T002,U05,320092.558,2545444.281,591.947,return,1,direct,
1590.0,T003,U08,317080.297,2546536.663,511.973,return,1,direct,
1590.0,T006,U01,318686.201,2545556.139,289.848,return,1,direct,
1590.0,T009,U02,317126.004,2547395.02,571.799,return,1,direct,
1590.0,T010,U03,317423.513,2551213.693,372.909,return,0,outage,terrain_occlusion
1595.0,T002,U05,320017.795,2545450.227,591.947,return,1,direct,
1595.0,T003,U08,317144.309,2546497.579,511.973,return,1,direct,
1595.0,T006,U01,318686.201,2545556.139,277.348,return,1,direct,
1595.0,T009,U02,317164.822,2547349.269,571.799,return,1,direct,
1595.0,T010,U03,317436.583,2551155.134,372.909,return,0,outage,terrain_occlusion
1600.0,T002,U05,319943.031,2545456.174,591.947,return,1,direct,
1600.0,T003,U08,317208.32,2546458.496,511.973,return,1,direct,
1600.0,T006,U01,318686.201,2545556.139,264.848,return,1,direct,
1600.0,T009,U02,317203.64,2547303.517,571.799,return,1,direct,
1600.0,T010,U03,317449.652,2551096.575,372.909,return,0,outage,terrain_occlusion
1605.0,T002,U05,319868.267,2545462.12,591.947,return,1,direct,
1605.0,T003,U08,317272.332,2546419.412,511.973,return,1,direct,
1605.0,T006,U01,318686.201,2545556.139,252.348,return,1,direct,
1605.0,T009,U02,317242.457,2547257.766,571.799,return,1,direct,
1605.0,T010,U03,317462.722,2551038.015,372.909,return,0,outage,terrain_occlusion
1610.0,T002,U05,319793.503,2545468.067,591.947,return,1,direct,
1610.0,T003,U08,317336.343,2546380.328,511.973,return,1,direct,
1610.0,T006,U01,318686.201,2545556.139,239.848,return,1,direct,
1610.0,T009,U02,317281.275,2547212.015,571.799,return,1,direct,
1610.0,T010,U03,317475.791,2550979.456,372.909,return,0,outage,terrain_occlusion
1610.901,T018,U04,318686.201,2545556.139,127.7,ascent,1,direct,
1615.0,T002,U05,319718.739,2545474.013,591.947,return,1,direct,
1615.0,T003,U08,317400.354,2546341.244,511.973,return,1,direct,
1615.0,T006,U01,318686.201,2545556.139,227.348,return,1,direct,
1615.0,T009,U02,317320.093,2547166.263,571.799,return,1,direct,
1615.0,T010,U03,317488.861,2550920.897,372.909,return,0,outage,terrain_occlusion
1615.901,T018,U04,318686.201,2545556.139,142.7,ascent,1,direct,
1620.0,T002,U05,319643.975,2545479.96,591.947,return,1,direct,
1620.0,T003,U08,317464.366,2546302.161,511.973,return,1,direct,
1620.0,T006,U01,318686.201,2545556.139,214.848,return,1,direct,
1620.0,T009,U02,317358.91,2547120.512,571.799,return,1,direct,
1620.0,T010,U03,317501.931,2550862.338,372.909,return,0,outage,terrain_occlusion
1620.901,T018,U04,318686.201,2545556.139,157.7,ascent,1,direct,
1625.0,T002,U05,319569.211,2545485.907,591.947,return,1,direct,
1625.0,T003,U08,317528.377,2546263.077,511.973,return,1,direct,
1625.0,T006,U01,318686.201,2545556.139,202.348,return,1,direct,
1625.0,T009,U02,317397.728,2547074.761,571.799,return,1,direct,
1625.0,T010,U03,317515.0,2550803.778,372.909,return,0,outage,terrain_occlusion
1625.901,T018,U04,318686.201,2545556.139,172.7,ascent,1,direct,
1630.0,T002,U05,319494.447,2545491.853,591.947,return,1,direct,
1630.0,T003,U08,317592.389,2546223.993,511.973,return,1,direct,
1630.0,T006,U01,318686.201,2545556.139,189.848,return,1,direct,
1630.0,T009,U02,317436.546,2547029.009,571.799,return,1,direct,
1630.0,T010,U03,317528.07,2550745.219,372.909,return,0,outage,terrain_occlusion
1630.901,T018,U04,318686.201,2545556.139,187.7,ascent,1,direct,
1635.0,T002,U05,319419.683,2545497.8,591.947,return,1,direct,
1635.0,T003,U08,317656.4,2546184.909,511.973,return,1,direct,
1635.0,T006,U01,318686.201,2545556.139,177.348,return,1,direct,
1635.0,T009,U02,317475.364,2546983.258,571.799,return,1,direct,
1635.0,T010,U03,317541.14,2550686.66,372.909,return,0,outage,terrain_occlusion
1635.901,T018,U04,318686.201,2545556.139,202.7,ascent,1,direct,
1640.0,T002,U05,319344.92,2545503.746,591.947,return,1,direct,
1640.0,T003,U08,317720.412,2546145.826,511.973,return,1,direct,
1640.0,T006,U01,318686.201,2545556.139,164.848,return,1,direct,
1640.0,T009,U02,317514.181,2546937.506,571.799,return,1,direct,
1640.0,T010,U03,317554.209,2550628.101,372.909,return,0,outage,terrain_occlusion
1640.901,T018,U04,318686.201,2545556.139,217.7,ascent,1,direct,
1645.0,T002,U05,319270.156,2545509.693,591.947,return,1,direct,
1645.0,T003,U08,317784.423,2546106.742,511.973,return,1,direct,
1645.0,T006,U01,318686.201,2545556.139,152.348,return,1,direct,
1645.0,T009,U02,317552.999,2546891.755,571.799,return,1,direct,
1645.0,T010,U03,317567.279,2550569.541,372.909,return,0,outage,terrain_occlusion
1645.901,T018,U04,318686.201,2545556.139,232.7,ascent,1,direct,
1650.0,T002,U05,319195.392,2545515.639,591.947,return,1,direct,
1650.0,T003,U08,317848.434,2546067.658,511.973,return,1,direct,
1650.0,T006,U01,318686.201,2545556.139,139.848,return,1,direct,
1650.0,T009,U02,317591.817,2546846.004,571.799,return,1,direct,
1650.0,T010,U03,317580.348,2550510.982,372.909,return,0,outage,terrain_occlusion
1650.901,T018,U04,318686.201,2545556.139,247.7,ascent,1,direct,
1655.0,T002,U05,319120.628,2545521.586,591.947,return,1,direct,
1655.0,T003,U08,317912.446,2546028.575,511.973,return,1,direct,
1655.0,T009,U02,317630.634,2546800.252,571.799,return,1,direct,
1655.0,T010,U03,317593.418,2550452.423,372.909,return,0,outage,terrain_occlusion
1655.901,T018,U04,318686.201,2545556.139,262.7,ascent,1,direct,
1660.0,T002,U05,319045.864,2545527.533,591.947,return,1,direct,
1660.0,T003,U08,317976.457,2545989.491,511.973,return,1,direct,
1660.0,T009,U02,317669.452,2546754.501,571.799,return,1,direct,
1660.0,T010,U03,317606.488,2550393.864,372.909,return,0,outage,terrain_occlusion
1660.901,T018,U04,318694.122,2545572.939,273.057,cruise,1,direct,
1665.0,T002,U05,318971.1,2545533.479,591.947,return,1,direct,
1665.0,T003,U08,318040.469,2545950.407,511.973,return,1,direct,
1665.0,T009,U02,317708.27,2546708.75,571.799,return,1,direct,
1665.0,T010,U03,317619.557,2550335.304,372.909,return,0,outage,terrain_occlusion
1665.901,T018,U04,318719.71,2545627.21,273.057,cruise,1,direct,
1670.0,T002,U05,318896.336,2545539.426,591.947,return,1,direct,
1670.0,T003,U08,318104.48,2545911.323,511.973,return,1,direct,
1670.0,T009,U02,317747.087,2546662.998,571.799,return,1,direct,
1670.0,T010,U03,317632.627,2550276.745,372.909,return,0,outage,terrain_occlusion
1670.901,T018,U04,318745.297,2545681.48,273.057,cruise,1,direct,
1675.0,T002,U05,318821.572,2545545.372,591.947,return,1,direct,
1675.0,T003,U08,318168.492,2545872.24,511.973,return,1,direct,
1675.0,T009,U02,317785.905,2546617.247,571.799,return,1,direct,
1675.0,T010,U03,317645.697,2550218.186,372.909,return,0,outage,terrain_occlusion
1675.901,T018,U04,318770.885,2545735.751,273.057,cruise,1,direct,
1680.0,T002,U05,318746.808,2545551.319,591.947,return,1,direct,
1680.0,T003,U08,318232.503,2545833.156,511.973,return,1,direct,
1680.0,T009,U02,317824.723,2546571.496,571.799,return,1,direct,
1680.0,T010,U03,317658.766,2550159.627,372.909,return,0,outage,terrain_occlusion
1680.901,T018,U04,318796.472,2545790.021,273.057,cruise,1,direct,
1685.0,T002,U05,318686.201,2545556.139,589.58,return,1,direct,
1685.0,T003,U08,318296.514,2545794.072,511.973,return,1,direct,
1685.0,T009,U02,317863.541,2546525.744,571.799,return,1,direct,
1685.0,T010,U03,317671.836,2550101.067,372.909,return,0,outage,terrain_occlusion
1685.901,T018,U04,318822.06,2545844.291,273.057,cruise,1,direct,
1690.0,T002,U05,318686.201,2545556.139,577.08,return,1,direct,
1690.0,T003,U08,318360.526,2545754.988,511.973,return,1,direct,
1690.0,T009,U02,317902.358,2546479.993,571.799,return,1,direct,
1690.0,T010,U03,317684.905,2550042.508,372.909,return,0,outage,terrain_occlusion
1690.901,T018,U04,318847.647,2545898.562,273.057,cruise,1,direct,
1695.0,T002,U05,318686.201,2545556.139,564.58,return,1,direct,
1695.0,T003,U08,318424.537,2545715.905,511.973,return,1,direct,
1695.0,T009,U02,317941.176,2546434.242,571.799,return,1,direct,
1695.0,T010,U03,317697.975,2549983.949,372.909,return,0,outage,terrain_occlusion
1695.901,T018,U04,318873.235,2545952.832,273.057,cruise,1,direct,
1700.0,T002,U05,318686.201,2545556.139,552.08,return,1,direct,
1700.0,T003,U08,318488.549,2545676.821,511.973,return,1,direct,
1700.0,T009,U02,317979.994,2546388.49,571.799,return,1,direct,
1700.0,T010,U03,317711.045,2549925.39,372.909,return,0,outage,terrain_occlusion
1700.901,T018,U04,318898.822,2546007.103,273.057,cruise,1,direct,
1705.0,T002,U05,318686.201,2545556.139,539.58,return,1,direct,
1705.0,T003,U08,318552.56,2545637.737,511.973,return,1,direct,
1705.0,T009,U02,318018.811,2546342.739,571.799,return,1,direct,
1705.0,T010,U03,317724.114,2549866.83,372.909,return,0,outage,terrain_occlusion
1705.901,T018,U04,318924.41,2546061.373,273.057,cruise,1,direct,
1710.0,T002,U05,318686.201,2545556.139,527.08,return,1,direct,
1710.0,T003,U08,318616.571,2545598.653,511.973,return,1,direct,
1710.0,T009,U02,318057.629,2546296.988,571.799,return,1,direct,
1710.0,T010,U03,317737.184,2549808.271,372.909,return,1,direct,
1710.901,T018,U04,318949.997,2546115.644,273.057,cruise,1,direct,
1715.0,T002,U05,318686.201,2545556.139,514.58,return,1,direct,
1715.0,T003,U08,318680.583,2545559.57,511.973,return,1,direct,
1715.0,T009,U02,318096.447,2546251.236,571.799,return,1,direct,
1715.0,T010,U03,317750.253,2549749.712,372.909,return,1,direct,
1715.901,T018,U04,318975.585,2546169.914,273.057,cruise,1,direct,
1720.0,T002,U05,318686.201,2545556.139,502.08,return,1,direct,
1720.0,T003,U08,318686.201,2545556.139,502.851,return,1,direct,
1720.0,T009,U02,318135.264,2546205.485,571.799,return,1,direct,
1720.0,T010,U03,317763.323,2549691.153,372.909,return,1,direct,
1720.901,T018,U04,319001.172,2546224.184,273.057,cruise,1,direct,
1725.0,T002,U05,318686.201,2545556.139,489.58,return,1,direct,
1725.0,T003,U08,318686.201,2545556.139,492.851,return,1,direct,
1725.0,T009,U02,318174.082,2546159.734,571.799,return,1,direct,
1725.0,T010,U03,317776.393,2549632.593,372.909,return,1,direct,
1725.901,T018,U04,319026.76,2546278.455,273.057,cruise,1,direct,
1730.0,T002,U05,318686.201,2545556.139,477.08,return,1,direct,
1730.0,T003,U08,318686.201,2545556.139,482.851,return,1,direct,
1730.0,T009,U02,318212.9,2546113.982,571.799,return,1,direct,
1730.0,T010,U03,317789.462,2549574.034,372.909,return,1,direct,
1730.901,T018,U04,319052.347,2546332.725,273.057,cruise,1,direct,
1735.0,T002,U05,318686.201,2545556.139,464.58,return,1,direct,
1735.0,T003,U08,318686.201,2545556.139,472.851,return,1,direct,
1735.0,T009,U02,318251.718,2546068.231,571.799,return,1,direct,
1735.0,T010,U03,317802.532,2549515.475,372.909,return,1,direct,
1735.901,T018,U04,319077.935,2546386.996,273.057,cruise,1,direct,
1740.0,T002,U05,318686.201,2545556.139,452.08,return,1,direct,
1740.0,T003,U08,318686.201,2545556.139,462.851,return,1,direct,
1740.0,T009,U02,318290.535,2546022.479,571.799,return,1,direct,
1740.0,T010,U03,317815.602,2549456.916,372.909,return,1,direct,
1740.901,T018,U04,319103.522,2546441.266,273.057,cruise,1,direct,
1745.0,T002,U05,318686.201,2545556.139,439.58,return,1,direct,
1745.0,T003,U08,318686.201,2545556.139,452.851,return,1,direct,
1745.0,T009,U02,318329.353,2545976.728,571.799,return,1,direct,
1745.0,T010,U03,317828.671,2549398.356,372.909,return,1,direct,
1745.901,T018,U04,319129.11,2546495.537,273.057,cruise,1,direct,
1750.0,T002,U05,318686.201,2545556.139,427.08,return,1,direct,
1750.0,T003,U08,318686.201,2545556.139,442.851,return,1,direct,
1750.0,T009,U02,318368.171,2545930.977,571.799,return,1,direct,
1750.0,T010,U03,317841.741,2549339.797,372.909,return,1,direct,
1750.901,T018,U04,319154.697,2546549.807,273.057,cruise,1,direct,
1755.0,T002,U05,318686.201,2545556.139,414.58,return,1,direct,
1755.0,T003,U08,318686.201,2545556.139,432.851,return,1,direct,
1755.0,T009,U02,318406.988,2545885.225,571.799,return,1,direct,
1755.0,T010,U03,317854.81,2549281.238,372.909,return,1,direct,
1755.901,T018,U04,319180.285,2546604.078,273.057,cruise,1,direct,
1760.0,T002,U05,318686.201,2545556.139,402.08,return,1,direct,
1760.0,T003,U08,318686.201,2545556.139,422.851,return,1,direct,
1760.0,T009,U02,318445.806,2545839.474,571.799,return,1,direct,
1760.0,T010,U03,317867.88,2549222.679,372.909,return,1,direct,
1760.901,T018,U04,319205.872,2546658.348,273.057,cruise,1,direct,
1765.0,T002,U05,318686.201,2545556.139,389.58,return,1,direct,
1765.0,T003,U08,318686.201,2545556.139,412.851,return,1,direct,
1765.0,T009,U02,318484.624,2545793.723,571.799,return,1,direct,
1765.0,T010,U03,317880.95,2549164.12,372.909,return,1,direct,
1765.901,T018,U04,319231.459,2546712.618,273.057,cruise,1,direct,
1770.0,T002,U05,318686.201,2545556.139,377.08,return,1,direct,
1770.0,T003,U08,318686.201,2545556.139,402.851,return,1,direct,
1770.0,T009,U02,318523.442,2545747.971,571.799,return,1,direct,
1770.0,T010,U03,317894.019,2549105.56,372.909,return,1,direct,
1770.901,T018,U04,319257.047,2546766.889,273.057,cruise,1,direct,
1775.0,T002,U05,318686.201,2545556.139,364.58,return,1,direct,
1775.0,T003,U08,318686.201,2545556.139,392.851,return,1,direct,
1775.0,T009,U02,318562.259,2545702.22,571.799,return,1,direct,
1775.0,T010,U03,317907.089,2549047.001,372.909,return,1,direct,
1775.901,T018,U04,319282.634,2546821.159,273.057,cruise,1,direct,
1780.0,T002,U05,318686.201,2545556.139,352.08,return,1,direct,
1780.0,T003,U08,318686.201,2545556.139,382.851,return,1,direct,
1780.0,T009,U02,318601.077,2545656.469,571.799,return,1,direct,
1780.0,T010,U03,317920.159,2548988.442,372.909,return,1,direct,
1780.901,T018,U04,319308.222,2546875.43,273.057,cruise,1,direct,
1785.0,T002,U05,318686.201,2545556.139,339.58,return,1,direct,
1785.0,T003,U08,318686.201,2545556.139,372.851,return,1,direct,
1785.0,T009,U02,318639.895,2545610.717,571.799,return,1,direct,
1785.0,T010,U03,317933.228,2548929.883,372.909,return,1,direct,
1785.901,T018,U04,319333.809,2546929.7,273.057,cruise,1,direct,
1790.0,T002,U05,318686.201,2545556.139,327.08,return,1,direct,
1790.0,T003,U08,318686.201,2545556.139,362.851,return,1,direct,
1790.0,T009,U02,318678.712,2545564.966,571.799,return,1,direct,
1790.0,T010,U03,317946.298,2548871.323,372.909,return,1,direct,
1790.901,T018,U04,319359.397,2546983.971,273.057,cruise,1,direct,
1795.0,T002,U05,318686.201,2545556.139,314.58,return,1,direct,
1795.0,T003,U08,318686.201,2545556.139,352.851,return,1,direct,
1795.0,T009,U02,318686.201,2545556.139,561.711,return,1,direct,
1795.0,T010,U03,317959.367,2548812.764,372.909,return,1,direct,
1795.901,T018,U04,319384.984,2547038.241,273.057,cruise,1,direct,
1800.0,T002,U05,318686.201,2545556.139,302.08,return,1,direct,
1800.0,T003,U08,318686.201,2545556.139,342.851,return,1,direct,
1800.0,T009,U02,318686.201,2545556.139,549.211,return,1,direct,
1800.0,T010,U03,317972.437,2548754.205,372.909,return,1,direct,
1800.901,T018,U04,319410.572,2547092.511,273.057,cruise,1,direct,
1805.0,T002,U05,318686.201,2545556.139,289.58,return,1,direct,
1805.0,T003,U08,318686.201,2545556.139,332.851,return,1,direct,
1805.0,T009,U02,318686.201,2545556.139,536.711,return,1,direct,
1805.0,T010,U03,317985.507,2548695.646,372.909,return,1,direct,
1805.901,T018,U04,319436.159,2547146.782,273.057,cruise,1,direct,
1810.0,T002,U05,318686.201,2545556.139,277.08,return,1,direct,
1810.0,T003,U08,318686.201,2545556.139,322.851,return,1,direct,
1810.0,T009,U02,318686.201,2545556.139,524.211,return,1,direct,
1810.0,T010,U03,317998.576,2548637.086,372.909,return,1,direct,
1810.901,T018,U04,319461.747,2547201.052,273.057,cruise,1,direct,
1815.0,T002,U05,318686.201,2545556.139,264.58,return,1,direct,
1815.0,T003,U08,318686.201,2545556.139,312.851,return,1,direct,
1815.0,T009,U02,318686.201,2545556.139,511.711,return,1,direct,
1815.0,T010,U03,318011.646,2548578.527,372.909,return,1,direct,
1815.901,T018,U04,319487.334,2547255.323,273.057,cruise,1,direct,
1820.0,T002,U05,318686.201,2545556.139,252.08,return,1,direct,
1820.0,T003,U08,318686.201,2545556.139,302.851,return,1,direct,
1820.0,T009,U02,318686.201,2545556.139,499.211,return,1,direct,
1820.0,T010,U03,318024.715,2548519.968,372.909,return,1,direct,
1820.901,T018,U04,319512.922,2547309.593,273.057,cruise,1,direct,
1825.0,T002,U05,318686.201,2545556.139,239.58,return,1,direct,
1825.0,T003,U08,318686.201,2545556.139,292.851,return,1,direct,
1825.0,T009,U02,318686.201,2545556.139,486.711,return,1,direct,
1825.0,T010,U03,318037.785,2548461.409,372.909,return,1,direct,
1825.901,T018,U04,319538.509,2547363.864,273.057,cruise,1,direct,
1830.0,T002,U05,318686.201,2545556.139,227.08,return,1,direct,
1830.0,T003,U08,318686.201,2545556.139,282.851,return,1,direct,
1830.0,T009,U02,318686.201,2545556.139,474.211,return,1,direct,
1830.0,T010,U03,318050.855,2548402.849,372.909,return,1,direct,
1830.901,T018,U04,319564.097,2547418.134,273.057,cruise,1,direct,
1835.0,T002,U05,318686.201,2545556.139,214.58,return,1,direct,
1835.0,T003,U08,318686.201,2545556.139,272.851,return,1,direct,
1835.0,T009,U02,318686.201,2545556.139,461.711,return,1,direct,
1835.0,T010,U03,318063.924,2548344.29,372.909,return,1,direct,
1835.901,T018,U04,319589.684,2547472.404,273.057,cruise,1,direct,
1840.0,T002,U05,318686.201,2545556.139,202.08,return,1,direct,
1840.0,T003,U08,318686.201,2545556.139,262.851,return,1,direct,
1840.0,T009,U02,318686.201,2545556.139,449.211,return,1,direct,
1840.0,T010,U03,318076.994,2548285.731,372.909,return,1,direct,
1840.901,T018,U04,319615.272,2547526.675,273.057,cruise,1,direct,
1845.0,T002,U05,318686.201,2545556.139,189.58,return,1,direct,
1845.0,T003,U08,318686.201,2545556.139,252.851,return,1,direct,
1845.0,T009,U02,318686.201,2545556.139,436.711,return,1,direct,
1845.0,T010,U03,318090.064,2548227.172,372.909,return,1,direct,
1845.901,T018,U04,319640.859,2547580.945,273.057,cruise,1,direct,
1850.0,T002,U05,318686.201,2545556.139,177.08,return,1,direct,
1850.0,T003,U08,318686.201,2545556.139,242.851,return,1,direct,
1850.0,T009,U02,318686.201,2545556.139,424.211,return,1,direct,
1850.0,T010,U03,318103.133,2548168.612,372.909,return,1,direct,
1850.901,T018,U04,319666.447,2547635.216,273.057,cruise,1,direct,
1855.0,T002,U05,318686.201,2545556.139,164.58,return,1,direct,
1855.0,T003,U08,318686.201,2545556.139,232.851,return,1,direct,
1855.0,T009,U02,318686.201,2545556.139,411.711,return,1,direct,
1855.0,T010,U03,318116.203,2548110.053,372.909,return,1,direct,
1855.901,T018,U04,319692.034,2547689.486,273.057,cruise,1,direct,
1860.0,T002,U05,318686.201,2545556.139,152.08,return,1,direct,
1860.0,T003,U08,318686.201,2545556.139,222.851,return,1,direct,
1860.0,T009,U02,318686.201,2545556.139,399.211,return,1,direct,
1860.0,T010,U03,318129.272,2548051.494,372.909,return,1,direct,
1860.901,T018,U04,319717.622,2547743.757,273.057,cruise,1,direct,
1865.0,T002,U05,318686.201,2545556.139,139.58,return,1,direct,
1865.0,T003,U08,318686.201,2545556.139,212.851,return,1,direct,
1865.0,T009,U02,318686.201,2545556.139,386.711,return,1,direct,
1865.0,T010,U03,318142.342,2547992.935,372.909,return,1,direct,
1865.901,T018,U04,319743.209,2547798.027,273.057,cruise,1,direct,
1870.0,T003,U08,318686.201,2545556.139,202.851,return,1,direct,
1870.0,T009,U02,318686.201,2545556.139,374.211,return,1,direct,
1870.0,T010,U03,318155.412,2547934.375,372.909,return,1,direct,
1870.901,T018,U04,319768.797,2547852.298,273.057,cruise,1,direct,
1875.0,T003,U08,318686.201,2545556.139,192.851,return,1,direct,
1875.0,T009,U02,318686.201,2545556.139,361.711,return,1,direct,
1875.0,T010,U03,318168.481,2547875.816,372.909,return,1,direct,
1875.901,T018,U04,319794.384,2547906.568,273.057,cruise,1,direct,
1880.0,T003,U08,318686.201,2545556.139,182.851,return,1,direct,
1880.0,T009,U02,318686.201,2545556.139,349.211,return,1,direct,
1880.0,T010,U03,318181.551,2547817.257,372.909,return,1,direct,
1880.901,T018,U04,319819.972,2547960.838,273.057,cruise,1,direct,
1885.0,T003,U08,318686.201,2545556.139,172.851,return,1,direct,
1885.0,T009,U02,318686.201,2545556.139,336.711,return,1,direct,
1885.0,T010,U03,318194.621,2547758.698,372.909,return,1,direct,
1885.901,T018,U04,319845.559,2548015.109,273.057,cruise,1,direct,
1890.0,T003,U08,318686.201,2545556.139,162.851,return,1,direct,
1890.0,T009,U02,318686.201,2545556.139,324.211,return,1,direct,
1890.0,T010,U03,318207.69,2547700.138,372.909,return,1,direct,
1890.901,T018,U04,319871.147,2548069.379,273.057,cruise,1,direct,
1895.0,T003,U08,318686.201,2545556.139,152.851,return,1,direct,
1895.0,T009,U02,318686.201,2545556.139,311.711,return,1,direct,
1895.0,T010,U03,318220.76,2547641.579,372.909,return,1,direct,
1895.901,T018,U04,319896.734,2548123.65,273.057,cruise,1,direct,
1900.0,T003,U08,318686.201,2545556.139,142.851,return,1,direct,
1900.0,T009,U02,318686.201,2545556.139,299.211,return,1,direct,
1900.0,T010,U03,318233.829,2547583.02,372.909,return,1,direct,
1900.47,T008,U06,318686.201,2545556.139,127.7,ascent,1,direct,
1900.901,T018,U04,319922.322,2548177.92,273.057,cruise,1,direct,
1905.0,T003,U08,318686.201,2545556.139,132.851,return,1,direct,
1905.0,T009,U02,318686.201,2545556.139,286.711,return,1,direct,
1905.0,T010,U03,318246.899,2547524.461,372.909,return,1,direct,
1905.47,T008,U06,318686.201,2545556.139,142.7,ascent,1,direct,
1905.901,T018,U04,319947.909,2548232.191,273.057,cruise,1,direct,
1910.0,T009,U02,318686.201,2545556.139,274.211,return,1,direct,
1910.0,T010,U03,318259.969,2547465.901,372.909,return,1,direct,
1910.47,T008,U06,318686.201,2545556.139,157.7,ascent,1,direct,
1910.901,T018,U04,319973.497,2548286.461,273.057,cruise,1,direct,
1915.0,T009,U02,318686.201,2545556.139,261.711,return,1,direct,
1915.0,T010,U03,318273.038,2547407.342,372.909,return,1,direct,
1915.47,T008,U06,318686.201,2545556.139,172.7,ascent,1,direct,
1915.901,T018,U04,319988.6,2548318.494,267.935,descent,1,direct,
1920.0,T009,U02,318686.201,2545556.139,249.211,return,1,direct,
1920.0,T010,U03,318286.108,2547348.783,372.909,return,1,direct,
1920.47,T008,U06,318686.201,2545556.139,187.7,ascent,1,direct,
1920.901,T018,U04,319988.6,2548318.494,255.435,descent,1,direct,
1925.0,T009,U02,318686.201,2545556.139,236.711,return,1,direct,
1925.0,T010,U03,318299.177,2547290.224,372.909,return,1,direct,
1925.47,T008,U06,318686.201,2545556.139,202.7,ascent,1,direct,
1925.901,T018,U04,319988.6,2548318.494,242.935,descent,1,direct,
1930.0,T009,U02,318686.201,2545556.139,224.211,return,1,direct,
1930.0,T010,U03,318312.247,2547231.664,372.909,return,1,direct,
1930.47,T008,U06,318686.201,2545556.139,217.7,ascent,1,direct,
1930.901,T018,U04,319988.6,2548318.494,230.435,descent,1,direct,
1935.0,T009,U02,318686.201,2545556.139,211.711,return,1,direct,
1935.0,T010,U03,318325.317,2547173.105,372.909,return,1,direct,
1935.47,T008,U06,318686.201,2545556.139,232.7,ascent,1,direct,
1935.901,T018,U04,319988.6,2548318.494,217.935,descent,1,direct,
1940.0,T009,U02,318686.201,2545556.139,199.211,return,1,direct,
1940.0,T010,U03,318338.386,2547114.546,372.909,return,1,direct,
1940.47,T008,U06,318686.201,2545556.139,247.7,ascent,1,direct,
1940.901,T018,U04,319988.6,2548318.494,205.435,descent,1,direct,
1945.0,T009,U02,318686.201,2545556.139,186.711,return,1,direct,
1945.0,T010,U03,318351.456,2547055.987,372.909,return,1,direct,
1945.47,T008,U06,318686.201,2545556.139,262.7,ascent,1,direct,
1945.901,T018,U04,319988.6,2548318.494,192.935,descent,1,direct,
1950.0,T009,U02,318686.201,2545556.139,174.211,return,1,direct,
1950.0,T010,U03,318364.526,2546997.427,372.909,return,1,direct,
1950.47,T008,U06,318686.201,2545556.139,277.7,ascent,1,direct,
1950.901,T018,U04,319988.6,2548318.494,184,handover,1,direct,
1955.0,T009,U02,318686.201,2545556.139,161.711,return,1,direct,
1955.0,T010,U03,318377.595,2546938.868,372.909,return,1,direct,
1955.47,T008,U06,318686.201,2545556.139,292.7,ascent,1,direct,
1955.901,T018,U04,319988.6,2548318.494,184,handover,1,direct,
1960.0,T009,U02,318686.201,2545556.139,149.211,return,1,direct,
1960.0,T010,U03,318390.665,2546880.309,372.909,return,1,direct,
1960.47,T008,U06,318686.201,2545556.139,307.7,ascent,1,direct,
1960.901,T018,U04,319988.6,2548318.494,184,handover,1,direct,
1965.0,T009,U02,318686.201,2545556.139,136.711,return,1,direct,
1965.0,T010,U03,318403.734,2546821.75,372.909,return,1,direct,
1965.47,T008,U06,318686.201,2545556.139,322.7,ascent,1,direct,
1965.901,T018,U04,319988.6,2548318.494,184,handover,1,direct,
1970.0,T010,U03,318416.804,2546763.191,372.909,return,1,direct,
1970.47,T008,U06,318686.201,2545556.139,337.7,ascent,1,direct,
1970.901,T018,U04,319988.6,2548318.494,184,handover,1,direct,
1975.0,T010,U03,318429.874,2546704.631,372.909,return,1,direct,
1975.47,T008,U06,318686.201,2545556.139,352.7,ascent,1,direct,
1975.56,T005,U07,318686.201,2545556.139,127.7,ascent,1,direct,
1975.901,T018,U04,319988.6,2548318.494,184,handover,1,direct,
1980.0,T010,U03,318442.943,2546646.072,372.909,return,1,direct,
1980.47,T008,U06,318686.201,2545556.139,367.7,ascent,1,direct,
1980.56,T005,U07,318686.201,2545556.139,140.2,ascent,1,direct,
1980.901,T018,U04,319988.6,2548318.494,184,handover,1,direct,
1985.0,T010,U03,318456.013,2546587.513,372.909,return,1,direct,
1985.47,T008,U06,318686.201,2545556.139,382.7,ascent,1,direct,
1985.56,T005,U07,318686.201,2545556.139,152.7,ascent,1,direct,
1985.901,T018,U04,319988.6,2548318.494,184,handover,1,direct,
1990.0,T010,U03,318469.083,2546528.954,372.909,return,1,direct,
1990.47,T008,U06,318686.201,2545556.139,397.7,ascent,1,direct,
1990.56,T005,U07,318686.201,2545556.139,165.2,ascent,1,direct,
1990.901,T018,U04,319988.6,2548318.494,184,handover,1,direct,
1995.0,T010,U03,318482.152,2546470.394,372.909,return,1,direct,
1995.47,T008,U06,318686.201,2545556.139,412.7,ascent,1,direct,
1995.56,T005,U07,318686.201,2545556.139,177.7,ascent,1,direct,
1995.901,T018,U04,319988.6,2548318.494,184,handover,1,direct,
2000.0,T010,U03,318495.222,2546411.835,372.909,return,1,direct,
2000.47,T008,U06,318738.993,2545605.091,413.301,cruise,1,direct,
2000.56,T005,U07,318686.201,2545556.139,190.2,ascent,1,direct,
2000.901,T018,U04,319988.6,2548318.494,184,handover,1,direct,
2005.0,T010,U03,318508.291,2546353.276,372.909,return,1,direct,
2005.47,T008,U06,318793.989,2545656.086,413.301,cruise,1,direct,
2005.56,T005,U07,318686.201,2545556.139,202.7,ascent,1,direct,
2005.901,T018,U04,319988.6,2548318.494,184,handover,1,direct,
2010.0,T010,U03,318521.361,2546294.717,372.909,return,1,direct,
2010.47,T008,U06,318848.984,2545707.081,413.301,cruise,1,direct,
2010.56,T005,U07,318686.201,2545556.139,215.2,ascent,1,direct,
2010.901,T018,U04,319988.6,2548318.494,184,handover,1,direct,
2014.859,T019,U01,318686.201,2545556.139,127.7,ascent,1,direct,
2015.0,T010,U03,318534.431,2546236.157,372.909,return,1,direct,
2015.47,T008,U06,318903.98,2545758.076,413.301,cruise,1,direct,
2015.56,T005,U07,318686.201,2545556.139,227.7,ascent,1,direct,
2015.901,T018,U04,319988.6,2548318.494,184,handover,1,direct,
2019.859,T019,U01,318686.201,2545556.139,142.7,ascent,1,direct,
2020.0,T010,U03,318547.5,2546177.598,372.909,return,1,direct,
2020.47,T008,U06,318958.975,2545809.071,413.301,cruise,1,direct,
2020.56,T005,U07,318686.201,2545556.139,240.2,ascent,1,direct,
2020.901,T018,U04,319988.6,2548318.494,184,handover,1,direct,
2024.859,T019,U01,318686.201,2545556.139,157.7,ascent,1,direct,
2025.0,T010,U03,318560.57,2546119.039,372.909,return,1,direct,
2025.47,T008,U06,319013.971,2545860.066,413.301,cruise,1,direct,
2025.56,T005,U07,318686.201,2545556.139,252.7,ascent,1,direct,
2025.901,T018,U04,319988.6,2548318.494,184,handover,1,direct,
2029.859,T019,U01,318686.201,2545556.139,172.7,ascent,1,direct,
2030.0,T010,U03,318573.639,2546060.48,372.909,return,1,direct,
2030.47,T008,U06,319068.966,2545911.062,413.301,cruise,1,direct,
2030.56,T005,U07,318686.201,2545556.139,265.2,ascent,1,direct,
2030.901,T018,U04,319988.6,2548318.494,184,handover,1,direct,
2034.859,T019,U01,318686.201,2545556.139,187.7,ascent,1,direct,
2035.0,T010,U03,318586.709,2546001.92,372.909,return,1,direct,
2035.47,T008,U06,319123.962,2545962.057,413.301,cruise,1,direct,
2035.56,T005,U07,318698.083,2545581.339,273.057,cruise,1,direct,
2035.901,T018,U04,319988.6,2548318.494,184,handover,1,direct,
2039.859,T019,U01,318686.201,2545556.139,202.7,ascent,1,direct,
2040.0,T010,U03,318599.779,2545943.361,372.909,return,1,direct,
2040.47,T008,U06,319178.957,2546013.052,413.301,cruise,1,direct,
2040.56,T005,U07,318730.067,2545649.177,273.057,cruise,1,direct,
2040.901,T018,U04,319988.6,2548318.494,184,handover,1,direct,
2044.859,T019,U01,318686.201,2545556.139,217.7,ascent,1,direct,
2045.0,T010,U03,318612.848,2545884.802,372.909,return,1,direct,
2045.47,T008,U06,319233.953,2546064.047,413.301,cruise,1,direct,
2045.56,T005,U07,318762.051,2545717.015,273.057,cruise,1,direct,
2045.901,T018,U04,319988.6,2548318.494,184,handover,1,direct,
2049.859,T019,U01,318686.201,2545556.139,232.7,ascent,1,direct,
2050.0,T010,U03,318625.918,2545826.243,372.909,return,1,direct,
2050.47,T008,U06,319288.948,2546115.042,413.301,cruise,1,direct,
2050.56,T005,U07,318794.036,2545784.853,273.057,cruise,1,direct,
2050.901,T018,U04,319988.6,2548318.494,184,handover,1,direct,
2054.859,T019,U01,318686.201,2545556.139,247.7,ascent,1,direct,
2055.0,T010,U03,318638.988,2545767.683,372.909,return,1,direct,
2055.47,T008,U06,319343.944,2546166.037,413.301,cruise,1,direct,
2055.56,T005,U07,318826.02,2545852.691,273.057,cruise,1,direct,
2055.901,T018,U04,319988.6,2548318.494,184,handover,1,direct,
2059.859,T019,U01,318686.201,2545556.139,262.7,ascent,1,direct,
2060.0,T010,U03,318652.057,2545709.124,372.909,return,1,direct,
2060.47,T008,U06,319398.939,2546217.032,413.301,cruise,1,direct,
2060.56,T005,U07,318858.004,2545920.529,273.057,cruise,1,direct,
2060.901,T018,U04,319988.6,2548318.494,184,handover,1,direct,
2064.859,T019,U01,318686.201,2545556.139,277.7,ascent,1,direct,
2065.0,T010,U03,318665.127,2545650.565,372.909,return,1,direct,
2065.47,T008,U06,319453.935,2546268.027,413.301,cruise,1,direct,
2065.56,T005,U07,318889.989,2545988.367,273.057,cruise,1,direct,
2065.901,T018,U04,319988.6,2548318.494,184,handover,1,direct,
2069.859,T019,U01,318686.201,2545556.139,292.7,ascent,1,direct,
2070.0,T010,U03,318678.196,2545592.006,372.909,return,1,direct,
2070.47,T008,U06,319508.93,2546319.022,413.301,cruise,1,direct,
2070.56,T005,U07,318921.973,2546056.205,273.057,cruise,1,direct,
2070.901,T018,U04,319988.6,2548318.494,184,handover,1,direct,
2074.859,T019,U01,318686.201,2545556.139,307.7,ascent,1,direct,
2075.0,T010,U03,318686.201,2545556.139,368.065,return,1,direct,
2075.47,T008,U06,319563.926,2546370.017,413.301,cruise,1,direct,
2075.56,T005,U07,318953.957,2546124.044,273.057,cruise,1,direct,
2075.901,T018,U04,319988.6,2548318.494,184,handover,1,direct,
2079.859,T019,U01,318686.201,2545556.139,322.7,ascent,1,direct,
2080.0,T010,U03,318686.201,2545556.139,355.565,return,1,direct,
2080.47,T008,U06,319618.921,2546421.012,413.301,cruise,1,direct,
2080.56,T005,U07,318985.942,2546191.882,273.057,cruise,1,direct,
2080.901,T018,U04,319988.6,2548318.494,184,handover,1,direct,
2084.859,T019,U01,318686.201,2545556.139,337.7,ascent,1,direct,
2085.0,T010,U03,318686.201,2545556.139,343.065,return,1,direct,
2085.47,T008,U06,319673.917,2546472.007,413.301,cruise,1,direct,
2085.56,T005,U07,319017.926,2546259.72,273.057,cruise,1,direct,
2085.901,T018,U04,319988.6,2548318.494,184,handover,1,direct,
2089.859,T019,U01,318686.201,2545556.139,352.7,ascent,1,direct,
2090.0,T010,U03,318686.201,2545556.139,330.565,return,1,direct,
2090.47,T008,U06,319728.912,2546523.002,413.301,cruise,1,direct,
2090.56,T005,U07,319049.911,2546327.558,273.057,cruise,1,direct,
2090.901,T018,U04,319988.6,2548318.494,184,handover,1,direct,
2094.859,T019,U01,318679.793,2545556.04,366.098,cruise,1,direct,
2095.0,T010,U03,318686.201,2545556.139,318.065,return,1,direct,
2095.47,T008,U06,319783.908,2546573.997,413.301,cruise,1,direct,
2095.56,T005,U07,319081.895,2546395.396,273.057,cruise,1,direct,
2095.901,T018,U04,319988.6,2548318.494,184,handover,1,direct,
2099.859,T019,U01,318619.801,2545555.112,366.098,cruise,1,direct,
2100.0,T010,U03,318686.201,2545556.139,305.565,return,1,direct,
2100.47,T008,U06,319838.903,2546624.992,413.301,cruise,1,direct,
2100.56,T005,U07,319113.879,2546463.234,273.057,cruise,1,direct,
2100.901,T018,U04,319988.6,2548318.494,184,handover,1,direct,
2104.859,T019,U01,318559.808,2545554.183,366.098,cruise,1,direct,
2105.0,T010,U03,318686.201,2545556.139,293.065,return,1,direct,
2105.47,T008,U06,319893.899,2546675.987,413.301,cruise,1,direct,
2105.56,T005,U07,319145.864,2546531.072,273.057,cruise,1,direct,
2105.901,T018,U04,319988.6,2548318.494,184,handover,1,direct,
2109.859,T019,U01,318499.815,2545553.255,366.098,cruise,1,direct,
2110.0,T010,U03,318686.201,2545556.139,280.565,return,1,direct,
2110.47,T008,U06,319948.894,2546726.982,413.301,cruise,1,direct,
2110.56,T005,U07,319177.848,2546598.91,273.057,cruise,1,direct,
2110.901,T018,U04,319988.6,2548318.494,184,handover,1,direct,
2114.859,T019,U01,318439.822,2545552.326,366.098,cruise,1,direct,
2115.0,T010,U03,318686.201,2545556.139,268.065,return,1,direct,
2115.47,T008,U06,320003.89,2546777.977,413.301,cruise,1,direct,
2115.56,T005,U07,319209.832,2546666.748,273.057,cruise,1,direct,
2115.901,T018,U04,319988.6,2548318.494,184,handover,1,direct,
2119.859,T019,U01,318379.829,2545551.398,366.098,cruise,1,direct,
2120.0,T010,U03,318686.201,2545556.139,255.565,return,1,direct,
2120.47,T008,U06,320058.885,2546828.973,413.301,cruise,1,direct,
2120.56,T005,U07,319241.817,2546734.586,273.057,cruise,1,direct,
2120.901,T018,U04,319988.6,2548318.494,184,handover,1,direct,
2124.859,T019,U01,318319.837,2545550.469,366.098,cruise,1,direct,
2125.0,T010,U03,318686.201,2545556.139,243.065,return,1,direct,
2125.47,T008,U06,320113.881,2546879.968,413.301,cruise,1,direct,
2125.56,T005,U07,319273.801,2546802.424,273.057,cruise,1,direct,
2125.901,T018,U04,319988.6,2548318.494,184,handover,1,direct,
2129.859,T019,U01,318259.844,2545549.541,366.098,cruise,1,direct,
2130.0,T010,U03,318686.201,2545556.139,230.565,return,1,direct,
2130.47,T008,U06,320168.876,2546930.963,413.301,cruise,1,direct,
2130.56,T005,U07,319305.786,2546870.262,273.057,cruise,1,direct,
2130.901,T018,U04,319988.6,2548318.494,184,handover,1,direct,
2134.859,T019,U01,318199.851,2545548.613,366.098,cruise,1,direct,
2135.0,T010,U03,318686.201,2545556.139,218.065,return,1,direct,
2135.47,T008,U06,320223.872,2546981.958,413.301,cruise,1,direct,
2135.56,T005,U07,319337.77,2546938.1,273.057,cruise,1,direct,
2135.901,T018,U04,319988.6,2548318.494,184,handover,1,direct,
2139.859,T019,U01,318139.858,2545547.684,366.098,cruise,1,direct,
2140.0,T010,U03,318686.201,2545556.139,205.565,return,1,direct,
2140.47,T008,U06,320278.867,2547032.953,413.301,cruise,1,direct,
2140.56,T005,U07,319369.754,2547005.938,273.057,cruise,1,direct,
2140.901,T018,U04,319988.6,2548318.494,184,handover,1,direct,
2144.859,T019,U01,318079.865,2545546.756,366.098,cruise,1,direct,
2145.0,T010,U03,318686.201,2545556.139,193.065,return,1,direct,
2145.47,T008,U06,320333.863,2547083.948,413.301,cruise,1,direct,
2145.56,T005,U07,319401.739,2547073.776,273.057,cruise,1,direct,
2145.901,T018,U04,319988.6,2548318.494,184,handover,1,direct,
2149.859,T019,U01,318019.872,2545545.827,366.098,cruise,1,direct,
2150.0,T010,U03,318686.201,2545556.139,180.565,return,1,direct,
2150.47,T008,U06,320388.858,2547134.943,413.301,cruise,1,direct,
2150.56,T005,U07,319433.723,2547141.614,273.057,cruise,1,direct,
2150.901,T018,U04,319988.6,2548318.494,184,handover,1,direct,
2154.859,T019,U01,317959.88,2545544.899,366.098,cruise,1,direct,
2155.0,T010,U03,318686.201,2545556.139,168.065,return,1,direct,
2155.47,T008,U06,320443.854,2547185.938,413.301,cruise,1,direct,
2155.56,T005,U07,319465.707,2547209.452,273.057,cruise,1,direct,
2155.901,T018,U04,319988.6,2548318.494,184,handover,1,direct,
2159.859,T019,U01,317899.887,2545543.97,366.098,cruise,1,direct,
2160.0,T010,U03,318686.201,2545556.139,155.565,return,1,direct,
2160.47,T008,U06,320498.849,2547236.933,413.301,cruise,1,direct,
2160.56,T005,U07,319497.692,2547277.29,273.057,cruise,1,direct,
2160.901,T018,U04,319988.6,2548318.494,188.278,return,1,direct,
2164.859,T019,U01,317839.894,2545543.042,366.098,cruise,1,direct,
2165.0,T010,U03,318686.201,2545556.139,143.065,return,1,direct,
2165.47,T008,U06,320553.845,2547287.928,413.301,cruise,1,direct,
2165.56,T005,U07,319529.676,2547345.128,273.057,cruise,1,direct,
2165.901,T018,U04,319988.6,2548318.494,203.278,return,1,direct,
2169.859,T019,U01,317779.901,2545542.113,366.098,cruise,1,direct,
2170.0,T010,U03,318686.201,2545556.139,130.565,return,1,direct,
2170.47,T008,U06,320608.84,2547338.923,413.301,cruise,1,direct,
2170.56,T005,U07,319561.66,2547412.966,273.057,cruise,1,direct,
2170.901,T018,U04,319988.6,2548318.494,218.278,return,1,direct,
2174.859,T019,U01,317719.908,2545541.185,366.098,cruise,1,direct,
2175.47,T008,U06,320663.836,2547389.918,413.301,cruise,1,direct,
2175.56,T005,U07,319593.645,2547480.804,273.057,cruise,1,direct,
2175.901,T018,U04,319988.6,2548318.494,233.278,return,1,direct,
2179.859,T019,U01,317659.916,2545540.256,366.098,cruise,1,direct,
2180.47,T008,U06,320718.831,2547440.913,413.301,cruise,1,direct,
2180.56,T005,U07,319625.629,2547548.642,273.057,cruise,1,direct,
2180.901,T018,U04,319988.6,2548318.494,248.278,return,1,direct,
2184.859,T019,U01,317599.923,2545539.328,366.098,cruise,1,direct,
2185.47,T008,U06,320773.827,2547491.908,413.301,cruise,1,direct,
2185.56,T005,U07,319657.614,2547616.481,273.057,cruise,1,direct,
2185.901,T018,U04,319988.6,2548318.494,263.278,return,1,direct,
2189.859,T019,U01,317539.93,2545538.4,366.098,cruise,1,direct,
2190.47,T008,U06,320828.822,2547542.903,413.301,cruise,1,direct,
2190.56,T005,U07,319689.598,2547684.319,273.057,cruise,1,direct,
2190.901,T018,U04,319979.693,2548299.602,273.057,return,1,direct,
2194.859,T019,U01,317479.937,2545537.471,366.098,cruise,1,direct,
2195.47,T008,U06,320883.818,2547593.898,413.301,cruise,1,direct,
2195.56,T005,U07,319721.582,2547752.157,273.057,cruise,1,direct,
2195.901,T018,U04,319954.105,2548245.332,273.057,return,1,direct,
2199.859,T019,U01,317419.944,2545536.543,366.098,cruise,1,direct,
2200.47,T008,U06,320938.813,2547644.893,413.301,cruise,1,direct,
2200.56,T005,U07,319753.567,2547819.995,273.057,cruise,1,direct,
2200.901,T018,U04,319928.518,2548191.061,273.057,return,1,direct,
2204.859,T019,U01,317359.951,2545535.614,366.098,cruise,1,direct,
2205.47,T008,U06,320993.809,2547695.888,413.301,cruise,1,direct,
2205.56,T005,U07,319785.551,2547887.833,273.057,cruise,1,direct,
2205.901,T018,U04,319902.93,2548136.791,273.057,return,1,direct,
2209.859,T019,U01,317299.959,2545534.686,366.098,cruise,1,direct,
2210.47,T008,U06,321048.804,2547746.884,413.301,cruise,1,direct,
2210.56,T005,U07,319817.535,2547955.671,273.057,cruise,1,direct,
2210.901,T018,U04,319877.343,2548082.52,273.057,return,1,direct,
2214.859,T019,U01,317239.966,2545533.757,366.098,cruise,1,direct,
2215.47,T008,U06,321103.8,2547797.879,413.301,cruise,1,direct,
2215.56,T005,U07,319849.52,2548023.509,273.057,cruise,1,direct,
2215.901,T018,U04,319851.755,2548028.25,273.057,return,1,direct,
2219.859,T019,U01,317179.973,2545532.829,366.098,cruise,1,direct,
2220.47,T008,U06,321158.795,2547848.874,413.301,cruise,1,direct,
2220.56,T005,U07,319881.504,2548091.347,273.057,cruise,1,direct,
2220.901,T018,U04,319826.168,2547973.979,273.057,return,1,direct,
2224.859,T019,U01,317119.98,2545531.9,366.098,cruise,1,direct,
2225.47,T008,U06,321213.791,2547899.869,413.301,cruise,1,direct,
2225.56,T005,U07,319913.488,2548159.185,273.057,cruise,1,direct,
2225.901,T018,U04,319800.58,2547919.709,273.057,return,1,direct,
2229.859,T019,U01,317059.987,2545530.972,366.098,cruise,1,direct,
2230.47,T008,U06,321268.786,2547950.864,413.301,cruise,1,direct,
2230.56,T005,U07,319945.473,2548227.023,273.057,cruise,1,direct,
2230.901,T018,U04,319774.993,2547865.439,273.057,return,1,direct,
2234.859,T019,U01,316999.995,2545530.043,366.098,cruise,1,direct,
2235.47,T008,U06,321323.782,2548001.859,413.301,cruise,1,direct,
2235.56,T005,U07,319977.457,2548294.861,273.057,cruise,1,direct,
2235.901,T018,U04,319749.405,2547811.168,273.057,return,1,direct,
2239.859,T019,U01,316940.002,2545529.115,366.098,cruise,1,direct,
2240.47,T008,U06,321378.777,2548052.854,413.301,cruise,1,direct,
2240.56,T005,U07,319988.6,2548318.494,266.54,descent,1,direct,
2240.901,T018,U04,319723.818,2547756.898,273.057,return,1,direct,
2244.859,T019,U01,316880.009,2545528.187,366.098,cruise,1,direct,
2245.47,T008,U06,321433.772,2548103.849,413.301,cruise,1,direct,
2245.56,T005,U07,319988.6,2548318.494,256.54,descent,1,direct,
2245.901,T018,U04,319698.23,2547702.627,273.057,return,1,direct,
2249.859,T019,U01,316820.016,2545527.258,366.098,cruise,1,direct,
2250.47,T008,U06,321488.768,2548154.844,413.301,cruise,1,direct,
2250.56,T005,U07,319988.6,2548318.494,246.54,descent,1,direct,
2250.901,T018,U04,319672.643,2547648.357,273.057,return,1,direct,
2254.859,T019,U01,316760.023,2545526.33,366.098,cruise,1,direct,
2255.47,T008,U06,321543.763,2548205.839,413.301,cruise,1,direct,
2255.56,T005,U07,319988.6,2548318.494,236.54,descent,1,direct,
2255.901,T018,U04,319647.055,2547594.086,273.057,return,1,direct,
2259.752,T013,U05,318686.201,2545556.139,127.7,ascent,1,direct,
2259.859,T019,U01,316700.03,2545525.401,366.098,cruise,1,direct,
2260.47,T008,U06,321598.759,2548256.834,413.301,cruise,0,outage,terrain_occlusion
2260.56,T005,U07,319988.6,2548318.494,226.54,descent,1,direct,
2260.901,T018,U04,319621.468,2547539.816,273.057,return,1,direct,
2264.752,T013,U05,318686.201,2545556.139,142.7,ascent,1,direct,
2264.859,T019,U01,316640.038,2545524.473,366.098,cruise,1,direct,
2265.47,T008,U06,321653.754,2548307.829,413.301,cruise,0,outage,terrain_occlusion
2265.56,T005,U07,319988.6,2548318.494,216.54,descent,1,direct,
2265.901,T018,U04,319595.88,2547485.546,273.057,return,1,direct,
2269.752,T013,U05,318686.201,2545556.139,157.7,ascent,1,direct,
2269.859,T019,U01,316580.045,2545523.544,366.098,cruise,1,direct,
2270.47,T008,U06,321708.75,2548358.824,413.301,cruise,0,outage,terrain_occlusion
2270.56,T005,U07,319988.6,2548318.494,206.54,descent,1,direct,
2270.901,T018,U04,319570.293,2547431.275,273.057,return,1,direct,
2274.752,T013,U05,318686.201,2545556.139,172.7,ascent,1,direct,
2274.859,T019,U01,316520.052,2545522.616,366.098,cruise,1,direct,
2275.47,T008,U06,321763.745,2548409.819,413.301,cruise,0,outage,terrain_occlusion
2275.56,T005,U07,319988.6,2548318.494,196.54,descent,1,direct,
2275.901,T018,U04,319544.705,2547377.005,273.057,return,1,direct,
2279.752,T013,U05,318686.201,2545556.139,187.7,ascent,1,direct,
2279.859,T019,U01,316460.059,2545521.687,366.098,cruise,1,direct,
2280.47,T008,U06,321818.741,2548460.814,413.301,cruise,0,outage,terrain_occlusion
2280.56,T005,U07,319988.6,2548318.494,186.54,descent,1,direct,
2280.901,T018,U04,319519.118,2547322.734,273.057,return,1,direct,
2284.752,T013,U05,318686.201,2545556.139,202.7,ascent,1,direct,
2284.859,T019,U01,316400.066,2545520.759,366.098,cruise,1,direct,
2285.47,T008,U06,321873.736,2548511.809,413.301,cruise,0,outage,terrain_occlusion
2285.56,T005,U07,319988.6,2548318.494,184,handover,1,direct,
2285.901,T018,U04,319493.53,2547268.464,273.057,return,1,direct,
2289.752,T013,U05,318686.201,2545556.139,217.7,ascent,1,direct,
2289.859,T019,U01,316340.074,2545519.831,366.098,cruise,1,direct,
2290.47,T008,U06,321928.732,2548562.804,413.301,cruise,0,outage,terrain_occlusion
2290.56,T005,U07,319988.6,2548318.494,184,handover,1,direct,
2290.901,T018,U04,319467.943,2547214.193,273.057,return,1,direct,
2294.752,T013,U05,318686.201,2545556.139,232.7,ascent,1,direct,
2294.859,T019,U01,316280.081,2545518.902,366.098,cruise,1,direct,
2295.47,T008,U06,321983.727,2548613.799,413.301,cruise,0,outage,terrain_occlusion
2295.56,T005,U07,319988.6,2548318.494,184,handover,1,direct,
2295.901,T018,U04,319442.355,2547159.923,273.057,return,1,direct,
2299.752,T013,U05,318686.201,2545556.139,247.7,ascent,1,direct,
2299.859,T019,U01,316220.088,2545517.974,366.098,cruise,1,direct,
2300.47,T008,U06,322038.723,2548664.795,413.301,cruise,0,outage,terrain_occlusion
2300.56,T005,U07,319988.6,2548318.494,184,handover,1,direct,
2300.901,T018,U04,319416.768,2547105.653,273.057,return,1,direct,
2304.752,T013,U05,318686.201,2545556.139,262.7,ascent,1,direct,
2304.859,T019,U01,316160.095,2545517.045,366.098,cruise,1,direct,
2305.47,T008,U06,322093.718,2548715.79,413.301,cruise,0,outage,terrain_occlusion
2305.56,T005,U07,319988.6,2548318.494,184,handover,1,direct,
2305.901,T018,U04,319391.18,2547051.382,273.057,return,1,direct,
2309.752,T013,U05,318686.201,2545556.139,277.7,ascent,1,direct,
2309.859,T019,U01,316100.102,2545516.117,366.098,cruise,1,direct,
2310.47,T008,U06,322148.714,2548766.785,413.301,cruise,0,outage,terrain_occlusion
2310.56,T005,U07,319988.6,2548318.494,184,handover,1,direct,
2310.901,T018,U04,319365.593,2546997.112,273.057,return,1,direct,
2314.752,T013,U05,318686.201,2545556.139,292.7,ascent,1,direct,
2314.859,T019,U01,316040.11,2545515.188,366.098,cruise,1,direct,
2315.47,T008,U06,322203.709,2548817.78,413.301,cruise,0,outage,terrain_occlusion
2315.56,T005,U07,319988.6,2548318.494,184,handover,1,direct,
2315.901,T018,U04,319340.005,2546942.841,273.057,return,1,direct,
2319.752,T013,U05,318663.211,2545613.387,295.362,cruise,1,direct,
2319.859,T019,U01,315980.117,2545514.26,366.098,cruise,1,direct,
2320.47,T008,U06,322258.705,2548868.775,413.301,cruise,0,outage,terrain_occlusion
2320.56,T005,U07,319988.6,2548318.494,184,handover,1,direct,
2320.901,T018,U04,319314.418,2546888.571,273.057,return,1,direct,
2324.752,T013,U05,318635.26,2545682.984,295.362,cruise,1,direct,
2324.859,T019,U01,315920.124,2545513.331,366.098,cruise,1,direct,
2325.47,T008,U06,322313.7,2548919.77,413.301,cruise,0,outage,terrain_occlusion
2325.56,T005,U07,319988.6,2548318.494,184,handover,1,direct,
2325.901,T018,U04,319288.83,2546834.3,273.057,return,1,direct,
2329.752,T013,U05,318607.31,2545752.581,295.362,cruise,1,direct,
2329.859,T019,U01,315860.131,2545512.403,366.098,cruise,1,direct,
2330.47,T008,U06,322368.696,2548970.765,413.301,cruise,0,outage,terrain_occlusion
2330.56,T005,U07,319988.6,2548318.494,184,handover,1,direct,
2330.901,T018,U04,319263.243,2546780.03,273.057,return,1,direct,
2334.752,T013,U05,318579.36,2545822.178,295.362,cruise,1,direct,
2334.859,T019,U01,315800.138,2545511.474,366.098,cruise,1,direct,
2335.47,T008,U06,322423.691,2549021.76,413.301,cruise,0,outage,terrain_occlusion
2335.56,T005,U07,319988.6,2548318.494,184,handover,1,direct,
2335.901,T018,U04,319237.655,2546725.759,273.057,return,1,direct,
2339.752,T013,U05,318551.409,2545891.776,295.362,cruise,1,direct,
2339.859,T019,U01,315740.145,2545510.546,366.098,cruise,1,direct,
2340.47,T008,U06,322478.687,2549072.755,413.301,cruise,0,outage,terrain_occlusion
2340.56,T005,U07,319988.6,2548318.494,184,handover,1,direct,
2340.901,T018,U04,319212.068,2546671.489,273.057,return,1,direct,
2344.752,T013,U05,318523.459,2545961.373,295.362,cruise,1,direct,
2344.859,T019,U01,315680.153,2545509.618,366.098,cruise,1,direct,
2345.47,T008,U06,322533.682,2549123.75,413.301,cruise,0,outage,terrain_occlusion
2345.56,T005,U07,319988.6,2548318.494,184,handover,1,direct,
2345.901,T018,U04,319186.48,2546617.219,273.057,return,1,direct,
2349.752,T013,U05,318495.509,2546030.97,295.362,cruise,1,direct,
2349.859,T019,U01,315620.16,2545508.689,366.098,cruise,1,direct,
2350.47,T008,U06,322588.678,2549174.745,413.301,cruise,0,outage,terrain_occlusion
2350.56,T005,U07,319988.6,2548318.494,184,handover,1,direct,
2350.901,T018,U04,319160.893,2546562.948,273.057,return,1,direct,
2354.752,T013,U05,318467.559,2546100.567,295.362,cruise,1,direct,
2354.859,T019,U01,315560.167,2545507.761,366.098,cruise,1,direct,
2355.47,T008,U06,322643.673,2549225.74,413.301,cruise,0,outage,terrain_occlusion
2355.56,T005,U07,319988.6,2548318.494,184,handover,1,direct,
2355.901,T018,U04,319135.305,2546508.678,273.057,return,1,direct,
2359.752,T013,U05,318439.608,2546170.165,295.362,cruise,1,direct,
2359.859,T019,U01,315500.332,2545506.835,366.065,descent,1,direct,
2360.47,T008,U06,322698.669,2549276.735,413.301,cruise,0,outage,terrain_occlusion
2360.56,T005,U07,319988.6,2548318.494,184,handover,1,direct,
2360.901,T018,U04,319109.718,2546454.407,273.057,return,1,direct,
2364.752,T013,U05,318411.658,2546239.762,295.362,cruise,1,direct,
2364.859,T019,U01,315500.332,2545506.835,353.565,descent,1,direct,
2365.47,T008,U06,322753.664,2549327.73,413.301,cruise,0,outage,terrain_occlusion
2365.56,T005,U07,319988.6,2548318.494,184,handover,1,direct,
2365.901,T018,U04,319084.13,2546400.137,273.057,return,1,direct,
2369.752,T013,U05,318383.708,2546309.359,295.362,cruise,1,direct,
2369.859,T019,U01,315500.332,2545506.835,341.065,descent,1,direct,
2370.47,T008,U06,322808.66,2549378.725,413.301,cruise,0,outage,terrain_occlusion
2370.56,T005,U07,319988.6,2548318.494,184,handover,1,direct,
2370.901,T018,U04,319058.543,2546345.866,273.057,return,1,direct,
2374.752,T013,U05,318355.757,2546378.956,295.362,cruise,1,direct,
2374.859,T019,U01,315500.332,2545506.835,328.565,descent,1,direct,
2375.47,T008,U06,322863.655,2549429.72,413.301,cruise,0,outage,terrain_occlusion
2375.56,T005,U07,319988.6,2548318.494,184,handover,1,direct,
2375.901,T018,U04,319032.955,2546291.596,273.057,return,1,direct,
2379.752,T013,U05,318327.807,2546448.554,295.362,cruise,1,direct,
2379.859,T019,U01,315500.332,2545506.835,316.065,descent,1,direct,
2380.47,T008,U06,322918.651,2549480.715,413.301,cruise,0,outage,terrain_occlusion
2380.56,T005,U07,319988.6,2548318.494,184,handover,1,direct,
2380.901,T018,U04,319007.368,2546237.326,273.057,return,1,direct,
2384.752,T013,U05,318299.857,2546518.151,295.362,cruise,1,direct,
2384.859,T019,U01,315500.332,2545506.835,314.8,handover,1,direct,
2385.47,T008,U06,322973.646,2549531.71,413.301,cruise,0,outage,terrain_occlusion
2385.56,T005,U07,319988.6,2548318.494,184,handover,1,direct,
2385.901,T018,U04,318981.78,2546183.055,273.057,return,1,direct,
2387.575,T007,U08,318686.201,2545556.139,127.7,ascent,1,direct,
2389.752,T013,U05,318271.906,2546587.748,295.362,cruise,1,direct,
2389.859,T019,U01,315500.332,2545506.835,314.8,handover,1,direct,
2390.47,T008,U06,323028.642,2549582.706,413.301,cruise,0,outage,terrain_occlusion
2390.56,T005,U07,319988.6,2548318.494,184,handover,1,direct,
2390.901,T018,U04,318956.193,2546128.785,273.057,return,1,direct,
2392.575,T007,U08,318686.201,2545556.139,140.2,ascent,1,direct,
2394.752,T013,U05,318243.956,2546657.346,295.362,cruise,1,direct,
2394.859,T019,U01,315500.332,2545506.835,314.8,handover,1,direct,
2395.47,T008,U06,323083.637,2549633.701,413.301,cruise,0,outage,terrain_occlusion
2395.56,T005,U07,319988.6,2548318.494,184,handover,1,direct,
2395.901,T018,U04,318930.605,2546074.514,273.057,return,1,direct,
2397.575,T007,U08,318686.201,2545556.139,152.7,ascent,1,direct,
2399.752,T013,U05,318216.006,2546726.943,295.362,cruise,1,direct,
2399.859,T019,U01,315500.332,2545506.835,314.8,handover,1,direct,
2400.47,T008,U06,323138.633,2549684.696,413.301,cruise,0,outage,terrain_occlusion
2400.56,T005,U07,319988.6,2548318.494,184,handover,1,direct,
2400.901,T018,U04,318905.018,2546020.244,273.057,return,1,direct,
2402.575,T007,U08,318686.201,2545556.139,165.2,ascent,1,direct,
2404.752,T013,U05,318188.055,2546796.54,295.362,cruise,1,direct,
2404.859,T019,U01,315500.332,2545506.835,314.8,handover,1,direct,
2405.47,T008,U06,323193.628,2549735.691,413.301,cruise,0,outage,terrain_occlusion
2405.56,T005,U07,319988.6,2548318.494,184,handover,1,direct,
2405.901,T018,U04,318879.43,2545965.973,273.057,return,1,direct,
2407.575,T007,U08,318686.201,2545556.139,177.7,ascent,1,direct,
2409.752,T013,U05,318160.105,2546866.137,295.362,cruise,1,direct,
2409.859,T019,U01,315500.332,2545506.835,314.8,handover,1,direct,
2410.47,T008,U06,323248.624,2549786.686,413.301,cruise,0,outage,terrain_occlusion
2410.56,T005,U07,319988.6,2548318.494,184,handover,1,direct,
2410.901,T018,U04,318853.843,2545911.703,273.057,return,1,direct,
2412.575,T007,U08,318686.201,2545556.139,190.2,ascent,1,direct,
2414.752,T013,U05,318132.155,2546935.735,295.362,cruise,1,direct,
2414.859,T019,U01,315500.332,2545506.835,314.8,handover,1,direct,
2415.47,T008,U06,323303.619,2549837.681,413.301,cruise,0,outage,terrain_occlusion
2415.56,T005,U07,319988.6,2548318.494,184,handover,1,direct,
2415.901,T018,U04,318828.255,2545857.432,273.057,return,1,direct,
2417.575,T007,U08,318686.201,2545556.139,202.7,ascent,1,direct,
2419.752,T013,U05,318104.204,2547005.332,295.362,cruise,1,direct,
2419.859,T019,U01,315500.332,2545506.835,314.8,handover,1,direct,
2420.47,T008,U06,323358.615,2549888.676,413.301,cruise,0,outage,terrain_occlusion
2420.56,T005,U07,319988.6,2548318.494,184,handover,1,direct,
2420.901,T018,U04,318802.668,2545803.162,273.057,return,1,direct,
2422.575,T007,U08,318686.201,2545556.139,215.2,ascent,1,direct,
2424.752,T013,U05,318076.254,2547074.929,295.362,cruise,1,direct,
2424.859,T019,U01,315500.332,2545506.835,314.8,handover,1,direct,
2425.47,T008,U06,323413.61,2549939.671,413.301,cruise,0,outage,terrain_occlusion
2425.56,T005,U07,319988.6,2548318.494,184,handover,1,direct,
2425.901,T018,U04,318777.08,2545748.892,273.057,return,1,direct,
2427.575,T007,U08,318686.201,2545556.139,227.7,ascent,1,direct,
2429.752,T013,U05,318048.304,2547144.526,295.362,cruise,1,direct,
2429.859,T019,U01,315500.332,2545506.835,314.8,handover,1,direct,
2430.47,T008,U06,323468.606,2549990.666,413.301,cruise,0,outage,terrain_occlusion
2430.56,T005,U07,319988.6,2548318.494,184,handover,1,direct,
2430.901,T018,U04,318751.493,2545694.621,273.057,return,1,direct,
2432.575,T007,U08,318686.201,2545556.139,240.2,ascent,1,direct,
2434.752,T013,U05,318020.353,2547214.124,295.362,cruise,1,direct,
2434.859,T019,U01,315500.332,2545506.835,314.8,handover,1,direct,
2435.47,T008,U06,323523.601,2550041.661,413.301,cruise,0,outage,terrain_occlusion
2435.56,T005,U07,319988.6,2548318.494,184,handover,1,direct,
2435.901,T018,U04,318725.905,2545640.351,273.057,return,1,direct,
2437.575,T007,U08,318686.201,2545556.139,252.7,ascent,1,direct,
2439.752,T013,U05,317992.403,2547283.721,295.362,cruise,1,direct,
2439.859,T019,U01,315500.332,2545506.835,314.8,handover,1,direct,
2440.47,T008,U06,323578.597,2550092.656,413.301,cruise,0,outage,terrain_occlusion
2440.56,T005,U07,319988.6,2548318.494,184,handover,1,direct,
2440.901,T018,U04,318700.318,2545586.08,273.057,return,1,direct,
2442.575,T007,U08,318686.201,2545556.139,265.2,ascent,1,direct,
2444.752,T013,U05,317964.453,2547353.318,295.362,cruise,1,direct,
2444.859,T019,U01,315500.332,2545506.835,314.8,handover,1,direct,
2445.47,T008,U06,323633.592,2550143.651,413.301,cruise,0,outage,terrain_occlusion
2445.56,T005,U07,319988.6,2548318.494,184,handover,1,direct,
2445.901,T018,U04,318686.201,2545556.139,267.453,return,1,direct,
2447.575,T007,U08,318686.201,2545556.139,277.7,ascent,1,direct,
2449.752,T013,U05,317936.503,2547422.916,295.362,cruise,1,direct,
2449.859,T019,U01,315500.332,2545506.835,314.8,handover,1,direct,
2450.47,T008,U06,323688.588,2550194.646,413.301,cruise,0,outage,terrain_occlusion
2450.56,T005,U07,319988.6,2548318.494,184,handover,1,direct,
2450.901,T018,U04,318686.201,2545556.139,254.953,return,1,direct,
2452.575,T007,U08,318686.201,2545556.139,290.2,ascent,1,direct,
2454.752,T013,U05,317908.552,2547492.513,295.362,cruise,1,direct,
2454.859,T019,U01,315500.332,2545506.835,314.8,handover,1,direct,
2455.47,T008,U06,323743.583,2550245.641,413.301,cruise,0,outage,terrain_occlusion
2455.56,T005,U07,319988.6,2548318.494,184,handover,1,direct,
2455.901,T018,U04,318686.201,2545556.139,242.453,return,1,direct,
2457.575,T007,U08,318686.201,2545556.139,302.7,ascent,1,direct,
2459.752,T013,U05,317880.602,2547562.11,295.362,cruise,1,direct,
2459.859,T019,U01,315500.332,2545506.835,314.8,handover,1,direct,
2460.47,T008,U06,323798.579,2550296.636,413.301,cruise,0,outage,terrain_occlusion
2460.56,T005,U07,319988.6,2548318.494,184,handover,1,direct,
2460.901,T018,U04,318686.201,2545556.139,229.953,return,1,direct,
2462.575,T007,U08,318700.971,2545590.581,308.954,cruise,1,direct,
2464.752,T013,U05,317852.652,2547631.707,295.362,cruise,1,direct,
2464.859,T019,U01,315500.332,2545506.835,314.8,handover,1,direct,
2465.47,T008,U06,323853.574,2550347.631,413.301,cruise,0,outage,terrain_occlusion
2465.56,T005,U07,319988.6,2548318.494,184,handover,1,direct,
2465.901,T018,U04,318686.201,2545556.139,217.453,return,1,direct,
2467.575,T007,U08,318730.53,2545659.51,308.954,cruise,1,direct,
2469.752,T013,U05,317824.701,2547701.305,295.362,cruise,1,direct,
2469.859,T019,U01,315500.332,2545506.835,314.8,handover,1,direct,
2470.47,T008,U06,323908.57,2550398.626,413.301,cruise,0,outage,terrain_occlusion
2470.56,T005,U07,319988.6,2548318.494,184,handover,1,direct,
2470.901,T018,U04,318686.201,2545556.139,204.953,return,1,direct,
2472.575,T007,U08,318760.089,2545728.439,308.954,cruise,1,direct,
2474.752,T013,U05,317796.751,2547770.902,295.362,cruise,1,direct,
2474.859,T019,U01,315500.332,2545506.835,314.8,handover,1,direct,
2475.47,T008,U06,323963.565,2550449.621,413.301,cruise,0,outage,terrain_occlusion
2475.56,T005,U07,319988.6,2548318.494,184,handover,1,direct,
2475.901,T018,U04,318686.201,2545556.139,192.453,return,1,direct,
2477.575,T007,U08,318789.648,2545797.369,308.954,cruise,1,direct,
2479.752,T013,U05,317768.801,2547840.499,295.362,cruise,1,direct,
2479.859,T019,U01,315500.332,2545506.835,314.8,handover,1,direct,
2480.47,T008,U06,324018.561,2550500.617,413.301,cruise,0,outage,terrain_occlusion
2480.56,T005,U07,319988.6,2548318.494,184,handover,1,direct,
2480.901,T018,U04,318686.201,2545556.139,179.953,return,1,direct,
2481.35,T020,U02,318686.201,2545556.139,127.7,ascent,1,direct,
2482.575,T007,U08,318819.208,2545866.298,308.954,cruise,1,direct,
2484.752,T013,U05,317740.85,2547910.096,295.362,cruise,1,direct,
2484.859,T019,U01,315500.332,2545506.835,314.8,handover,1,direct,
2485.47,T008,U06,324073.556,2550551.612,413.301,cruise,0,outage,terrain_occlusion
2485.56,T005,U07,319988.6,2548318.494,184,handover,1,direct,
2485.901,T018,U04,318686.201,2545556.139,167.453,return,1,direct,
2486.35,T020,U02,318686.201,2545556.139,142.7,ascent,1,direct,
2487.575,T007,U08,318848.767,2545935.227,308.954,cruise,1,direct,
2489.752,T013,U05,317712.9,2547979.694,295.362,cruise,1,direct,
2489.859,T019,U01,315500.332,2545506.835,314.8,handover,1,direct,
2490.47,T008,U06,324105.419,2550581.157,408.043,descent,0,outage,terrain_occlusion
2490.56,T005,U07,319988.6,2548318.494,184,handover,1,direct,
2490.901,T018,U04,318686.201,2545556.139,154.953,return,1,direct,
2491.35,T020,U02,318686.201,2545556.139,157.7,ascent,1,direct,
2492.575,T007,U08,318878.326,2546004.157,308.954,cruise,1,direct,
2494.752,T013,U05,317684.95,2548049.291,295.362,cruise,1,direct,
2494.859,T019,U01,315500.332,2545506.835,314.8,handover,1,direct,
2495.47,T008,U06,324105.419,2550581.157,395.543,descent,0,outage,terrain_occlusion
2495.56,T005,U07,319988.6,2548318.494,184,handover,1,direct,
2495.901,T018,U04,318686.201,2545556.139,142.453,return,1,direct,
2496.35,T020,U02,318686.201,2545556.139,172.7,ascent,1,direct,
2497.575,T007,U08,318907.885,2546073.086,308.954,cruise,1,direct,
2499.752,T013,U05,317656.999,2548118.888,295.362,cruise,1,direct,
2499.859,T019,U01,315500.332,2545506.835,314.8,handover,1,direct,
2500.47,T008,U06,324105.419,2550581.157,383.043,descent,0,outage,terrain_occlusion
2500.56,T005,U07,319988.6,2548318.494,184,handover,1,direct,
2500.901,T018,U04,318686.201,2545556.139,129.953,return,1,direct,
2501.35,T020,U02,318686.201,2545556.139,187.7,ascent,1,direct,
2502.575,T007,U08,318937.444,2546142.015,308.954,cruise,1,direct,
2504.752,T013,U05,317639.705,2548161.952,290.596,descent,1,direct,
2504.859,T019,U01,315500.332,2545506.835,314.8,handover,1,direct,
2505.47,T008,U06,324105.419,2550581.157,370.543,descent,0,outage,terrain_occlusion
2505.56,T005,U07,319988.6,2548318.494,184,handover,1,direct,
2506.35,T020,U02,318686.201,2545556.139,202.7,ascent,1,direct,
2507.575,T007,U08,318967.004,2546210.945,308.954,cruise,1,direct,
2509.752,T013,U05,317639.705,2548161.952,278.096,descent,1,direct,
2509.859,T019,U01,315500.332,2545506.835,314.8,handover,1,direct,
2510.47,T008,U06,324105.419,2550581.157,358.043,descent,0,outage,terrain_occlusion
2510.56,T005,U07,319988.6,2548318.494,184,handover,1,direct,
2511.35,T020,U02,318686.201,2545556.139,217.7,ascent,1,direct,
2512.575,T007,U08,318996.563,2546279.874,308.954,cruise,1,direct,
2514.752,T013,U05,317639.705,2548161.952,265.596,descent,1,direct,
2514.859,T019,U01,315500.332,2545506.835,314.8,handover,1,direct,
2515.47,T008,U06,324105.419,2550581.157,345.543,descent,0,outage,terrain_occlusion
2515.56,T005,U07,319988.6,2548318.494,184,handover,1,direct,
2516.35,T020,U02,318686.201,2545556.139,232.7,ascent,1,direct,
2517.575,T007,U08,319026.122,2546348.803,308.954,cruise,1,direct,
2519.752,T013,U05,317639.705,2548161.952,253.096,descent,1,direct,
2519.859,T019,U01,315500.332,2545506.835,314.8,handover,1,direct,
2520.47,T008,U06,324105.419,2550581.157,333.043,descent,0,outage,terrain_occlusion
2520.56,T005,U07,319988.6,2548318.494,184,handover,1,direct,
2521.35,T020,U02,318686.201,2545556.139,247.7,ascent,1,direct,
2522.575,T007,U08,319055.681,2546417.733,308.954,cruise,1,direct,
2524.752,T013,U05,317639.705,2548161.952,240.596,descent,1,direct,
2524.859,T019,U01,315500.332,2545506.835,314.8,handover,1,direct,
2525.47,T008,U06,324105.419,2550581.157,320.543,descent,0,outage,terrain_occlusion
2525.56,T005,U07,319988.6,2548318.494,184,handover,1,direct,
2526.35,T020,U02,318686.201,2545556.139,262.7,ascent,1,direct,
2527.575,T007,U08,319085.241,2546486.662,308.954,cruise,1,direct,
2529.752,T013,U05,317639.705,2548161.952,228.096,descent,1,direct,
2529.859,T019,U01,315500.332,2545506.835,314.8,handover,1,direct,
2530.47,T008,U06,324105.419,2550581.157,308.043,descent,0,outage,terrain_occlusion
2530.56,T005,U07,319988.6,2548318.494,184,handover,1,direct,
2531.35,T020,U02,318694.122,2545572.939,273.057,cruise,1,direct,
2532.575,T007,U08,319114.8,2546555.591,308.954,cruise,1,direct,
2534.752,T013,U05,317639.705,2548161.952,215.596,descent,1,direct,
2534.859,T019,U01,315500.332,2545506.835,314.8,handover,1,direct,
2535.47,T008,U06,324105.419,2550581.157,295.543,descent,0,outage,terrain_occlusion
2535.56,T005,U07,319988.6,2548318.494,184,handover,1,direct,
2536.35,T020,U02,318719.71,2545627.21,273.057,cruise,1,direct,
2537.575,T007,U08,319144.359,2546624.521,308.954,cruise,1,direct,
2539.752,T013,U05,317639.705,2548161.952,212.1,handover,1,direct,
2539.859,T019,U01,315500.332,2545506.835,314.8,handover,1,direct,
2540.47,T008,U06,324105.419,2550581.157,283.043,descent,0,outage,terrain_occlusion
2540.56,T005,U07,319988.6,2548318.494,184,handover,1,direct,
2541.35,T020,U02,318745.297,2545681.48,273.057,cruise,1,direct,
2542.575,T007,U08,319173.918,2546693.45,308.954,cruise,1,direct,
2544.752,T013,U05,317639.705,2548161.952,212.1,handover,1,direct,
2544.859,T019,U01,315500.332,2545506.835,314.8,handover,1,direct,
2545.47,T008,U06,324105.419,2550581.157,279.8,handover,0,outage,terrain_occlusion
2545.56,T005,U07,319988.6,2548318.494,184,handover,1,direct,
2546.35,T020,U02,318770.885,2545735.751,273.057,cruise,1,direct,
2547.575,T007,U08,319203.477,2546762.379,308.954,cruise,1,direct,
2549.752,T013,U05,317639.705,2548161.952,212.1,handover,1,direct,
2549.859,T019,U01,315500.332,2545506.835,314.8,handover,1,direct,
2550.47,T008,U06,324105.419,2550581.157,279.8,handover,0,outage,terrain_occlusion
2550.56,T005,U07,319988.6,2548318.494,184,handover,1,direct,
2551.35,T020,U02,318796.472,2545790.021,273.057,cruise,1,direct,
2552.575,T007,U08,319233.037,2546831.309,308.954,cruise,1,direct,
2554.752,T013,U05,317639.705,2548161.952,212.1,handover,1,direct,
2554.859,T019,U01,315500.332,2545506.835,314.8,handover,1,direct,
2555.47,T008,U06,324105.419,2550581.157,279.8,handover,0,outage,terrain_occlusion
2555.56,T005,U07,319988.6,2548318.494,184,handover,1,direct,
2556.35,T020,U02,318822.06,2545844.291,273.057,cruise,1,direct,
2557.575,T007,U08,319262.596,2546900.238,308.954,cruise,1,direct,
2559.752,T013,U05,317639.705,2548161.952,212.1,handover,1,direct,
2559.859,T019,U01,315500.332,2545506.835,314.8,handover,1,direct,
2560.47,T008,U06,324105.419,2550581.157,279.8,handover,0,outage,terrain_occlusion
2560.56,T005,U07,319988.6,2548318.494,184,handover,1,direct,
2561.35,T020,U02,318847.647,2545898.562,273.057,cruise,1,direct,
2562.575,T007,U08,319292.155,2546969.167,308.954,cruise,1,direct,
2564.752,T013,U05,317639.705,2548161.952,212.1,handover,1,direct,
2564.859,T019,U01,315500.332,2545506.835,328.282,ascent,1,direct,
2565.47,T008,U06,324105.419,2550581.157,279.8,handover,0,outage,terrain_occlusion
2565.56,T005,U07,319988.6,2548318.494,184,handover,1,direct,
2566.35,T020,U02,318873.235,2545952.832,273.057,cruise,1,direct,
2567.575,T007,U08,319321.714,2547038.097,308.954,cruise,1,direct,
2569.752,T013,U05,317639.705,2548161.952,212.1,handover,1,direct,
2569.859,T019,U01,315500.332,2545506.835,343.282,ascent,1,direct,
2570.47,T008,U06,324105.419,2550581.157,279.8,handover,0,outage,terrain_occlusion
2570.56,T005,U07,319988.6,2548318.494,184,handover,1,direct,
2571.35,T020,U02,318898.822,2546007.103,273.057,cruise,1,direct,
2572.575,T007,U08,319351.273,2547107.026,308.954,cruise,1,direct,
2574.752,T013,U05,317639.705,2548161.952,212.1,handover,1,direct,
2574.859,T019,U01,315500.332,2545506.835,358.282,ascent,1,direct,
2575.47,T008,U06,324105.419,2550581.157,279.8,handover,0,outage,terrain_occlusion
2575.56,T005,U07,319988.6,2548318.494,184,handover,1,direct,
2576.35,T020,U02,318924.41,2546061.373,273.057,cruise,1,direct,
2577.575,T007,U08,319380.833,2547175.955,308.954,cruise,1,direct,
2579.752,T013,U05,317639.705,2548161.952,212.1,handover,1,direct,
2579.859,T019,U01,315500.332,2545506.835,373.282,ascent,1,direct,
2580.47,T008,U06,324105.419,2550581.157,279.8,handover,0,outage,terrain_occlusion
2580.56,T005,U07,319988.6,2548318.494,184,handover,1,direct,
2581.35,T020,U02,318949.997,2546115.644,273.057,cruise,1,direct,
2582.575,T007,U08,319410.392,2547244.885,308.954,cruise,1,direct,
2584.752,T013,U05,317639.705,2548161.952,212.1,handover,1,direct,
2584.859,T019,U01,315500.332,2545506.835,388.282,ascent,1,direct,
2585.47,T008,U06,324105.419,2550581.157,279.8,handover,0,outage,terrain_occlusion
2585.56,T005,U07,319988.6,2548318.494,184,handover,1,direct,
2586.35,T020,U02,318975.585,2546169.914,273.057,cruise,1,direct,
2587.575,T007,U08,319439.951,2547313.814,308.954,cruise,1,direct,
2589.752,T013,U05,317639.705,2548161.952,212.1,handover,1,direct,
2589.859,T019,U01,315500.332,2545506.835,403.282,ascent,1,direct,
2590.47,T008,U06,324105.419,2550581.157,279.8,handover,0,outage,terrain_occlusion
2590.56,T005,U07,319988.6,2548318.494,184,handover,1,direct,
2591.35,T020,U02,319001.172,2546224.184,273.057,cruise,1,direct,
2592.575,T007,U08,319469.51,2547382.743,308.954,cruise,1,direct,
2594.752,T013,U05,317639.705,2548161.952,212.1,handover,1,direct,
2594.859,T019,U01,315500.332,2545506.835,418.282,ascent,1,direct,
2595.47,T008,U06,324105.419,2550581.157,279.8,handover,0,outage,terrain_occlusion
2595.56,T005,U07,319988.6,2548318.494,184,handover,1,direct,
2596.35,T020,U02,319026.76,2546278.455,273.057,cruise,1,direct,
2597.575,T007,U08,319499.069,2547451.673,308.954,cruise,1,direct,
2599.752,T013,U05,317639.705,2548161.952,212.1,handover,1,direct,
2599.859,T019,U01,315500.332,2545506.835,433.282,ascent,1,direct,
2600.47,T008,U06,324105.419,2550581.157,279.8,handover,0,outage,terrain_occlusion
2600.56,T005,U07,319988.6,2548318.494,184,handover,1,direct,
2601.35,T020,U02,319052.347,2546332.725,273.057,cruise,1,direct,
2602.575,T007,U08,319528.629,2547520.602,308.954,cruise,1,direct,
2604.752,T013,U05,317639.705,2548161.952,212.1,handover,1,direct,
2604.859,T019,U01,315500.332,2545506.835,448.282,ascent,1,direct,
2605.47,T008,U06,324105.419,2550581.157,279.8,handover,0,outage,terrain_occlusion
2605.56,T005,U07,319988.6,2548318.494,184,handover,1,direct,
2606.35,T020,U02,319077.935,2546386.996,273.057,cruise,1,direct,
2607.575,T007,U08,319558.188,2547589.531,308.954,cruise,1,direct,
2609.752,T013,U05,317639.705,2548161.952,212.1,handover,1,direct,
2609.859,T019,U01,315500.332,2545506.835,463.282,ascent,1,direct,
2610.47,T008,U06,324105.419,2550581.157,279.8,handover,0,outage,terrain_occlusion
2610.56,T005,U07,319988.6,2548318.494,184,handover,1,direct,
2611.35,T020,U02,319103.522,2546441.266,273.057,cruise,1,direct,
2612.575,T007,U08,319587.747,2547658.461,308.954,cruise,1,direct,
2614.752,T013,U05,317639.705,2548161.952,212.1,handover,1,direct,
2614.859,T019,U01,315500.332,2545506.835,478.282,ascent,1,direct,
2615.47,T008,U06,324105.419,2550581.157,279.8,handover,0,outage,terrain_occlusion
2615.56,T005,U07,319988.6,2548318.494,184,handover,1,direct,
2616.35,T020,U02,319129.11,2546495.537,273.057,cruise,1,direct,
2617.575,T007,U08,319617.306,2547727.39,308.954,cruise,1,direct,
2619.752,T013,U05,317639.705,2548161.952,212.1,handover,1,direct,
2619.859,T019,U01,315500.332,2545506.835,493.282,ascent,1,direct,
2620.47,T008,U06,324105.419,2550581.157,279.8,handover,0,outage,terrain_occlusion
2620.56,T005,U07,319988.6,2548318.494,184,handover,1,direct,
2621.35,T020,U02,319154.697,2546549.807,273.057,cruise,1,direct,
2622.575,T007,U08,319646.866,2547796.319,308.954,cruise,1,direct,
2624.752,T013,U05,317639.705,2548161.952,212.1,handover,1,direct,
2624.859,T019,U01,315500.332,2545506.835,508.282,ascent,1,direct,
2625.47,T008,U06,324105.419,2550581.157,279.8,handover,0,outage,terrain_occlusion
2625.56,T005,U07,319988.6,2548318.494,184,handover,1,direct,
2626.35,T020,U02,319180.285,2546604.078,273.057,cruise,1,direct,
2627.575,T007,U08,319676.425,2547865.249,308.954,cruise,1,direct,
2629.752,T013,U05,317639.705,2548161.952,212.1,handover,1,direct,
2629.859,T019,U01,315500.332,2545506.835,523.282,ascent,1,direct,
2630.47,T008,U06,324105.419,2550581.157,279.8,handover,0,outage,terrain_occlusion
2630.56,T005,U07,319988.6,2548318.494,184,handover,1,direct,
2631.35,T020,U02,319205.872,2546658.348,273.057,cruise,1,direct,
2632.575,T007,U08,319705.984,2547934.178,308.954,cruise,1,direct,
2634.752,T013,U05,317639.705,2548161.952,212.1,handover,1,direct,
2634.859,T019,U01,315500.332,2545506.835,538.282,ascent,1,direct,
2635.47,T008,U06,324105.419,2550581.157,279.8,handover,0,outage,terrain_occlusion
2635.56,T005,U07,319988.6,2548318.494,184,handover,1,direct,
2636.35,T020,U02,319231.459,2546712.618,273.057,cruise,1,direct,
2637.575,T007,U08,319735.543,2548003.107,308.954,cruise,1,direct,
2639.752,T013,U05,317639.705,2548161.952,212.1,handover,1,direct,
2639.859,T019,U01,315500.332,2545506.835,553.282,ascent,1,direct,
2640.47,T008,U06,324105.419,2550581.157,279.8,handover,0,outage,terrain_occlusion
2640.56,T005,U07,319988.6,2548318.494,184,handover,1,direct,
2641.35,T020,U02,319257.047,2546766.889,273.057,cruise,1,direct,
2642.575,T007,U08,319765.102,2548072.037,308.954,cruise,1,direct,
2644.752,T013,U05,317639.705,2548161.952,212.1,handover,1,direct,
2644.859,T019,U01,315500.332,2545506.835,568.282,ascent,1,direct,
2645.47,T008,U06,324105.419,2550581.157,279.8,handover,0,outage,terrain_occlusion
2645.56,T005,U07,319988.6,2548318.494,184,handover,1,direct,
2646.35,T020,U02,319282.634,2546821.159,273.057,cruise,1,direct,
2647.575,T007,U08,319794.662,2548140.966,308.954,cruise,1,direct,
2649.752,T013,U05,317639.705,2548161.952,212.1,handover,1,direct,
2649.859,T019,U01,315500.332,2545506.835,583.282,ascent,1,direct,
2650.47,T008,U06,324105.419,2550581.157,279.8,handover,0,outage,terrain_occlusion
2650.56,T005,U07,319988.6,2548318.494,184,handover,1,direct,
2651.35,T020,U02,319308.222,2546875.43,273.057,cruise,1,direct,
2652.575,T007,U08,319824.221,2548209.895,308.954,cruise,1,direct,
2654.752,T013,U05,317639.705,2548161.952,212.1,handover,1,direct,
2654.859,T019,U01,315500.332,2545506.835,598.282,ascent,1,direct,
2655.47,T008,U06,324105.419,2550581.157,279.8,handover,0,outage,terrain_occlusion
2655.56,T005,U07,319988.6,2548318.494,184,handover,1,direct,
2656.35,T020,U02,319333.809,2546929.7,273.057,cruise,1,direct,
2657.575,T007,U08,319853.78,2548278.825,308.954,cruise,1,direct,
2659.752,T013,U05,317639.705,2548161.952,212.1,handover,1,direct,
2659.859,T019,U01,315500.332,2545506.835,613.282,ascent,1,direct,
2660.47,T008,U06,324105.419,2550581.157,279.8,handover,0,outage,terrain_occlusion
2660.56,T005,U07,319988.6,2548318.494,184,handover,1,direct,
2661.35,T020,U02,319359.397,2546983.971,273.057,cruise,1,direct,
2662.575,T007,U08,319883.339,2548347.754,308.954,cruise,1,direct,
2664.752,T013,U05,317639.705,2548161.952,212.1,handover,1,direct,
2664.859,T019,U01,315500.332,2545506.835,628.282,ascent,1,direct,
2665.47,T008,U06,324105.419,2550581.157,279.8,handover,0,outage,terrain_occlusion
2665.56,T005,U07,319988.6,2548318.494,184,handover,1,direct,
2666.35,T020,U02,319384.984,2547038.241,273.057,cruise,1,direct,
2667.575,T007,U08,319912.898,2548416.683,308.954,cruise,1,direct,
2669.752,T013,U05,317639.705,2548161.952,212.1,handover,1,direct,
2669.859,T019,U01,315500.332,2545506.835,643.282,ascent,1,direct,
2670.47,T008,U06,324105.419,2550581.157,279.8,handover,0,outage,terrain_occlusion
2670.56,T005,U07,319988.6,2548318.494,184,handover,1,direct,
2671.35,T020,U02,319410.572,2547092.511,273.057,cruise,1,direct,
2672.575,T007,U08,319942.458,2548485.613,308.954,cruise,1,direct,
2674.752,T013,U05,317639.705,2548161.952,212.1,handover,1,direct,
2674.859,T019,U01,315500.332,2545506.835,658.282,ascent,1,direct,
2675.47,T008,U06,324105.419,2550581.157,279.8,handover,0,outage,terrain_occlusion
2675.56,T005,U07,319988.6,2548318.494,184,handover,1,direct,
2676.35,T020,U02,319436.159,2547146.782,273.057,cruise,1,direct,
2677.575,T007,U08,319972.017,2548554.542,308.954,cruise,1,direct,
2679.752,T013,U05,317639.705,2548161.952,212.1,handover,1,direct,
2679.859,T019,U01,315471.901,2545539.992,662.363,cruise,1,direct,
2680.47,T008,U06,324105.419,2550581.157,279.8,handover,0,outage,terrain_occlusion
2680.56,T005,U07,319988.6,2548318.494,190.825,return,1,direct,
2681.35,T020,U02,319461.747,2547201.052,273.057,cruise,1,direct,
2682.575,T007,U08,320001.576,2548623.471,308.954,cruise,1,direct,
2684.752,T013,U05,317639.705,2548161.952,212.1,handover,1,direct,
2684.859,T019,U01,315432.845,2545585.54,662.363,cruise,1,direct,
2685.47,T008,U06,324105.419,2550581.157,279.8,handover,0,outage,terrain_occlusion
2685.56,T005,U07,319988.6,2548318.494,203.325,return,1,direct,
2686.35,T020,U02,319487.334,2547255.323,273.057,cruise,1,direct,
2687.575,T007,U08,320031.135,2548692.401,308.954,cruise,1,direct,
2689.752,T013,U05,317639.705,2548161.952,212.1,handover,1,direct,
2689.859,T019,U01,315393.789,2545631.088,662.363,cruise,1,direct,
2690.47,T008,U06,324105.419,2550581.157,279.8,handover,0,outage,terrain_occlusion
2690.56,T005,U07,319988.6,2548318.494,215.825,return,1,direct,
2691.35,T020,U02,319512.922,2547309.593,273.057,cruise,1,direct,
2692.575,T007,U08,320060.694,2548761.33,308.954,cruise,1,direct,
2694.752,T013,U05,317639.705,2548161.952,212.1,handover,1,direct,
2694.859,T019,U01,315354.733,2545676.637,662.363,cruise,1,direct,
2695.47,T008,U06,324105.419,2550581.157,279.8,handover,0,outage,terrain_occlusion
2695.56,T005,U07,319988.6,2548318.494,228.325,return,1,direct,
2696.35,T020,U02,319538.509,2547363.864,273.057,cruise,1,direct,
2697.575,T007,U08,320090.254,2548830.259,308.954,cruise,1,direct,
2699.752,T013,U05,317639.705,2548161.952,212.1,handover,1,direct,
2699.859,T019,U01,315315.677,2545722.185,662.363,cruise,1,direct,
2700.47,T008,U06,324105.419,2550581.157,279.8,handover,0,outage,terrain_occlusion
2700.56,T005,U07,319988.6,2548318.494,240.825,return,1,direct,
2701.35,T020,U02,319564.097,2547418.134,273.057,cruise,1,direct,
2702.575,T007,U08,320119.813,2548899.189,308.954,cruise,1,direct,
2704.752,T013,U05,317639.705,2548161.952,212.1,handover,1,direct,
2704.859,T019,U01,315276.621,2545767.733,662.363,cruise,1,direct,
2705.47,T008,U06,324105.419,2550581.157,279.8,handover,0,outage,terrain_occlusion
2705.56,T005,U07,319988.6,2548318.494,253.325,return,1,direct,
2706.35,T020,U02,319589.684,2547472.404,273.057,cruise,1,direct,
2707.575,T007,U08,320149.372,2548968.118,308.954,cruise,1,direct,
2709.752,T013,U05,317639.705,2548161.952,212.1,handover,1,direct,
2709.859,T019,U01,315237.566,2545813.281,662.363,cruise,1,direct,
2710.47,T008,U06,324105.419,2550581.157,279.8,handover,0,outage,terrain_occlusion
2710.56,T005,U07,319988.6,2548318.494,265.825,return,1,direct,
2711.35,T020,U02,319615.272,2547526.675,273.057,cruise,1,direct,
2712.575,T007,U08,320178.931,2549037.047,308.954,cruise,1,direct,
2714.752,T013,U05,317639.705,2548161.952,212.1,handover,1,direct,
2714.859,T019,U01,315198.51,2545858.829,662.363,cruise,1,direct,
2715.47,T008,U06,324105.419,2550581.157,279.8,handover,0,outage,terrain_occlusion
2715.56,T005,U07,319975.121,2548289.905,273.057,return,1,direct,
2716.35,T020,U02,319640.859,2547580.945,273.057,cruise,1,direct,
2717.575,T007,U08,320208.49,2549105.977,308.954,cruise,1,direct,
2719.752,T013,U05,317639.705,2548161.952,212.1,handover,1,direct,
2719.859,T019,U01,315159.454,2545904.377,662.363,cruise,1,direct,
2720.47,T008,U06,324105.419,2550581.157,279.8,handover,0,outage,terrain_occlusion
2720.56,T005,U07,319943.136,2548222.067,273.057,return,1,direct,
2721.35,T020,U02,319666.447,2547635.216,273.057,cruise,1,direct,
2722.575,T007,U08,320238.05,2549174.906,308.954,cruise,1,direct,
2724.752,T013,U05,317639.705,2548161.952,212.1,handover,1,direct,
2724.859,T019,U01,315120.398,2545949.926,662.363,cruise,1,direct,
2725.47,T008,U06,324105.419,2550581.157,279.8,handover,0,outage,terrain_occlusion
2725.56,T005,U07,319911.152,2548154.229,273.057,return,1,direct,
2726.35,T020,U02,319692.034,2547689.486,273.057,cruise,1,direct,
2727.575,T007,U08,320267.609,2549243.835,308.954,cruise,0,outage,terrain_occlusion
2729.752,T013,U05,317639.705,2548161.952,212.1,handover,1,direct,
2729.859,T019,U01,315081.342,2545995.474,662.363,cruise,1,direct,
2730.47,T008,U06,324105.419,2550581.157,279.8,handover,0,outage,terrain_occlusion
2730.56,T005,U07,319879.168,2548086.391,273.057,return,1,direct,
2731.35,T020,U02,319717.622,2547743.757,273.057,cruise,1,direct,
2732.575,T007,U08,320297.168,2549312.765,308.954,cruise,0,outage,terrain_occlusion
2734.752,T013,U05,317639.705,2548161.952,212.1,handover,1,direct,
2734.859,T019,U01,315042.286,2546041.022,662.363,cruise,1,direct,
2735.47,T008,U06,324105.419,2550581.157,279.8,handover,0,outage,terrain_occlusion
2735.56,T005,U07,319847.183,2548018.553,273.057,return,1,direct,
2736.35,T020,U02,319743.209,2547798.027,273.057,cruise,1,direct,
2737.575,T007,U08,320326.727,2549381.694,308.954,cruise,0,outage,terrain_occlusion
2739.752,T013,U05,317639.705,2548161.952,212.1,handover,1,direct,
2739.859,T019,U01,315003.23,2546086.57,662.363,cruise,1,direct,
2740.47,T008,U06,324105.419,2550581.157,279.8,handover,0,outage,terrain_occlusion
2740.56,T005,U07,319815.199,2547950.715,273.057,return,1,direct,
2741.35,T020,U02,319768.797,2547852.298,273.057,cruise,1,direct,
2742.575,T007,U08,320356.287,2549450.623,308.954,cruise,0,outage,terrain_occlusion
2744.752,T013,U05,317639.705,2548161.952,212.1,handover,1,direct,
2744.859,T019,U01,314964.174,2546132.118,662.363,cruise,1,direct,
2745.47,T008,U06,324105.419,2550581.157,279.8,handover,0,outage,terrain_occlusion
2745.56,T005,U07,319783.214,2547882.877,273.057,return,1,direct,
2746.35,T020,U02,319794.384,2547906.568,273.057,cruise,1,direct,
2747.575,T007,U08,320385.846,2549519.553,308.954,cruise,0,outage,terrain_occlusion
2749.752,T013,U05,317639.705,2548161.952,212.1,handover,1,direct,
2749.859,T019,U01,314925.118,2546177.666,662.363,cruise,1,direct,
2750.47,T008,U06,324105.419,2550581.157,279.8,handover,0,outage,terrain_occlusion
2750.56,T005,U07,319751.23,2547815.039,273.057,return,1,direct,
2751.35,T020,U02,319819.972,2547960.838,273.057,cruise,1,direct,
2752.575,T007,U08,320415.405,2549588.482,308.954,cruise,0,outage,terrain_occlusion
2754.752,T013,U05,317639.705,2548161.952,212.1,handover,1,direct,
2754.859,T019,U01,314886.062,2546223.215,662.363,cruise,1,direct,
2755.47,T008,U06,324105.419,2550581.157,279.8,handover,0,outage,terrain_occlusion
2755.56,T005,U07,319719.246,2547747.201,273.057,return,1,direct,
2756.35,T020,U02,319845.559,2548015.109,273.057,cruise,1,direct,
2757.575,T007,U08,320444.964,2549657.411,308.954,cruise,0,outage,terrain_occlusion
2759.752,T013,U05,317639.705,2548161.952,212.1,handover,1,direct,
2759.859,T019,U01,314847.007,2546268.763,662.363,cruise,1,direct,
2760.47,T008,U06,324105.419,2550581.157,279.8,handover,0,outage,terrain_occlusion
2760.56,T005,U07,319687.261,2547679.363,273.057,return,1,direct,
2761.35,T020,U02,319871.147,2548069.379,273.057,cruise,1,direct,
2762.575,T007,U08,320474.523,2549726.341,308.954,cruise,0,outage,terrain_occlusion
2764.752,T013,U05,317639.705,2548161.952,212.1,handover,1,direct,
2764.859,T019,U01,314807.951,2546314.311,662.363,cruise,1,direct,
2765.47,T008,U06,324105.419,2550581.157,279.8,handover,0,outage,terrain_occlusion
2765.56,T005,U07,319655.277,2547611.525,273.057,return,1,direct,
2766.35,T020,U02,319896.734,2548123.65,273.057,cruise,1,direct,
2767.575,T007,U08,320504.083,2549795.27,308.954,cruise,0,outage,terrain_occlusion
2769.752,T013,U05,317639.705,2548161.952,212.1,handover,1,direct,
2769.859,T019,U01,314768.895,2546359.859,662.363,cruise,1,direct,
2770.47,T008,U06,324105.419,2550581.157,279.8,handover,0,outage,terrain_occlusion
2770.56,T005,U07,319623.293,2547543.687,273.057,return,1,direct,
2771.35,T020,U02,319922.322,2548177.92,273.057,cruise,1,direct,
2772.575,T007,U08,320533.642,2549864.199,308.954,cruise,0,outage,terrain_occlusion
2774.752,T013,U05,317639.705,2548161.952,212.1,handover,1,direct,
2774.859,T019,U01,314729.839,2546405.407,662.363,cruise,1,direct,
2775.47,T008,U06,324105.419,2550581.157,279.8,handover,0,outage,terrain_occlusion
2775.56,T005,U07,319591.308,2547475.849,273.057,return,1,direct,
2776.35,T020,U02,319947.909,2548232.191,273.057,cruise,1,direct,
2777.575,T007,U08,320563.201,2549933.129,308.954,cruise,0,outage,terrain_occlusion
2779.752,T013,U05,317639.705,2548161.952,222.905,return,1,direct,
2779.859,T019,U01,314690.783,2546450.956,662.363,cruise,1,direct,
2780.47,T008,U06,324105.419,2550581.157,279.8,handover,0,outage,terrain_occlusion
2780.56,T005,U07,319559.324,2547408.011,273.057,return,1,direct,
2781.35,T020,U02,319973.497,2548286.461,273.057,cruise,1,direct,
2782.575,T007,U08,320592.76,2550002.058,308.954,cruise,0,outage,terrain_occlusion
2784.752,T013,U05,317639.705,2548161.952,237.905,return,1,direct,
2784.859,T019,U01,314651.727,2546496.504,662.363,cruise,1,direct,
2785.47,T008,U06,324105.419,2550581.157,290.908,return,0,outage,terrain_occlusion
2785.56,T005,U07,319527.34,2547340.173,273.057,return,1,direct,
2786.35,T020,U02,319988.6,2548318.494,267.935,descent,1,direct,
2787.575,T007,U08,320622.319,2550070.987,308.954,cruise,0,outage,terrain_occlusion
2789.752,T013,U05,317639.705,2548161.952,252.905,return,1,direct,
2789.859,T019,U01,314612.671,2546542.052,662.363,cruise,1,direct,
2790.47,T008,U06,324105.419,2550581.157,305.908,return,0,outage,terrain_occlusion
2790.56,T005,U07,319495.355,2547272.334,273.057,return,1,direct,
2791.35,T020,U02,319988.6,2548318.494,255.435,descent,1,direct,
2792.575,T007,U08,320651.879,2550139.917,308.954,cruise,0,outage,terrain_occlusion
2794.752,T013,U05,317639.705,2548161.952,267.905,return,1,direct,
2794.859,T019,U01,314573.615,2546587.6,662.363,cruise,1,direct,
2795.47,T008,U06,324105.419,2550581.157,320.908,return,0,outage,terrain_occlusion
2795.56,T005,U07,319463.371,2547204.496,273.057,return,1,direct,
2796.35,T020,U02,319988.6,2548318.494,242.935,descent,1,direct,
2797.575,T007,U08,320681.438,2550208.846,308.954,cruise,0,outage,terrain_occlusion
2799.752,T013,U05,317639.705,2548161.952,282.905,return,1,direct,
2799.859,T019,U01,314534.559,2546633.148,662.363,cruise,1,direct,
2800.47,T008,U06,324105.419,2550581.157,335.908,return,0,outage,terrain_occlusion
2800.56,T005,U07,319431.386,2547136.658,273.057,return,1,direct,
2801.35,T020,U02,319988.6,2548318.494,230.435,descent,1,direct,
2802.575,T007,U08,320710.997,2550277.775,308.954,cruise,0,outage,terrain_occlusion
2804.752,T013,U05,317644.443,2548150.154,295.362,return,1,direct,
2804.859,T019,U01,314495.503,2546678.696,662.363,cruise,1,direct,
2805.47,T008,U06,324105.419,2550581.157,350.908,return,0,outage,terrain_occlusion
2805.56,T005,U07,319399.402,2547068.82,273.057,return,1,direct,
2806.35,T020,U02,319988.6,2548318.494,217.935,descent,1,direct,
2807.575,T007,U08,320740.556,2550346.705,308.954,cruise,0,outage,terrain_occlusion
2809.752,T013,U05,317672.393,2548080.557,295.362,return,1,direct,
2809.859,T019,U01,314456.448,2546724.245,662.363,cruise,0,outage,terrain_occlusion
2810.47,T008,U06,324105.419,2550581.157,365.908,return,0,outage,terrain_occlusion
2810.56,T005,U07,319367.418,2547000.982,273.057,return,1,direct,
2811.35,T020,U02,319988.6,2548318.494,205.435,descent,1,direct,
2812.575,T007,U08,320770.115,2550415.634,308.954,cruise,0,outage,terrain_occlusion
2814.752,T013,U05,317700.344,2548010.96,295.362,return,1,direct,
2814.859,T019,U01,314417.392,2546769.793,662.363,cruise,1,direct,
2815.47,T008,U06,324105.419,2550581.157,380.908,return,0,outage,terrain_occlusion
2815.56,T005,U07,319335.433,2546933.144,273.057,return,1,direct,
2816.35,T020,U02,319988.6,2548318.494,192.935,descent,1,direct,
2817.575,T007,U08,320799.675,2550484.563,308.954,cruise,0,outage,terrain_occlusion
2819.752,T013,U05,317728.294,2547941.362,295.362,return,1,direct,
2819.859,T019,U01,314378.336,2546815.341,662.363,cruise,0,outage,terrain_occlusion
2820.47,T008,U06,324105.419,2550581.157,395.908,return,0,outage,terrain_occlusion
2820.56,T005,U07,319303.449,2546865.306,273.057,return,1,direct,
2821.35,T020,U02,319988.6,2548318.494,184,handover,1,direct,
2822.575,T007,U08,320829.234,2550553.493,308.954,cruise,0,outage,terrain_occlusion
2824.752,T013,U05,317756.244,2547871.765,295.362,return,1,direct,
2824.859,T019,U01,314339.28,2546860.889,662.363,cruise,0,outage,terrain_occlusion
2825.47,T008,U06,324105.419,2550581.157,410.908,return,0,outage,terrain_occlusion
2825.56,T005,U07,319271.465,2546797.468,273.057,return,1,direct,
2826.35,T020,U02,319988.6,2548318.494,184,handover,1,direct,
2827.575,T007,U08,320858.793,2550622.422,308.954,cruise,0,outage,terrain_occlusion
2829.752,T013,U05,317784.195,2547802.168,295.362,return,1,direct,
2829.859,T019,U01,314300.224,2546906.437,662.363,cruise,0,outage,terrain_occlusion
2830.47,T008,U06,324059.197,2550538.297,413.301,return,0,outage,terrain_occlusion
2830.56,T005,U07,319239.48,2546729.63,273.057,return,1,direct,
2831.35,T020,U02,319988.6,2548318.494,184,handover,1,direct,
2832.575,T007,U08,320888.352,2550691.351,308.954,cruise,0,outage,terrain_occlusion
2834.752,T013,U05,317812.145,2547732.57,295.362,return,1,direct,
2834.859,T019,U01,314261.168,2546951.986,662.363,cruise,0,outage,terrain_occlusion
2835.47,T008,U06,324004.201,2550487.302,413.301,return,0,outage,terrain_occlusion
2835.56,T005,U07,319207.496,2546661.792,273.057,return,1,direct,
2836.35,T020,U02,319988.6,2548318.494,184,handover,1,direct,
2837.575,T007,U08,320917.911,2550760.281,308.954,cruise,0,outage,terrain_occlusion
2839.752,T013,U05,317840.095,2547662.973,295.362,return,1,direct,
2839.859,T019,U01,314222.112,2546997.534,662.363,cruise,0,outage,terrain_occlusion
2840.47,T008,U06,323949.206,2550436.307,413.301,return,0,outage,terrain_occlusion
2840.56,T005,U07,319175.511,2546593.954,273.057,return,1,direct,
2841.35,T020,U02,319988.6,2548318.494,184,handover,1,direct,
2842.575,T007,U08,320947.471,2550829.21,308.954,cruise,0,outage,terrain_occlusion
2844.752,T013,U05,317868.046,2547593.376,295.362,return,1,direct,
2844.859,T019,U01,314183.056,2547043.082,662.363,cruise,0,outage,terrain_occlusion
2845.47,T008,U06,323894.21,2550385.312,413.301,return,0,outage,terrain_occlusion
2845.56,T005,U07,319143.527,2546526.116,273.057,return,1,direct,
2846.35,T020,U02,319988.6,2548318.494,184,handover,1,direct,
2847.575,T007,U08,320977.03,2550898.139,308.954,cruise,0,outage,terrain_occlusion
2849.752,T013,U05,317895.996,2547523.779,295.362,return,1,direct,
2849.859,T019,U01,314144.0,2547088.63,662.363,cruise,0,outage,terrain_occlusion
2850.47,T008,U06,323839.215,2550334.316,413.301,return,0,outage,terrain_occlusion
2850.56,T005,U07,319111.543,2546458.278,273.057,return,1,direct,
2851.35,T020,U02,319988.6,2548318.494,184,handover,1,direct,
2852.575,T007,U08,321006.589,2550967.069,308.954,cruise,0,outage,terrain_occlusion
2854.752,T013,U05,317923.946,2547454.181,295.362,return,1,direct,
2854.859,T019,U01,314104.944,2547134.178,662.363,cruise,0,outage,terrain_occlusion
2855.47,T008,U06,323784.219,2550283.321,413.301,return,0,outage,terrain_occlusion
2855.56,T005,U07,319079.558,2546390.44,273.057,return,1,direct,
2856.35,T020,U02,319988.6,2548318.494,184,handover,1,direct,
2857.575,T007,U08,321036.148,2551035.998,308.954,cruise,0,outage,terrain_occlusion
2859.752,T013,U05,317951.896,2547384.584,295.362,return,1,direct,
2859.859,T019,U01,314065.889,2547179.726,662.363,cruise,0,outage,terrain_occlusion
2860.47,T008,U06,323729.224,2550232.326,413.301,return,0,outage,terrain_occlusion
2860.56,T005,U07,319047.574,2546322.602,273.057,return,1,direct,
2861.35,T020,U02,319988.6,2548318.494,184,handover,1,direct,
2862.575,T007,U08,321065.708,2551104.927,308.954,cruise,0,outage,terrain_occlusion
2864.752,T013,U05,317979.847,2547314.987,295.362,return,1,direct,
2864.859,T019,U01,314026.833,2547225.275,662.363,cruise,0,outage,terrain_occlusion
2865.47,T008,U06,323674.228,2550181.331,413.301,return,0,outage,terrain_occlusion
2865.56,T005,U07,319015.59,2546254.764,273.057,return,1,direct,
2866.35,T020,U02,319988.6,2548318.494,184,handover,1,direct,
2867.575,T007,U08,321095.267,2551173.857,308.954,cruise,0,outage,terrain_occlusion
2869.752,T013,U05,318007.797,2547245.39,295.362,return,1,direct,
2869.859,T019,U01,313987.777,2547270.823,662.363,cruise,0,outage,terrain_occlusion
2870.47,T008,U06,323619.233,2550130.336,413.301,return,0,outage,terrain_occlusion
2870.56,T005,U07,318983.605,2546186.926,273.057,return,1,direct,
2871.35,T020,U02,319988.6,2548318.494,184,handover,1,direct,
2872.575,T007,U08,321124.826,2551242.786,308.954,cruise,0,outage,terrain_occlusion
2874.752,T013,U05,318035.747,2547175.792,295.362,return,1,direct,
2874.859,T019,U01,313948.721,2547316.371,662.363,cruise,0,outage,terrain_occlusion
2875.47,T008,U06,323564.237,2550079.341,413.301,return,0,outage,terrain_occlusion
2875.56,T005,U07,318951.621,2546119.088,273.057,return,1,direct,
2876.35,T020,U02,319988.6,2548318.494,184,handover,1,direct,
2877.575,T007,U08,321154.385,2551311.715,308.954,cruise,0,outage,terrain_occlusion
2879.752,T013,U05,318063.698,2547106.195,295.362,return,1,direct,
2879.859,T019,U01,313909.665,2547361.919,662.363,cruise,0,outage,terrain_occlusion
2880.47,T008,U06,323509.242,2550028.346,413.301,return,0,outage,terrain_occlusion
2880.56,T005,U07,318919.637,2546051.25,273.057,return,1,direct,
2881.35,T020,U02,319988.6,2548318.494,184,handover,1,direct,
2882.575,T007,U08,321183.944,2551380.645,308.954,cruise,0,outage,terrain_occlusion
2884.752,T013,U05,318091.648,2547036.598,295.362,return,1,direct,
2884.859,T019,U01,313870.609,2547407.467,662.363,cruise,0,outage,terrain_occlusion
2885.47,T008,U06,323454.246,2549977.351,413.301,return,0,outage,terrain_occlusion
2885.56,T005,U07,318887.652,2545983.412,273.057,return,1,direct,
2886.35,T020,U02,319988.6,2548318.494,184,handover,1,direct,
2887.575,T007,U08,321213.504,2551449.574,308.954,cruise,0,outage,terrain_occlusion
2889.752,T013,U05,318119.598,2546967.0,295.362,return,1,direct,
2889.859,T019,U01,313831.553,2547453.016,662.363,cruise,0,outage,terrain_occlusion
2890.47,T008,U06,323399.251,2549926.356,413.301,return,0,outage,terrain_occlusion
2890.56,T005,U07,318855.668,2545915.574,273.057,return,1,direct,
2891.35,T020,U02,319988.6,2548318.494,184,handover,1,direct,
2892.575,T007,U08,321243.063,2551518.503,308.954,cruise,0,outage,terrain_occlusion
2894.752,T013,U05,318147.549,2546897.403,295.362,return,1,direct,
2894.859,T019,U01,313792.497,2547498.564,662.363,cruise,0,outage,terrain_occlusion
2895.47,T008,U06,323344.255,2549875.361,413.301,return,0,outage,terrain_occlusion
2895.56,T005,U07,318823.683,2545847.736,273.057,return,1,direct,
2896.35,T020,U02,319988.6,2548318.494,184,handover,1,direct,
2897.575,T007,U08,321272.622,2551587.433,308.954,cruise,0,outage,terrain_occlusion
2899.752,T013,U05,318175.499,2546827.806,295.362,return,1,direct,
2899.859,T019,U01,313753.441,2547544.112,662.363,cruise,0,outage,terrain_occlusion
2900.47,T008,U06,323289.26,2549824.366,413.301,return,0,outage,terrain_occlusion
2900.56,T005,U07,318791.699,2545779.897,273.057,return,1,direct,
2901.35,T020,U02,319988.6,2548318.494,184,handover,1,direct,
2902.575,T007,U08,321302.181,2551656.362,308.954,cruise,0,outage,terrain_occlusion
2904.752,T013,U05,318203.449,2546758.209,295.362,return,1,direct,
2904.859,T019,U01,313714.385,2547589.66,662.363,cruise,0,outage,terrain_occlusion
2905.47,T008,U06,323234.264,2549773.371,413.301,return,0,outage,terrain_occlusion
2905.56,T005,U07,318759.715,2545712.059,273.057,return,1,direct,
2906.35,T020,U02,319988.6,2548318.494,184,handover,1,direct,
2907.575,T007,U08,321331.74,2551725.291,308.954,cruise,0,outage,terrain_occlusion
2909.752,T013,U05,318231.4,2546688.611,295.362,return,1,direct,
2909.859,T019,U01,313675.33,2547635.208,662.363,cruise,0,outage,terrain_occlusion
2910.47,T008,U06,323179.269,2549722.376,413.301,return,0,outage,terrain_occlusion
2910.56,T005,U07,318727.73,2545644.221,273.057,return,1,direct,
2911.35,T020,U02,319988.6,2548318.494,184,handover,1,direct,
2912.575,T007,U08,321361.3,2551794.221,308.954,cruise,0,outage,terrain_occlusion
2914.752,T013,U05,318259.35,2546619.014,295.362,return,1,direct,
2914.859,T019,U01,313636.274,2547680.756,662.363,cruise,0,outage,terrain_occlusion
2915.47,T008,U06,323124.273,2549671.381,413.301,return,0,outage,terrain_occlusion
2915.56,T005,U07,318695.746,2545576.383,273.057,return,1,direct,
2916.35,T020,U02,319988.6,2548318.494,184,handover,1,direct,
2917.575,T007,U08,321390.859,2551863.15,308.954,cruise,0,outage,terrain_occlusion
2919.752,T013,U05,318287.3,2546549.417,295.362,return,1,direct,
2919.859,T019,U01,313597.218,2547726.305,662.363,cruise,0,outage,terrain_occlusion
2920.47,T008,U06,323069.278,2549620.386,413.301,return,0,outage,terrain_occlusion
2920.56,T005,U07,318686.201,2545556.139,266.041,return,1,direct,
2921.35,T020,U02,319988.6,2548318.494,184,handover,1,direct,
2922.575,T007,U08,321420.418,2551932.079,308.954,cruise,0,outage,terrain_occlusion
2924.752,T013,U05,318315.251,2546479.82,295.362,return,1,direct,
2924.859,T019,U01,313558.162,2547771.853,662.363,cruise,0,outage,terrain_occlusion
2925.47,T008,U06,323014.282,2549569.391,413.301,return,0,outage,terrain_occlusion
2925.56,T005,U07,318686.201,2545556.139,256.041,return,1,direct,
2926.35,T020,U02,319988.6,2548318.494,184,handover,1,direct,
2927.575,T007,U08,321449.977,2552001.009,308.954,cruise,0,outage,terrain_occlusion
2929.752,T013,U05,318343.201,2546410.222,295.362,return,1,direct,
2929.859,T019,U01,313519.106,2547817.401,662.363,cruise,0,outage,terrain_occlusion
2930.47,T008,U06,322959.287,2549518.396,413.301,return,0,outage,terrain_occlusion
2930.56,T005,U07,318686.201,2545556.139,246.041,return,1,direct,
2931.35,T020,U02,319988.6,2548318.494,184,handover,1,direct,
2932.575,T007,U08,321479.536,2552069.938,308.954,cruise,0,outage,terrain_occlusion
2934.752,T013,U05,318371.151,2546340.625,295.362,return,1,direct,
2934.859,T019,U01,313480.05,2547862.949,662.363,cruise,0,outage,terrain_occlusion
2935.47,T008,U06,322904.291,2549467.4,413.301,return,0,outage,terrain_occlusion
2935.56,T005,U07,318686.201,2545556.139,236.041,return,1,direct,
2936.35,T020,U02,319988.6,2548318.494,184,handover,1,direct,
2937.575,T007,U08,321509.096,2552138.867,308.954,cruise,0,outage,terrain_occlusion
2939.752,T013,U05,318399.102,2546271.028,295.362,return,1,direct,
2939.859,T019,U01,313440.994,2547908.497,662.363,cruise,0,outage,terrain_occlusion
2940.47,T008,U06,322849.296,2549416.405,413.301,return,0,outage,terrain_occlusion
2940.56,T005,U07,318686.201,2545556.139,226.041,return,1,direct,
2941.35,T020,U02,319988.6,2548318.494,184,handover,1,direct,
2942.575,T007,U08,321538.655,2552207.797,308.954,cruise,0,outage,terrain_occlusion
2944.752,T013,U05,318427.052,2546201.431,295.362,return,1,direct,
2944.859,T019,U01,313401.938,2547954.046,662.363,cruise,0,outage,terrain_occlusion
2945.47,T008,U06,322794.3,2549365.41,413.301,return,0,outage,terrain_occlusion
2945.56,T005,U07,318686.201,2545556.139,216.041,return,1,direct,
2946.35,T020,U02,319988.6,2548318.494,184,handover,1,direct,
2947.575,T007,U08,321568.214,2552276.726,308.954,cruise,0,outage,terrain_occlusion
2949.752,T013,U05,318455.002,2546131.833,295.362,return,1,direct,
2949.859,T019,U01,313362.882,2547999.594,662.363,cruise,0,outage,terrain_occlusion
2950.47,T008,U06,322739.305,2549314.415,413.301,return,0,outage,terrain_occlusion
2950.56,T005,U07,318686.201,2545556.139,206.041,return,1,direct,
2951.35,T020,U02,319988.6,2548318.494,184,handover,1,direct,
2952.575,T007,U08,321597.773,2552345.655,308.954,cruise,0,outage,terrain_occlusion
2954.752,T013,U05,318482.952,2546062.236,295.362,return,1,direct,
2954.859,T019,U01,313323.826,2548045.142,662.363,cruise,0,outage,terrain_occlusion
2955.47,T008,U06,322684.309,2549263.42,413.301,return,0,outage,terrain_occlusion
2955.56,T005,U07,318686.201,2545556.139,196.041,return,1,direct,
2956.35,T020,U02,319988.6,2548318.494,184,handover,1,direct,
2957.575,T007,U08,321607.166,2552367.559,302.132,descent,0,outage,terrain_occlusion
2959.752,T013,U05,318510.903,2545992.639,295.362,return,1,direct,
2959.859,T019,U01,313284.771,2548090.69,662.363,cruise,0,outage,terrain_occlusion
2960.47,T008,U06,322629.314,2549212.425,413.301,return,0,outage,terrain_occlusion
2960.56,T005,U07,318686.201,2545556.139,186.041,return,1,direct,
2961.35,T020,U02,319988.6,2548318.494,184,handover,1,direct,
2962.575,T007,U08,321607.166,2552367.559,292.132,descent,0,outage,terrain_occlusion
2964.752,T013,U05,318538.853,2545923.041,295.362,return,1,direct,
2964.859,T019,U01,313245.715,2548136.238,662.363,cruise,0,outage,terrain_occlusion
2965.47,T008,U06,322574.318,2549161.43,413.301,return,0,outage,terrain_occlusion
2965.56,T005,U07,318686.201,2545556.139,176.041,return,1,direct,
2966.35,T020,U02,319988.6,2548318.494,184,handover,1,direct,
2967.575,T007,U08,321607.166,2552367.559,282.132,descent,0,outage,terrain_occlusion
2969.752,T013,U05,318566.803,2545853.444,295.362,return,1,direct,
2969.859,T019,U01,313206.659,2548181.786,662.363,cruise,0,outage,terrain_occlusion
2970.47,T008,U06,322519.323,2549110.435,413.301,return,0,outage,terrain_occlusion
2970.56,T005,U07,318686.201,2545556.139,166.041,return,1,direct,
2971.35,T020,U02,319988.6,2548318.494,184,handover,1,direct,
2972.575,T007,U08,321607.166,2552367.559,272.132,descent,0,outage,terrain_occlusion
2974.752,T013,U05,318594.754,2545783.847,295.362,return,1,direct,
2974.859,T019,U01,313167.603,2548227.335,662.363,cruise,0,outage,terrain_occlusion
2975.47,T008,U06,322464.327,2549059.44,413.301,return,0,outage,terrain_occlusion
2975.56,T005,U07,318686.201,2545556.139,156.041,return,1,direct,
2976.35,T020,U02,319988.6,2548318.494,184,handover,1,direct,
2977.575,T007,U08,321607.166,2552367.559,262.132,descent,0,outage,terrain_occlusion
2979.752,T013,U05,318622.704,2545714.25,295.362,return,1,direct,
2979.859,T019,U01,313128.547,2548272.883,662.363,cruise,0,outage,terrain_occlusion
2980.47,T008,U06,322409.332,2549008.445,413.301,return,0,outage,terrain_occlusion
2980.56,T005,U07,318686.201,2545556.139,146.041,return,1,direct,
2981.35,T020,U02,319988.6,2548318.494,184,handover,1,direct,
2982.575,T007,U08,321607.166,2552367.559,252.132,descent,0,outage,terrain_occlusion
2984.752,T013,U05,318650.654,2545644.652,295.362,return,1,direct,
2984.859,T019,U01,313089.491,2548318.431,662.363,cruise,0,outage,terrain_occlusion
2985.47,T008,U06,322354.336,2548957.45,413.301,return,0,outage,terrain_occlusion
2985.56,T005,U07,318686.201,2545556.139,136.041,return,1,direct,
2986.35,T020,U02,319988.6,2548318.494,184,handover,1,direct,
2987.575,T007,U08,321607.166,2552367.559,242.132,descent,0,outage,terrain_occlusion
2989.752,T013,U05,318678.605,2545575.055,295.362,return,1,direct,
2989.859,T019,U01,313050.435,2548363.979,662.363,cruise,0,outage,terrain_occlusion
2990.47,T008,U06,322299.341,2548906.455,413.301,return,0,outage,terrain_occlusion
2991.35,T020,U02,319988.6,2548318.494,184,handover,1,direct,
2992.575,T007,U08,321607.166,2552367.559,232.132,descent,0,outage,terrain_occlusion
2994.752,T013,U05,318686.201,2545556.139,286.259,return,1,direct,
2994.859,T019,U01,313011.379,2548409.527,662.363,cruise,0,outage,terrain_occlusion
2995.47,T008,U06,322244.345,2548855.46,413.301,return,0,outage,terrain_occlusion
2996.35,T020,U02,319988.6,2548318.494,184,handover,1,direct,
2997.575,T007,U08,321607.166,2552367.559,222.132,descent,0,outage,terrain_occlusion
2999.752,T013,U05,318686.201,2545556.139,273.759,return,1,direct,
2999.859,T019,U01,312972.323,2548455.075,662.363,cruise,0,outage,terrain_occlusion
3000.47,T008,U06,322189.35,2548804.465,413.301,return,0,outage,terrain_occlusion
3001.35,T020,U02,319988.6,2548318.494,184,handover,1,direct,
3002.575,T007,U08,321607.166,2552367.559,219.5,handover,0,outage,terrain_occlusion
3004.752,T013,U05,318686.201,2545556.139,261.259,return,1,direct,
3004.859,T019,U01,312933.267,2548500.624,662.363,cruise,0,outage,terrain_occlusion
3005.47,T008,U06,322134.354,2548753.47,413.301,return,0,outage,terrain_occlusion
3006.35,T020,U02,319988.6,2548318.494,184,handover,1,direct,
3007.575,T007,U08,321607.166,2552367.559,219.5,handover,0,outage,terrain_occlusion
3009.752,T013,U05,318686.201,2545556.139,248.759,return,1,direct,
3009.859,T019,U01,312894.212,2548546.172,662.363,cruise,0,outage,terrain_occlusion
3010.47,T008,U06,322079.359,2548702.475,413.301,return,0,outage,terrain_occlusion
3011.35,T020,U02,319988.6,2548318.494,184,handover,1,direct,
3012.575,T007,U08,321607.166,2552367.559,219.5,handover,0,outage,terrain_occlusion
3014.752,T013,U05,318686.201,2545556.139,236.259,return,1,direct,
3014.859,T019,U01,312855.156,2548591.72,662.363,cruise,0,outage,terrain_occlusion
3015.47,T008,U06,322024.363,2548651.48,413.301,return,0,outage,terrain_occlusion
3016.35,T020,U02,319988.6,2548318.494,184,handover,1,direct,
3017.575,T007,U08,321607.166,2552367.559,219.5,handover,0,outage,terrain_occlusion
3019.752,T013,U05,318686.201,2545556.139,223.759,return,1,direct,
3019.859,T019,U01,312816.1,2548637.268,662.363,cruise,0,outage,terrain_occlusion
3020.47,T008,U06,321969.368,2548600.485,413.301,return,0,outage,terrain_occlusion
3021.35,T020,U02,319988.6,2548318.494,184,handover,1,direct,
3022.575,T007,U08,321607.166,2552367.559,219.5,handover,0,outage,terrain_occlusion
3024.752,T013,U05,318686.201,2545556.139,211.259,return,1,direct,
3024.859,T019,U01,312777.044,2548682.816,662.363,cruise,0,outage,terrain_occlusion
3025.47,T008,U06,321914.372,2548549.489,413.301,return,0,outage,terrain_occlusion
3026.35,T020,U02,319988.6,2548318.494,184,handover,1,direct,
3027.575,T007,U08,321607.166,2552367.559,219.5,handover,0,outage,terrain_occlusion
3029.752,T013,U05,318686.201,2545556.139,198.759,return,1,direct,
3029.859,T019,U01,312737.988,2548728.365,662.363,cruise,0,outage,terrain_occlusion
3030.47,T008,U06,321859.377,2548498.494,413.301,return,0,outage,terrain_occlusion
3031.35,T020,U02,319988.6,2548318.494,188.278,return,1,direct,
3032.575,T007,U08,321607.166,2552367.559,219.5,handover,0,outage,terrain_occlusion
3034.752,T013,U05,318686.201,2545556.139,186.259,return,1,direct,
3034.859,T019,U01,312698.932,2548773.913,662.363,cruise,0,outage,terrain_occlusion
3035.47,T008,U06,321804.382,2548447.499,413.301,return,0,outage,terrain_occlusion
3036.35,T020,U02,319988.6,2548318.494,203.278,return,1,direct,
3037.575,T007,U08,321607.166,2552367.559,219.5,handover,0,outage,terrain_occlusion
3039.752,T013,U05,318686.201,2545556.139,173.759,return,1,direct,
3039.859,T019,U01,312659.876,2548819.461,662.363,cruise,0,outage,terrain_occlusion
3040.47,T008,U06,321749.386,2548396.504,413.301,return,0,outage,terrain_occlusion
3041.35,T020,U02,319988.6,2548318.494,218.278,return,1,direct,
3042.575,T007,U08,321607.166,2552367.559,219.5,handover,0,outage,terrain_occlusion
3044.752,T013,U05,318686.201,2545556.139,161.259,return,1,direct,
3044.859,T019,U01,312620.82,2548865.009,662.363,cruise,0,outage,terrain_occlusion
3045.47,T008,U06,321694.391,2548345.509,413.301,return,0,outage,terrain_occlusion
3046.35,T020,U02,319988.6,2548318.494,233.278,return,1,direct,
3047.575,T007,U08,321607.166,2552367.559,219.5,handover,0,outage,terrain_occlusion
3049.752,T013,U05,318686.201,2545556.139,148.759,return,1,direct,
3049.859,T019,U01,312581.764,2548910.557,662.363,cruise,0,outage,terrain_occlusion
3050.47,T008,U06,321639.395,2548294.514,413.301,return,0,outage,terrain_occlusion
3051.35,T020,U02,319988.6,2548318.494,248.278,return,1,direct,
3052.575,T007,U08,321607.166,2552367.559,219.5,handover,0,outage,terrain_occlusion
3054.752,T013,U05,318686.201,2545556.139,136.259,return,1,direct,
3054.859,T019,U01,312542.708,2548956.105,662.363,cruise,0,outage,terrain_occlusion
3055.47,T008,U06,321584.4,2548243.519,413.301,return,0,outage,terrain_occlusion
3056.35,T020,U02,319988.6,2548318.494,263.278,return,1,direct,
3057.575,T007,U08,321607.166,2552367.559,219.5,handover,0,outage,terrain_occlusion
3059.859,T019,U01,312503.653,2549001.654,662.363,cruise,0,outage,terrain_occlusion
3060.47,T008,U06,321529.404,2548192.524,413.301,return,1,direct,
3061.35,T020,U02,319979.693,2548299.602,273.057,return,1,direct,
3062.575,T007,U08,321607.166,2552367.559,219.5,handover,0,outage,terrain_occlusion
3064.859,T019,U01,312464.597,2549047.202,662.363,cruise,0,outage,terrain_occlusion
3065.47,T008,U06,321474.409,2548141.529,413.301,return,1,direct,
3066.35,T020,U02,319954.105,2548245.332,273.057,return,1,direct,
3067.575,T007,U08,321607.166,2552367.559,219.5,handover,0,outage,terrain_occlusion
3069.859,T019,U01,312425.541,2549092.75,662.363,cruise,0,outage,terrain_occlusion
3070.47,T008,U06,321419.413,2548090.534,413.301,return,1,direct,
3071.35,T020,U02,319928.518,2548191.061,273.057,return,1,direct,
3072.575,T007,U08,321607.166,2552367.559,219.5,handover,0,outage,terrain_occlusion
3074.859,T019,U01,312386.485,2549138.298,662.363,cruise,0,outage,terrain_occlusion
3075.47,T008,U06,321364.418,2548039.539,413.301,return,1,direct,
3076.35,T020,U02,319902.93,2548136.791,273.057,return,1,direct,
3077.575,T007,U08,321607.166,2552367.559,219.5,handover,0,outage,terrain_occlusion
3079.582,T021,U03,318686.201,2545556.139,127.7,ascent,1,direct,
3079.859,T019,U01,312375.159,2549151.507,653.488,descent,0,outage,terrain_occlusion
3080.47,T008,U06,321309.422,2547988.544,413.301,return,1,direct,
3081.35,T020,U02,319877.343,2548082.52,273.057,return,1,direct,
3082.575,T007,U08,321607.166,2552367.559,219.5,handover,0,outage,terrain_occlusion
3084.582,T021,U03,318686.201,2545556.139,142.7,ascent,1,direct,
3084.859,T019,U01,312375.159,2549151.507,640.988,descent,0,outage,terrain_occlusion
3085.47,T008,U06,321254.427,2547937.549,413.301,return,1,direct,
3086.35,T020,U02,319851.755,2548028.25,273.057,return,1,direct,
3087.575,T007,U08,321607.166,2552367.559,219.5,handover,0,outage,terrain_occlusion
3089.582,T021,U03,318686.201,2545556.139,157.7,ascent,1,direct,
3089.859,T019,U01,312375.159,2549151.507,628.488,descent,0,outage,terrain_occlusion
3090.47,T008,U06,321199.431,2547886.554,413.301,return,1,direct,
3091.35,T020,U02,319826.168,2547973.979,273.057,return,1,direct,
3092.575,T007,U08,321607.166,2552367.559,219.5,handover,0,outage,terrain_occlusion
3094.582,T021,U03,318686.201,2545556.139,172.7,ascent,1,direct,
3094.859,T019,U01,312375.159,2549151.507,615.988,descent,0,outage,terrain_occlusion
3095.47,T008,U06,321144.436,2547835.559,413.301,return,1,direct,
3096.35,T020,U02,319800.58,2547919.709,273.057,return,1,direct,
3097.575,T007,U08,321607.166,2552367.559,219.5,handover,0,outage,terrain_occlusion
3099.582,T021,U03,318686.201,2545556.139,187.7,ascent,1,direct,
3099.859,T019,U01,312375.159,2549151.507,603.488,descent,0,outage,terrain_occlusion
3100.47,T008,U06,321089.44,2547784.564,413.301,return,1,direct,
3101.35,T020,U02,319774.993,2547865.439,273.057,return,1,direct,
3102.575,T007,U08,321607.166,2552367.559,219.5,handover,0,outage,terrain_occlusion
3104.582,T021,U03,318686.201,2545556.139,202.7,ascent,1,direct,
3104.859,T019,U01,312375.159,2549151.507,590.988,descent,0,outage,terrain_occlusion
3105.47,T008,U06,321034.445,2547733.569,413.301,return,1,direct,
3106.35,T020,U02,319749.405,2547811.168,273.057,return,1,direct,
3107.575,T007,U08,321607.166,2552367.559,219.5,handover,0,outage,terrain_occlusion
3109.582,T021,U03,318686.201,2545556.139,217.7,ascent,1,direct,
3109.859,T019,U01,312375.159,2549151.507,578.488,descent,0,outage,terrain_occlusion
3110.47,T008,U06,320979.449,2547682.574,413.301,return,1,direct,
3111.35,T020,U02,319723.818,2547756.898,273.057,return,1,direct,
3112.575,T007,U08,321607.166,2552367.559,219.5,handover,0,outage,terrain_occlusion
3114.582,T021,U03,318686.201,2545556.139,232.7,ascent,1,direct,
3114.859,T019,U01,312375.159,2549151.507,565.988,descent,0,outage,terrain_occlusion
3115.47,T008,U06,320924.454,2547631.578,413.301,return,1,direct,
3116.35,T020,U02,319698.23,2547702.627,273.057,return,1,direct,
3117.575,T007,U08,321607.166,2552367.559,219.5,handover,0,outage,terrain_occlusion
3119.582,T021,U03,318686.201,2545556.139,247.7,ascent,1,direct,
3119.859,T019,U01,312375.159,2549151.507,553.488,descent,0,outage,terrain_occlusion
3120.47,T008,U06,320869.458,2547580.583,413.301,return,1,direct,
3121.35,T020,U02,319672.643,2547648.357,273.057,return,1,direct,
3122.575,T007,U08,321607.166,2552367.559,219.5,handover,0,outage,terrain_occlusion
3124.582,T021,U03,318686.201,2545556.139,262.7,ascent,1,direct,
3124.859,T019,U01,312375.159,2549151.507,540.988,descent,0,outage,terrain_occlusion
3125.47,T008,U06,320814.463,2547529.588,413.301,return,1,direct,
3126.35,T020,U02,319647.055,2547594.086,273.057,return,1,direct,
3127.575,T007,U08,321607.166,2552367.559,219.5,handover,0,outage,terrain_occlusion
3129.582,T021,U03,318694.122,2545572.939,273.057,cruise,1,direct,
3129.859,T019,U01,312375.159,2549151.507,528.488,descent,0,outage,terrain_occlusion
3130.47,T008,U06,320759.467,2547478.593,413.301,return,1,direct,
3131.35,T020,U02,319621.468,2547539.816,273.057,return,1,direct,
3132.575,T007,U08,321607.166,2552367.559,219.5,handover,0,outage,terrain_occlusion
3134.582,T021,U03,318719.71,2545627.21,273.057,cruise,1,direct,
3134.859,T019,U01,312375.159,2549151.507,515.988,descent,0,outage,terrain_occlusion
3135.47,T008,U06,320704.472,2547427.598,413.301,return,1,direct,
3136.35,T020,U02,319595.88,2547485.546,273.057,return,1,direct,
3137.575,T007,U08,321607.166,2552367.559,219.5,handover,0,outage,terrain_occlusion
3139.582,T021,U03,318745.297,2545681.48,273.057,cruise,1,direct,
3139.859,T019,U01,312375.159,2549151.507,503.488,descent,0,outage,terrain_occlusion
3140.47,T008,U06,320649.476,2547376.603,413.301,return,1,direct,
3141.35,T020,U02,319570.293,2547431.275,273.057,return,1,direct,
3142.575,T007,U08,321607.166,2552367.559,219.5,handover,0,outage,terrain_occlusion
3144.582,T021,U03,318770.885,2545735.751,273.057,cruise,1,direct,
3144.859,T019,U01,312375.159,2549151.507,490.988,descent,0,outage,terrain_occlusion
3145.47,T008,U06,320594.481,2547325.608,413.301,return,1,direct,
3146.35,T020,U02,319544.705,2547377.005,273.057,return,1,direct,
3147.575,T007,U08,321607.166,2552367.559,219.5,handover,0,outage,terrain_occlusion
3149.582,T021,U03,318796.472,2545790.021,273.057,cruise,1,direct,
3149.859,T019,U01,312375.159,2549151.507,478.488,descent,0,outage,terrain_occlusion
3150.47,T008,U06,320539.485,2547274.613,413.301,return,1,direct,
3151.35,T020,U02,319519.118,2547322.734,273.057,return,1,direct,
3152.575,T007,U08,321607.166,2552367.559,219.5,handover,0,outage,terrain_occlusion
3154.582,T021,U03,318822.06,2545844.291,273.057,cruise,1,direct,
3154.859,T019,U01,312375.159,2549151.507,465.988,descent,0,outage,terrain_occlusion
3155.47,T008,U06,320484.49,2547223.618,413.301,return,1,direct,
3156.35,T020,U02,319493.53,2547268.464,273.057,return,1,direct,
3157.575,T007,U08,321607.166,2552367.559,219.5,handover,0,outage,terrain_occlusion
3159.582,T021,U03,318847.647,2545898.562,273.057,cruise,1,direct,
3159.859,T019,U01,312375.159,2549151.507,453.488,descent,0,outage,terrain_occlusion
3160.47,T008,U06,320429.494,2547172.623,413.301,return,1,direct,
3161.35,T020,U02,319467.943,2547214.193,273.057,return,1,direct,
3162.575,T007,U08,321607.166,2552367.559,219.5,handover,0,outage,terrain_occlusion
3164.582,T021,U03,318873.235,2545952.832,273.057,cruise,1,direct,
3164.859,T019,U01,312375.159,2549151.507,440.988,descent,0,outage,terrain_occlusion
3165.47,T008,U06,320374.499,2547121.628,413.301,return,1,direct,
3166.35,T020,U02,319442.355,2547159.923,273.057,return,1,direct,
3167.575,T007,U08,321607.166,2552367.559,219.5,handover,0,outage,terrain_occlusion
3169.582,T021,U03,318898.822,2546007.103,273.057,cruise,1,direct,
3169.859,T019,U01,312375.159,2549151.507,428.488,descent,0,outage,terrain_occlusion
3170.47,T008,U06,320319.503,2547070.633,413.301,return,1,direct,
3171.35,T020,U02,319416.768,2547105.653,273.057,return,1,direct,
3172.575,T007,U08,321607.166,2552367.559,219.5,handover,0,outage,terrain_occlusion
3174.582,T021,U03,318924.41,2546061.373,273.057,cruise,1,direct,
3174.859,T019,U01,312375.159,2549151.507,415.988,descent,0,outage,terrain_occlusion
3175.47,T008,U06,320264.508,2547019.638,413.301,return,1,direct,
3176.35,T020,U02,319391.18,2547051.382,273.057,return,1,direct,
3177.575,T007,U08,321607.166,2552367.559,219.5,handover,0,outage,terrain_occlusion
3179.582,T021,U03,318949.997,2546115.644,273.057,cruise,1,direct,
3179.859,T019,U01,312375.159,2549151.507,403.488,descent,0,outage,terrain_occlusion
3180.47,T008,U06,320209.512,2546968.643,413.301,return,1,direct,
3181.35,T020,U02,319365.593,2546997.112,273.057,return,1,direct,
3182.575,T007,U08,321607.166,2552367.559,219.5,handover,0,outage,terrain_occlusion
3184.582,T021,U03,318975.585,2546169.914,273.057,cruise,1,direct,
3184.859,T019,U01,312375.159,2549151.507,390.988,descent,0,outage,terrain_occlusion
3185.47,T008,U06,320154.517,2546917.648,413.301,return,1,direct,
3186.35,T020,U02,319340.005,2546942.841,273.057,return,1,direct,
3187.575,T007,U08,321607.166,2552367.559,219.5,handover,0,outage,terrain_occlusion
3189.582,T021,U03,319001.172,2546224.184,273.057,cruise,1,direct,
3189.859,T019,U01,312375.159,2549151.507,378.488,descent,0,outage,terrain_occlusion
3190.47,T008,U06,320099.521,2546866.653,413.301,return,1,direct,
3191.35,T020,U02,319314.418,2546888.571,273.057,return,1,direct,
3192.575,T007,U08,321607.166,2552367.559,219.5,handover,0,outage,terrain_occlusion
3194.582,T021,U03,319026.76,2546278.455,273.057,cruise,1,direct,
3194.859,T019,U01,312375.159,2549151.507,365.988,descent,0,outage,terrain_occlusion
3195.47,T008,U06,320044.526,2546815.658,413.301,return,1,direct,
3196.35,T020,U02,319288.83,2546834.3,273.057,return,1,direct,
3197.575,T007,U08,321607.166,2552367.559,219.5,handover,0,outage,terrain_occlusion
3199.582,T021,U03,319052.347,2546332.725,273.057,cruise,1,direct,
3199.859,T019,U01,312375.159,2549151.507,353.488,descent,0,outage,terrain_occlusion
3200.47,T008,U06,319989.53,2546764.663,413.301,return,1,direct,
3201.35,T020,U02,319263.243,2546780.03,273.057,return,1,direct,
3202.575,T007,U08,321607.166,2552367.559,219.5,handover,0,outage,terrain_occlusion
3204.582,T021,U03,319077.935,2546386.996,273.057,cruise,1,direct,
3204.859,T019,U01,312375.159,2549151.507,340.988,descent,0,outage,terrain_occlusion
3205.47,T008,U06,319934.535,2546713.667,413.301,return,1,direct,
3206.35,T020,U02,319237.655,2546725.759,273.057,return,1,direct,
3207.575,T007,U08,321607.166,2552367.559,219.5,handover,0,outage,terrain_occlusion
3209.582,T021,U03,319103.522,2546441.266,273.057,cruise,1,direct,
3209.859,T019,U01,312375.159,2549151.507,338.5,handover,0,outage,terrain_occlusion
3210.47,T008,U06,319879.539,2546662.672,413.301,return,1,direct,
3211.35,T020,U02,319212.068,2546671.489,273.057,return,1,direct,
3212.575,T007,U08,321607.166,2552367.559,219.5,handover,0,outage,terrain_occlusion
3214.582,T021,U03,319129.11,2546495.537,273.057,cruise,1,direct,
3214.859,T019,U01,312375.159,2549151.507,338.5,handover,0,outage,terrain_occlusion
3215.47,T008,U06,319824.544,2546611.677,413.301,return,1,direct,
3216.35,T020,U02,319186.48,2546617.219,273.057,return,1,direct,
3217.575,T007,U08,321607.166,2552367.559,219.5,handover,0,outage,terrain_occlusion
3219.582,T021,U03,319154.697,2546549.807,273.057,cruise,1,direct,
3219.859,T019,U01,312375.159,2549151.507,338.5,handover,0,outage,terrain_occlusion
3220.47,T008,U06,319769.548,2546560.682,413.301,return,1,direct,
3221.35,T020,U02,319160.893,2546562.948,273.057,return,1,direct,
3222.575,T007,U08,321607.166,2552367.559,219.5,handover,0,outage,terrain_occlusion
3224.582,T021,U03,319180.285,2546604.078,273.057,cruise,1,direct,
3224.859,T019,U01,312375.159,2549151.507,338.5,handover,0,outage,terrain_occlusion
3225.47,T008,U06,319714.553,2546509.687,413.301,return,1,direct,
3226.35,T020,U02,319135.305,2546508.678,273.057,return,1,direct,
3227.575,T007,U08,321607.166,2552367.559,219.5,handover,0,outage,terrain_occlusion
3229.582,T021,U03,319205.872,2546658.348,273.057,cruise,1,direct,
3229.859,T019,U01,312375.159,2549151.507,338.5,handover,0,outage,terrain_occlusion
3230.47,T008,U06,319659.557,2546458.692,413.301,return,1,direct,
3231.35,T020,U02,319109.718,2546454.407,273.057,return,1,direct,
3232.575,T007,U08,321607.166,2552367.559,219.5,handover,0,outage,terrain_occlusion
3234.582,T021,U03,319231.459,2546712.618,273.057,cruise,1,direct,
3234.859,T019,U01,312375.159,2549151.507,338.5,handover,0,outage,terrain_occlusion
3235.47,T008,U06,319604.562,2546407.697,413.301,return,1,direct,
3236.35,T020,U02,319084.13,2546400.137,273.057,return,1,direct,
3237.575,T007,U08,321607.166,2552367.559,219.5,handover,0,outage,terrain_occlusion
3239.582,T021,U03,319257.047,2546766.889,273.057,cruise,1,direct,
3239.859,T019,U01,312375.159,2549151.507,338.5,handover,0,outage,terrain_occlusion
3240.47,T008,U06,319549.566,2546356.702,413.301,return,1,direct,
3241.35,T020,U02,319058.543,2546345.866,273.057,return,1,direct,
3242.575,T007,U08,321607.166,2552367.559,219.5,handover,0,outage,terrain_occlusion
3244.582,T021,U03,319282.634,2546821.159,273.057,cruise,1,direct,
3244.859,T019,U01,312375.159,2549151.507,338.5,handover,0,outage,terrain_occlusion
3245.47,T008,U06,319494.571,2546305.707,413.301,return,1,direct,
3246.35,T020,U02,319032.955,2546291.596,273.057,return,1,direct,
3247.575,T007,U08,321607.166,2552367.559,219.5,handover,0,outage,terrain_occlusion
3249.582,T021,U03,319308.222,2546875.43,273.057,cruise,1,direct,
3249.859,T019,U01,312375.159,2549151.507,338.5,handover,0,outage,terrain_occlusion
3250.47,T008,U06,319439.575,2546254.712,413.301,return,1,direct,
3251.35,T020,U02,319007.368,2546237.326,273.057,return,1,direct,
3252.575,T007,U08,321607.166,2552367.559,219.5,handover,0,outage,terrain_occlusion
3254.582,T021,U03,319333.809,2546929.7,273.057,cruise,1,direct,
3254.859,T019,U01,312375.159,2549151.507,338.5,handover,0,outage,terrain_occlusion
3255.47,T008,U06,319384.58,2546203.717,413.301,return,1,direct,
3256.35,T020,U02,318981.78,2546183.055,273.057,return,1,direct,
3257.575,T007,U08,321607.166,2552367.559,219.5,handover,0,outage,terrain_occlusion
3259.582,T021,U03,319359.397,2546983.971,273.057,cruise,1,direct,
3259.859,T019,U01,312375.159,2549151.507,338.5,handover,0,outage,terrain_occlusion
3260.47,T008,U06,319329.584,2546152.722,413.301,return,1,direct,
3261.35,T020,U02,318956.193,2546128.785,273.057,return,1,direct,
3262.575,T007,U08,321607.166,2552367.559,219.5,handover,0,outage,terrain_occlusion
3264.582,T021,U03,319384.984,2547038.241,273.057,cruise,1,direct,
3264.859,T019,U01,312375.159,2549151.507,338.5,handover,0,outage,terrain_occlusion
3265.47,T008,U06,319274.589,2546101.727,413.301,return,1,direct,
3266.35,T020,U02,318930.605,2546074.514,273.057,return,1,direct,
3267.575,T007,U08,321607.166,2552367.559,219.5,handover,0,outage,terrain_occlusion
3269.582,T021,U03,319410.572,2547092.511,273.057,cruise,1,direct,
3269.859,T019,U01,312375.159,2549151.507,338.5,handover,0,outage,terrain_occlusion
3270.47,T008,U06,319219.593,2546050.732,413.301,return,1,direct,
3271.35,T020,U02,318905.018,2546020.244,273.057,return,1,direct,
3272.575,T007,U08,321607.166,2552367.559,219.5,handover,0,outage,terrain_occlusion
3274.582,T021,U03,319436.159,2547146.782,273.057,cruise,1,direct,
3274.859,T019,U01,312375.159,2549151.507,338.5,handover,0,outage,terrain_occlusion
3275.47,T008,U06,319164.598,2545999.737,413.301,return,1,direct,
3276.35,T020,U02,318879.43,2545965.973,273.057,return,1,direct,
3277.575,T007,U08,321607.166,2552367.559,219.5,handover,0,outage,terrain_occlusion
3279.582,T021,U03,319461.747,2547201.052,273.057,cruise,1,direct,
3279.859,T019,U01,312375.159,2549151.507,338.5,handover,0,outage,terrain_occlusion
3280.47,T008,U06,319109.602,2545948.742,413.301,return,1,direct,
3281.35,T020,U02,318853.843,2545911.703,273.057,return,1,direct,
3282.575,T007,U08,321607.166,2552367.559,219.5,handover,0,outage,terrain_occlusion
3284.582,T021,U03,319487.334,2547255.323,273.057,cruise,1,direct,
3284.859,T019,U01,312375.159,2549151.507,338.5,handover,0,outage,terrain_occlusion
3285.47,T008,U06,319054.607,2545897.747,413.301,return,1,direct,
3286.35,T020,U02,318828.255,2545857.432,273.057,return,1,direct,
3287.575,T007,U08,321607.166,2552367.559,219.5,handover,0,outage,terrain_occlusion
3289.582,T021,U03,319512.922,2547309.593,273.057,cruise,1,direct,
3289.859,T019,U01,312375.159,2549151.507,338.5,handover,0,outage,terrain_occlusion
3290.47,T008,U06,318999.611,2545846.752,413.301,return,1,direct,
3291.35,T020,U02,318802.668,2545803.162,273.057,return,1,direct,
3292.575,T007,U08,321607.166,2552367.559,219.5,handover,0,outage,terrain_occlusion
3294.582,T021,U03,319538.509,2547363.864,273.057,cruise,1,direct,
3294.859,T019,U01,312375.159,2549151.507,338.5,handover,0,outage,terrain_occlusion
3295.47,T008,U06,318944.616,2545795.756,413.301,return,1,direct,
3296.35,T020,U02,318777.08,2545748.892,273.057,return,1,direct,
3297.575,T007,U08,321607.166,2552367.559,219.5,handover,0,outage,terrain_occlusion
3299.582,T021,U03,319564.097,2547418.134,273.057,cruise,1,direct,
3299.859,T019,U01,312375.159,2549151.507,338.5,handover,0,outage,terrain_occlusion
3300.47,T008,U06,318889.62,2545744.761,413.301,return,1,direct,
3301.35,T020,U02,318751.493,2545694.621,273.057,return,1,direct,
3302.575,T007,U08,321607.166,2552367.559,219.5,handover,0,outage,terrain_occlusion
3304.582,T021,U03,319589.684,2547472.404,273.057,cruise,1,direct,
3304.859,T019,U01,312375.159,2549151.507,338.5,handover,0,outage,terrain_occlusion
3305.47,T008,U06,318834.625,2545693.766,413.301,return,1,direct,
3306.35,T020,U02,318725.905,2545640.351,273.057,return,1,direct,
3307.575,T007,U08,321607.166,2552367.559,219.5,handover,0,outage,terrain_occlusion
3309.582,T021,U03,319615.272,2547526.675,273.057,cruise,1,direct,
3309.859,T019,U01,312375.159,2549151.507,338.5,handover,0,outage,terrain_occlusion
3310.47,T008,U06,318779.629,2545642.771,413.301,return,1,direct,
3311.35,T020,U02,318700.318,2545586.08,273.057,return,1,direct,
3312.575,T007,U08,321607.166,2552367.559,219.5,handover,0,outage,terrain_occlusion
3314.582,T021,U03,319640.859,2547580.945,273.057,cruise,1,direct,
3314.859,T019,U01,312375.159,2549151.507,338.5,handover,0,outage,terrain_occlusion
3315.47,T008,U06,318724.634,2545591.776,413.301,return,1,direct,
3316.35,T020,U02,318686.201,2545556.139,267.453,return,1,direct,
3317.575,T007,U08,321607.166,2552367.559,219.5,handover,0,outage,terrain_occlusion
3319.582,T021,U03,319666.447,2547635.216,273.057,cruise,1,direct,
3319.859,T019,U01,312375.159,2549151.507,338.5,handover,0,outage,terrain_occlusion
3320.47,T008,U06,318686.201,2545556.139,409.536,return,1,direct,
3321.35,T020,U02,318686.201,2545556.139,254.953,return,1,direct,
3322.575,T007,U08,321607.166,2552367.559,219.5,handover,0,outage,terrain_occlusion
3324.582,T021,U03,319692.034,2547689.486,273.057,cruise,1,direct,
3324.859,T019,U01,312375.159,2549151.507,338.5,handover,0,outage,terrain_occlusion
3325.47,T008,U06,318686.201,2545556.139,397.036,return,1,direct,
3326.35,T020,U02,318686.201,2545556.139,242.453,return,1,direct,
3327.575,T007,U08,321607.166,2552367.559,219.5,handover,0,outage,terrain_occlusion
3329.582,T021,U03,319717.622,2547743.757,273.057,cruise,1,direct,
3329.859,T019,U01,312375.159,2549151.507,338.5,handover,0,outage,terrain_occlusion
3330.47,T008,U06,318686.201,2545556.139,384.536,return,1,direct,
3331.35,T020,U02,318686.201,2545556.139,229.953,return,1,direct,
3332.575,T007,U08,321607.166,2552367.559,219.5,handover,0,outage,terrain_occlusion
3334.582,T021,U03,319743.209,2547798.027,273.057,cruise,1,direct,
3334.859,T019,U01,312375.159,2549151.507,338.5,handover,0,outage,terrain_occlusion
3335.47,T008,U06,318686.201,2545556.139,372.036,return,1,direct,
3336.35,T020,U02,318686.201,2545556.139,217.453,return,1,direct,
3337.575,T007,U08,321607.166,2552367.559,219.5,handover,0,outage,terrain_occlusion
3339.582,T021,U03,319768.797,2547852.298,273.057,cruise,1,direct,
3339.859,T019,U01,312375.159,2549151.507,338.5,handover,0,outage,terrain_occlusion
3340.47,T008,U06,318686.201,2545556.139,359.536,return,1,direct,
3341.35,T020,U02,318686.201,2545556.139,204.953,return,1,direct,
3342.575,T007,U08,321607.166,2552367.559,219.5,handover,0,outage,terrain_occlusion
3344.582,T021,U03,319794.384,2547906.568,273.057,cruise,1,direct,
3344.859,T019,U01,312375.159,2549151.507,338.5,handover,0,outage,terrain_occlusion
3345.47,T008,U06,318686.201,2545556.139,347.036,return,1,direct,
3346.35,T020,U02,318686.201,2545556.139,192.453,return,1,direct,
3347.575,T007,U08,321607.166,2552367.559,219.5,handover,0,outage,terrain_occlusion
3349.582,T021,U03,319819.972,2547960.838,273.057,cruise,1,direct,
3349.859,T019,U01,312375.159,2549151.507,338.5,handover,0,outage,terrain_occlusion
3350.47,T008,U06,318686.201,2545556.139,334.536,return,1,direct,
3351.35,T020,U02,318686.201,2545556.139,179.953,return,1,direct,
3352.575,T007,U08,321607.166,2552367.559,219.5,handover,0,outage,terrain_occlusion
3354.582,T021,U03,319845.559,2548015.109,273.057,cruise,1,direct,
3354.859,T019,U01,312375.159,2549151.507,338.5,handover,0,outage,terrain_occlusion
3355.47,T008,U06,318686.201,2545556.139,322.036,return,1,direct,
3356.35,T020,U02,318686.201,2545556.139,167.453,return,1,direct,
3357.575,T007,U08,321607.166,2552367.559,219.5,handover,0,outage,terrain_occlusion
3359.582,T021,U03,319871.147,2548069.379,273.057,cruise,1,direct,
3359.859,T019,U01,312375.159,2549151.507,338.5,handover,0,outage,terrain_occlusion
3360.47,T008,U06,318686.201,2545556.139,309.536,return,1,direct,
3361.35,T020,U02,318686.201,2545556.139,154.953,return,1,direct,
3362.575,T007,U08,321607.166,2552367.559,219.5,handover,0,outage,terrain_occlusion
3364.582,T021,U03,319896.734,2548123.65,273.057,cruise,1,direct,
3364.859,T019,U01,312375.159,2549151.507,338.5,handover,0,outage,terrain_occlusion
3365.47,T008,U06,318686.201,2545556.139,297.036,return,1,direct,
3366.35,T020,U02,318686.201,2545556.139,142.453,return,1,direct,
3367.575,T007,U08,321607.166,2552367.559,219.5,handover,0,outage,terrain_occlusion
3369.582,T021,U03,319922.322,2548177.92,273.057,cruise,1,direct,
3369.859,T019,U01,312375.159,2549151.507,338.5,handover,0,outage,terrain_occlusion
3370.47,T008,U06,318686.201,2545556.139,284.536,return,1,direct,
3371.35,T020,U02,318686.201,2545556.139,129.953,return,1,direct,
3372.575,T007,U08,321607.166,2552367.559,219.5,handover,0,outage,terrain_occlusion
3374.582,T021,U03,319947.909,2548232.191,273.057,cruise,1,direct,
3374.859,T019,U01,312375.159,2549151.507,338.5,handover,0,outage,terrain_occlusion
3375.47,T008,U06,318686.201,2545556.139,272.036,return,1,direct,
3377.575,T007,U08,321607.166,2552367.559,219.5,handover,0,outage,terrain_occlusion
3379.582,T021,U03,319973.497,2548286.461,273.057,cruise,1,direct,
3379.859,T019,U01,312375.159,2549151.507,338.5,handover,0,outage,terrain_occlusion
3380.47,T008,U06,318686.201,2545556.139,259.536,return,1,direct,
3382.575,T007,U08,321607.166,2552367.559,219.5,handover,0,outage,terrain_occlusion
3384.582,T021,U03,319988.6,2548318.494,267.935,descent,1,direct,
3384.859,T019,U01,312375.159,2549151.507,338.5,handover,0,outage,terrain_occlusion
3385.47,T008,U06,318686.201,2545556.139,247.036,return,1,direct,
3387.575,T007,U08,321607.166,2552367.559,219.5,handover,0,outage,terrain_occlusion
3389.582,T021,U03,319988.6,2548318.494,255.435,descent,1,direct,
3389.859,T019,U01,312375.159,2549151.507,350.515,return,0,outage,terrain_occlusion
3390.47,T008,U06,318686.201,2545556.139,234.536,return,1,direct,
3392.575,T007,U08,321607.166,2552367.559,219.5,handover,0,outage,terrain_occlusion
3394.582,T021,U03,319988.6,2548318.494,242.935,descent,1,direct,
3394.859,T019,U01,312375.159,2549151.507,365.515,return,0,outage,terrain_occlusion
3395.47,T008,U06,318686.201,2545556.139,222.036,return,1,direct,
3397.575,T007,U08,321607.166,2552367.559,226.21,return,0,outage,terrain_occlusion
3399.582,T021,U03,319988.6,2548318.494,230.435,descent,1,direct,
3399.859,T019,U01,312375.159,2549151.507,380.515,return,0,outage,terrain_occlusion
3400.47,T008,U06,318686.201,2545556.139,209.536,return,1,direct,
3402.575,T007,U08,321607.166,2552367.559,238.71,return,0,outage,terrain_occlusion
3404.582,T021,U03,319988.6,2548318.494,217.935,descent,1,direct,
3404.859,T019,U01,312375.159,2549151.507,395.515,return,0,outage,terrain_occlusion
3405.47,T008,U06,318686.201,2545556.139,197.036,return,1,direct,
3407.575,T007,U08,321607.166,2552367.559,251.21,return,0,outage,terrain_occlusion
3409.582,T021,U03,319988.6,2548318.494,205.435,descent,1,direct,
3409.859,T019,U01,312375.159,2549151.507,410.515,return,0,outage,terrain_occlusion
3410.47,T008,U06,318686.201,2545556.139,184.536,return,1,direct,
3412.575,T007,U08,321607.166,2552367.559,263.71,return,0,outage,terrain_occlusion
3414.582,T021,U03,319988.6,2548318.494,192.935,descent,1,direct,
3414.859,T019,U01,312375.159,2549151.507,425.515,return,0,outage,terrain_occlusion
3415.47,T008,U06,318686.201,2545556.139,172.036,return,1,direct,
3417.575,T007,U08,321607.166,2552367.559,276.21,return,0,outage,terrain_occlusion
3419.582,T021,U03,319988.6,2548318.494,184,handover,1,direct,
3419.859,T019,U01,312375.159,2549151.507,440.515,return,0,outage,terrain_occlusion
3420.47,T008,U06,318686.201,2545556.139,159.536,return,1,direct,
3422.575,T007,U08,321607.166,2552367.559,288.71,return,0,outage,terrain_occlusion
3424.582,T021,U03,319988.6,2548318.494,184,handover,1,direct,
3424.859,T019,U01,312375.159,2549151.507,455.515,return,0,outage,terrain_occlusion
3425.47,T008,U06,318686.201,2545556.139,147.036,return,1,direct,
3427.575,T007,U08,321607.166,2552367.559,301.21,return,0,outage,terrain_occlusion
3429.582,T021,U03,319988.6,2548318.494,184,handover,1,direct,
3429.859,T019,U01,312375.159,2549151.507,470.515,return,0,outage,terrain_occlusion
3430.47,T008,U06,318686.201,2545556.139,134.536,return,1,direct,
3432.575,T007,U08,321595.92,2552341.335,308.954,return,0,outage,terrain_occlusion
3434.582,T021,U03,319988.6,2548318.494,184,handover,1,direct,
3434.859,T019,U01,312375.159,2549151.507,485.515,return,0,outage,terrain_occlusion
3437.575,T007,U08,321566.361,2552272.405,308.954,return,0,outage,terrain_occlusion
3439.582,T021,U03,319988.6,2548318.494,184,handover,1,direct,
3439.859,T019,U01,312375.159,2549151.507,500.515,return,0,outage,terrain_occlusion
3442.575,T007,U08,321536.802,2552203.476,308.954,return,0,outage,terrain_occlusion
3444.582,T021,U03,319988.6,2548318.494,184,handover,1,direct,
3444.859,T019,U01,312375.159,2549151.507,515.515,return,0,outage,terrain_occlusion
3447.575,T007,U08,321507.243,2552134.547,308.954,return,0,outage,terrain_occlusion
3448.176,T014,U05,318686.201,2545556.139,127.7,ascent,1,direct,
3449.582,T021,U03,319988.6,2548318.494,184,handover,1,direct,
3449.859,T019,U01,312375.159,2549151.507,530.515,return,0,outage,terrain_occlusion
3452.575,T007,U08,321477.684,2552065.617,308.954,return,0,outage,terrain_occlusion
3453.176,T014,U05,318686.201,2545556.139,142.7,ascent,1,direct,
3454.582,T021,U03,319988.6,2548318.494,184,handover,1,direct,
3454.859,T019,U01,312375.159,2549151.507,545.515,return,0,outage,terrain_occlusion
3457.575,T007,U08,321448.124,2551996.688,308.954,return,0,outage,terrain_occlusion
3458.176,T014,U05,318686.201,2545556.139,157.7,ascent,1,direct,
3459.582,T021,U03,319988.6,2548318.494,184,handover,1,direct,
3459.859,T019,U01,312375.159,2549151.507,560.515,return,0,outage,terrain_occlusion
3462.575,T007,U08,321418.565,2551927.759,308.954,return,0,outage,terrain_occlusion
3463.176,T014,U05,318686.201,2545556.139,172.7,ascent,1,direct,
3464.582,T021,U03,319988.6,2548318.494,184,handover,1,direct,
3464.859,T019,U01,312422.811,2549124.36,561.804,return,0,outage,terrain_occlusion
3467.575,T007,U08,321389.006,2551858.829,308.954,return,0,outage,terrain_occlusion
3468.176,T014,U05,318686.201,2545556.139,187.7,ascent,1,direct,
3469.582,T021,U03,319988.6,2548318.494,184,handover,1,direct,
3469.859,T019,U01,312474.944,2549094.66,561.804,return,0,outage,terrain_occlusion
3472.575,T007,U08,321359.447,2551789.9,308.954,return,0,outage,terrain_occlusion
3473.176,T014,U05,318686.201,2545556.139,202.7,ascent,1,direct,
3473.392,T011,U07,318686.201,2545556.139,127.7,ascent,1,direct,
3474.582,T021,U03,319988.6,2548318.494,184,handover,1,direct,
3474.859,T019,U01,312527.078,2549064.96,561.804,return,0,outage,terrain_occlusion
3477.575,T007,U08,321329.888,2551720.971,308.954,return,0,outage,terrain_occlusion
3478.176,T014,U05,318686.201,2545556.139,217.7,ascent,1,direct,
3478.392,T011,U07,318686.201,2545556.139,140.2,ascent,1,direct,
3479.582,T021,U03,319988.6,2548318.494,184,handover,1,direct,
3479.859,T019,U01,312579.211,2549035.259,561.804,return,0,outage,terrain_occlusion
3482.575,T007,U08,321300.328,2551652.041,308.954,return,0,outage,terrain_occlusion
3483.176,T014,U05,318686.201,2545556.139,232.7,ascent,1,direct,
3483.392,T011,U07,318686.201,2545556.139,152.7,ascent,1,direct,
3484.582,T021,U03,319988.6,2548318.494,184,handover,1,direct,
3484.859,T019,U01,312631.345,2549005.559,561.804,return,0,outage,terrain_occlusion
3487.575,T007,U08,321270.769,2551583.112,308.954,return,0,outage,terrain_occlusion
3488.176,T014,U05,318686.201,2545556.139,247.7,ascent,1,direct,
3488.392,T011,U07,318686.201,2545556.139,165.2,ascent,1,direct,
3489.582,T021,U03,319988.6,2548318.494,184,handover,1,direct,
3489.859,T019,U01,312683.478,2548975.859,561.804,return,0,outage,terrain_occlusion
3492.575,T007,U08,321241.21,2551514.183,308.954,return,0,outage,terrain_occlusion
3493.176,T014,U05,318686.201,2545556.139,262.7,ascent,1,direct,
3493.392,T011,U07,318686.201,2545556.139,177.7,ascent,1,direct,
3494.582,T021,U03,319988.6,2548318.494,184,handover,1,direct,
3494.859,T019,U01,312735.612,2548946.159,561.804,return,0,outage,terrain_occlusion
3497.575,T007,U08,321211.651,2551445.253,308.954,return,0,outage,terrain_occlusion
3498.176,T014,U05,318686.201,2545556.139,277.7,ascent,1,direct,
3498.392,T011,U07,318686.201,2545556.139,190.2,ascent,1,direct,
3499.582,T021,U03,319988.6,2548318.494,184,handover,1,direct,
3499.859,T019,U01,312787.745,2548916.459,561.804,return,0,outage,terrain_occlusion
3502.575,T007,U08,321182.092,2551376.324,308.954,return,0,outage,terrain_occlusion
3503.176,T014,U05,318686.201,2545556.139,292.7,ascent,1,direct,
3503.392,T011,U07,318686.201,2545556.139,202.7,ascent,1,direct,
3504.582,T021,U03,319988.6,2548318.494,184,handover,1,direct,
3504.859,T019,U01,312839.879,2548886.759,561.804,return,0,outage,terrain_occlusion
3507.575,T007,U08,321152.532,2551307.395,308.954,return,0,outage,terrain_occlusion
3508.176,T014,U05,318717.264,2545621.488,293.229,cruise,1,direct,
3508.392,T011,U07,318686.201,2545556.139,215.2,ascent,1,direct,
3509.582,T021,U03,319988.6,2548318.494,184,handover,1,direct,
3509.859,T019,U01,312892.012,2548857.058,561.804,return,0,outage,terrain_occlusion
3512.575,T007,U08,321122.973,2551238.465,308.954,return,0,outage,terrain_occlusion
3513.176,T014,U05,318749.463,2545689.224,293.229,cruise,1,direct,
3513.392,T011,U07,318686.201,2545556.139,227.7,ascent,1,direct,
3514.582,T021,U03,319988.6,2548318.494,184,handover,1,direct,
3514.859,T019,U01,312944.146,2548827.358,561.804,return,0,outage,terrain_occlusion
3517.575,T007,U08,321093.414,2551169.536,308.954,return,0,outage,terrain_occlusion
3518.176,T014,U05,318781.661,2545756.961,293.229,cruise,1,direct,
3518.392,T011,U07,318686.201,2545556.139,240.2,ascent,1,direct,
3519.582,T021,U03,319988.6,2548318.494,184,handover,1,direct,
3519.723,T023,U04,318686.201,2545556.139,127.7,ascent,1,direct,
3519.859,T019,U01,312996.279,2548797.658,561.804,return,0,outage,terrain_occlusion
3522.575,T007,U08,321063.855,2551100.607,308.954,return,0,outage,terrain_occlusion
3523.176,T014,U05,318813.86,2545824.698,293.229,cruise,1,direct,
3523.392,T011,U07,318686.201,2545556.139,252.7,ascent,1,direct,
3524.582,T021,U03,319988.6,2548318.494,184,handover,1,direct,
3524.723,T023,U04,318686.201,2545556.139,142.7,ascent,1,direct,
3524.859,T019,U01,313048.413,2548767.958,561.804,return,0,outage,terrain_occlusion
3527.575,T007,U08,321034.295,2551031.677,308.954,return,0,outage,terrain_occlusion
3528.176,T014,U05,318846.058,2545892.434,293.229,cruise,1,direct,
3528.392,T011,U07,318686.201,2545556.139,265.2,ascent,1,direct,
3529.582,T021,U03,319988.6,2548318.494,184,handover,1,direct,
3529.723,T023,U04,318686.201,2545556.139,157.7,ascent,1,direct,
3529.859,T019,U01,313100.546,2548738.258,561.804,return,0,outage,terrain_occlusion
3532.575,T007,U08,321004.736,2550962.748,308.954,return,0,outage,terrain_occlusion
3533.176,T014,U05,318878.256,2545960.171,293.229,cruise,1,direct,
3533.392,T011,U07,318686.201,2545556.139,277.7,ascent,1,direct,
3534.582,T021,U03,319988.6,2548318.494,184,handover,1,direct,
3534.723,T023,U04,318686.201,2545556.139,172.7,ascent,1,direct,
3534.859,T019,U01,313152.68,2548708.558,561.804,return,0,outage,terrain_occlusion
3537.575,T007,U08,320975.177,2550893.819,308.954,return,0,outage,terrain_occlusion
3538.176,T014,U05,318910.455,2546027.908,293.229,cruise,1,direct,
3538.392,T011,U07,318686.201,2545556.139,290.2,ascent,1,direct,
3539.582,T021,U03,319988.6,2548318.494,184,handover,1,direct,
3539.723,T023,U04,318686.201,2545556.139,187.7,ascent,1,direct,
3539.859,T019,U01,313204.813,2548678.857,561.804,return,0,outage,terrain_occlusion
3542.575,T007,U08,320945.618,2550824.889,308.954,return,0,outage,terrain_occlusion
3543.176,T014,U05,318942.653,2546095.645,293.229,cruise,1,direct,
3543.392,T011,U07,318686.201,2545556.139,302.7,ascent,1,direct,
3544.582,T021,U03,319988.6,2548318.494,184,handover,1,direct,
3544.723,T023,U04,318686.201,2545556.139,202.7,ascent,1,direct,
3544.859,T019,U01,313256.947,2548649.157,561.804,return,0,outage,terrain_occlusion
3547.575,T007,U08,320916.059,2550755.96,308.954,return,0,outage,terrain_occlusion
3548.176,T014,U05,318974.852,2546163.381,293.229,cruise,1,direct,
3548.392,T011,U07,318686.201,2545556.139,315.2,ascent,1,direct,
3549.582,T021,U03,319988.6,2548318.494,184,handover,1,direct,
3549.723,T023,U04,318686.201,2545556.139,217.7,ascent,1,direct,
3549.859,T019,U01,313309.08,2548619.457,561.804,return,0,outage,terrain_occlusion
3552.575,T007,U08,320886.499,2550687.031,308.954,return,0,outage,terrain_occlusion
3553.176,T014,U05,319007.05,2546231.118,293.229,cruise,1,direct,
3553.392,T011,U07,318686.201,2545556.139,327.7,ascent,1,direct,
3554.582,T021,U03,319988.6,2548318.494,184,handover,1,direct,
3554.723,T023,U04,318686.201,2545556.139,232.7,ascent,1,direct,
3554.859,T019,U01,313361.214,2548589.757,561.804,return,0,outage,terrain_occlusion
3557.575,T007,U08,320856.94,2550618.101,308.954,return,0,outage,terrain_occlusion
3558.176,T014,U05,319039.249,2546298.855,293.229,cruise,1,direct,
3558.392,T011,U07,318686.201,2545556.139,340.2,ascent,1,direct,
3559.582,T021,U03,319988.6,2548318.494,184,handover,1,direct,
3559.723,T023,U04,318686.201,2545556.139,247.7,ascent,1,direct,
3559.859,T019,U01,313413.347,2548560.057,561.804,return,0,outage,terrain_occlusion
3562.575,T007,U08,320827.381,2550549.172,308.954,return,0,outage,terrain_occlusion
3563.176,T014,U05,319071.447,2546366.591,293.229,cruise,1,direct,
3563.392,T011,U07,318686.201,2545556.139,352.7,ascent,1,direct,
3564.582,T021,U03,319988.6,2548318.494,184,handover,1,direct,
3564.723,T023,U04,318686.201,2545556.139,262.7,ascent,1,direct,
3564.859,T019,U01,313465.481,2548530.357,561.804,return,0,outage,terrain_occlusion
3567.575,T007,U08,320797.822,2550480.243,308.954,return,0,outage,terrain_occlusion
3568.176,T014,U05,319103.645,2546434.328,293.229,cruise,1,direct,
3568.392,T011,U07,318686.201,2545556.139,365.2,ascent,1,direct,
3569.582,T021,U03,319988.6,2548318.494,184,handover,1,direct,
3569.723,T023,U04,318686.201,2545556.139,277.7,ascent,1,direct,
3569.859,T019,U01,313517.614,2548500.656,561.804,return,0,outage,terrain_occlusion
3572.575,T007,U08,320768.263,2550411.313,308.954,return,0,outage,terrain_occlusion
3573.176,T014,U05,319135.844,2546502.065,293.229,cruise,1,direct,
3573.392,T011,U07,318686.201,2545556.139,377.7,ascent,1,direct,
3574.582,T021,U03,319988.6,2548318.494,184,handover,1,direct,
3574.723,T023,U04,318686.201,2545556.139,292.7,ascent,1,direct,
3574.859,T019,U01,313569.747,2548470.956,561.804,return,0,outage,terrain_occlusion
3577.575,T007,U08,320738.703,2550342.384,308.954,return,0,outage,terrain_occlusion
3578.176,T014,U05,319168.042,2546569.801,293.229,cruise,1,direct,
3578.392,T011,U07,318686.201,2545556.139,390.2,ascent,1,direct,
3579.582,T021,U03,319988.6,2548318.494,184,handover,1,direct,
3579.723,T023,U04,318686.201,2545556.139,307.7,ascent,1,direct,
3579.859,T019,U01,313621.881,2548441.256,561.804,return,0,outage,terrain_occlusion
3582.575,T007,U08,320709.144,2550273.455,308.954,return,0,outage,terrain_occlusion
3583.176,T014,U05,319200.241,2546637.538,293.229,cruise,1,direct,
3583.392,T011,U07,318689.125,2545582.744,398.239,cruise,1,direct,
3584.582,T021,U03,319988.6,2548318.494,184,handover,1,direct,
3584.723,T023,U04,318686.201,2545556.139,322.7,ascent,1,direct,
3584.859,T019,U01,313674.014,2548411.556,561.804,return,0,outage,terrain_occlusion
3587.575,T007,U08,320679.585,2550204.525,308.954,return,0,outage,terrain_occlusion
3588.176,T014,U05,319232.439,2546705.275,293.229,cruise,1,direct,
3588.392,T011,U07,318697.318,2545657.295,398.239,cruise,1,direct,
3589.582,T021,U03,319988.6,2548318.494,184,handover,1,direct,
3589.723,T023,U04,318684.511,2545601.264,326.411,cruise,1,direct,
3589.859,T019,U01,313726.148,2548381.856,561.804,return,0,outage,terrain_occlusion
3592.575,T007,U08,320650.026,2550135.596,308.954,return,0,outage,terrain_occlusion
3593.176,T014,U05,319264.638,2546773.012,293.229,cruise,1,direct,
3593.392,T011,U07,318705.511,2545731.846,398.239,cruise,1,direct,
3594.582,T021,U03,319988.6,2548318.494,184,handover,1,direct,
3594.723,T023,U04,318682.264,2545661.222,326.411,cruise,1,direct,
3594.859,T019,U01,313778.281,2548352.156,561.804,return,0,outage,terrain_occlusion
3597.575,T007,U08,320620.467,2550066.667,308.954,return,0,outage,terrain_occlusion
3598.176,T014,U05,319296.836,2546840.748,293.229,cruise,1,direct,
3598.392,T011,U07,318713.705,2545806.398,398.239,cruise,1,direct,
3599.582,T021,U03,319988.6,2548318.494,188.278,ascent,1,direct,
3599.723,T023,U04,318680.017,2545721.18,326.411,cruise,1,direct,
3599.859,T019,U01,313830.415,2548322.455,561.804,return,0,outage,terrain_occlusion
3602.575,T007,U08,320590.907,2549997.737,308.954,return,0,outage,terrain_occlusion
3603.176,T014,U05,319329.034,2546908.485,293.229,cruise,1,direct,
3603.392,T011,U07,318721.898,2545880.949,398.239,cruise,1,direct,
3604.582,T021,U03,319988.6,2548318.494,203.278,ascent,1,direct,
3604.723,T023,U04,318677.771,2545781.138,326.411,cruise,1,direct,
3604.859,T019,U01,313882.548,2548292.755,561.804,return,0,outage,terrain_occlusion
3607.575,T007,U08,320561.348,2549928.808,308.954,return,0,outage,terrain_occlusion
3608.176,T014,U05,319361.233,2546976.222,293.229,cruise,1,direct,
3608.392,T011,U07,318730.091,2545955.5,398.239,cruise,1,direct,
3609.582,T021,U03,319988.6,2548318.494,218.278,ascent,1,direct,
3609.723,T023,U04,318675.524,2545841.096,326.411,cruise,1,direct,
3609.859,T019,U01,313934.682,2548263.055,561.804,return,0,outage,terrain_occlusion
3612.575,T007,U08,320531.789,2549859.879,308.954,return,0,outage,terrain_occlusion
3613.176,T014,U05,319393.431,2547043.958,293.229,cruise,1,direct,
3613.392,T011,U07,318738.284,2546030.051,398.239,cruise,1,direct,
3614.582,T021,U03,319988.6,2548318.494,233.278,ascent,1,direct,
3614.723,T023,U04,318673.278,2545901.054,326.411,cruise,1,direct,
3614.859,T019,U01,313986.815,2548233.355,561.804,return,0,outage,terrain_occlusion
3617.575,T007,U08,320502.23,2549790.949,308.954,return,0,outage,terrain_occlusion
3618.176,T014,U05,319425.63,2547111.695,293.229,cruise,1,direct,
3618.392,T011,U07,318746.477,2546104.602,398.239,cruise,1,direct,
3619.582,T021,U03,319988.6,2548318.494,248.278,ascent,1,direct,
3619.723,T023,U04,318671.031,2545961.012,326.411,cruise,1,direct,
3619.859,T019,U01,314038.949,2548203.655,561.804,return,0,outage,terrain_occlusion
3622.575,T007,U08,320472.671,2549722.02,308.954,return,0,outage,terrain_occlusion
3623.176,T014,U05,319457.828,2547179.432,293.229,cruise,1,direct,
3623.392,T011,U07,318754.671,2546179.153,398.239,cruise,1,direct,
3624.582,T021,U03,319988.6,2548318.494,263.278,ascent,1,direct,
3624.723,T023,U04,318668.785,2546020.97,326.411,cruise,1,direct,
3624.859,T019,U01,314091.082,2548173.954,561.804,return,0,outage,terrain_occlusion
3627.575,T007,U08,320443.111,2549653.091,308.954,return,0,outage,terrain_occlusion
3628.176,T014,U05,319490.026,2547247.169,293.229,cruise,1,direct,
3628.392,T011,U07,318762.864,2546253.704,398.239,cruise,1,direct,
3629.582,T021,U03,319988.6,2548318.494,278.278,ascent,1,direct,
3629.723,T023,U04,318666.538,2546080.928,326.411,cruise,1,direct,
3629.859,T019,U01,314143.216,2548144.254,561.804,return,0,outage,terrain_occlusion
3632.575,T007,U08,320413.552,2549584.161,308.954,return,0,outage,terrain_occlusion
3633.176,T014,U05,319522.225,2547314.905,293.229,cruise,1,direct,
3633.392,T011,U07,318771.057,2546328.255,398.239,cruise,1,direct,
3634.582,T021,U03,319988.6,2548318.494,293.278,ascent,1,direct,
3634.723,T023,U04,318664.292,2546140.885,326.411,cruise,1,direct,
3634.859,T019,U01,314195.349,2548114.554,561.804,return,0,outage,terrain_occlusion
3637.575,T007,U08,320383.993,2549515.232,308.954,return,0,outage,terrain_occlusion
3638.176,T014,U05,319554.423,2547382.642,293.229,cruise,1,direct,
3638.392,T011,U07,318779.25,2546402.807,398.239,cruise,1,direct,
3639.582,T021,U03,319988.6,2548318.494,308.278,ascent,1,direct,
3639.723,T023,U04,318662.045,2546200.843,326.411,cruise,1,direct,
3639.859,T019,U01,314247.483,2548084.854,561.804,return,0,outage,terrain_occlusion
3642.575,T007,U08,320354.434,2549446.303,308.954,return,0,outage,terrain_occlusion
3643.176,T014,U05,319586.622,2547450.379,293.229,cruise,1,direct,
3643.392,T011,U07,318787.443,2546477.358,398.239,cruise,1,direct,
3644.582,T021,U03,319988.6,2548318.494,323.278,ascent,1,direct,
3644.723,T023,U04,318659.799,2546260.801,326.411,cruise,1,direct,
3644.859,T019,U01,314299.616,2548055.154,561.804,return,0,outage,terrain_occlusion
3647.575,T007,U08,320324.874,2549377.373,308.954,return,0,outage,terrain_occlusion
3648.176,T014,U05,319618.82,2547518.115,293.229,cruise,1,direct,
3648.392,T011,U07,318795.636,2546551.909,398.239,cruise,1,direct,
3649.582,T021,U03,319988.6,2548318.494,338.278,ascent,1,direct,
3649.723,T023,U04,318657.552,2546320.759,326.411,cruise,1,direct,
3649.859,T019,U01,314351.75,2548025.454,561.804,return,0,outage,terrain_occlusion
3652.575,T007,U08,320295.315,2549308.444,308.954,return,0,outage,terrain_occlusion
3653.176,T014,U05,319651.019,2547585.852,293.229,cruise,1,direct,
3653.392,T011,U07,318803.83,2546626.46,398.239,cruise,1,direct,
3654.582,T021,U03,319988.6,2548318.494,353.278,ascent,1,direct,
3654.723,T023,U04,318655.306,2546380.717,326.411,cruise,1,direct,
3654.859,T019,U01,314403.883,2547995.753,561.804,return,0,outage,terrain_occlusion
3657.575,T007,U08,320265.756,2549239.515,308.954,return,0,outage,terrain_occlusion
3658.176,T014,U05,319683.217,2547653.589,293.229,cruise,1,direct,
3658.392,T011,U07,318812.023,2546701.011,398.239,cruise,1,direct,
3659.582,T021,U03,319988.6,2548318.494,368.278,ascent,1,direct,
3659.723,T023,U04,318653.059,2546440.675,326.411,cruise,1,direct,
3659.859,T019,U01,314456.017,2547966.053,561.804,return,0,outage,terrain_occlusion
3662.575,T007,U08,320236.197,2549170.585,308.954,return,1,direct,
3663.176,T014,U05,319715.415,2547721.326,293.229,cruise,1,direct,
3663.392,T011,U07,318820.216,2546775.562,398.239,cruise,1,direct,
3664.582,T021,U03,319988.6,2548318.494,383.278,ascent,1,direct,
3664.723,T023,U04,318650.813,2546500.633,326.411,cruise,1,direct,
3664.859,T019,U01,314508.15,2547936.353,561.804,return,0,outage,terrain_occlusion
3667.575,T007,U08,320206.638,2549101.656,308.954,return,1,direct,
3668.176,T014,U05,319747.614,2547789.062,293.229,cruise,1,direct,
3668.392,T011,U07,318828.409,2546850.113,398.239,cruise,1,direct,
3669.582,T021,U03,319988.6,2548318.494,398.278,ascent,1,direct,
3669.723,T023,U04,318648.566,2546560.591,326.411,cruise,1,direct,
3669.859,T019,U01,314560.284,2547906.653,561.804,return,0,outage,terrain_occlusion
3672.575,T007,U08,320177.078,2549032.727,308.954,return,1,direct,
3673.176,T014,U05,319779.812,2547856.799,293.229,cruise,1,direct,
3673.392,T011,U07,318836.602,2546924.665,398.239,cruise,1,direct,
3674.582,T021,U03,319988.6,2548318.494,413.278,ascent,1,direct,
3674.723,T023,U04,318646.32,2546620.549,326.411,cruise,1,direct,
3674.859,T019,U01,314612.417,2547876.953,561.804,return,0,outage,terrain_occlusion
3677.575,T007,U08,320147.519,2548963.797,308.954,return,1,direct,
3678.176,T014,U05,319812.011,2547924.536,293.229,cruise,1,direct,
3678.392,T011,U07,318844.795,2546999.216,398.239,cruise,1,direct,
3679.582,T021,U03,319988.6,2548318.494,428.278,ascent,1,direct,
3679.723,T023,U04,318644.073,2546680.507,326.411,cruise,1,direct,
3679.859,T019,U01,314664.551,2547847.253,561.804,return,0,outage,terrain_occlusion
3682.575,T007,U08,320117.96,2548894.868,308.954,return,1,direct,
3683.176,T014,U05,319844.209,2547992.272,293.229,cruise,1,direct,
3683.392,T011,U07,318852.989,2547073.767,398.239,cruise,1,direct,
3684.582,T021,U03,320032.551,2548297.299,431.08,cruise,1,direct,
3684.723,T023,U04,318641.827,2546740.465,326.411,cruise,1,direct,
3684.859,T019,U01,314716.684,2547817.552,561.804,return,0,outage,terrain_occlusion
3687.575,T007,U08,320088.401,2548825.939,308.954,return,1,direct,
3688.176,T014,U05,319876.408,2548060.009,293.229,cruise,1,direct,
3688.392,T011,U07,318861.182,2547148.318,398.239,cruise,1,direct,
3689.582,T021,U03,320086.594,2548271.237,431.08,cruise,1,direct,
3689.723,T023,U04,318639.58,2546800.423,326.411,cruise,1,direct,
3689.859,T019,U01,314768.818,2547787.852,561.804,return,0,outage,terrain_occlusion
3692.575,T007,U08,320058.842,2548757.009,308.954,return,1,direct,
3693.176,T014,U05,319908.606,2548127.746,293.229,cruise,1,direct,
3693.392,T011,U07,318869.375,2547222.869,398.239,cruise,1,direct,
3694.582,T021,U03,320140.638,2548245.174,431.08,cruise,1,direct,
3694.723,T023,U04,318637.334,2546860.381,326.411,cruise,1,direct,
3694.859,T019,U01,314820.951,2547758.152,561.804,return,0,outage,terrain_occlusion
3697.575,T007,U08,320029.282,2548688.08,308.954,return,1,direct,
3698.176,T014,U05,319940.804,2548195.482,293.229,cruise,1,direct,
3698.392,T011,U07,318877.568,2547297.42,398.239,cruise,1,direct,
3699.582,T021,U03,320194.682,2548219.111,431.08,cruise,1,direct,
3699.723,T023,U04,318635.087,2546920.339,326.411,cruise,1,direct,
3699.859,T019,U01,314873.085,2547728.452,561.804,return,0,outage,terrain_occlusion
3702.575,T007,U08,319999.723,2548619.151,308.954,return,1,direct,
3703.176,T014,U05,319973.003,2548263.219,293.229,cruise,1,direct,
3703.392,T011,U07,318885.761,2547371.971,398.239,cruise,1,direct,
3704.582,T021,U03,320248.726,2548193.049,431.08,cruise,1,direct,
3704.723,T023,U04,318632.84,2546980.296,326.411,cruise,1,direct,
3704.859,T019,U01,314925.218,2547698.752,561.804,return,0,outage,terrain_occlusion
3707.575,T007,U08,319970.164,2548550.221,308.954,return,1,direct,
3708.176,T014,U05,320005.201,2548330.956,293.229,cruise,1,direct,
3708.392,T011,U07,318893.954,2547446.523,398.239,cruise,1,direct,
3709.582,T021,U03,320302.77,2548166.986,431.08,cruise,1,direct,
3709.723,T023,U04,318630.594,2547040.254,326.411,cruise,1,direct,
3709.859,T019,U01,314977.351,2547669.052,561.804,return,0,outage,terrain_occlusion
3712.575,T007,U08,319940.605,2548481.292,308.954,return,1,direct,
3713.176,T014,U05,320037.4,2548398.693,293.229,cruise,1,direct,
3713.392,T011,U07,318902.148,2547521.074,398.239,cruise,1,direct,
3714.582,T021,U03,320356.814,2548140.924,431.08,cruise,1,direct,
3714.723,T023,U04,318628.347,2547100.212,326.411,cruise,1,direct,
3714.859,T019,U01,315029.485,2547639.351,561.804,return,0,outage,terrain_occlusion
3717.575,T007,U08,319911.046,2548412.363,308.954,return,1,direct,
3718.176,T014,U05,320069.598,2548466.429,293.229,cruise,1,direct,
3718.392,T011,U07,318910.341,2547595.625,398.239,cruise,1,direct,
3719.582,T021,U03,320410.858,2548114.861,431.08,cruise,1,direct,
3719.723,T023,U04,318626.101,2547160.17,326.411,cruise,1,direct,
3719.859,T019,U01,315081.618,2547609.651,561.804,return,0,outage,terrain_occlusion
3722.575,T007,U08,319881.486,2548343.433,308.954,return,1,direct,
3723.176,T014,U05,320101.796,2548534.166,293.229,cruise,1,direct,
3723.392,T011,U07,318918.534,2547670.176,398.239,cruise,1,direct,
3724.582,T021,U03,320464.902,2548088.799,431.08,cruise,1,direct,
3724.723,T023,U04,318623.854,2547220.128,326.411,cruise,1,direct,
3724.859,T019,U01,315133.752,2547579.951,561.804,return,0,outage,terrain_occlusion
3727.575,T007,U08,319851.927,2548274.504,308.954,return,1,direct,
3728.176,T014,U05,320133.995,2548601.903,293.229,cruise,1,direct,
3728.392,T011,U07,318926.727,2547744.727,398.239,cruise,1,direct,
3729.582,T021,U03,320518.946,2548062.736,431.08,cruise,1,direct,
3729.723,T023,U04,318621.608,2547280.086,326.411,cruise,1,direct,
3729.859,T019,U01,315185.885,2547550.251,561.804,return,0,outage,terrain_occlusion
3732.252,T025,U02,318686.201,2545556.139,127.7,ascent,1,direct,
3732.575,T007,U08,319822.368,2548205.575,308.954,return,1,direct,
3733.176,T014,U05,320166.193,2548669.639,293.229,cruise,1,direct,
3733.392,T011,U07,318934.92,2547819.278,398.239,cruise,1,direct,
3734.582,T021,U03,320572.99,2548036.674,431.08,cruise,1,direct,
3734.723,T023,U04,318619.361,2547340.044,326.411,cruise,1,direct,
3734.859,T019,U01,315238.019,2547520.551,561.804,return,0,outage,terrain_occlusion
3737.252,T025,U02,318686.201,2545556.139,142.7,ascent,1,direct,
3737.575,T007,U08,319792.809,2548136.645,308.954,return,1,direct,
3738.176,T014,U05,320198.392,2548737.376,293.229,cruise,1,direct,
3738.392,T011,U07,318943.113,2547893.829,398.239,cruise,1,direct,
3739.582,T021,U03,320627.033,2548010.611,431.08,cruise,1,direct,
3739.723,T023,U04,318617.115,2547400.002,326.411,cruise,1,direct,
3739.859,T019,U01,315290.152,2547490.851,561.804,return,1,direct,
3742.252,T025,U02,318686.201,2545556.139,157.7,ascent,1,direct,
3742.575,T007,U08,319763.25,2548067.716,308.954,return,1,direct,
3743.176,T014,U05,320230.59,2548805.113,293.229,cruise,1,direct,
3743.392,T011,U07,318951.307,2547968.38,398.239,cruise,1,direct,
3744.582,T021,U03,320681.077,2547984.548,431.08,cruise,1,direct,
3744.723,T023,U04,318614.868,2547459.96,326.411,cruise,1,direct,
3744.859,T019,U01,315342.286,2547461.15,561.804,return,1,direct,
3747.252,T025,U02,318686.201,2545556.139,172.7,ascent,1,direct,
3747.575,T007,U08,319733.69,2547998.787,308.954,return,1,direct,
3748.176,T014,U05,320262.789,2548872.85,293.229,cruise,1,direct,
3748.392,T011,U07,318959.5,2548042.932,398.239,cruise,1,direct,
3749.582,T021,U03,320735.121,2547958.486,431.08,cruise,1,direct,
3749.723,T023,U04,318612.622,2547519.918,326.411,cruise,1,direct,
3749.859,T019,U01,315394.419,2547431.45,561.804,return,1,direct,
3752.252,T025,U02,318686.201,2545556.139,187.7,ascent,1,direct,
3752.575,T007,U08,319704.131,2547929.857,308.954,return,1,direct,
3753.176,T014,U05,320294.987,2548940.586,293.229,cruise,1,direct,
3753.392,T011,U07,318967.693,2548117.483,398.239,cruise,1,direct,
3754.582,T021,U03,320789.165,2547932.423,431.08,cruise,1,direct,
3754.723,T023,U04,318610.375,2547579.876,326.411,cruise,1,direct,
3754.859,T019,U01,315446.553,2547401.75,561.804,return,1,direct,
3757.252,T025,U02,318686.201,2545556.139,202.7,ascent,1,direct,
3757.575,T007,U08,319674.572,2547860.928,308.954,return,1,direct,
3758.176,T014,U05,320327.185,2549008.323,293.229,cruise,1,direct,
3758.392,T011,U07,318975.886,2548192.034,398.239,cruise,1,direct,
3759.582,T021,U03,320843.209,2547906.361,431.08,cruise,1,direct,
3759.723,T023,U04,318608.129,2547639.834,326.411,cruise,1,direct,
3759.859,T019,U01,315498.686,2547372.05,561.804,return,1,direct,
3762.252,T025,U02,318686.201,2545556.139,217.7,ascent,1,direct,
3762.575,T007,U08,319645.013,2547791.999,308.954,return,1,direct,
3763.176,T014,U05,320359.384,2549076.06,293.229,cruise,1,direct,
3763.392,T011,U07,318984.079,2548266.585,398.239,cruise,1,direct,
3764.582,T021,U03,320897.253,2547880.298,431.08,cruise,1,direct,
3764.723,T023,U04,318605.882,2547699.792,326.411,cruise,1,direct,
3764.859,T019,U01,315550.82,2547342.35,561.804,return,1,direct,
3767.252,T025,U02,318686.201,2545556.139,232.7,ascent,1,direct,
3767.575,T007,U08,319615.453,2547723.069,308.954,return,1,direct,
3768.176,T014,U05,320391.582,2549143.796,293.229,cruise,0,outage,terrain_occlusion
3768.392,T011,U07,318992.273,2548341.136,398.239,cruise,1,direct,
3769.582,T021,U03,320951.297,2547854.236,431.08,cruise,1,direct,
3769.723,T023,U04,318603.636,2547759.749,326.411,cruise,1,direct,
3769.859,T019,U01,315602.953,2547312.65,561.804,return,1,direct,
3772.252,T025,U02,318686.201,2545556.139,247.7,ascent,1,direct,
3772.575,T007,U08,319585.894,2547654.14,308.954,return,1,direct,
3773.176,T014,U05,320423.781,2549211.533,293.229,cruise,0,outage,terrain_occlusion
3773.392,T011,U07,319000.466,2548415.687,398.239,cruise,1,direct,
3774.582,T021,U03,321005.341,2547828.173,431.08,cruise,1,direct,
3774.723,T023,U04,318601.389,2547819.707,326.411,cruise,1,direct,
3774.859,T019,U01,315655.087,2547282.949,561.804,return,1,direct,
3777.252,T025,U02,318686.201,2545556.139,262.7,ascent,1,direct,
3777.575,T007,U08,319556.335,2547585.211,308.954,return,1,direct,
3778.176,T014,U05,320455.979,2549279.27,293.229,cruise,0,outage,terrain_occlusion
3778.392,T011,U07,319008.659,2548490.238,398.239,cruise,1,direct,
3779.582,T021,U03,321059.385,2547802.111,431.08,cruise,1,direct,
3779.723,T023,U04,318599.143,2547879.665,326.411,cruise,1,direct,
3779.859,T019,U01,315707.22,2547253.249,561.804,return,1,direct,
3782.252,T025,U02,318686.201,2545556.139,277.7,ascent,1,direct,
3782.575,T007,U08,319526.776,2547516.281,308.954,return,1,direct,
3783.176,T014,U05,320488.178,2549347.007,293.229,cruise,0,outage,terrain_occlusion
3783.392,T011,U07,319016.852,2548564.79,398.239,cruise,1,direct,
3784.582,T021,U03,321113.429,2547776.048,431.08,cruise,1,direct,
3784.723,T023,U04,318596.896,2547939.623,326.411,cruise,1,direct,
3784.859,T019,U01,315759.354,2547223.549,561.804,return,1,direct,
3787.252,T025,U02,318686.201,2545556.139,292.7,ascent,1,direct,
3787.575,T007,U08,319497.217,2547447.352,308.954,return,1,direct,
3788.176,T014,U05,320520.376,2549414.743,293.229,cruise,0,outage,terrain_occlusion
3788.392,T011,U07,319025.045,2548639.341,398.239,cruise,1,direct,
3789.582,T021,U03,321167.472,2547749.985,431.08,cruise,1,direct,
3789.723,T023,U04,318594.65,2547999.581,326.411,cruise,1,direct,
3789.859,T019,U01,315811.487,2547193.849,561.804,return,1,direct,
3792.252,T025,U02,318686.201,2545556.139,307.7,ascent,1,direct,
3792.575,T007,U08,319467.657,2547378.423,308.954,return,1,direct,
3793.176,T014,U05,320552.574,2549482.48,293.229,cruise,0,outage,terrain_occlusion
3793.392,T011,U07,319033.238,2548713.892,398.239,cruise,1,direct,
3794.582,T021,U03,321221.516,2547723.923,431.08,cruise,1,direct,
3794.723,T023,U04,318592.403,2548059.539,326.411,cruise,1,direct,
3794.859,T019,U01,315863.621,2547164.149,561.804,return,1,direct,
3797.252,T025,U02,318686.201,2545556.139,322.7,ascent,1,direct,
3797.575,T007,U08,319438.098,2547309.493,308.954,return,1,direct,
3798.176,T014,U05,320584.773,2549550.217,293.229,cruise,0,outage,terrain_occlusion
3798.392,T011,U07,319041.432,2548788.443,398.239,cruise,1,direct,
3799.582,T021,U03,321275.56,2547697.86,431.08,cruise,1,direct,
3799.723,T023,U04,318590.157,2548119.497,326.411,cruise,1,direct,
3799.859,T019,U01,315915.754,2547134.449,561.804,return,1,direct,
3802.252,T025,U02,318686.201,2545556.139,337.7,ascent,1,direct,
3802.575,T007,U08,319408.539,2547240.564,308.954,return,1,direct,
3803.176,T014,U05,320616.971,2549617.953,293.229,cruise,0,outage,terrain_occlusion
3803.392,T011,U07,319049.625,2548862.994,398.239,cruise,1,direct,
3804.582,T021,U03,321329.604,2547671.798,431.08,cruise,1,direct,
3804.723,T023,U04,318587.91,2548179.455,326.411,cruise,1,direct,
3804.859,T019,U01,315967.888,2547104.748,561.804,return,1,direct,
3807.252,T025,U02,318686.201,2545556.139,352.7,ascent,1,direct,
3807.575,T007,U08,319378.98,2547171.635,308.954,return,1,direct,
3808.176,T014,U05,320649.17,2549685.69,293.229,cruise,0,outage,terrain_occlusion
3808.392,T011,U07,319057.818,2548937.545,398.239,cruise,1,direct,
3809.582,T021,U03,321383.648,2547645.735,431.08,cruise,1,direct,
3809.723,T023,U04,318585.663,2548239.413,326.411,cruise,1,direct,
3809.859,T019,U01,316020.021,2547075.048,561.804,return,1,direct,
3812.252,T025,U02,318686.201,2545556.139,367.7,ascent,1,direct,
3812.575,T007,U08,319349.421,2547102.705,308.954,return,1,direct,
3813.176,T014,U05,320681.368,2549753.427,293.229,cruise,0,outage,terrain_occlusion
3813.392,T011,U07,319066.011,2549012.096,398.239,cruise,1,direct,
3814.582,T021,U03,321437.692,2547619.673,431.08,cruise,1,direct,
3814.723,T023,U04,318583.417,2548299.371,326.411,cruise,1,direct,
3814.859,T019,U01,316072.155,2547045.348,561.804,return,1,direct,
3817.252,T025,U02,318677.671,2545594.362,372.909,cruise,1,direct,
3817.575,T007,U08,319319.861,2547033.776,308.954,return,1,direct,
3818.176,T014,U05,320713.566,2549821.163,293.229,cruise,0,outage,terrain_occlusion
3818.392,T011,U07,319074.204,2549086.648,398.239,cruise,1,direct,
3819.582,T021,U03,321491.736,2547593.61,431.08,cruise,1,direct,
3819.723,T023,U04,318581.17,2548359.329,326.411,cruise,1,direct,
3819.859,T019,U01,316124.288,2547015.648,561.804,return,1,direct,
3822.252,T025,U02,318664.601,2545652.921,372.909,cruise,1,direct,
3822.575,T007,U08,319290.302,2546964.847,308.954,return,1,direct,
3823.176,T014,U05,320745.765,2549888.9,293.229,cruise,0,outage,terrain_occlusion
3823.392,T011,U07,319082.397,2549161.199,398.239,cruise,1,direct,
3823.883,T017,U06,318686.201,2545556.139,127.7,ascent,1,direct,
3824.582,T021,U03,321545.78,2547567.547,431.08,cruise,1,direct,
3824.723,T023,U04,318578.924,2548419.287,326.411,cruise,1,direct,
3824.859,T019,U01,316176.422,2546985.948,561.804,return,1,direct,
3827.252,T025,U02,318651.531,2545711.48,372.909,cruise,1,direct,
3827.575,T007,U08,319260.743,2546895.917,308.954,return,1,direct,
3828.176,T014,U05,320777.963,2549956.637,293.229,cruise,0,outage,terrain_occlusion
3828.392,T011,U07,319090.591,2549235.75,398.239,cruise,1,direct,
3828.883,T017,U06,318686.201,2545556.139,142.7,ascent,1,direct,
3829.582,T021,U03,321599.824,2547541.485,431.08,cruise,1,direct,
3829.723,T023,U04,318576.677,2548479.245,326.411,cruise,1,direct,
3829.859,T019,U01,316228.555,2546956.247,561.804,return,1,direct,
3832.252,T025,U02,318638.462,2545770.039,372.909,cruise,1,direct,
3832.575,T007,U08,319231.184,2546826.988,308.954,return,1,direct,
3833.176,T014,U05,320810.162,2550024.374,293.229,cruise,0,outage,terrain_occlusion
3833.392,T011,U07,319098.784,2549310.301,398.239,cruise,1,direct,
3833.883,T017,U06,318686.201,2545556.139,157.7,ascent,1,direct,
3834.582,T021,U03,321653.868,2547515.422,431.08,cruise,1,direct,
3834.723,T023,U04,318574.431,2548539.203,326.411,cruise,1,direct,
3834.859,T019,U01,316280.688,2546926.547,561.804,return,1,direct,
3837.252,T025,U02,318625.392,2545828.599,372.909,cruise,1,direct,
3837.575,T007,U08,319201.625,2546758.059,308.954,return,1,direct,
3838.176,T014,U05,320842.36,2550092.11,293.229,cruise,0,outage,terrain_occlusion
3838.392,T011,U07,319106.977,2549384.852,398.239,cruise,1,direct,
3838.883,T017,U06,318686.201,2545556.139,172.7,ascent,1,direct,
3839.582,T021,U03,321707.911,2547489.36,431.08,cruise,1,direct,
3839.723,T023,U04,318572.184,2548599.16,326.411,cruise,1,direct,
3839.859,T019,U01,316332.822,2546896.847,561.804,return,1,direct,
3842.252,T025,U02,318612.323,2545887.158,372.909,cruise,1,direct,
3842.575,T007,U08,319172.065,2546689.129,308.954,return,1,direct,
3843.176,T014,U05,320874.559,2550159.847,293.229,cruise,0,outage,terrain_occlusion
3843.392,T011,U07,319115.17,2549459.403,398.239,cruise,1,direct,
3843.883,T017,U06,318686.201,2545556.139,187.7,ascent,1,direct,
3844.582,T021,U03,321761.955,2547463.297,431.08,cruise,1,direct,
3844.723,T023,U04,318569.938,2548659.118,326.411,cruise,1,direct,
3844.859,T019,U01,316384.955,2546867.147,561.804,return,1,direct,
3847.252,T025,U02,318599.253,2545945.717,372.909,cruise,1,direct,
3847.575,T007,U08,319142.506,2546620.2,308.954,return,1,direct,
3848.176,T014,U05,320906.757,2550227.584,293.229,cruise,0,outage,terrain_occlusion
3848.392,T011,U07,319123.363,2549533.954,398.239,cruise,1,direct,
3848.883,T017,U06,318686.201,2545556.139,202.7,ascent,1,direct,
3849.582,T021,U03,321815.999,2547437.235,431.08,cruise,1,direct,
3849.723,T023,U04,318567.691,2548719.076,326.411,cruise,1,direct,
3849.859,T019,U01,316437.089,2546837.447,561.804,return,1,direct,
3852.252,T025,U02,318586.183,2546004.276,372.909,cruise,1,direct,
3852.575,T007,U08,319112.947,2546551.271,308.954,return,1,direct,
3853.176,T014,U05,320938.955,2550295.32,293.229,cruise,0,outage,terrain_occlusion
3853.392,T011,U07,319131.556,2549608.505,398.239,cruise,1,direct,
3853.883,T017,U06,318686.201,2545556.139,217.7,ascent,1,direct,
3854.582,T021,U03,321870.043,2547411.172,431.08,cruise,1,direct,
3854.723,T023,U04,318565.445,2548779.034,326.411,cruise,1,direct,
3854.859,T019,U01,316489.222,2546807.747,561.804,return,1,direct,
3857.252,T025,U02,318573.114,2546062.836,372.909,cruise,1,direct,
3857.575,T007,U08,319083.388,2546482.341,308.954,return,1,direct,
3858.176,T014,U05,320971.154,2550363.057,293.229,cruise,0,outage,terrain_occlusion
3858.392,T011,U07,319139.75,2549683.057,398.239,cruise,1,direct,
3858.883,T017,U06,318686.201,2545556.139,232.7,ascent,1,direct,
3859.582,T021,U03,321924.087,2547385.11,431.08,cruise,1,direct,
3859.723,T023,U04,318563.198,2548838.992,326.411,cruise,1,direct,
3859.859,T019,U01,316541.356,2546778.046,561.804,return,1,direct,
3862.252,T025,U02,318560.044,2546121.395,372.909,cruise,1,direct,
3862.575,T007,U08,319053.829,2546413.412,308.954,return,1,direct,
3863.176,T014,U05,321003.352,2550430.794,293.229,cruise,0,outage,terrain_occlusion
3863.392,T011,U07,319147.943,2549757.608,398.239,cruise,1,direct,
3863.883,T017,U06,318686.201,2545556.139,247.7,ascent,1,direct,
3864.582,T021,U03,321978.131,2547359.047,431.08,cruise,1,direct,
3864.723,T023,U04,318560.952,2548898.95,326.411,cruise,1,direct,
3864.859,T019,U01,316593.489,2546748.346,561.804,return,1,direct,
3867.252,T025,U02,318546.974,2546179.954,372.909,cruise,1,direct,
3867.575,T007,U08,319024.269,2546344.483,308.954,return,1,direct,
3868.176,T014,U05,321035.551,2550498.531,293.229,cruise,0,outage,terrain_occlusion
3868.392,T011,U07,319156.136,2549832.159,398.239,cruise,1,direct,
3868.883,T017,U06,318686.201,2545556.139,262.7,ascent,1,direct,
3869.582,T021,U03,322032.175,2547332.984,431.08,cruise,1,direct,
3869.723,T023,U04,318558.705,2548958.908,326.411,cruise,1,direct,
3869.859,T019,U01,316645.623,2546718.646,561.804,return,1,direct,
3872.252,T025,U02,318533.905,2546238.513,372.909,cruise,1,direct,
3872.575,T007,U08,318994.71,2546275.553,308.954,return,1,direct,
3873.176,T014,U05,321067.749,2550566.267,293.229,cruise,0,outage,terrain_occlusion
3873.392,T011,U07,319164.329,2549906.71,398.239,cruise,1,direct,
3873.883,T017,U06,318686.201,2545556.139,277.7,ascent,1,direct,
3874.582,T021,U03,322086.219,2547306.922,431.08,cruise,1,direct,
3874.723,T023,U04,318556.459,2549018.866,326.411,cruise,1,direct,
3874.859,T019,U01,316697.756,2546688.946,561.804,return,1,direct,
3877.252,T025,U02,318520.835,2546297.073,372.909,cruise,1,direct,
3877.575,T007,U08,318965.151,2546206.624,308.954,return,1,direct,
3878.176,T014,U05,321099.948,2550634.004,293.229,cruise,0,outage,terrain_occlusion
3878.392,T011,U07,319172.522,2549981.261,398.239,cruise,1,direct,
3878.883,T017,U06,318686.201,2545556.139,292.7,ascent,1,direct,
3879.582,T021,U03,322140.263,2547280.859,431.08,cruise,1,direct,
3879.723,T023,U04,318554.212,2549078.824,326.411,cruise,1,direct,
3879.859,T019,U01,316749.89,2546659.246,561.804,return,1,direct,
3882.252,T025,U02,318507.766,2546355.632,372.909,cruise,1,direct,
3882.575,T007,U08,318935.592,2546137.695,308.954,return,1,direct,
3883.176,T014,U05,321132.146,2550701.741,293.229,cruise,0,outage,terrain_occlusion
3883.392,T011,U07,319180.715,2550055.812,398.239,cruise,1,direct,
3883.883,T017,U06,318686.201,2545556.139,307.7,ascent,1,direct,
3884.582,T021,U03,322194.306,2547254.797,431.08,cruise,1,direct,
3884.723,T023,U04,318551.966,2549138.782,326.411,cruise,1,direct,
3884.859,T019,U01,316802.023,2546629.546,561.804,return,1,direct,
3887.252,T025,U02,318494.696,2546414.191,372.909,cruise,1,direct,
3887.575,T007,U08,318906.032,2546068.765,308.954,return,1,direct,
3888.176,T014,U05,321135.492,2550708.779,282.028,descent,0,outage,terrain_occlusion
3888.392,T011,U07,319188.909,2550130.363,398.239,cruise,1,direct,
3888.883,T017,U06,318713.289,2545619.305,308.954,cruise,1,direct,
3889.582,T021,U03,322248.35,2547228.734,431.08,cruise,1,direct,
3889.723,T023,U04,318549.719,2549198.74,326.411,cruise,1,direct,
3889.859,T019,U01,316854.157,2546599.845,561.804,return,1,direct,
3892.252,T025,U02,318481.626,2546472.75,372.909,cruise,1,direct,
3892.575,T007,U08,318876.473,2545999.836,308.954,return,1,direct,
3893.176,T014,U05,321135.492,2550708.779,269.528,descent,0,outage,terrain_occlusion
3893.392,T011,U07,319197.102,2550204.915,398.239,cruise,1,direct,
3893.883,T017,U06,318742.848,2545688.234,308.954,cruise,1,direct,
3894.582,T021,U03,322302.394,2547202.672,431.08,cruise,0,outage,terrain_occlusion
3894.723,T023,U04,318547.473,2549258.698,326.411,cruise,1,direct,
3894.859,T019,U01,316906.29,2546570.145,561.804,return,1,direct,
3897.252,T025,U02,318468.557,2546531.309,372.909,cruise,1,direct,
3897.575,T007,U08,318846.914,2545930.907,308.954,return,1,direct,
3898.176,T014,U05,321135.492,2550708.779,257.028,descent,0,outage,terrain_occlusion
3898.392,T011,U07,319205.295,2550279.466,398.239,cruise,1,direct,
3898.883,T017,U06,318772.407,2545757.164,308.954,cruise,1,direct,
3899.582,T021,U03,322356.438,2547176.609,431.08,cruise,0,outage,terrain_occlusion
3899.723,T023,U04,318545.226,2549318.656,326.411,cruise,1,direct,
3899.859,T019,U01,316958.424,2546540.445,561.804,return,1,direct,
3902.252,T025,U02,318455.487,2546589.869,372.909,cruise,1,direct,
3902.575,T007,U08,318817.355,2545861.977,308.954,return,1,direct,
3903.176,T014,U05,321135.492,2550708.779,244.528,descent,0,outage,terrain_occlusion
3903.392,T011,U07,319213.488,2550354.017,398.239,cruise,1,direct,
3903.883,T017,U06,318801.966,2545826.093,308.954,cruise,1,direct,
3904.582,T021,U03,322410.482,2547150.547,431.08,cruise,0,outage,terrain_occlusion
3904.723,T023,U04,318542.979,2549378.614,326.411,cruise,1,direct,
3904.859,T019,U01,317010.557,2546510.745,561.804,return,1,direct,
3907.252,T025,U02,318442.417,2546648.428,372.909,cruise,1,direct,
3907.575,T007,U08,318787.796,2545793.048,308.954,return,1,direct,
3908.176,T014,U05,321135.492,2550708.779,232.028,descent,0,outage,terrain_occlusion
3908.392,T011,U07,319221.681,2550428.568,398.239,cruise,1,direct,
3908.883,T017,U06,318831.526,2545895.022,308.954,cruise,1,direct,
3909.582,T021,U03,322464.526,2547124.484,431.08,cruise,0,outage,terrain_occlusion
3909.723,T023,U04,318540.733,2549438.571,326.411,cruise,1,direct,
3909.859,T019,U01,317062.691,2546481.045,561.804,return,1,direct,
3912.252,T025,U02,318429.348,2546706.987,372.909,cruise,1,direct,
3912.575,T007,U08,318758.236,2545724.119,308.954,return,1,direct,
3913.176,T014,U05,321135.492,2550708.779,230,handover,0,outage,terrain_occlusion
3913.392,T011,U07,319229.874,2550503.119,398.239,cruise,1,direct,
3913.883,T017,U06,318861.085,2545963.952,308.954,cruise,1,direct,
3914.582,T021,U03,322518.57,2547098.421,431.08,cruise,0,outage,terrain_occlusion
3914.723,T023,U04,318538.486,2549498.529,326.411,cruise,1,direct,
3914.859,T019,U01,317114.824,2546451.345,561.804,return,1,direct,
3917.252,T025,U02,318416.278,2546765.546,372.909,cruise,1,direct,
3917.575,T007,U08,318728.677,2545655.189,308.954,return,1,direct,
3918.176,T014,U05,321135.492,2550708.779,230,handover,0,outage,terrain_occlusion
3918.392,T011,U07,319238.068,2550577.67,398.239,cruise,1,direct,
3918.883,T017,U06,318890.644,2546032.881,308.954,cruise,1,direct,
3919.582,T021,U03,322572.614,2547072.359,431.08,cruise,0,outage,terrain_occlusion
3919.723,T023,U04,318536.24,2549558.487,326.411,cruise,0,outage,terrain_occlusion
3919.859,T019,U01,317166.958,2546421.644,561.804,return,1,direct,
3922.252,T025,U02,318403.209,2546824.106,372.909,cruise,1,direct,
3922.575,T007,U08,318699.118,2545586.26,308.954,return,1,direct,
3923.176,T014,U05,321135.492,2550708.779,230,handover,0,outage,terrain_occlusion
3923.392,T011,U07,319246.261,2550652.221,398.239,cruise,1,direct,
3923.883,T017,U06,318920.203,2546101.81,308.954,cruise,1,direct,
3924.582,T021,U03,322626.658,2547046.296,431.08,cruise,0,outage,terrain_occlusion
3924.723,T023,U04,318533.993,2549618.445,326.411,cruise,0,outage,terrain_occlusion
3924.859,T019,U01,317219.091,2546391.944,561.804,return,1,direct,
3927.252,T025,U02,318390.139,2546882.665,372.909,cruise,1,direct,
3927.575,T007,U08,318686.201,2545556.139,303.324,return,1,direct,
3928.176,T014,U05,321135.492,2550708.779,230,handover,0,outage,terrain_occlusion
3928.392,T011,U07,319254.454,2550726.773,398.239,cruise,1,direct,
3928.883,T017,U06,318949.763,2546170.74,308.954,cruise,1,direct,
3929.582,T021,U03,322680.702,2547020.234,431.08,cruise,0,outage,terrain_occlusion
3929.723,T023,U04,318531.747,2549678.403,326.411,cruise,0,outage,terrain_occlusion
3929.859,T019,U01,317271.225,2546362.244,561.804,return,1,direct,
3932.252,T025,U02,318377.069,2546941.224,372.909,cruise,1,direct,
3932.575,T007,U08,318686.201,2545556.139,293.324,return,1,direct,
3933.176,T014,U05,321135.492,2550708.779,230,handover,0,outage,terrain_occlusion
3933.392,T011,U07,319262.647,2550801.324,398.239,cruise,1,direct,
3933.883,T017,U06,318979.322,2546239.669,308.954,cruise,1,direct,
3934.582,T021,U03,322734.745,2546994.171,431.08,cruise,0,outage,terrain_occlusion
3934.723,T023,U04,318529.5,2549738.361,326.411,cruise,0,outage,terrain_occlusion
3934.859,T019,U01,317323.358,2546332.544,561.804,return,1,direct,
3937.252,T025,U02,318364.0,2546999.783,372.909,cruise,1,direct,
3937.575,T007,U08,318686.201,2545556.139,283.324,return,1,direct,
3938.176,T014,U05,321135.492,2550708.779,230,handover,0,outage,terrain_occlusion
3938.392,T011,U07,319270.84,2550875.875,398.239,cruise,1,direct,
3938.883,T017,U06,319008.881,2546308.598,308.954,cruise,1,direct,
3939.582,T021,U03,322788.789,2546968.109,431.08,cruise,0,outage,terrain_occlusion
3939.723,T023,U04,318527.254,2549798.319,326.411,cruise,0,outage,terrain_occlusion
3939.859,T019,U01,317375.492,2546302.844,561.804,return,1,direct,
3942.252,T025,U02,318350.93,2547058.343,372.909,cruise,1,direct,
3942.575,T007,U08,318686.201,2545556.139,273.324,return,1,direct,
3943.176,T014,U05,321135.492,2550708.779,230,handover,0,outage,terrain_occlusion
3943.392,T011,U07,319279.034,2550950.426,398.239,cruise,1,direct,
3943.883,T017,U06,319038.44,2546377.528,308.954,cruise,1,direct,
3944.582,T021,U03,322842.833,2546942.046,431.08,cruise,0,outage,terrain_occlusion
3944.723,T023,U04,318525.007,2549858.277,326.411,cruise,0,outage,terrain_occlusion
3944.859,T019,U01,317427.625,2546273.144,561.804,return,1,direct,
3947.252,T025,U02,318337.861,2547116.902,372.909,cruise,1,direct,
3947.575,T007,U08,318686.201,2545556.139,263.324,return,1,direct,
3948.176,T014,U05,321135.492,2550708.779,230,handover,0,outage,terrain_occlusion
3948.392,T011,U07,319287.227,2551024.977,398.239,cruise,1,direct,
3948.883,T017,U06,319067.999,2546446.457,308.954,cruise,1,direct,
3949.582,T021,U03,322896.877,2546915.984,431.08,cruise,0,outage,terrain_occlusion
3949.723,T023,U04,318522.761,2549918.235,326.411,cruise,0,outage,terrain_occlusion
3949.859,T019,U01,317479.759,2546243.443,561.804,return,1,direct,
3952.252,T025,U02,318324.791,2547175.461,372.909,cruise,1,direct,
3952.575,T007,U08,318686.201,2545556.139,253.324,return,1,direct,
3953.176,T014,U05,321135.492,2550708.779,230,handover,0,outage,terrain_occlusion
3953.392,T011,U07,319295.42,2551099.528,398.239,cruise,1,direct,
3953.883,T017,U06,319097.559,2546515.386,308.954,cruise,1,direct,
3954.582,T021,U03,322950.921,2546889.921,431.08,cruise,0,outage,terrain_occlusion
3954.723,T023,U04,318520.514,2549978.193,326.411,cruise,0,outage,terrain_occlusion
3954.859,T019,U01,317531.892,2546213.743,561.804,return,1,direct,
3957.252,T025,U02,318311.721,2547234.02,372.909,cruise,1,direct,
3957.575,T007,U08,318686.201,2545556.139,243.324,return,1,direct,
3958.176,T014,U05,321135.492,2550708.779,230,handover,0,outage,terrain_occlusion
3958.392,T011,U07,319303.613,2551174.079,398.239,cruise,0,outage,terrain_occlusion
3958.883,T017,U06,319127.118,2546584.316,308.954,cruise,1,direct,
3959.582,T021,U03,323004.965,2546863.858,431.08,cruise,0,outage,terrain_occlusion
3959.723,T023,U04,318518.268,2550038.151,326.411,cruise,0,outage,terrain_occlusion
3959.859,T019,U01,317584.026,2546184.043,561.804,return,1,direct,
3962.252,T025,U02,318298.652,2547292.58,372.909,cruise,1,direct,
3962.575,T007,U08,318686.201,2545556.139,233.324,return,1,direct,
3963.176,T014,U05,321135.492,2550708.779,230,handover,0,outage,terrain_occlusion
3963.392,T011,U07,319311.806,2551248.63,398.239,cruise,0,outage,terrain_occlusion
3963.883,T017,U06,319156.677,2546653.245,308.954,cruise,1,direct,
3964.582,T021,U03,323059.009,2546837.796,431.08,cruise,0,outage,terrain_occlusion
3964.723,T023,U04,318516.021,2550098.109,326.411,cruise,0,outage,terrain_occlusion
3964.859,T019,U01,317636.159,2546154.343,561.804,return,1,direct,
3967.252,T025,U02,318285.582,2547351.139,372.909,cruise,1,direct,
3967.575,T007,U08,318686.201,2545556.139,223.324,return,1,direct,
3968.176,T014,U05,321135.492,2550708.779,230,handover,0,outage,terrain_occlusion
3968.392,T011,U07,319319.999,2551323.182,398.239,cruise,0,outage,terrain_occlusion
3968.883,T017,U06,319186.236,2546722.174,308.954,cruise,1,direct,
3969.582,T021,U03,323113.053,2546811.733,431.08,cruise,0,outage,terrain_occlusion
3969.723,T023,U04,318513.775,2550158.067,326.411,cruise,0,outage,terrain_occlusion
3969.859,T019,U01,317688.292,2546124.643,561.804,return,1,direct,
3972.252,T025,U02,318272.512,2547409.698,372.909,cruise,1,direct,
3972.575,T007,U08,318686.201,2545556.139,213.324,return,1,direct,
3973.176,T014,U05,321135.492,2550708.779,230,handover,0,outage,terrain_occlusion
3973.392,T011,U07,319328.193,2551397.733,398.239,cruise,0,outage,terrain_occlusion
3973.883,T017,U06,319215.795,2546791.104,308.954,cruise,1,direct,
3974.582,T021,U03,323167.097,2546785.671,431.08,cruise,0,outage,terrain_occlusion
3974.723,T023,U04,318511.528,2550218.025,326.411,cruise,0,outage,terrain_occlusion
3974.859,T019,U01,317740.426,2546094.943,561.804,return,1,direct,
3977.252,T025,U02,318259.443,2547468.257,372.909,cruise,1,direct,
3977.575,T007,U08,318686.201,2545556.139,203.324,return,1,direct,
3978.176,T014,U05,321135.492,2550708.779,230,handover,0,outage,terrain_occlusion
3978.392,T011,U07,319336.386,2551472.284,398.239,cruise,0,outage,terrain_occlusion
3978.883,T017,U06,319245.355,2546860.033,308.954,cruise,1,direct,
3979.582,T021,U03,323221.141,2546759.608,431.08,cruise,0,outage,terrain_occlusion
3979.723,T023,U04,318509.282,2550277.982,326.411,cruise,0,outage,terrain_occlusion
3979.859,T019,U01,317792.559,2546065.242,561.804,return,1,direct,
3982.252,T025,U02,318246.373,2547526.817,372.909,cruise,1,direct,
3982.575,T007,U08,318686.201,2545556.139,193.324,return,1,direct,
3983.176,T014,U05,321135.492,2550708.779,230,handover,0,outage,terrain_occlusion
3983.392,T011,U07,319344.579,2551546.835,398.239,cruise,0,outage,terrain_occlusion
3983.883,T017,U06,319274.914,2546928.962,308.954,cruise,1,direct,
3984.582,T021,U03,323275.184,2546733.546,431.08,cruise,0,outage,terrain_occlusion
3984.723,T023,U04,318507.035,2550337.94,326.411,cruise,0,outage,terrain_occlusion
3984.859,T019,U01,317844.693,2546035.542,561.804,return,1,direct,
3987.252,T025,U02,318233.304,2547585.376,372.909,cruise,1,direct,
3987.575,T007,U08,318686.201,2545556.139,183.324,return,1,direct,
3988.176,T014,U05,321135.492,2550708.779,230,handover,0,outage,terrain_occlusion
3988.392,T011,U07,319352.772,2551621.386,398.239,cruise,0,outage,terrain_occlusion
3988.883,T017,U06,319304.473,2546997.892,308.954,cruise,1,direct,
3989.582,T021,U03,323329.228,2546707.483,431.08,cruise,0,outage,terrain_occlusion
3989.723,T023,U04,318504.789,2550397.898,326.411,cruise,0,outage,terrain_occlusion
3989.859,T019,U01,317896.826,2546005.842,561.804,return,1,direct,
3992.252,T025,U02,318220.234,2547643.935,372.909,cruise,1,direct,
3992.575,T007,U08,318686.201,2545556.139,173.324,return,1,direct,
3993.176,T014,U05,321135.492,2550708.779,230,handover,0,outage,terrain_occlusion
3993.392,T011,U07,319360.965,2551695.937,398.239,cruise,0,outage,terrain_occlusion
3993.883,T017,U06,319334.032,2547066.821,308.954,cruise,1,direct,
3994.582,T021,U03,323330.195,2546707.017,418.803,descent,0,outage,terrain_occlusion
3994.723,T023,U04,318502.542,2550457.856,326.411,cruise,0,outage,terrain_occlusion
3994.859,T019,U01,317948.96,2545976.142,561.804,return,1,direct,
3997.252,T025,U02,318207.164,2547702.494,372.909,cruise,1,direct,
3997.575,T007,U08,318686.201,2545556.139,163.324,return,1,direct,
3998.176,T014,U05,321135.492,2550708.779,230,handover,0,outage,terrain_occlusion
3998.392,T011,U07,319369.158,2551770.488,398.239,cruise,0,outage,terrain_occlusion
3998.883,T017,U06,319363.591,2547135.75,308.954,cruise,1,direct,
3999.582,T021,U03,323330.195,2546707.017,406.303,descent,0,outage,terrain_occlusion
3999.723,T023,U04,318500.296,2550517.814,326.411,cruise,0,outage,terrain_occlusion
3999.859,T019,U01,318001.093,2545946.442,561.804,return,1,direct,
4002.252,T025,U02,318194.095,2547761.054,372.909,cruise,1,direct,
4002.575,T007,U08,318686.201,2545556.139,153.324,return,1,direct,
4003.176,T014,U05,321135.492,2550708.779,230,handover,0,outage,terrain_occlusion
4003.392,T011,U07,319377.352,2551845.04,398.239,cruise,0,outage,terrain_occlusion
4003.883,T017,U06,319393.151,2547204.68,308.954,cruise,1,direct,
4004.582,T021,U03,323330.195,2546707.017,393.803,descent,0,outage,terrain_occlusion
4004.723,T023,U04,318498.049,2550577.772,326.411,cruise,0,outage,terrain_occlusion
4004.859,T019,U01,318053.227,2545916.742,561.804,return,1,direct,
4007.252,T025,U02,318181.025,2547819.613,372.909,cruise,1,direct,
4007.575,T007,U08,318686.201,2545556.139,143.324,return,1,direct,
4008.176,T014,U05,321135.492,2550708.779,230,handover,0,outage,terrain_occlusion
4008.392,T011,U07,319385.545,2551919.591,398.239,cruise,0,outage,terrain_occlusion
4008.883,T017,U06,319422.71,2547273.609,308.954,cruise,1,direct,
4009.582,T021,U03,323330.195,2546707.017,381.303,descent,0,outage,terrain_occlusion
4009.723,T023,U04,318495.802,2550637.73,326.411,cruise,0,outage,terrain_occlusion
4009.859,T019,U01,318105.36,2545887.041,561.804,return,1,direct,
4012.252,T025,U02,318167.955,2547878.172,372.909,cruise,1,direct,
4012.575,T007,U08,318686.201,2545556.139,133.324,return,1,direct,
4013.176,T014,U05,321135.492,2550708.779,230,handover,0,outage,terrain_occlusion
4013.392,T011,U07,319393.738,2551994.142,398.239,cruise,0,outage,terrain_occlusion
4013.883,T017,U06,319452.269,2547342.538,308.954,cruise,1,direct,
4014.582,T021,U03,323330.195,2546707.017,368.803,descent,0,outage,terrain_occlusion
4014.723,T023,U04,318493.556,2550697.688,326.411,cruise,0,outage,terrain_occlusion
4014.859,T019,U01,318157.494,2545857.341,561.804,return,1,direct,
4017.252,T025,U02,318154.886,2547936.731,372.909,cruise,1,direct,
4018.176,T014,U05,321135.492,2550708.779,230,handover,0,outage,terrain_occlusion
4018.392,T011,U07,319401.931,2552068.693,398.239,cruise,0,outage,terrain_occlusion
4018.883,T017,U06,319481.828,2547411.468,308.954,cruise,1,direct,
4019.582,T021,U03,323330.195,2546707.017,356.303,descent,0,outage,terrain_occlusion
4019.723,T023,U04,318491.309,2550757.646,326.411,cruise,0,outage,terrain_occlusion
4019.859,T019,U01,318209.627,2545827.641,561.804,return,1,direct,
4022.252,T025,U02,318141.816,2547995.291,372.909,cruise,1,direct,
4023.176,T014,U05,321135.492,2550708.779,230,handover,0,outage,terrain_occlusion
4023.392,T011,U07,319410.124,2552143.244,398.239,cruise,0,outage,terrain_occlusion
4023.883,T017,U06,319511.387,2547480.397,308.954,cruise,1,direct,
4024.582,T021,U03,323330.195,2546707.017,351.6,handover,0,outage,terrain_occlusion
4024.723,T023,U04,318489.063,2550817.604,326.411,cruise,0,outage,terrain_occlusion
4024.859,T019,U01,318261.761,2545797.941,561.804,return,1,direct,
4027.252,T025,U02,318128.747,2548053.85,372.909,cruise,1,direct,
4028.176,T014,U05,321135.492,2550708.779,230,handover,0,outage,terrain_occlusion
4028.392,T011,U07,319418.317,2552217.795,398.239,cruise,0,outage,terrain_occlusion
4028.883,T017,U06,319540.947,2547549.326,308.954,cruise,1,direct,
4029.582,T021,U03,323330.195,2546707.017,351.6,handover,0,outage,terrain_occlusion
4029.723,T023,U04,318488.483,2550833.078,317.137,descent,0,outage,terrain_occlusion
4029.859,T019,U01,318313.894,2545768.241,561.804,return,1,direct,
4032.252,T025,U02,318115.677,2548112.409,372.909,cruise,1,direct,
4033.176,T014,U05,321135.492,2550708.779,230,handover,0,outage,terrain_occlusion
4033.392,T011,U07,319426.511,2552292.346,398.239,cruise,0,outage,terrain_occlusion
4033.883,T017,U06,319570.506,2547618.256,308.954,cruise,1,direct,
4034.582,T021,U03,323330.195,2546707.017,351.6,handover,0,outage,terrain_occlusion
4034.723,T023,U04,318488.483,2550833.078,304.637,descent,0,outage,terrain_occlusion
4034.859,T019,U01,318366.028,2545738.54,561.804,return,1,direct,
4037.252,T025,U02,318102.607,2548170.968,372.909,cruise,1,direct,
4038.176,T014,U05,321135.492,2550708.779,230,handover,0,outage,terrain_occlusion
4038.392,T011,U07,319434.704,2552366.898,398.239,cruise,0,outage,terrain_occlusion
4038.883,T017,U06,319600.065,2547687.185,308.954,cruise,1,direct,
4039.582,T021,U03,323330.195,2546707.017,351.6,handover,0,outage,terrain_occlusion
4039.723,T023,U04,318488.483,2550833.078,292.137,descent,0,outage,terrain_occlusion
4039.859,T019,U01,318418.161,2545708.84,561.804,return,1,direct,
4042.252,T025,U02,318089.538,2548229.528,372.909,cruise,1,direct,
4043.176,T014,U05,321135.492,2550708.779,230,handover,0,outage,terrain_occlusion
4043.392,T011,U07,319442.897,2552441.449,398.239,cruise,0,outage,terrain_occlusion
4043.883,T017,U06,319629.624,2547756.114,308.954,cruise,1,direct,
4044.582,T021,U03,323330.195,2546707.017,351.6,handover,0,outage,terrain_occlusion
4044.723,T023,U04,318488.483,2550833.078,279.637,descent,0,outage,terrain_occlusion
4044.859,T019,U01,318470.295,2545679.14,561.804,return,1,direct,
4047.252,T025,U02,318076.468,2548288.087,372.909,cruise,1,direct,
4048.176,T014,U05,321135.492,2550708.779,230,handover,0,outage,terrain_occlusion
4048.392,T011,U07,319451.09,2552516.0,398.239,cruise,0,outage,terrain_occlusion
4048.883,T017,U06,319659.184,2547825.044,308.954,cruise,1,direct,
4049.582,T021,U03,323330.195,2546707.017,351.6,handover,0,outage,terrain_occlusion
4049.723,T023,U04,318488.483,2550833.078,267.137,descent,0,outage,terrain_occlusion
4049.859,T019,U01,318522.428,2545649.44,561.804,return,1,direct,
4052.252,T025,U02,318063.399,2548346.646,372.909,cruise,1,direct,
4053.176,T014,U05,321135.492,2550708.779,230,handover,0,outage,terrain_occlusion
4053.392,T011,U07,319459.283,2552590.551,398.239,cruise,0,outage,terrain_occlusion
4053.883,T017,U06,319688.743,2547893.973,308.954,cruise,1,direct,
4054.582,T021,U03,323330.195,2546707.017,351.6,handover,0,outage,terrain_occlusion
4054.723,T023,U04,318488.483,2550833.078,254.637,descent,0,outage,terrain_occlusion
4054.859,T019,U01,318574.562,2545619.74,561.804,return,1,direct,
4057.252,T025,U02,318050.329,2548405.205,372.909,cruise,1,direct,
4058.176,T014,U05,321135.492,2550708.779,230,handover,0,outage,terrain_occlusion
4058.392,T011,U07,319467.476,2552665.102,398.239,cruise,0,outage,terrain_occlusion
4058.883,T017,U06,319718.302,2547962.902,308.954,cruise,1,direct,
4059.582,T021,U03,323330.195,2546707.017,351.6,handover,0,outage,terrain_occlusion
4059.723,T023,U04,318488.483,2550833.078,242.137,descent,0,outage,terrain_occlusion
4059.859,T019,U01,318626.695,2545590.04,561.804,return,1,direct,
4062.252,T025,U02,318037.259,2548463.765,372.909,cruise,1,direct,
4063.176,T014,U05,321135.492,2550708.779,230,handover,0,outage,terrain_occlusion
4063.392,T011,U07,319475.67,2552739.653,398.239,cruise,0,outage,terrain_occlusion
4063.883,T017,U06,319747.861,2548031.832,308.954,cruise,1,direct,
4064.582,T021,U03,323330.195,2546707.017,351.6,handover,0,outage,terrain_occlusion
4064.723,T023,U04,318488.483,2550833.078,229.637,descent,0,outage,terrain_occlusion
4064.859,T019,U01,318678.829,2545560.339,561.804,return,1,direct,
4067.252,T025,U02,318024.19,2548522.324,372.909,cruise,1,direct,
4068.176,T014,U05,321135.492,2550708.779,230,handover,0,outage,terrain_occlusion
4068.392,T011,U07,319483.863,2552814.204,398.239,cruise,0,outage,terrain_occlusion
4068.883,T017,U06,319777.42,2548100.761,308.954,cruise,1,direct,
4069.582,T021,U03,323330.195,2546707.017,351.6,handover,0,outage,terrain_occlusion
4069.723,T023,U04,318488.483,2550833.078,217.137,descent,0,outage,terrain_occlusion
4069.859,T019,U01,318686.201,2545556.139,551.072,return,1,direct,
4072.252,T025,U02,318011.12,2548580.883,372.909,cruise,1,direct,
4073.176,T014,U05,321135.492,2550708.779,230,handover,0,outage,terrain_occlusion
4073.392,T011,U07,319492.056,2552888.755,398.239,cruise,0,outage,terrain_occlusion
4073.883,T017,U06,319806.98,2548169.69,308.954,cruise,1,direct,
4074.582,T021,U03,323330.195,2546707.017,351.6,handover,0,outage,terrain_occlusion
4074.723,T023,U04,318488.483,2550833.078,204.637,descent,0,outage,terrain_occlusion
4074.859,T019,U01,318686.201,2545556.139,538.572,return,1,direct,
4077.252,T025,U02,317998.05,2548639.442,372.909,cruise,1,direct,
4078.176,T014,U05,321135.492,2550708.779,230,handover,0,outage,terrain_occlusion
4078.392,T011,U07,319500.249,2552963.307,398.239,cruise,0,outage,terrain_occlusion
4078.883,T017,U06,319836.539,2548238.62,308.954,cruise,1,direct,
4079.582,T021,U03,323330.195,2546707.017,351.6,handover,0,outage,terrain_occlusion
4079.723,T023,U04,318488.483,2550833.078,195,handover,0,outage,terrain_occlusion
4079.859,T019,U01,318686.201,2545556.139,526.072,return,1,direct,
4082.252,T025,U02,317984.981,2548698.002,372.909,cruise,1,direct,
4083.176,T014,U05,321135.492,2550708.779,230,handover,0,outage,terrain_occlusion
4083.392,T011,U07,319508.442,2553037.858,398.239,cruise,0,outage,terrain_occlusion
4083.883,T017,U06,319866.098,2548307.549,308.954,cruise,1,direct,
4084.582,T021,U03,323330.195,2546707.017,351.6,handover,0,outage,terrain_occlusion
4084.723,T023,U04,318488.483,2550833.078,195,handover,0,outage,terrain_occlusion
4084.859,T019,U01,318686.201,2545556.139,513.572,return,1,direct,
4087.252,T025,U02,317971.911,2548756.561,372.909,cruise,1,direct,
4088.176,T014,U05,321135.492,2550708.779,230,handover,0,outage,terrain_occlusion
4088.392,T011,U07,319516.635,2553112.409,398.239,cruise,0,outage,terrain_occlusion
4088.883,T017,U06,319895.657,2548376.478,308.954,cruise,1,direct,
4089.582,T021,U03,323330.195,2546707.017,351.6,handover,0,outage,terrain_occlusion
4089.723,T023,U04,318488.483,2550833.078,195,handover,0,outage,terrain_occlusion
4089.859,T019,U01,318686.201,2545556.139,501.072,return,1,direct,
4092.252,T025,U02,317958.842,2548815.12,372.909,cruise,1,direct,
4093.176,T014,U05,321135.492,2550708.779,230,handover,0,outage,terrain_occlusion
4093.392,T011,U07,319524.829,2553186.96,398.239,cruise,0,outage,terrain_occlusion
4093.883,T017,U06,319925.216,2548445.408,308.954,cruise,1,direct,
4094.582,T021,U03,323330.195,2546707.017,351.6,handover,0,outage,terrain_occlusion
4094.723,T023,U04,318488.483,2550833.078,195,handover,0,outage,terrain_occlusion
4094.859,T019,U01,318686.201,2545556.139,488.572,return,1,direct,
4097.252,T025,U02,317945.772,2548873.679,372.909,cruise,1,direct,
4098.176,T014,U05,321135.492,2550708.779,230,handover,0,outage,terrain_occlusion
4098.392,T011,U07,319528.976,2553224.697,393.301,descent,0,outage,terrain_occlusion
4098.883,T017,U06,319954.776,2548514.337,308.954,cruise,1,direct,
4099.582,T021,U03,323330.195,2546707.017,351.6,handover,0,outage,terrain_occlusion
4099.723,T023,U04,318488.483,2550833.078,195,handover,0,outage,terrain_occlusion
4099.859,T019,U01,318686.201,2545556.139,476.072,return,1,direct,
4102.252,T025,U02,317932.702,2548932.238,372.909,cruise,1,direct,
4103.176,T014,U05,321135.492,2550708.779,230,handover,0,outage,terrain_occlusion
4103.392,T011,U07,319528.976,2553224.697,383.301,descent,0,outage,terrain_occlusion
4103.883,T017,U06,319984.335,2548583.266,308.954,cruise,1,direct,
4104.582,T021,U03,323330.195,2546707.017,351.6,handover,0,outage,terrain_occlusion
4104.723,T023,U04,318488.483,2550833.078,195,handover,0,outage,terrain_occlusion
4104.859,T019,U01,318686.201,2545556.139,463.572,return,1,direct,
4107.252,T025,U02,317919.633,2548990.798,372.909,cruise,1,direct,
4108.176,T014,U05,321135.492,2550708.779,230,handover,0,outage,terrain_occlusion
4108.392,T011,U07,319528.976,2553224.697,373.301,descent,0,outage,terrain_occlusion
4108.883,T017,U06,320013.894,2548652.196,308.954,cruise,1,direct,
4109.582,T021,U03,323330.195,2546707.017,351.6,handover,0,outage,terrain_occlusion
4109.723,T023,U04,318488.483,2550833.078,195,handover,0,outage,terrain_occlusion
4109.859,T019,U01,318686.201,2545556.139,451.072,return,1,direct,
4112.252,T025,U02,317906.563,2549049.357,372.909,cruise,1,direct,
4113.176,T014,U05,321135.492,2550708.779,230,handover,0,outage,terrain_occlusion
4113.392,T011,U07,319528.976,2553224.697,363.301,descent,0,outage,terrain_occlusion
4113.883,T017,U06,320043.453,2548721.125,308.954,cruise,1,direct,
4114.582,T021,U03,323330.195,2546707.017,351.6,handover,0,outage,terrain_occlusion
4114.723,T023,U04,318488.483,2550833.078,195,handover,0,outage,terrain_occlusion
4114.859,T019,U01,318686.201,2545556.139,438.572,return,1,direct,
4117.252,T025,U02,317893.493,2549107.916,372.909,cruise,1,direct,
4118.176,T014,U05,321135.492,2550708.779,230,handover,0,outage,terrain_occlusion
4118.392,T011,U07,319528.976,2553224.697,353.301,descent,0,outage,terrain_occlusion
4118.883,T017,U06,320073.012,2548790.054,308.954,cruise,1,direct,
4119.582,T021,U03,323330.195,2546707.017,351.6,handover,0,outage,terrain_occlusion
4119.723,T023,U04,318488.483,2550833.078,195,handover,0,outage,terrain_occlusion
4119.859,T019,U01,318686.201,2545556.139,426.072,return,1,direct,
4122.252,T025,U02,317880.424,2549166.475,372.909,cruise,1,direct,
4123.176,T014,U05,321135.492,2550708.779,230,handover,0,outage,terrain_occlusion
4123.392,T011,U07,319528.976,2553224.697,343.301,descent,0,outage,terrain_occlusion
4123.883,T017,U06,320102.572,2548858.984,308.954,cruise,1,direct,
4124.582,T021,U03,323330.195,2546707.017,351.6,handover,0,outage,terrain_occlusion
4124.723,T023,U04,318488.483,2550833.078,195,handover,0,outage,terrain_occlusion
4124.859,T019,U01,318686.201,2545556.139,413.572,return,1,direct,
4127.252,T025,U02,317867.354,2549225.035,372.909,cruise,1,direct,
4128.176,T014,U05,321135.492,2550708.779,230,handover,0,outage,terrain_occlusion
4128.392,T011,U07,319528.976,2553224.697,333.301,descent,0,outage,terrain_occlusion
4128.883,T017,U06,320132.131,2548927.913,308.954,cruise,1,direct,
4129.582,T021,U03,323330.195,2546707.017,351.6,handover,0,outage,terrain_occlusion
4129.723,T023,U04,318488.483,2550833.078,195,handover,0,outage,terrain_occlusion
4129.859,T019,U01,318686.201,2545556.139,401.072,return,1,direct,
4132.252,T025,U02,317854.285,2549283.594,372.909,cruise,1,direct,
4133.176,T014,U05,321135.492,2550708.779,230,handover,0,outage,terrain_occlusion
4133.392,T011,U07,319528.976,2553224.697,323.301,descent,0,outage,terrain_occlusion
4133.883,T017,U06,320161.69,2548996.842,308.954,cruise,1,direct,
4134.582,T021,U03,323330.195,2546707.017,351.6,handover,0,outage,terrain_occlusion
4134.723,T023,U04,318488.483,2550833.078,195,handover,0,outage,terrain_occlusion
4134.859,T019,U01,318686.201,2545556.139,388.572,return,1,direct,
4137.252,T025,U02,317841.215,2549342.153,372.909,cruise,1,direct,
4138.176,T014,U05,321135.492,2550708.779,230,handover,0,outage,terrain_occlusion
4138.392,T011,U07,319528.976,2553224.697,313.301,descent,0,outage,terrain_occlusion
4138.883,T017,U06,320191.249,2549065.772,308.954,cruise,1,direct,
4139.582,T021,U03,323330.195,2546707.017,351.6,handover,0,outage,terrain_occlusion
4139.723,T023,U04,318488.483,2550833.078,195,handover,0,outage,terrain_occlusion
4139.859,T019,U01,318686.201,2545556.139,376.072,return,1,direct,
4142.252,T025,U02,317828.145,2549400.712,372.909,cruise,1,direct,
4143.176,T014,U05,321135.492,2550708.779,230,handover,0,outage,terrain_occlusion
4143.392,T011,U07,319528.976,2553224.697,303.301,descent,0,outage,terrain_occlusion
4143.883,T017,U06,320220.808,2549134.701,308.954,cruise,1,direct,
4144.582,T021,U03,323330.195,2546707.017,351.6,handover,0,outage,terrain_occlusion
4144.723,T023,U04,318488.483,2550833.078,195,handover,0,outage,terrain_occlusion
4144.859,T019,U01,318686.201,2545556.139,363.572,return,1,direct,
4147.252,T025,U02,317815.076,2549459.272,372.909,cruise,1,direct,
4148.176,T014,U05,321135.492,2550708.779,230,handover,0,outage,terrain_occlusion
4148.392,T011,U07,319528.976,2553224.697,293.301,descent,0,outage,terrain_occlusion
4148.883,T017,U06,320250.368,2549203.63,308.954,cruise,0,outage,terrain_occlusion
4149.582,T021,U03,323330.195,2546707.017,351.6,handover,0,outage,terrain_occlusion
4149.723,T023,U04,318488.483,2550833.078,195,handover,0,outage,terrain_occlusion
4149.859,T019,U01,318686.201,2545556.139,351.072,return,1,direct,
4152.252,T025,U02,317802.006,2549517.831,372.909,cruise,1,direct,
4153.176,T014,U05,321135.492,2550708.779,242.567,return,0,outage,terrain_occlusion
4153.392,T011,U07,319528.976,2553224.697,283.301,descent,0,outage,terrain_occlusion
4153.883,T017,U06,320279.927,2549272.56,308.954,cruise,0,outage,terrain_occlusion
4154.582,T021,U03,323330.195,2546707.017,351.6,handover,0,outage,terrain_occlusion
4154.723,T023,U04,318488.483,2550833.078,195,handover,0,outage,terrain_occlusion
4154.859,T019,U01,318686.201,2545556.139,338.572,return,1,direct,
4157.252,T025,U02,317788.937,2549576.39,372.909,cruise,1,direct,
4158.176,T014,U05,321135.492,2550708.779,257.567,return,0,outage,terrain_occlusion
4158.392,T011,U07,319528.976,2553224.697,273.301,descent,0,outage,terrain_occlusion
4158.883,T017,U06,320309.486,2549341.489,308.954,cruise,0,outage,terrain_occlusion
4159.582,T021,U03,323330.195,2546707.017,351.6,handover,0,outage,terrain_occlusion
4159.723,T023,U04,318488.483,2550833.078,195,handover,0,outage,terrain_occlusion
4159.859,T019,U01,318686.201,2545556.139,326.072,return,1,direct,
4162.252,T025,U02,317775.867,2549634.949,372.909,cruise,1,direct,
4163.176,T014,U05,321135.492,2550708.779,272.567,return,0,outage,terrain_occlusion
4163.392,T011,U07,319528.976,2553224.697,263.301,descent,0,outage,terrain_occlusion
4163.883,T017,U06,320339.045,2549410.418,308.954,cruise,0,outage,terrain_occlusion
4164.582,T021,U03,323330.195,2546707.017,351.6,handover,0,outage,terrain_occlusion
4164.723,T023,U04,318488.483,2550833.078,195,handover,0,outage,terrain_occlusion
4164.859,T019,U01,318686.201,2545556.139,313.572,return,1,direct,
4167.252,T025,U02,317762.797,2549693.509,372.909,cruise,1,direct,
4168.176,T014,U05,321135.492,2550708.779,287.567,return,0,outage,terrain_occlusion
4168.392,T011,U07,319528.976,2553224.697,253.301,descent,0,outage,terrain_occlusion
4168.883,T017,U06,320368.605,2549479.348,308.954,cruise,0,outage,terrain_occlusion
4169.582,T021,U03,323330.195,2546707.017,351.6,handover,0,outage,terrain_occlusion
4169.723,T023,U04,318488.483,2550833.078,195,handover,0,outage,terrain_occlusion
4169.859,T019,U01,318686.201,2545556.139,301.072,return,1,direct,
4172.252,T025,U02,317749.728,2549752.068,372.909,cruise,1,direct,
4173.176,T014,U05,321115.448,2550666.612,293.229,return,0,outage,terrain_occlusion
4173.392,T011,U07,319528.976,2553224.697,243.301,descent,0,outage,terrain_occlusion
4173.883,T017,U06,320398.164,2549548.277,308.954,cruise,0,outage,terrain_occlusion
4174.582,T021,U03,323330.195,2546707.017,351.6,handover,0,outage,terrain_occlusion
4174.723,T023,U04,318488.483,2550833.078,195,handover,0,outage,terrain_occlusion
4174.859,T019,U01,318686.201,2545556.139,288.572,return,1,direct,
4177.252,T025,U02,317736.658,2549810.627,372.909,cruise,1,direct,
4178.176,T014,U05,321083.249,2550598.876,293.229,return,0,outage,terrain_occlusion
4178.392,T011,U07,319528.976,2553224.697,233.301,descent,0,outage,terrain_occlusion
4178.883,T017,U06,320427.723,2549617.206,308.954,cruise,0,outage,terrain_occlusion
4179.582,T021,U03,323330.195,2546707.017,351.6,handover,0,outage,terrain_occlusion
4179.723,T023,U04,318488.483,2550833.078,195,handover,0,outage,terrain_occlusion
4179.859,T019,U01,318686.201,2545556.139,276.072,return,1,direct,
4182.252,T025,U02,317723.588,2549869.186,372.909,cruise,0,outage,terrain_occlusion
4183.176,T014,U05,321051.051,2550531.139,293.229,return,0,outage,terrain_occlusion
4183.392,T011,U07,319528.976,2553224.697,228.3,handover,0,outage,terrain_occlusion
4183.883,T017,U06,320457.282,2549686.136,308.954,cruise,0,outage,terrain_occlusion
4184.582,T021,U03,323330.195,2546707.017,351.6,handover,0,outage,terrain_occlusion
4184.723,T023,U04,318488.483,2550833.078,195,handover,0,outage,terrain_occlusion
4184.859,T019,U01,318686.201,2545556.139,263.572,return,1,direct,
4187.252,T025,U02,317710.519,2549927.746,372.909,cruise,0,outage,terrain_occlusion
4188.176,T014,U05,321018.853,2550463.402,293.229,return,0,outage,terrain_occlusion
4188.392,T011,U07,319528.976,2553224.697,228.3,handover,0,outage,terrain_occlusion
4188.883,T017,U06,320486.841,2549755.065,308.954,cruise,0,outage,terrain_occlusion
4189.582,T021,U03,323330.195,2546707.017,351.6,handover,0,outage,terrain_occlusion
4189.723,T023,U04,318488.483,2550833.078,195,handover,0,outage,terrain_occlusion
4189.859,T019,U01,318686.201,2545556.139,251.072,return,1,direct,
4192.252,T025,U02,317697.449,2549986.305,372.909,cruise,0,outage,terrain_occlusion
4193.176,T014,U05,320986.654,2550395.665,293.229,return,0,outage,terrain_occlusion
4193.392,T011,U07,319528.976,2553224.697,228.3,handover,0,outage,terrain_occlusion
4193.883,T017,U06,320516.401,2549823.994,308.954,cruise,0,outage,terrain_occlusion
4194.582,T021,U03,323330.195,2546707.017,351.6,handover,0,outage,terrain_occlusion
4194.723,T023,U04,318488.483,2550833.078,195,handover,0,outage,terrain_occlusion
4194.859,T019,U01,318686.201,2545556.139,238.572,return,1,direct,
4197.252,T025,U02,317684.38,2550044.864,372.909,cruise,0,outage,terrain_occlusion
4198.176,T014,U05,320954.456,2550327.929,293.229,return,0,outage,terrain_occlusion
4198.392,T011,U07,319528.976,2553224.697,228.3,handover,0,outage,terrain_occlusion
4198.883,T017,U06,320545.96,2549892.924,308.954,cruise,0,outage,terrain_occlusion
4199.582,T021,U03,323330.195,2546707.017,351.6,handover,0,outage,terrain_occlusion
4199.723,T023,U04,318488.483,2550833.078,195,handover,0,outage,terrain_occlusion
4199.859,T019,U01,318686.201,2545556.139,226.072,return,1,direct,
4202.252,T025,U02,317671.31,2550103.423,372.909,cruise,0,outage,terrain_occlusion
4203.176,T014,U05,320922.257,2550260.192,293.229,return,0,outage,terrain_occlusion
4203.392,T011,U07,319528.976,2553224.697,228.3,handover,0,outage,terrain_occlusion
4203.883,T017,U06,320575.519,2549961.853,308.954,cruise,0,outage,terrain_occlusion
4204.582,T021,U03,323330.195,2546707.017,360.956,return,0,outage,terrain_occlusion
4204.723,T023,U04,318488.483,2550833.078,195,handover,0,outage,terrain_occlusion
4204.859,T019,U01,318686.201,2545556.139,213.572,return,1,direct,
4207.252,T025,U02,317658.24,2550161.983,372.909,cruise,0,outage,terrain_occlusion
4208.176,T014,U05,320890.059,2550192.455,293.229,return,0,outage,terrain_occlusion
4208.392,T011,U07,319528.976,2553224.697,228.3,handover,0,outage,terrain_occlusion
4208.883,T017,U06,320605.078,2550030.782,308.954,cruise,0,outage,terrain_occlusion
4209.582,T021,U03,323330.195,2546707.017,375.956,return,0,outage,terrain_occlusion
4209.723,T023,U04,318488.483,2550833.078,195,handover,0,outage,terrain_occlusion
4209.859,T019,U01,318686.201,2545556.139,201.072,return,1,direct,
4212.252,T025,U02,317645.171,2550220.542,372.909,cruise,0,outage,terrain_occlusion
4213.176,T014,U05,320857.86,2550124.719,293.229,return,0,outage,terrain_occlusion
4213.392,T011,U07,319528.976,2553224.697,228.3,handover,0,outage,terrain_occlusion
4213.883,T017,U06,320634.637,2550099.712,308.954,cruise,0,outage,terrain_occlusion
4214.582,T021,U03,323330.195,2546707.017,390.956,return,0,outage,terrain_occlusion
4214.723,T023,U04,318488.483,2550833.078,195,handover,0,outage,terrain_occlusion
4214.859,T019,U01,318686.201,2545556.139,188.572,return,1,direct,
4217.252,T025,U02,317632.101,2550279.101,372.909,cruise,0,outage,terrain_occlusion
4218.176,T014,U05,320825.662,2550056.982,293.229,return,0,outage,terrain_occlusion
4218.392,T011,U07,319528.976,2553224.697,228.3,handover,0,outage,terrain_occlusion
4218.883,T017,U06,320664.197,2550168.641,308.954,cruise,0,outage,terrain_occlusion
4219.582,T021,U03,323330.195,2546707.017,405.956,return,0,outage,terrain_occlusion
4219.723,T023,U04,318488.483,2550833.078,195,handover,0,outage,terrain_occlusion
4219.859,T019,U01,318686.201,2545556.139,176.072,return,1,direct,
4222.252,T025,U02,317619.031,2550337.66,372.909,cruise,0,outage,terrain_occlusion
4223.176,T014,U05,320793.464,2549989.245,293.229,return,0,outage,terrain_occlusion
4223.392,T011,U07,319528.976,2553224.697,228.3,handover,0,outage,terrain_occlusion
4223.883,T017,U06,320693.756,2550237.57,308.954,cruise,0,outage,terrain_occlusion
4224.582,T021,U03,323330.195,2546707.017,420.956,return,0,outage,terrain_occlusion
4224.723,T023,U04,318488.483,2550833.078,195,handover,0,outage,terrain_occlusion
4224.859,T019,U01,318686.201,2545556.139,163.572,return,1,direct,
4227.252,T025,U02,317605.962,2550396.22,372.909,cruise,0,outage,terrain_occlusion
4228.176,T014,U05,320761.265,2549921.508,293.229,return,0,outage,terrain_occlusion
4228.392,T011,U07,319528.976,2553224.697,228.3,handover,0,outage,terrain_occlusion
4228.883,T017,U06,320723.315,2550306.5,308.954,cruise,0,outage,terrain_occlusion
4229.582,T021,U03,323328.955,2546706.709,435.637,return,0,outage,terrain_occlusion
4229.723,T023,U04,318488.483,2550833.078,195,handover,0,outage,terrain_occlusion
4229.859,T019,U01,318686.201,2545556.139,151.072,return,1,direct,
4232.252,T025,U02,317592.892,2550454.779,372.909,cruise,0,outage,terrain_occlusion
4233.176,T014,U05,320729.067,2549853.772,293.229,return,0,outage,terrain_occlusion
4233.392,T011,U07,319528.976,2553224.697,228.3,handover,0,outage,terrain_occlusion
4233.883,T017,U06,320752.874,2550375.429,308.954,cruise,0,outage,terrain_occlusion
4234.582,T021,U03,323270.717,2546692.277,435.637,return,0,outage,terrain_occlusion
4234.723,T023,U04,318488.483,2550833.078,195,handover,0,outage,terrain_occlusion
4234.859,T019,U01,318686.201,2545556.139,138.572,return,1,direct,
4237.252,T025,U02,317579.823,2550513.338,372.909,cruise,0,outage,terrain_occlusion
4238.176,T014,U05,320696.868,2549786.035,293.229,return,0,outage,terrain_occlusion
4238.392,T011,U07,319528.976,2553224.697,228.3,handover,0,outage,terrain_occlusion
4238.883,T017,U06,320782.433,2550444.358,308.954,cruise,0,outage,terrain_occlusion
4239.582,T021,U03,323212.479,2546677.844,435.637,return,0,outage,terrain_occlusion
4239.723,T023,U04,318488.483,2550833.078,195,handover,0,outage,terrain_occlusion
4242.252,T025,U02,317566.753,2550571.897,372.909,cruise,0,outage,terrain_occlusion
4243.176,T014,U05,320664.67,2549718.298,293.229,return,0,outage,terrain_occlusion
4243.392,T011,U07,319528.976,2553224.697,228.3,handover,0,outage,terrain_occlusion
4243.883,T017,U06,320811.993,2550513.288,308.954,cruise,0,outage,terrain_occlusion
4244.582,T021,U03,323154.24,2546663.411,435.637,return,0,outage,terrain_occlusion
4244.723,T023,U04,318488.483,2550833.078,195,handover,0,outage,terrain_occlusion
4247.252,T025,U02,317553.683,2550630.457,372.909,cruise,0,outage,terrain_occlusion
4248.176,T014,U05,320632.471,2549650.562,293.229,return,0,outage,terrain_occlusion
4248.392,T011,U07,319528.976,2553224.697,228.3,handover,0,outage,terrain_occlusion
4248.883,T017,U06,320841.552,2550582.217,308.954,cruise,0,outage,terrain_occlusion
4249.582,T021,U03,323096.002,2546648.979,435.637,return,0,outage,terrain_occlusion
4249.723,T023,U04,318488.483,2550833.078,195,handover,0,outage,terrain_occlusion
4252.252,T025,U02,317540.614,2550689.016,372.909,cruise,0,outage,terrain_occlusion
4253.176,T014,U05,320600.273,2549582.825,293.229,return,0,outage,terrain_occlusion
4253.392,T011,U07,319528.976,2553224.697,228.3,handover,0,outage,terrain_occlusion
4253.883,T017,U06,320871.111,2550651.146,308.954,cruise,0,outage,terrain_occlusion
4254.582,T021,U03,323037.764,2546634.546,435.637,return,0,outage,terrain_occlusion
4254.723,T023,U04,318488.483,2550833.078,195,handover,0,outage,terrain_occlusion
4257.252,T025,U02,317527.544,2550747.575,372.909,cruise,0,outage,terrain_occlusion
4258.176,T014,U05,320568.075,2549515.088,293.229,return,0,outage,terrain_occlusion
4258.392,T011,U07,319528.976,2553224.697,228.3,handover,0,outage,terrain_occlusion
4258.883,T017,U06,320900.67,2550720.076,308.954,cruise,0,outage,terrain_occlusion
4259.582,T021,U03,322979.525,2546620.113,435.637,return,0,outage,terrain_occlusion
4259.723,T023,U04,318488.483,2550833.078,195,handover,0,outage,terrain_occlusion
4262.252,T025,U02,317514.475,2550806.134,372.909,cruise,0,outage,terrain_occlusion
4263.176,T014,U05,320535.876,2549447.351,293.229,return,0,outage,terrain_occlusion
4263.392,T011,U07,319528.976,2553224.697,228.3,handover,0,outage,terrain_occlusion
4263.883,T017,U06,320930.229,2550789.005,308.954,cruise,0,outage,terrain_occlusion
4264.582,T021,U03,322921.287,2546605.681,435.637,return,0,outage,terrain_occlusion
4264.723,T023,U04,318488.483,2550833.078,195,handover,0,outage,terrain_occlusion
4267.252,T025,U02,317501.405,2550864.694,372.909,cruise,0,outage,terrain_occlusion
4268.176,T014,U05,320503.678,2549379.615,293.229,return,0,outage,terrain_occlusion
4268.392,T011,U07,319528.976,2553224.697,228.3,handover,0,outage,terrain_occlusion
4268.883,T017,U06,320959.789,2550857.934,308.954,cruise,0,outage,terrain_occlusion
4269.582,T021,U03,322863.049,2546591.248,435.637,return,0,outage,terrain_occlusion
4269.723,T023,U04,318488.483,2550833.078,195,handover,0,outage,terrain_occlusion
4272.252,T025,U02,317488.335,2550923.253,372.909,cruise,0,outage,terrain_occlusion
4273.176,T014,U05,320471.479,2549311.878,293.229,return,0,outage,terrain_occlusion
4273.392,T011,U07,319528.976,2553224.697,228.3,handover,0,outage,terrain_occlusion
4273.883,T017,U06,320989.348,2550926.864,308.954,cruise,0,outage,terrain_occlusion
4274.582,T021,U03,322804.81,2546576.815,435.637,return,0,outage,terrain_occlusion
4274.723,T023,U04,318488.483,2550833.078,195,handover,0,outage,terrain_occlusion
4277.252,T025,U02,317475.266,2550981.812,372.909,cruise,0,outage,terrain_occlusion
4278.176,T014,U05,320439.281,2549244.141,293.229,return,0,outage,terrain_occlusion
4278.392,T011,U07,319528.976,2553224.697,228.3,handover,0,outage,terrain_occlusion
4278.883,T017,U06,321018.907,2550995.793,308.954,cruise,0,outage,terrain_occlusion
4279.582,T021,U03,322746.572,2546562.383,435.637,return,0,outage,terrain_occlusion
4279.723,T023,U04,318488.483,2550833.078,195,handover,0,outage,terrain_occlusion
4282.252,T025,U02,317462.196,2551040.371,372.909,cruise,0,outage,terrain_occlusion
4283.176,T014,U05,320407.083,2549176.405,293.229,return,0,outage,terrain_occlusion
4283.392,T011,U07,319528.976,2553224.697,228.3,handover,0,outage,terrain_occlusion
4283.883,T017,U06,321048.466,2551064.722,308.954,cruise,0,outage,terrain_occlusion
4284.582,T021,U03,322688.334,2546547.95,435.637,return,0,outage,terrain_occlusion
4284.723,T023,U04,318488.483,2550833.078,195,handover,0,outage,terrain_occlusion
4287.252,T025,U02,317449.126,2551098.931,372.909,cruise,0,outage,terrain_occlusion
4288.176,T014,U05,320374.884,2549108.668,293.229,return,1,direct,
4288.392,T011,U07,319528.976,2553224.697,228.3,handover,0,outage,terrain_occlusion
4288.883,T017,U06,321078.026,2551133.652,308.954,cruise,0,outage,terrain_occlusion
4289.582,T021,U03,322630.096,2546533.518,435.637,return,0,outage,terrain_occlusion
4289.723,T023,U04,318488.483,2550833.078,198.436,return,0,outage,terrain_occlusion
4292.252,T025,U02,317436.057,2551157.49,372.909,cruise,0,outage,terrain_occlusion
4293.176,T014,U05,320342.686,2549040.931,293.229,return,1,direct,
4293.392,T011,U07,319528.976,2553224.697,228.3,handover,0,outage,terrain_occlusion
4293.883,T017,U06,321107.585,2551202.581,308.954,cruise,0,outage,terrain_occlusion
4294.582,T021,U03,322571.857,2546519.085,435.637,return,0,outage,terrain_occlusion
4294.723,T023,U04,318488.483,2550833.078,213.436,return,0,outage,terrain_occlusion
4297.252,T025,U02,317422.987,2551216.049,372.909,cruise,0,outage,terrain_occlusion
4298.176,T014,U05,320310.487,2548973.195,293.229,return,1,direct,
4298.392,T011,U07,319528.976,2553224.697,228.3,handover,0,outage,terrain_occlusion
4298.883,T017,U06,321137.144,2551271.51,308.954,cruise,0,outage,terrain_occlusion
4299.582,T021,U03,322513.619,2546504.652,435.637,return,1,direct,
4299.723,T023,U04,318488.483,2550833.078,228.436,return,0,outage,terrain_occlusion
4302.252,T025,U02,317409.918,2551274.608,372.909,cruise,0,outage,terrain_occlusion
4303.176,T014,U05,320278.289,2548905.458,293.229,return,1,direct,
4303.392,T011,U07,319528.976,2553224.697,228.3,handover,0,outage,terrain_occlusion
4303.883,T017,U06,321166.703,2551340.44,308.954,cruise,0,outage,terrain_occlusion
4304.582,T021,U03,322455.381,2546490.22,435.637,return,1,direct,
4304.723,T023,U04,318488.483,2550833.078,243.436,return,0,outage,terrain_occlusion
4307.252,T025,U02,317396.848,2551333.167,372.909,cruise,0,outage,terrain_occlusion
4308.176,T014,U05,320246.09,2548837.721,293.229,return,1,direct,
4308.392,T011,U07,319528.976,2553224.697,228.3,handover,0,outage,terrain_occlusion
4308.883,T017,U06,321196.262,2551409.369,308.954,cruise,0,outage,terrain_occlusion
4309.582,T021,U03,322397.142,2546475.787,435.637,return,1,direct,
4309.723,T023,U04,318488.483,2550833.078,258.436,return,0,outage,terrain_occlusion
4312.252,T025,U02,317383.778,2551391.727,372.909,cruise,0,outage,terrain_occlusion
4313.176,T014,U05,320213.892,2548769.984,293.229,return,1,direct,
4313.392,T011,U07,319528.976,2553224.697,228.3,handover,0,outage,terrain_occlusion
4313.883,T017,U06,321225.822,2551478.298,308.954,cruise,0,outage,terrain_occlusion
4314.582,T021,U03,322338.904,2546461.354,435.637,return,1,direct,
4314.723,T023,U04,318488.483,2550833.078,273.436,return,0,outage,terrain_occlusion
4317.252,T025,U02,317370.709,2551450.286,372.909,cruise,0,outage,terrain_occlusion
4318.176,T014,U05,320181.694,2548702.248,293.229,return,1,direct,
4318.392,T011,U07,319528.976,2553224.697,228.3,handover,0,outage,terrain_occlusion
4318.883,T017,U06,321255.381,2551547.228,308.954,cruise,0,outage,terrain_occlusion
4319.582,T021,U03,322280.666,2546446.922,435.637,return,1,direct,
4319.723,T023,U04,318488.483,2550833.078,288.436,return,0,outage,terrain_occlusion
4322.252,T025,U02,317357.639,2551508.845,372.909,cruise,0,outage,terrain_occlusion
4323.176,T014,U05,320149.495,2548634.511,293.229,return,1,direct,
4323.392,T011,U07,319528.976,2553224.697,228.3,handover,0,outage,terrain_occlusion
4323.883,T017,U06,321284.94,2551616.157,308.954,cruise,0,outage,terrain_occlusion
4324.582,T021,U03,322222.428,2546432.489,435.637,return,1,direct,
4324.723,T023,U04,318488.483,2550833.078,303.436,return,0,outage,terrain_occlusion
4327.252,T025,U02,317344.569,2551567.404,372.909,cruise,0,outage,terrain_occlusion
4328.176,T014,U05,320117.297,2548566.774,293.229,return,1,direct,
4328.392,T011,U07,319528.976,2553224.697,228.3,handover,0,outage,terrain_occlusion
4328.883,T017,U06,321314.499,2551685.086,308.954,cruise,0,outage,terrain_occlusion
4329.582,T021,U03,322164.189,2546418.056,435.637,return,1,direct,
4329.723,T023,U04,318488.483,2550833.078,318.436,return,0,outage,terrain_occlusion
4332.252,T025,U02,317331.5,2551625.964,372.909,cruise,0,outage,terrain_occlusion
4333.176,T014,U05,320085.098,2548499.038,293.229,return,1,direct,
4333.392,T011,U07,319528.976,2553224.697,228.3,handover,0,outage,terrain_occlusion
4333.883,T017,U06,321344.058,2551754.016,308.954,cruise,0,outage,terrain_occlusion
4334.582,T021,U03,322105.951,2546403.624,435.637,return,1,direct,
4334.723,T023,U04,318489.535,2550804.999,326.411,return,0,outage,terrain_occlusion
4337.252,T025,U02,317318.43,2551684.523,372.909,cruise,0,outage,terrain_occlusion
4338.176,T014,U05,320052.9,2548431.301,293.229,return,1,direct,
4338.392,T011,U07,319528.976,2553224.697,228.3,handover,0,outage,terrain_occlusion
4338.883,T017,U06,321373.618,2551822.945,308.954,cruise,0,outage,terrain_occlusion
4339.582,T021,U03,322047.713,2546389.191,435.637,return,1,direct,
4339.723,T023,U04,318491.782,2550745.041,326.411,return,0,outage,terrain_occlusion
4342.252,T025,U02,317305.361,2551743.082,372.909,cruise,0,outage,terrain_occlusion
4343.176,T014,U05,320020.701,2548363.564,293.229,return,1,direct,
4343.392,T011,U07,319528.976,2553224.697,228.3,handover,0,outage,terrain_occlusion
4343.883,T017,U06,321403.177,2551891.874,308.954,cruise,0,outage,terrain_occlusion
4344.582,T021,U03,321989.474,2546374.758,435.637,return,1,direct,
4344.723,T023,U04,318494.028,2550685.083,326.411,return,0,outage,terrain_occlusion
4347.252,T025,U02,317292.291,2551801.641,372.909,cruise,0,outage,terrain_occlusion
4348.176,T014,U05,319988.503,2548295.827,293.229,return,1,direct,
4348.392,T011,U07,319528.976,2553224.697,228.3,handover,0,outage,terrain_occlusion
4348.883,T017,U06,321432.736,2551960.804,308.954,cruise,0,outage,terrain_occlusion
4349.582,T021,U03,321931.236,2546360.326,435.637,return,1,direct,
4349.723,T023,U04,318496.275,2550625.125,326.411,return,0,outage,terrain_occlusion
4352.252,T025,U02,317279.221,2551860.201,372.909,cruise,0,outage,terrain_occlusion
4353.176,T014,U05,319956.305,2548228.091,293.229,return,1,direct,
4353.392,T011,U07,319528.976,2553224.697,228.3,handover,0,outage,terrain_occlusion
4353.883,T017,U06,321462.295,2552029.733,308.954,cruise,0,outage,terrain_occlusion
4354.582,T021,U03,321872.998,2546345.893,435.637,return,1,direct,
4354.723,T023,U04,318498.521,2550565.167,326.411,return,0,outage,terrain_occlusion
4357.252,T025,U02,317266.152,2551918.76,372.909,cruise,0,outage,terrain_occlusion
4358.176,T014,U05,319924.106,2548160.354,293.229,return,1,direct,
4358.392,T011,U07,319528.976,2553224.697,228.3,handover,0,outage,terrain_occlusion
4358.883,T017,U06,321491.854,2552098.662,308.954,cruise,0,outage,terrain_occlusion
4359.582,T021,U03,321814.759,2546331.46,435.637,return,1,direct,
4359.723,T023,U04,318500.768,2550505.209,326.411,return,0,outage,terrain_occlusion
4362.252,T025,U02,317253.082,2551977.319,372.909,cruise,0,outage,terrain_occlusion
4363.176,T014,U05,319891.908,2548092.617,293.229,return,1,direct,
4363.392,T011,U07,319528.976,2553224.697,228.3,handover,0,outage,terrain_occlusion
4363.883,T017,U06,321521.414,2552167.592,308.954,cruise,0,outage,terrain_occlusion
4364.582,T021,U03,321756.521,2546317.028,435.637,return,1,direct,
4364.723,T023,U04,318503.014,2550445.251,326.411,return,0,outage,terrain_occlusion
4367.252,T025,U02,317240.013,2552035.878,372.909,cruise,0,outage,terrain_occlusion
4368.176,T014,U05,319859.709,2548024.881,293.229,return,1,direct,
4368.392,T011,U07,319528.976,2553224.697,228.3,handover,0,outage,terrain_occlusion
4368.883,T017,U06,321550.973,2552236.521,308.954,cruise,0,outage,terrain_occlusion
4369.582,T021,U03,321698.283,2546302.595,435.637,return,1,direct,
4369.723,T023,U04,318505.261,2550385.293,326.411,return,0,outage,terrain_occlusion
4372.252,T025,U02,317226.943,2552094.438,372.909,cruise,0,outage,terrain_occlusion
4373.176,T014,U05,319827.511,2547957.144,293.229,return,1,direct,
4373.392,T011,U07,319528.976,2553224.697,228.3,handover,0,outage,terrain_occlusion
4373.883,T017,U06,321580.532,2552305.45,308.954,cruise,0,outage,terrain_occlusion
4374.582,T021,U03,321640.045,2546288.163,435.637,return,1,direct,
4374.723,T023,U04,318507.507,2550325.336,326.411,return,0,outage,terrain_occlusion
4377.252,T025,U02,317213.873,2552152.997,372.909,cruise,0,outage,terrain_occlusion
4378.176,T014,U05,319795.313,2547889.407,293.229,return,1,direct,
4378.392,T011,U07,319528.976,2553224.697,228.3,handover,0,outage,terrain_occlusion
4378.883,T017,U06,321607.166,2552367.559,307.717,descent,0,outage,terrain_occlusion
4379.582,T021,U03,321581.806,2546273.73,435.637,return,1,direct,
4379.723,T023,U04,318509.754,2550265.378,326.411,return,0,outage,terrain_occlusion
4382.252,T025,U02,317200.804,2552211.556,372.909,cruise,0,outage,terrain_occlusion
4383.176,T014,U05,319763.114,2547821.67,293.229,return,1,direct,
4383.392,T011,U07,319528.976,2553224.697,228.3,handover,0,outage,terrain_occlusion
4383.883,T017,U06,321607.166,2552367.559,295.217,descent,0,outage,terrain_occlusion
4384.582,T021,U03,321523.568,2546259.297,435.637,return,1,direct,
4384.723,T023,U04,318512.0,2550205.42,326.411,return,0,outage,terrain_occlusion
4387.252,T025,U02,317187.734,2552270.115,372.909,cruise,0,outage,terrain_occlusion
4388.176,T014,U05,319730.916,2547753.934,293.229,return,1,direct,
4388.392,T011,U07,319528.976,2553224.697,228.3,handover,0,outage,terrain_occlusion
4388.883,T017,U06,321607.166,2552367.559,282.717,descent,0,outage,terrain_occlusion
4389.582,T021,U03,321465.33,2546244.865,435.637,return,1,direct,
4389.723,T023,U04,318514.247,2550145.462,326.411,return,0,outage,terrain_occlusion
4392.252,T025,U02,317174.664,2552328.675,372.909,cruise,0,outage,terrain_occlusion
4393.176,T014,U05,319698.717,2547686.197,293.229,return,1,direct,
4393.392,T011,U07,319528.976,2553224.697,228.3,handover,0,outage,terrain_occlusion
4393.883,T017,U06,321607.166,2552367.559,270.217,descent,0,outage,terrain_occlusion
4394.582,T021,U03,321407.091,2546230.432,435.637,return,1,direct,
4394.723,T023,U04,318516.493,2550085.504,326.411,return,0,outage,terrain_occlusion
4397.252,T025,U02,317161.595,2552387.234,372.909,cruise,0,outage,terrain_occlusion
4398.176,T014,U05,319666.519,2547618.46,293.229,return,1,direct,
4398.392,T011,U07,319528.976,2553224.697,228.3,handover,0,outage,terrain_occlusion
4398.883,T017,U06,321607.166,2552367.559,257.717,descent,0,outage,terrain_occlusion
4399.582,T021,U03,321348.853,2546215.999,435.637,return,1,direct,
4399.723,T023,U04,318518.74,2550025.546,326.411,return,0,outage,terrain_occlusion
4402.252,T025,U02,317148.525,2552445.793,372.909,cruise,0,outage,terrain_occlusion
4403.176,T014,U05,319634.32,2547550.724,293.229,return,1,direct,
4403.392,T011,U07,319528.976,2553224.697,228.3,handover,0,outage,terrain_occlusion
4403.883,T017,U06,321607.166,2552367.559,245.217,descent,0,outage,terrain_occlusion
4404.582,T021,U03,321290.615,2546201.567,435.637,return,1,direct,
4404.723,T023,U04,318520.987,2549965.588,326.411,return,0,outage,terrain_occlusion
4407.252,T025,U02,317135.456,2552504.352,372.909,cruise,0,outage,terrain_occlusion
4408.176,T014,U05,319602.122,2547482.987,293.229,return,1,direct,
4408.392,T011,U07,319528.976,2553224.697,228.3,handover,0,outage,terrain_occlusion
4408.883,T017,U06,321607.166,2552367.559,232.717,descent,0,outage,terrain_occlusion
4409.582,T021,U03,321232.377,2546187.134,435.637,return,1,direct,
4409.723,T023,U04,318523.233,2549905.63,326.411,return,0,outage,terrain_occlusion
4412.252,T025,U02,317122.386,2552562.912,372.909,cruise,0,outage,terrain_occlusion
4413.176,T014,U05,319569.924,2547415.25,293.229,return,1,direct,
4413.392,T011,U07,319528.976,2553224.697,228.3,handover,0,outage,terrain_occlusion
4413.883,T017,U06,321607.166,2552367.559,220.217,descent,0,outage,terrain_occlusion
4414.582,T021,U03,321174.138,2546172.701,435.637,return,1,direct,
4414.723,T023,U04,318525.48,2549845.672,326.411,return,0,outage,terrain_occlusion
4417.252,T025,U02,317109.316,2552621.471,372.909,cruise,0,outage,terrain_occlusion
4418.176,T014,U05,319537.725,2547347.514,293.229,return,1,direct,
4418.392,T011,U07,319528.976,2553224.697,228.3,handover,0,outage,terrain_occlusion
4418.883,T017,U06,321607.166,2552367.559,219.5,handover,0,outage,terrain_occlusion
4419.582,T021,U03,321115.9,2546158.269,435.637,return,1,direct,
4419.723,T023,U04,318527.726,2549785.714,326.411,return,0,outage,terrain_occlusion
4422.252,T025,U02,317096.247,2552680.03,372.909,cruise,0,outage,terrain_occlusion
4423.176,T014,U05,319505.527,2547279.777,293.229,return,1,direct,
4423.392,T011,U07,319528.976,2553224.697,228.3,handover,0,outage,terrain_occlusion
4423.883,T017,U06,321607.166,2552367.559,219.5,handover,0,outage,terrain_occlusion
4424.582,T021,U03,321057.662,2546143.836,435.637,return,1,direct,
4424.723,T023,U04,318529.973,2549725.756,326.411,return,0,outage,terrain_occlusion
4427.252,T025,U02,317083.177,2552738.589,372.909,cruise,0,outage,terrain_occlusion
4428.176,T014,U05,319473.328,2547212.04,293.229,return,1,direct,
4428.392,T011,U07,319528.976,2553224.697,228.3,handover,0,outage,terrain_occlusion
4428.883,T017,U06,321607.166,2552367.559,219.5,handover,0,outage,terrain_occlusion
4429.582,T021,U03,320999.423,2546129.403,435.637,return,1,direct,
4429.723,T023,U04,318532.219,2549665.798,326.411,return,0,outage,terrain_occlusion
4432.252,T025,U02,317070.107,2552797.149,372.909,cruise,0,outage,terrain_occlusion
4433.176,T014,U05,319441.13,2547144.303,293.229,return,1,direct,
4433.392,T011,U07,319528.976,2553224.697,228.3,handover,0,outage,terrain_occlusion
4433.883,T017,U06,321607.166,2552367.559,219.5,handover,0,outage,terrain_occlusion
4434.582,T021,U03,320941.185,2546114.971,435.637,return,1,direct,
4434.723,T023,U04,318534.466,2549605.84,326.411,return,0,outage,terrain_occlusion
4437.252,T025,U02,317057.038,2552855.708,372.909,cruise,0,outage,terrain_occlusion
4438.176,T014,U05,319408.931,2547076.567,293.229,return,1,direct,
4438.392,T011,U07,319528.976,2553224.697,228.3,handover,0,outage,terrain_occlusion
4438.883,T017,U06,321607.166,2552367.559,219.5,handover,0,outage,terrain_occlusion
4439.582,T021,U03,320882.947,2546100.538,435.637,return,1,direct,
4439.723,T023,U04,318536.712,2549545.882,326.411,return,0,outage,terrain_occlusion
4442.252,T025,U02,317043.968,2552914.267,372.909,cruise,0,outage,terrain_occlusion
4443.176,T014,U05,319376.733,2547008.83,293.229,return,1,direct,
4443.392,T011,U07,319528.976,2553224.697,228.3,handover,0,outage,terrain_occlusion
4443.883,T017,U06,321607.166,2552367.559,219.5,handover,0,outage,terrain_occlusion
4444.582,T021,U03,320824.709,2546086.105,435.637,return,1,direct,
4444.723,T023,U04,318538.959,2549485.925,326.411,return,1,direct,
4447.252,T025,U02,317030.899,2552972.826,372.909,cruise,0,outage,terrain_occlusion
4448.176,T014,U05,319344.535,2546941.093,293.229,return,1,direct,
4448.392,T011,U07,319528.976,2553224.697,228.3,handover,0,outage,terrain_occlusion
4448.883,T017,U06,321607.166,2552367.559,219.5,handover,0,outage,terrain_occlusion
4449.582,T021,U03,320766.47,2546071.673,435.637,return,1,direct,
4449.723,T023,U04,318541.205,2549425.967,326.411,return,1,direct,
4452.252,T025,U02,317017.829,2553031.386,372.909,cruise,0,outage,terrain_occlusion
4453.176,T014,U05,319312.336,2546873.357,293.229,return,1,direct,
4453.392,T011,U07,319528.976,2553224.697,228.3,handover,0,outage,terrain_occlusion
4453.883,T017,U06,321607.166,2552367.559,219.5,handover,0,outage,terrain_occlusion
4454.582,T021,U03,320708.232,2546057.24,435.637,return,1,direct,
4454.723,T023,U04,318543.452,2549366.009,326.411,return,1,direct,
4457.252,T025,U02,317004.759,2553089.945,372.909,cruise,0,outage,terrain_occlusion
4458.176,T014,U05,319280.138,2546805.62,293.229,return,1,direct,
4458.392,T011,U07,319528.976,2553224.697,228.3,handover,0,outage,terrain_occlusion
4458.883,T017,U06,321607.166,2552367.559,219.5,handover,0,outage,terrain_occlusion
4459.582,T021,U03,320649.994,2546042.808,435.637,return,1,direct,
4459.723,T023,U04,318545.698,2549306.051,326.411,return,1,direct,
4462.252,T025,U02,316991.69,2553148.504,372.909,cruise,0,outage,terrain_occlusion
4463.176,T014,U05,319247.939,2546737.883,293.229,return,1,direct,
4463.392,T011,U07,319528.976,2553224.697,228.3,handover,0,outage,terrain_occlusion
4463.883,T017,U06,321607.166,2552367.559,219.5,handover,0,outage,terrain_occlusion
4464.582,T021,U03,320591.755,2546028.375,435.637,return,1,direct,
4464.723,T023,U04,318547.945,2549246.093,326.411,return,1,direct,
4467.252,T025,U02,316978.62,2553207.063,372.909,cruise,0,outage,terrain_occlusion
4468.176,T014,U05,319215.741,2546670.146,293.229,return,1,direct,
4468.392,T011,U07,319528.976,2553224.697,228.3,handover,0,outage,terrain_occlusion
4468.883,T017,U06,321607.166,2552367.559,219.5,handover,0,outage,terrain_occlusion
4469.582,T021,U03,320533.517,2546013.942,435.637,return,1,direct,
4469.723,T023,U04,318550.191,2549186.135,326.411,return,1,direct,
4472.252,T025,U02,316965.551,2553265.623,372.909,cruise,0,outage,terrain_occlusion
4473.176,T014,U05,319183.542,2546602.41,293.229,return,1,direct,
4473.392,T011,U07,319528.976,2553224.697,228.3,handover,0,outage,terrain_occlusion
4473.883,T017,U06,321607.166,2552367.559,219.5,handover,0,outage,terrain_occlusion
4474.582,T021,U03,320475.279,2545999.51,435.637,return,1,direct,
4474.723,T023,U04,318552.438,2549126.177,326.411,return,1,direct,
4477.252,T025,U02,316952.481,2553324.182,372.909,cruise,0,outage,terrain_occlusion
4478.176,T014,U05,319151.344,2546534.673,293.229,return,1,direct,
4478.392,T011,U07,319528.976,2553224.697,228.3,handover,0,outage,terrain_occlusion
4478.883,T017,U06,321607.166,2552367.559,219.5,handover,0,outage,terrain_occlusion
4479.582,T021,U03,320417.04,2545985.077,435.637,return,1,direct,
4479.723,T023,U04,318554.684,2549066.219,326.411,return,1,direct,
4482.252,T025,U02,316939.411,2553382.741,372.909,cruise,0,outage,terrain_occlusion
4483.176,T014,U05,319119.146,2546466.936,293.229,return,1,direct,
4483.392,T011,U07,319528.976,2553224.697,228.3,handover,0,outage,terrain_occlusion
4483.883,T017,U06,321607.166,2552367.559,219.5,handover,0,outage,terrain_occlusion
4484.582,T021,U03,320358.802,2545970.644,435.637,return,1,direct,
4484.723,T023,U04,318556.931,2549006.261,326.411,return,1,direct,
4487.252,T025,U02,316926.352,2553441.253,372.899,descent,0,outage,terrain_occlusion
4488.176,T014,U05,319086.947,2546399.2,293.229,return,1,direct,
4488.392,T011,U07,319528.976,2553224.697,228.3,handover,0,outage,terrain_occlusion
4488.883,T017,U06,321607.166,2552367.559,219.5,handover,0,outage,terrain_occlusion
4489.582,T021,U03,320300.564,2545956.212,435.637,return,1,direct,
4489.723,T023,U04,318559.177,2548946.303,326.411,return,1,direct,
4492.252,T025,U02,316926.352,2553441.253,360.399,descent,0,outage,terrain_occlusion
4493.176,T014,U05,319054.749,2546331.463,293.229,return,1,direct,
4493.392,T011,U07,319528.976,2553224.697,228.3,handover,0,outage,terrain_occlusion
4493.883,T017,U06,321607.166,2552367.559,219.5,handover,0,outage,terrain_occlusion
4494.582,T021,U03,320242.326,2545941.779,435.637,return,1,direct,
4494.723,T023,U04,318561.424,2548886.345,326.411,return,1,direct,
4497.252,T025,U02,316926.352,2553441.253,347.899,descent,0,outage,terrain_occlusion
4498.176,T014,U05,319022.55,2546263.726,293.229,return,1,direct,
4498.392,T011,U07,319528.976,2553224.697,228.3,handover,0,outage,terrain_occlusion
4498.883,T017,U06,321607.166,2552367.559,219.5,handover,0,outage,terrain_occlusion
4499.582,T021,U03,320184.087,2545927.346,435.637,return,1,direct,
4499.723,T023,U04,318563.67,2548826.387,326.411,return,1,direct,
4502.252,T025,U02,316926.352,2553441.253,335.399,descent,0,outage,terrain_occlusion
4503.176,T014,U05,318990.352,2546195.99,293.229,return,1,direct,
4503.392,T011,U07,319528.976,2553224.697,228.3,handover,0,outage,terrain_occlusion
4503.883,T017,U06,321607.166,2552367.559,219.5,handover,0,outage,terrain_occlusion
4504.582,T021,U03,320125.849,2545912.914,435.637,return,1,direct,
4504.723,T023,U04,318565.917,2548766.429,326.411,return,1,direct,
4507.252,T025,U02,316926.352,2553441.253,322.899,descent,0,outage,terrain_occlusion
4508.176,T014,U05,318958.154,2546128.253,293.229,return,1,direct,
4508.392,T011,U07,319528.976,2553224.697,228.3,handover,0,outage,terrain_occlusion
4508.883,T017,U06,321607.166,2552367.559,219.5,handover,0,outage,terrain_occlusion
4509.582,T021,U03,320067.611,2545898.481,435.637,return,1,direct,
4509.723,T023,U04,318568.164,2548706.471,326.411,return,1,direct,
4512.252,T025,U02,316926.352,2553441.253,310.399,descent,0,outage,terrain_occlusion
4513.176,T014,U05,318925.955,2546060.516,293.229,return,1,direct,
4513.392,T011,U07,319528.976,2553224.697,228.3,handover,0,outage,terrain_occlusion
4513.883,T017,U06,321607.166,2552367.559,219.5,handover,0,outage,terrain_occlusion
4514.582,T021,U03,320009.372,2545884.048,435.637,return,1,direct,
4514.723,T023,U04,318570.41,2548646.514,326.411,return,1,direct,
4517.252,T025,U02,316926.352,2553441.253,297.899,descent,0,outage,terrain_occlusion
4518.176,T014,U05,318893.757,2545992.779,293.229,return,1,direct,
4518.392,T011,U07,319528.976,2553224.697,228.3,handover,0,outage,terrain_occlusion
4518.883,T017,U06,321607.166,2552367.559,219.5,handover,0,outage,terrain_occlusion
4519.582,T021,U03,319951.134,2545869.616,435.637,return,1,direct,
4519.723,T023,U04,318572.657,2548586.556,326.411,return,1,direct,
4522.252,T025,U02,316926.352,2553441.253,285.399,descent,0,outage,terrain_occlusion
4523.176,T014,U05,318861.558,2545925.043,293.229,return,1,direct,
4523.392,T011,U07,319528.976,2553224.697,228.3,handover,0,outage,terrain_occlusion
4523.883,T017,U06,321607.166,2552367.559,219.5,handover,0,outage,terrain_occlusion
4524.582,T021,U03,319892.896,2545855.183,435.637,return,1,direct,
4524.723,T023,U04,318574.903,2548526.598,326.411,return,1,direct,
4525.387,T012,U08,318686.201,2545556.139,127.7,ascent,1,direct,
4527.252,T025,U02,316926.352,2553441.253,272.899,descent,0,outage,terrain_occlusion
4528.176,T014,U05,318829.36,2545857.306,293.229,return,1,direct,
4528.392,T011,U07,319528.976,2553224.697,228.3,handover,0,outage,terrain_occlusion
4528.883,T017,U06,321607.166,2552367.559,219.5,handover,0,outage,terrain_occlusion
4529.582,T021,U03,319834.658,2545840.75,435.637,return,1,direct,
4529.723,T023,U04,318577.15,2548466.64,326.411,return,1,direct,
4530.387,T012,U08,318686.201,2545556.139,140.2,ascent,1,direct,
4532.252,T025,U02,316926.352,2553441.253,270.9,handover,0,outage,terrain_occlusion
4533.176,T014,U05,318797.161,2545789.569,293.229,return,1,direct,
4533.392,T011,U07,319528.976,2553224.697,228.3,handover,0,outage,terrain_occlusion
4533.883,T017,U06,321607.166,2552367.559,219.5,handover,0,outage,terrain_occlusion
4534.582,T021,U03,319776.419,2545826.318,435.637,return,1,direct,
4534.723,T023,U04,318579.396,2548406.682,326.411,return,1,direct,
4535.387,T012,U08,318686.201,2545556.139,152.7,ascent,1,direct,
4537.252,T025,U02,316926.352,2553441.253,270.9,handover,0,outage,terrain_occlusion
4538.176,T014,U05,318764.963,2545721.833,293.229,return,1,direct,
4538.392,T011,U07,319528.976,2553224.697,228.3,handover,0,outage,terrain_occlusion
4538.883,T017,U06,321607.166,2552367.559,219.5,handover,0,outage,terrain_occlusion
4539.582,T021,U03,319718.181,2545811.885,435.637,return,1,direct,
4539.723,T023,U04,318581.643,2548346.724,326.411,return,1,direct,
4540.387,T012,U08,318686.201,2545556.139,165.2,ascent,1,direct,
4542.252,T025,U02,316926.352,2553441.253,270.9,handover,0,outage,terrain_occlusion
4543.176,T014,U05,318732.765,2545654.096,293.229,return,1,direct,
4543.392,T011,U07,319528.976,2553224.697,228.3,handover,0,outage,terrain_occlusion
4543.883,T017,U06,321607.166,2552367.559,219.5,handover,0,outage,terrain_occlusion
4544.582,T021,U03,319659.943,2545797.452,435.637,return,1,direct,
4544.723,T023,U04,318583.889,2548286.766,326.411,return,1,direct,
4545.387,T012,U08,318686.201,2545556.139,177.7,ascent,1,direct,
4547.252,T025,U02,316926.352,2553441.253,270.9,handover,0,outage,terrain_occlusion
4548.176,T014,U05,318700.566,2545586.359,293.229,return,1,direct,
4548.392,T011,U07,319528.976,2553224.697,228.3,handover,0,outage,terrain_occlusion
4548.883,T017,U06,321607.166,2552367.559,219.5,handover,0,outage,terrain_occlusion
4549.582,T021,U03,319601.704,2545783.02,435.637,return,1,direct,
4549.723,T023,U04,318586.136,2548226.808,326.411,return,1,direct,
4550.387,T012,U08,318686.201,2545556.139,190.2,ascent,1,direct,
4552.252,T025,U02,316926.352,2553441.253,270.9,handover,0,outage,terrain_occlusion
4553.176,T014,U05,318686.201,2545556.139,286.306,return,1,direct,
4553.392,T011,U07,319528.976,2553224.697,228.3,handover,0,outage,terrain_occlusion
4553.883,T017,U06,321607.166,2552367.559,219.5,handover,0,outage,terrain_occlusion
4554.582,T021,U03,319543.466,2545768.587,435.637,return,1,direct,
4554.723,T023,U04,318588.382,2548166.85,326.411,return,1,direct,
4555.387,T012,U08,318686.201,2545556.139,202.7,ascent,1,direct,
4557.252,T025,U02,316926.352,2553441.253,270.9,handover,0,outage,terrain_occlusion
4558.176,T014,U05,318686.201,2545556.139,273.806,return,1,direct,
4558.392,T011,U07,319528.976,2553224.697,228.3,handover,0,outage,terrain_occlusion
4558.883,T017,U06,321607.166,2552367.559,219.5,handover,0,outage,terrain_occlusion
4559.582,T021,U03,319485.228,2545754.155,435.637,return,1,direct,
4559.723,T023,U04,318590.629,2548106.892,326.411,return,1,direct,
4560.387,T012,U08,318686.201,2545556.139,215.2,ascent,1,direct,
4562.252,T025,U02,316926.352,2553441.253,270.9,handover,0,outage,terrain_occlusion
4563.176,T014,U05,318686.201,2545556.139,261.306,return,1,direct,
4563.392,T011,U07,319528.976,2553224.697,228.3,handover,0,outage,terrain_occlusion
4563.883,T017,U06,321607.166,2552367.559,219.5,handover,0,outage,terrain_occlusion
4564.582,T021,U03,319426.99,2545739.722,435.637,return,1,direct,
4564.723,T023,U04,318592.875,2548046.934,326.411,return,1,direct,
4565.387,T012,U08,318686.201,2545556.139,227.7,ascent,1,direct,
4567.252,T025,U02,316926.352,2553441.253,270.9,handover,0,outage,terrain_occlusion
4568.176,T014,U05,318686.201,2545556.139,248.806,return,1,direct,
4568.392,T011,U07,319528.976,2553224.697,228.3,handover,0,outage,terrain_occlusion
4568.883,T017,U06,321607.166,2552367.559,219.5,handover,0,outage,terrain_occlusion
4569.208,T026,U01,318686.201,2545556.139,127.7,ascent,1,direct,
4569.582,T021,U03,319368.751,2545725.289,435.637,return,1,direct,
4569.723,T023,U04,318595.122,2547986.976,326.411,return,1,direct,
4570.387,T012,U08,318686.201,2545556.139,240.2,ascent,1,direct,
4572.252,T025,U02,316926.352,2553441.253,270.9,handover,0,outage,terrain_occlusion
4573.176,T014,U05,318686.201,2545556.139,236.306,return,1,direct,
4573.392,T011,U07,319528.976,2553224.697,228.3,handover,0,outage,terrain_occlusion
4573.883,T017,U06,321607.166,2552367.559,219.5,handover,0,outage,terrain_occlusion
4574.208,T026,U01,318686.201,2545556.139,142.7,ascent,1,direct,
4574.582,T021,U03,319310.513,2545710.857,435.637,return,1,direct,
4574.723,T023,U04,318597.368,2547927.018,326.411,return,1,direct,
4575.387,T012,U08,318686.201,2545556.139,252.7,ascent,1,direct,
4577.252,T025,U02,316926.352,2553441.253,270.9,handover,0,outage,terrain_occlusion
4578.176,T014,U05,318686.201,2545556.139,223.806,return,1,direct,
4578.392,T011,U07,319528.976,2553224.697,232.049,return,0,outage,terrain_occlusion
4578.883,T017,U06,321607.166,2552367.559,219.5,handover,0,outage,terrain_occlusion
4579.208,T026,U01,318686.201,2545556.139,157.7,ascent,1,direct,
4579.582,T021,U03,319252.275,2545696.424,435.637,return,1,direct,
4579.723,T023,U04,318599.615,2547867.061,326.411,return,1,direct,
4580.387,T012,U08,318686.201,2545556.139,265.2,ascent,1,direct,
4582.252,T025,U02,316926.352,2553441.253,270.9,handover,0,outage,terrain_occlusion
4583.176,T014,U05,318686.201,2545556.139,211.306,return,1,direct,
4583.392,T011,U07,319528.976,2553224.697,244.549,return,0,outage,terrain_occlusion
4583.883,T017,U06,321607.166,2552367.559,219.5,handover,0,outage,terrain_occlusion
4584.208,T026,U01,318686.201,2545556.139,172.7,ascent,1,direct,
4584.582,T021,U03,319194.036,2545681.991,435.637,return,1,direct,
4584.723,T023,U04,318601.861,2547807.103,326.411,return,1,direct,
4585.387,T012,U08,318686.201,2545556.139,277.7,ascent,1,direct,
4587.252,T025,U02,316926.352,2553441.253,270.9,handover,0,outage,terrain_occlusion
4588.176,T014,U05,318686.201,2545556.139,198.806,return,1,direct,
4588.392,T011,U07,319528.976,2553224.697,257.049,return,0,outage,terrain_occlusion
4588.883,T017,U06,321607.166,2552367.559,219.5,handover,0,outage,terrain_occlusion
4589.208,T026,U01,318686.201,2545556.139,187.7,ascent,1,direct,
4589.582,T021,U03,319135.798,2545667.559,435.637,return,1,direct,
4589.723,T023,U04,318604.108,2547747.145,326.411,return,1,direct,
4590.387,T012,U08,318686.201,2545556.139,290.2,ascent,1,direct,
4592.252,T025,U02,316926.352,2553441.253,270.9,handover,0,outage,terrain_occlusion
4593.176,T014,U05,318686.201,2545556.139,186.306,return,1,direct,
4593.392,T011,U07,319528.976,2553224.697,269.549,return,0,outage,terrain_occlusion
4593.883,T017,U06,321607.166,2552367.559,219.5,handover,0,outage,terrain_occlusion
4594.208,T026,U01,318686.201,2545556.139,202.7,ascent,1,direct,
4594.582,T021,U03,319077.56,2545653.126,435.637,return,1,direct,
4594.723,T023,U04,318606.354,2547687.187,326.411,return,1,direct,
4595.387,T012,U08,318686.201,2545556.139,302.7,ascent,1,direct,
4597.252,T025,U02,316926.352,2553441.253,270.9,handover,0,outage,terrain_occlusion
4598.176,T014,U05,318686.201,2545556.139,173.806,return,1,direct,
4598.392,T011,U07,319528.976,2553224.697,282.049,return,0,outage,terrain_occlusion
4598.883,T017,U06,321607.166,2552367.559,219.5,handover,0,outage,terrain_occlusion
4599.208,T026,U01,318686.201,2545556.139,217.7,ascent,1,direct,
4599.582,T021,U03,319019.321,2545638.693,435.637,return,1,direct,
4599.723,T023,U04,318608.601,2547627.229,326.411,return,1,direct,
4600.387,T012,U08,318686.201,2545556.139,315.2,ascent,1,direct,
4602.252,T025,U02,316926.352,2553441.253,270.9,handover,0,outage,terrain_occlusion
4603.176,T014,U05,318686.201,2545556.139,161.306,return,1,direct,
4603.392,T011,U07,319528.976,2553224.697,294.549,return,0,outage,terrain_occlusion
4603.883,T017,U06,321607.166,2552367.559,219.5,handover,0,outage,terrain_occlusion
4604.208,T026,U01,318686.201,2545556.139,232.7,ascent,1,direct,
4604.582,T021,U03,318961.083,2545624.261,435.637,return,1,direct,
4604.723,T023,U04,318610.848,2547567.271,326.411,return,1,direct,
4605.387,T012,U08,318686.201,2545556.139,327.7,ascent,1,direct,
4607.252,T025,U02,316926.352,2553441.253,270.9,handover,0,outage,terrain_occlusion
4608.176,T014,U05,318686.201,2545556.139,148.806,return,1,direct,
4608.392,T011,U07,319528.976,2553224.697,307.049,return,0,outage,terrain_occlusion
4608.883,T017,U06,321607.166,2552367.559,219.5,handover,0,outage,terrain_occlusion
4609.208,T026,U01,318686.201,2545556.139,247.7,ascent,1,direct,
4609.582,T021,U03,318902.845,2545609.828,435.637,return,1,direct,
4609.723,T023,U04,318613.094,2547507.313,326.411,return,1,direct,
4610.387,T012,U08,318686.201,2545556.139,340.2,ascent,1,direct,
4612.252,T025,U02,316926.352,2553441.253,270.9,handover,0,outage,terrain_occlusion
4613.176,T014,U05,318686.201,2545556.139,136.306,return,1,direct,
4613.392,T011,U07,319528.976,2553224.697,319.549,return,0,outage,terrain_occlusion
4613.883,T017,U06,321607.166,2552367.559,219.5,handover,0,outage,terrain_occlusion
4614.208,T026,U01,318686.201,2545556.139,262.7,ascent,1,direct,
4614.582,T021,U03,318844.607,2545595.395,435.637,return,1,direct,
4614.723,T023,U04,318615.341,2547447.355,326.411,return,1,direct,
4615.387,T012,U08,318686.201,2545556.139,352.7,ascent,1,direct,
4617.252,T025,U02,316926.352,2553441.253,270.9,handover,0,outage,terrain_occlusion
4618.392,T011,U07,319528.976,2553224.697,332.049,return,0,outage,terrain_occlusion
4618.883,T017,U06,321607.166,2552367.559,219.5,handover,0,outage,terrain_occlusion
4619.208,T026,U01,318686.201,2545556.139,277.7,ascent,1,direct,
4619.582,T021,U03,318786.368,2545580.963,435.637,return,1,direct,
4619.723,T023,U04,318617.587,2547387.397,326.411,return,1,direct,
4620.387,T012,U08,318686.201,2545556.139,365.2,ascent,1,direct,
4622.252,T025,U02,316926.352,2553441.253,270.9,handover,0,outage,terrain_occlusion
4623.392,T011,U07,319528.976,2553224.697,344.549,return,0,outage,terrain_occlusion
4623.883,T017,U06,321607.166,2552367.559,219.5,handover,0,outage,terrain_occlusion
4624.208,T026,U01,318686.201,2545556.139,292.7,ascent,1,direct,
4624.582,T021,U03,318728.13,2545566.53,435.637,return,1,direct,
4624.723,T023,U04,318619.834,2547327.439,326.411,return,1,direct,
4625.387,T012,U08,318686.201,2545556.139,377.7,ascent,1,direct,
4627.252,T025,U02,316926.352,2553441.253,270.9,handover,0,outage,terrain_occlusion
4628.392,T011,U07,319528.976,2553224.697,357.049,return,0,outage,terrain_occlusion
4628.883,T017,U06,321607.166,2552367.559,233.639,return,0,outage,terrain_occlusion
4629.208,T026,U01,318686.201,2545556.139,307.7,ascent,1,direct,
4629.582,T021,U03,318686.201,2545556.139,432.136,return,1,direct,
4629.723,T023,U04,318622.08,2547267.481,326.411,return,1,direct,
4630.387,T012,U08,318686.201,2545556.139,390.2,ascent,1,direct,
4632.252,T025,U02,316926.352,2553441.253,270.9,handover,0,outage,terrain_occlusion
4633.392,T011,U07,319528.976,2553224.697,369.549,return,0,outage,terrain_occlusion
4633.883,T017,U06,321607.166,2552367.559,248.639,return,0,outage,terrain_occlusion
4634.208,T026,U01,318686.201,2545556.139,322.7,ascent,1,direct,
4634.582,T021,U03,318686.201,2545556.139,419.636,return,1,direct,
4634.723,T023,U04,318624.327,2547207.523,326.411,return,1,direct,
4635.387,T012,U08,318686.201,2545556.139,402.7,ascent,1,direct,
4637.252,T025,U02,316926.352,2553441.253,270.9,handover,0,outage,terrain_occlusion
4638.392,T011,U07,319528.976,2553224.697,382.049,return,0,outage,terrain_occlusion
4638.883,T017,U06,321607.166,2552367.559,263.639,return,0,outage,terrain_occlusion
4639.208,T026,U01,318686.201,2545556.139,337.7,ascent,1,direct,
4639.582,T021,U03,318686.201,2545556.139,407.136,return,1,direct,
4639.723,T023,U04,318626.573,2547147.565,326.411,return,1,direct,
4640.387,T012,U08,318686.201,2545556.139,415.2,ascent,1,direct,
4642.252,T025,U02,316926.352,2553441.253,270.9,handover,0,outage,terrain_occlusion
4643.392,T011,U07,319528.976,2553224.697,394.549,return,0,outage,terrain_occlusion
4643.883,T017,U06,321607.166,2552367.559,278.639,return,0,outage,terrain_occlusion
4644.208,T026,U01,318686.201,2545556.139,352.7,ascent,1,direct,
4644.582,T021,U03,318686.201,2545556.139,394.636,return,1,direct,
4644.723,T023,U04,318628.82,2547087.607,326.411,return,1,direct,
4645.387,T012,U08,318686.201,2545556.139,427.7,ascent,1,direct,
4647.252,T025,U02,316926.352,2553441.253,270.9,handover,0,outage,terrain_occlusion
4648.392,T011,U07,319523.202,2553172.156,398.239,return,0,outage,terrain_occlusion
4648.883,T017,U06,321607.166,2552367.559,293.639,return,0,outage,terrain_occlusion
4649.208,T026,U01,318686.201,2545556.139,367.7,ascent,1,direct,
4649.582,T021,U03,318686.201,2545556.139,382.136,return,1,direct,
4649.723,T023,U04,318631.066,2547027.65,326.411,return,1,direct,
4650.387,T012,U08,318686.201,2545556.139,440.2,ascent,1,direct,
4652.252,T025,U02,316926.352,2553441.253,270.9,handover,0,outage,terrain_occlusion
4653.392,T011,U07,319515.009,2553097.605,398.239,return,0,outage,terrain_occlusion
4653.883,T017,U06,321607.166,2552367.559,308.639,return,0,outage,terrain_occlusion
4654.208,T026,U01,318686.201,2545556.139,382.7,ascent,1,direct,
4654.582,T021,U03,318686.201,2545556.139,369.636,return,1,direct,
4654.723,T023,U04,318633.313,2546967.692,326.411,return,1,direct,
4655.387,T012,U08,318686.201,2545556.139,452.7,ascent,1,direct,
4657.252,T025,U02,316926.352,2553441.253,270.9,handover,0,outage,terrain_occlusion
4658.392,T011,U07,319506.815,2553023.054,398.239,return,0,outage,terrain_occlusion
4658.883,T017,U06,321578.228,2552300.078,308.954,return,0,outage,terrain_occlusion
4659.208,T026,U01,318686.201,2545556.139,397.7,ascent,1,direct,
4659.582,T021,U03,318686.201,2545556.139,357.136,return,1,direct,
4659.723,T023,U04,318635.559,2546907.734,326.411,return,1,direct,
4660.387,T012,U08,318686.201,2545556.139,465.2,ascent,1,direct,
4662.252,T025,U02,316926.352,2553441.253,270.9,handover,0,outage,terrain_occlusion
4663.392,T011,U07,319498.622,2552948.503,398.239,return,0,outage,terrain_occlusion
4663.883,T017,U06,321548.669,2552231.149,308.954,return,0,outage,terrain_occlusion
4664.208,T026,U01,318686.201,2545556.139,412.7,ascent,1,direct,
4664.582,T021,U03,318686.201,2545556.139,344.636,return,1,direct,
4664.723,T023,U04,318637.806,2546847.776,326.411,return,1,direct,
4665.387,T012,U08,318686.201,2545556.139,477.7,ascent,1,direct,
4667.252,T025,U02,316926.352,2553441.253,270.9,handover,0,outage,terrain_occlusion
4668.392,T011,U07,319490.429,2552873.952,398.239,return,0,outage,terrain_occlusion
4668.883,T017,U06,321519.11,2552162.22,308.954,return,0,outage,terrain_occlusion
4669.208,T026,U01,318686.201,2545556.139,427.7,ascent,1,direct,
4669.582,T021,U03,318686.201,2545556.139,332.136,return,1,direct,
4669.723,T023,U04,318640.052,2546787.818,326.411,return,1,direct,
4670.387,T012,U08,318686.201,2545556.139,490.2,ascent,1,direct,
4672.252,T025,U02,316926.352,2553441.253,270.9,handover,0,outage,terrain_occlusion
4673.392,T011,U07,319482.236,2552799.401,398.239,return,0,outage,terrain_occlusion
4673.883,T017,U06,321489.551,2552093.29,308.954,return,0,outage,terrain_occlusion
4674.208,T026,U01,318686.201,2545556.139,442.7,ascent,1,direct,
4674.582,T021,U03,318686.201,2545556.139,319.636,return,1,direct,
4674.723,T023,U04,318642.299,2546727.86,326.411,return,1,direct,
4675.387,T012,U08,318686.201,2545556.139,502.7,ascent,1,direct,
4677.252,T025,U02,316926.352,2553441.253,270.9,handover,0,outage,terrain_occlusion
4678.392,T011,U07,319474.043,2552724.85,398.239,return,0,outage,terrain_occlusion
4678.883,T017,U06,321459.991,2552024.361,308.954,return,0,outage,terrain_occlusion
4679.208,T026,U01,318686.201,2545556.139,457.7,ascent,1,direct,
4679.582,T021,U03,318686.201,2545556.139,307.136,return,1,direct,
4679.723,T023,U04,318644.545,2546667.902,326.411,return,1,direct,
4680.387,T012,U08,318686.201,2545556.139,515.2,ascent,1,direct,
4682.252,T025,U02,316926.352,2553441.253,270.9,handover,0,outage,terrain_occlusion
4683.392,T011,U07,319465.85,2552650.298,398.239,return,0,outage,terrain_occlusion
4683.883,T017,U06,321430.432,2551955.432,308.954,return,0,outage,terrain_occlusion
4684.208,T026,U01,318686.201,2545556.139,472.7,ascent,1,direct,
4684.582,T021,U03,318686.201,2545556.139,294.636,return,1,direct,
4684.723,T023,U04,318646.792,2546607.944,326.411,return,1,direct,
4685.387,T012,U08,318686.201,2545556.139,527.7,ascent,1,direct,
4687.252,T025,U02,316926.352,2553441.253,270.9,handover,0,outage,terrain_occlusion
4688.392,T011,U07,319457.656,2552575.747,398.239,return,0,outage,terrain_occlusion
4688.883,T017,U06,321400.873,2551886.502,308.954,return,0,outage,terrain_occlusion
4689.208,T026,U01,318686.201,2545556.139,487.7,ascent,1,direct,
4689.582,T021,U03,318686.201,2545556.139,282.136,return,1,direct,
4689.723,T023,U04,318649.038,2546547.986,326.411,return,1,direct,
4690.387,T012,U08,318686.201,2545556.139,540.2,ascent,1,direct,
4692.252,T025,U02,316926.352,2553441.253,270.9,handover,0,outage,terrain_occlusion
4693.392,T011,U07,319449.463,2552501.196,398.239,return,0,outage,terrain_occlusion
4693.883,T017,U06,321371.314,2551817.573,308.954,return,0,outage,terrain_occlusion
4694.208,T026,U01,318686.201,2545556.139,502.7,ascent,1,direct,
4694.582,T021,U03,318686.201,2545556.139,269.636,return,1,direct,
4694.723,T023,U04,318651.285,2546488.028,326.411,return,1,direct,
4695.387,T012,U08,318686.201,2545556.139,552.7,ascent,1,direct,
4697.252,T025,U02,316926.352,2553441.253,270.9,handover,0,outage,terrain_occlusion
4698.392,T011,U07,319441.27,2552426.645,398.239,return,0,outage,terrain_occlusion
4698.883,T017,U06,321341.755,2551748.644,308.954,return,0,outage,terrain_occlusion
4699.208,T026,U01,318686.201,2545556.139,517.7,ascent,1,direct,
4699.582,T021,U03,318686.201,2545556.139,257.136,return,1,direct,
4699.723,T023,U04,318653.531,2546428.07,326.411,return,1,direct,
4700.387,T012,U08,318668.497,2545566.225,561.804,cruise,1,direct,
4702.252,T025,U02,316926.352,2553441.253,270.9,handover,0,outage,terrain_occlusion
4703.392,T011,U07,319433.077,2552352.094,398.239,return,0,outage,terrain_occlusion
4703.883,T017,U06,321312.195,2551679.714,308.954,return,0,outage,terrain_occlusion
4704.208,T026,U01,318686.201,2545556.139,532.7,ascent,1,direct,
4704.582,T021,U03,318686.201,2545556.139,244.636,return,1,direct,
4704.723,T023,U04,318655.778,2546368.112,326.411,return,1,direct,
4705.387,T012,U08,318603.331,2545603.35,561.804,cruise,1,direct,
4707.252,T025,U02,316926.352,2553441.253,270.9,handover,0,outage,terrain_occlusion
4708.392,T011,U07,319424.884,2552277.543,398.239,return,0,outage,terrain_occlusion
4708.883,T017,U06,321282.636,2551610.785,308.954,return,0,outage,terrain_occlusion
4709.208,T026,U01,318686.201,2545556.139,547.7,ascent,1,direct,
4709.582,T021,U03,318686.201,2545556.139,232.136,return,1,direct,
4709.723,T023,U04,318658.025,2546308.154,326.411,return,1,direct,
4710.387,T012,U08,318538.164,2545640.476,561.804,cruise,1,direct,
4712.252,T025,U02,316926.352,2553441.253,270.9,handover,0,outage,terrain_occlusion
4713.392,T011,U07,319416.691,2552202.992,398.239,return,0,outage,terrain_occlusion
4713.883,T017,U06,321253.077,2551541.856,308.954,return,0,outage,terrain_occlusion
4714.208,T026,U01,318686.201,2545556.139,562.7,ascent,1,direct,
4714.582,T021,U03,318686.201,2545556.139,219.636,return,1,direct,
4714.723,T023,U04,318660.271,2546248.196,326.411,return,1,direct,
4715.387,T012,U08,318472.997,2545677.601,561.804,cruise,1,direct,
4717.252,T025,U02,316926.352,2553441.253,270.9,handover,0,outage,terrain_occlusion
4718.392,T011,U07,319408.497,2552128.441,398.239,return,0,outage,terrain_occlusion
4718.883,T017,U06,321223.518,2551472.926,308.954,return,0,outage,terrain_occlusion
4719.208,T026,U01,318670.931,2545574.137,571.799,cruise,1,direct,
4719.582,T021,U03,318686.201,2545556.139,207.136,return,1,direct,
4719.723,T023,U04,318662.518,2546188.239,326.411,return,1,direct,
4720.387,T012,U08,318407.83,2545714.726,561.804,cruise,1,direct,
4722.252,T025,U02,316926.352,2553441.253,270.9,handover,0,outage,terrain_occlusion
4723.392,T011,U07,319400.304,2552053.889,398.239,return,0,outage,terrain_occlusion
4723.883,T017,U06,321193.959,2551403.997,308.954,return,0,outage,terrain_occlusion
4724.208,T026,U01,318632.113,2545619.888,571.799,cruise,1,direct,
4724.582,T021,U03,318686.201,2545556.139,194.636,return,1,direct,
4724.723,T023,U04,318664.764,2546128.281,326.411,return,1,direct,
4725.387,T012,U08,318342.663,2545751.851,561.804,cruise,1,direct,
4727.252,T025,U02,316926.352,2553441.253,270.9,handover,0,outage,terrain_occlusion
4728.392,T011,U07,319392.111,2551979.338,398.239,return,0,outage,terrain_occlusion
4728.883,T017,U06,321164.399,2551335.068,308.954,return,0,outage,terrain_occlusion
4729.208,T026,U01,318593.296,2545665.64,571.799,cruise,1,direct,
4729.582,T021,U03,318686.201,2545556.139,182.136,return,1,direct,
4729.723,T023,U04,318667.011,2546068.323,326.411,return,1,direct,
4730.387,T012,U08,318277.496,2545788.976,561.804,cruise,1,direct,
4732.252,T025,U02,316926.352,2553441.253,270.9,handover,0,outage,terrain_occlusion
4733.392,T011,U07,319383.918,2551904.787,398.239,return,0,outage,terrain_occlusion
4733.883,T017,U06,321134.84,2551266.138,308.954,return,0,outage,terrain_occlusion
4734.208,T026,U01,318554.478,2545711.391,571.799,cruise,1,direct,
4734.582,T021,U03,318686.201,2545556.139,169.636,return,1,direct,
4734.723,T023,U04,318669.257,2546008.365,326.411,return,1,direct,
4735.387,T012,U08,318212.33,2545826.102,561.804,cruise,1,direct,
4737.252,T025,U02,316926.352,2553441.253,270.9,handover,0,outage,terrain_occlusion
4738.392,T011,U07,319375.725,2551830.236,398.239,return,0,outage,terrain_occlusion
4738.883,T017,U06,321105.281,2551197.209,308.954,return,0,outage,terrain_occlusion
4739.208,T026,U01,318515.66,2545757.143,571.799,cruise,1,direct,
4739.582,T021,U03,318686.201,2545556.139,157.136,return,1,direct,
4739.723,T023,U04,318671.504,2545948.407,326.411,return,1,direct,
4740.387,T012,U08,318147.163,2545863.227,561.804,cruise,1,direct,
4742.252,T025,U02,316926.352,2553441.253,283.501,return,0,outage,terrain_occlusion
4743.392,T011,U07,319367.531,2551755.685,398.239,return,0,outage,terrain_occlusion
4743.883,T017,U06,321075.722,2551128.28,308.954,return,0,outage,terrain_occlusion
4744.208,T026,U01,318476.843,2545802.894,571.799,cruise,1,direct,
4744.582,T021,U03,318686.201,2545556.139,144.636,return,1,direct,
4744.723,T023,U04,318673.75,2545888.449,326.411,return,1,direct,
4745.387,T012,U08,318081.996,2545900.352,561.804,cruise,1,direct,
4747.252,T025,U02,316926.352,2553441.253,298.501,return,0,outage,terrain_occlusion
4748.392,T011,U07,319359.338,2551681.134,398.239,return,0,outage,terrain_occlusion
4748.883,T017,U06,321046.163,2551059.35,308.954,return,0,outage,terrain_occlusion
4749.208,T026,U01,318438.025,2545848.645,571.799,cruise,1,direct,
4749.582,T021,U03,318686.201,2545556.139,132.136,return,1,direct,
4749.723,T023,U04,318675.997,2545828.491,326.411,return,1,direct,
4750.387,T012,U08,318016.829,2545937.477,561.804,cruise,1,direct,
4752.252,T025,U02,316926.352,2553441.253,313.501,return,0,outage,terrain_occlusion
4753.392,T011,U07,319351.145,2551606.583,398.239,return,0,outage,terrain_occlusion
4753.883,T017,U06,321016.603,2550990.421,308.954,return,0,outage,terrain_occlusion
4754.208,T026,U01,318399.207,2545894.397,571.799,cruise,1,direct,
4754.723,T023,U04,318678.243,2545768.533,326.411,return,1,direct,
4755.387,T012,U08,317951.662,2545974.602,561.804,cruise,1,direct,
4757.252,T025,U02,316926.352,2553441.253,328.501,return,0,outage,terrain_occlusion
4758.392,T011,U07,319342.952,2551532.031,398.239,return,0,outage,terrain_occlusion
4758.883,T017,U06,320987.044,2550921.492,308.954,return,0,outage,terrain_occlusion
4759.208,T026,U01,318360.389,2545940.148,571.799,cruise,1,direct,
4759.723,T023,U04,318680.49,2545708.575,326.411,return,1,direct,
4760.387,T012,U08,317886.495,2546011.728,561.804,cruise,1,direct,
4762.252,T025,U02,316926.352,2553441.253,343.501,return,0,outage,terrain_occlusion
4763.392,T011,U07,319334.759,2551457.48,398.239,return,0,outage,terrain_occlusion
4763.883,T017,U06,320957.485,2550852.562,308.954,return,0,outage,terrain_occlusion
4764.208,T026,U01,318321.572,2545985.899,571.799,cruise,1,direct,
4764.723,T023,U04,318682.736,2545648.617,326.411,return,1,direct,
4765.387,T012,U08,317821.328,2546048.853,561.804,cruise,1,direct,
4767.252,T025,U02,316926.352,2553441.253,358.501,return,0,outage,terrain_occlusion
4768.392,T011,U07,319326.566,2551382.929,398.239,return,0,outage,terrain_occlusion
4768.883,T017,U06,320927.926,2550783.633,308.954,return,0,outage,terrain_occlusion
4769.208,T026,U01,318282.754,2546031.651,571.799,cruise,1,direct,
4769.723,T023,U04,318684.983,2545588.659,326.411,return,1,direct,
4770.387,T012,U08,317756.162,2546085.978,561.804,cruise,1,direct,
4772.252,T025,U02,316926.868,2553438.944,372.909,return,0,outage,terrain_occlusion
4773.392,T011,U07,319318.372,2551308.378,398.239,return,0,outage,terrain_occlusion
4773.883,T017,U06,320898.367,2550714.704,308.954,return,0,outage,terrain_occlusion
4774.208,T026,U01,318243.936,2546077.402,571.799,cruise,1,direct,
4774.723,T023,U04,318686.201,2545556.139,320.691,return,1,direct,
4775.387,T012,U08,317690.995,2546123.103,561.804,cruise,1,direct,
4777.252,T025,U02,316939.937,2553380.385,372.909,return,0,outage,terrain_occlusion
4778.392,T011,U07,319310.179,2551233.827,398.239,return,0,outage,terrain_occlusion
4778.883,T017,U06,320868.807,2550645.774,308.954,return,0,outage,terrain_occlusion
4779.208,T026,U01,318205.119,2546123.153,571.799,cruise,1,direct,
4779.723,T023,U04,318686.201,2545556.139,308.191,return,1,direct,
4780.387,T012,U08,317625.828,2546160.228,561.804,cruise,1,direct,
4782.252,T025,U02,316953.007,2553321.826,372.909,return,0,outage,terrain_occlusion
4783.392,T011,U07,319301.986,2551159.276,398.239,return,0,outage,terrain_occlusion
4783.883,T017,U06,320839.248,2550576.845,308.954,return,0,outage,terrain_occlusion
4784.208,T026,U01,318166.301,2546168.905,571.799,cruise,1,direct,
4784.723,T023,U04,318686.201,2545556.139,295.691,return,1,direct,
4785.387,T012,U08,317560.661,2546197.354,561.804,cruise,1,direct,
4787.252,T025,U02,316966.076,2553263.267,372.909,return,0,outage,terrain_occlusion
4788.392,T011,U07,319293.793,2551084.725,398.239,return,1,direct,
4788.883,T017,U06,320809.689,2550507.916,308.954,return,0,outage,terrain_occlusion
4789.208,T026,U01,318127.483,2546214.656,571.799,cruise,1,direct,
4789.723,T023,U04,318686.201,2545556.139,283.191,return,1,direct,
4790.387,T012,U08,317495.494,2546234.479,561.804,cruise,1,direct,
4792.252,T025,U02,316979.146,2553204.707,372.909,return,0,outage,terrain_occlusion
4793.392,T011,U07,319285.6,2551010.173,398.239,return,1,direct,
4793.883,T017,U06,320780.13,2550438.986,308.954,return,0,outage,terrain_occlusion
4794.208,T026,U01,318088.666,2546260.407,571.799,cruise,1,direct,
4794.723,T023,U04,318686.201,2545556.139,270.691,return,1,direct,
4795.387,T012,U08,317430.327,2546271.604,561.804,cruise,1,direct,
4797.252,T025,U02,316992.216,2553146.148,372.909,return,0,outage,terrain_occlusion
4798.392,T011,U07,319277.407,2550935.622,398.239,return,1,direct,
4798.883,T017,U06,320750.57,2550370.057,308.954,return,0,outage,terrain_occlusion
4799.208,T026,U01,318049.848,2546306.159,571.799,cruise,1,direct,
4799.723,T023,U04,318686.201,2545556.139,258.191,return,1,direct,
4800.387,T012,U08,317365.16,2546308.729,561.804,cruise,1,direct,
4802.252,T025,U02,317005.285,2553087.589,372.909,return,0,outage,terrain_occlusion
4803.392,T011,U07,319269.213,2550861.071,398.239,return,1,direct,
4803.883,T017,U06,320721.011,2550301.128,308.954,return,0,outage,terrain_occlusion
4804.208,T026,U01,318011.03,2546351.91,571.799,cruise,1,direct,
4804.723,T023,U04,318686.201,2545556.139,245.691,return,1,direct,
4805.387,T012,U08,317299.994,2546345.855,561.804,cruise,1,direct,
4807.252,T025,U02,317018.355,2553029.03,372.909,return,0,outage,terrain_occlusion
4808.392,T011,U07,319261.02,2550786.52,398.239,return,1,direct,
4808.883,T017,U06,320691.452,2550232.198,308.954,return,0,outage,terrain_occlusion
4809.208,T026,U01,317972.212,2546397.661,571.799,cruise,1,direct,
4809.723,T023,U04,318686.201,2545556.139,233.191,return,1,direct,
4810.387,T012,U08,317234.827,2546382.98,561.804,cruise,1,direct,
4812.252,T025,U02,317031.424,2552970.47,372.909,return,0,outage,terrain_occlusion
4813.392,T011,U07,319252.827,2550711.969,398.239,return,1,direct,
4813.883,T017,U06,320661.893,2550163.269,308.954,return,0,outage,terrain_occlusion
4814.208,T026,U01,317933.395,2546443.413,571.799,cruise,1,direct,
4814.723,T023,U04,318686.201,2545556.139,220.691,return,1,direct,
4815.387,T012,U08,317169.66,2546420.105,561.804,cruise,1,direct,
4817.252,T025,U02,317044.494,2552911.911,372.909,return,0,outage,terrain_occlusion
4818.392,T011,U07,319244.634,2550637.418,398.239,return,1,direct,
4818.883,T017,U06,320632.334,2550094.34,308.954,return,0,outage,terrain_occlusion
4819.208,T026,U01,317894.577,2546489.164,571.799,cruise,1,direct,
4819.723,T023,U04,318686.201,2545556.139,208.191,return,1,direct,
4820.387,T012,U08,317104.493,2546457.23,561.804,cruise,1,direct,
4822.252,T025,U02,317057.564,2552853.352,372.909,return,0,outage,terrain_occlusion
4823.392,T011,U07,319236.441,2550562.867,398.239,return,1,direct,
4823.883,T017,U06,320602.774,2550025.41,308.954,return,0,outage,terrain_occlusion
4824.208,T026,U01,317855.759,2546534.915,571.799,cruise,1,direct,
4824.723,T023,U04,318686.201,2545556.139,195.691,return,1,direct,
4825.387,T012,U08,317039.326,2546494.355,561.804,cruise,1,direct,
4827.252,T025,U02,317070.633,2552794.793,372.909,return,0,outage,terrain_occlusion
4828.392,T011,U07,319228.248,2550488.316,398.239,return,1,direct,
4828.883,T017,U06,320573.215,2549956.481,308.954,return,0,outage,terrain_occlusion
4829.208,T026,U01,317816.942,2546580.667,571.799,cruise,1,direct,
4829.723,T023,U04,318686.201,2545556.139,183.191,return,1,direct,
4830.387,T012,U08,316974.159,2546531.481,561.804,cruise,1,direct,
4832.252,T025,U02,317083.703,2552736.233,372.909,return,0,outage,terrain_occlusion
4833.392,T011,U07,319220.054,2550413.764,398.239,return,1,direct,
4833.883,T017,U06,320543.656,2549887.552,308.954,return,0,outage,terrain_occlusion
4834.208,T026,U01,317778.124,2546626.418,571.799,cruise,1,direct,
4834.723,T023,U04,318686.201,2545556.139,170.691,return,1,direct,
4835.387,T012,U08,316908.992,2546568.606,561.804,cruise,1,direct,
4837.252,T025,U02,317096.773,2552677.674,372.909,return,0,outage,terrain_occlusion
4838.392,T011,U07,319211.861,2550339.213,398.239,return,1,direct,
4838.883,T017,U06,320514.097,2549818.622,308.954,return,0,outage,terrain_occlusion
4839.208,T026,U01,317739.306,2546672.17,571.799,cruise,1,direct,
4839.723,T023,U04,318686.201,2545556.139,158.191,return,1,direct,
4840.387,T012,U08,316843.826,2546605.731,561.804,cruise,1,direct,
4842.252,T025,U02,317109.842,2552619.115,372.909,return,0,outage,terrain_occlusion
4843.392,T011,U07,319203.668,2550264.662,398.239,return,1,direct,
4843.883,T017,U06,320484.538,2549749.693,308.954,return,0,outage,terrain_occlusion
4844.208,T026,U01,317700.489,2546717.921,571.799,cruise,1,direct,
4844.723,T023,U04,318686.201,2545556.139,145.691,return,1,direct,
4845.387,T012,U08,316778.659,2546642.856,561.804,cruise,1,direct,
4847.252,T025,U02,317122.912,2552560.556,372.909,return,0,outage,terrain_occlusion
4848.392,T011,U07,319195.475,2550190.111,398.239,return,1,direct,
4848.883,T017,U06,320454.978,2549680.764,308.954,return,0,outage,terrain_occlusion
4849.208,T026,U01,317661.671,2546763.672,571.799,cruise,1,direct,
4849.723,T023,U04,318686.201,2545556.139,133.191,return,1,direct,
4850.387,T012,U08,316713.492,2546679.981,561.804,cruise,1,direct,
4852.252,T025,U02,317135.981,2552501.996,372.909,return,0,outage,terrain_occlusion
4853.392,T011,U07,319187.282,2550115.56,398.239,return,1,direct,
4853.883,T017,U06,320425.419,2549611.834,308.954,return,0,outage,terrain_occlusion
4854.208,T026,U01,317622.853,2546809.424,571.799,cruise,1,direct,
4855.387,T012,U08,316648.325,2546717.107,561.804,cruise,1,direct,
4857.252,T025,U02,317149.051,2552443.437,372.909,return,0,outage,terrain_occlusion
4858.392,T011,U07,319179.089,2550041.009,398.239,return,1,direct,
4858.883,T017,U06,320395.86,2549542.905,308.954,return,0,outage,terrain_occlusion
4859.208,T026,U01,317584.035,2546855.175,571.799,cruise,1,direct,
4860.387,T012,U08,316583.158,2546754.232,561.804,cruise,1,direct,
4862.252,T025,U02,317162.121,2552384.878,372.909,return,0,outage,terrain_occlusion
4863.392,T011,U07,319170.895,2549966.458,398.239,return,1,direct,
4863.883,T017,U06,320366.301,2549473.976,308.954,return,0,outage,terrain_occlusion
4864.208,T026,U01,317545.218,2546900.926,571.799,cruise,1,direct,
4865.387,T012,U08,316517.991,2546791.357,561.804,cruise,1,direct,
4867.252,T025,U02,317175.19,2552326.319,372.909,return,0,outage,terrain_occlusion
4868.392,T011,U07,319162.702,2549891.906,398.239,return,1,direct,
4868.883,T017,U06,320336.742,2549405.046,308.954,return,0,outage,terrain_occlusion
4869.208,T026,U01,317506.4,2546946.678,571.799,cruise,1,direct,
4870.387,T012,U08,316452.825,2546828.482,561.804,cruise,1,direct,
4872.252,T025,U02,317188.26,2552267.759,372.909,return,0,outage,terrain_occlusion
4873.392,T011,U07,319154.509,2549817.355,398.239,return,1,direct,
4873.883,T017,U06,320307.182,2549336.117,308.954,return,0,outage,terrain_occlusion
4874.208,T026,U01,317467.582,2546992.429,571.799,cruise,1,direct,
4875.387,T012,U08,316387.658,2546865.608,561.804,cruise,1,direct,
4877.252,T025,U02,317201.329,2552209.2,372.909,return,0,outage,terrain_occlusion
4878.392,T011,U07,319146.316,2549742.804,398.239,return,1,direct,
4878.883,T017,U06,320277.623,2549267.188,308.954,return,0,outage,terrain_occlusion
4879.208,T026,U01,317428.765,2547038.18,571.799,cruise,1,direct,
4880.387,T012,U08,316322.491,2546902.733,561.804,cruise,1,direct,
4882.252,T025,U02,317214.399,2552150.641,372.909,return,0,outage,terrain_occlusion
4883.392,T011,U07,319138.123,2549668.253,398.239,return,1,direct,
4883.883,T017,U06,320248.064,2549198.258,308.954,return,0,outage,terrain_occlusion
4884.208,T026,U01,317389.947,2547083.932,571.799,cruise,1,direct,
4885.387,T012,U08,316257.324,2546939.858,561.804,cruise,1,direct,
4887.252,T025,U02,317227.469,2552092.082,372.909,return,0,outage,terrain_occlusion
4888.392,T011,U07,319129.929,2549593.702,398.239,return,1,direct,
4888.883,T017,U06,320218.505,2549129.329,308.954,return,1,direct,
4889.208,T026,U01,317351.129,2547129.683,571.799,cruise,1,direct,
4890.387,T012,U08,316192.157,2546976.983,561.804,cruise,1,direct,
4892.252,T025,U02,317240.538,2552033.522,372.909,return,0,outage,terrain_occlusion
4893.392,T011,U07,319121.736,2549519.151,398.239,return,1,direct,
4893.883,T017,U06,320188.946,2549060.4,308.954,return,1,direct,
4894.208,T026,U01,317312.312,2547175.434,571.799,cruise,1,direct,
4895.387,T012,U08,316126.99,2547014.108,561.804,cruise,1,direct,
4897.252,T025,U02,317253.608,2551974.963,372.909,return,0,outage,terrain_occlusion
4898.392,T011,U07,319113.543,2549444.6,398.239,return,1,direct,
4898.883,T017,U06,320159.386,2548991.47,308.954,return,1,direct,
4899.208,T026,U01,317273.494,2547221.186,571.799,cruise,1,direct,
4900.387,T012,U08,316061.823,2547051.234,561.804,cruise,1,direct,
4902.252,T025,U02,317266.678,2551916.404,372.909,return,0,outage,terrain_occlusion
4903.392,T011,U07,319105.35,2549370.048,398.239,return,1,direct,
4903.883,T017,U06,320129.827,2548922.541,308.954,return,1,direct,
4904.208,T026,U01,317234.676,2547266.937,571.799,cruise,1,direct,
4905.387,T012,U08,315996.657,2547088.359,561.804,cruise,1,direct,
4907.252,T025,U02,317279.747,2551857.845,372.909,return,0,outage,terrain_occlusion
4908.392,T011,U07,319097.157,2549295.497,398.239,return,1,direct,
4908.883,T017,U06,320100.268,2548853.612,308.954,return,1,direct,
4909.208,T026,U01,317195.858,2547312.688,571.799,cruise,1,direct,
4910.387,T012,U08,315931.49,2547125.484,561.804,cruise,1,direct,
4912.252,T025,U02,317292.817,2551799.285,372.909,return,0,outage,terrain_occlusion
4913.392,T011,U07,319088.964,2549220.946,398.239,return,1,direct,
4913.883,T017,U06,320070.709,2548784.682,308.954,return,1,direct,
4914.208,T026,U01,317157.041,2547358.44,571.799,cruise,1,direct,
4915.387,T012,U08,315866.323,2547162.609,561.804,cruise,1,direct,
4917.252,T025,U02,317305.886,2551740.726,372.909,return,0,outage,terrain_occlusion
4918.392,T011,U07,319080.77,2549146.395,398.239,return,1,direct,
4918.883,T017,U06,320041.149,2548715.753,308.954,return,1,direct,
4919.208,T026,U01,317118.223,2547404.191,571.799,cruise,1,direct,
4920.387,T012,U08,315801.156,2547199.734,561.804,cruise,1,direct,
4922.252,T025,U02,317318.956,2551682.167,372.909,return,0,outage,terrain_occlusion
4923.392,T011,U07,319072.577,2549071.844,398.239,return,1,direct,
4923.883,T017,U06,320011.59,2548646.824,308.954,return,1,direct,
4924.208,T026,U01,317079.405,2547449.942,571.799,cruise,1,direct,
4925.387,T012,U08,315735.989,2547236.86,561.804,cruise,1,direct,
4927.252,T025,U02,317332.026,2551623.608,372.909,return,0,outage,terrain_occlusion
4928.392,T011,U07,319064.384,2548997.293,398.239,return,1,direct,
4928.883,T017,U06,319982.031,2548577.894,308.954,return,1,direct,
4929.208,T026,U01,317040.588,2547495.694,571.799,cruise,1,direct,
4930.387,T012,U08,315670.822,2547273.985,561.804,cruise,1,direct,
4932.252,T025,U02,317345.095,2551565.049,372.909,return,0,outage,terrain_occlusion
4933.392,T011,U07,319056.191,2548922.742,398.239,return,1,direct,
4933.883,T017,U06,319952.472,2548508.965,308.954,return,1,direct,
4934.208,T026,U01,317001.77,2547541.445,571.799,cruise,1,direct,
4935.387,T012,U08,315605.655,2547311.11,561.804,cruise,1,direct,
4937.252,T025,U02,317358.165,2551506.489,372.909,return,0,outage,terrain_occlusion
4938.392,T011,U07,319047.998,2548848.191,398.239,return,1,direct,
4938.883,T017,U06,319922.913,2548440.036,308.954,return,1,direct,
4939.208,T026,U01,316962.952,2547587.197,571.799,cruise,1,direct,
4940.387,T012,U08,315540.489,2547348.235,561.804,cruise,1,direct,
4942.252,T025,U02,317371.235,2551447.93,372.909,return,0,outage,terrain_occlusion
4943.392,T011,U07,319039.805,2548773.639,398.239,return,1,direct,
4943.883,T017,U06,319893.353,2548371.106,308.954,return,1,direct,
4944.208,T026,U01,316924.134,2547632.948,571.799,cruise,1,direct,
4945.387,T012,U08,315475.322,2547385.361,561.804,cruise,1,direct,
4947.252,T025,U02,317384.304,2551389.371,372.909,return,0,outage,terrain_occlusion
4948.392,T011,U07,319031.611,2548699.088,398.239,return,1,direct,
4948.883,T017,U06,319863.794,2548302.177,308.954,return,1,direct,
4949.208,T026,U01,316885.317,2547678.699,571.799,cruise,1,direct,
4950.387,T012,U08,315410.155,2547422.486,561.804,cruise,1,direct,
4952.252,T025,U02,317397.374,2551330.812,372.909,return,0,outage,terrain_occlusion
4953.392,T011,U07,319023.418,2548624.537,398.239,return,1,direct,
4953.883,T017,U06,319834.235,2548233.248,308.954,return,1,direct,
4954.208,T026,U01,316846.499,2547724.451,571.799,cruise,1,direct,
4955.387,T012,U08,315344.988,2547459.611,561.804,cruise,1,direct,
4957.252,T025,U02,317410.443,2551272.252,372.909,return,0,outage,terrain_occlusion
4958.392,T011,U07,319015.225,2548549.986,398.239,return,1,direct,
4958.883,T017,U06,319804.676,2548164.318,308.954,return,1,direct,
4959.208,T026,U01,316807.681,2547770.202,571.799,cruise,1,direct,
4960.387,T012,U08,315279.821,2547496.736,561.804,cruise,1,direct,
4962.252,T025,U02,317423.513,2551213.693,372.909,return,0,outage,terrain_occlusion
4963.392,T011,U07,319007.032,2548475.435,398.239,return,1,direct,
4963.883,T017,U06,319775.117,2548095.389,308.954,return,1,direct,
4964.208,T026,U01,316768.864,2547815.953,571.799,cruise,1,direct,
4965.387,T012,U08,315214.654,2547533.861,561.804,cruise,0,outage,terrain_occlusion
4967.252,T025,U02,317436.583,2551155.134,372.909,return,0,outage,terrain_occlusion
4968.392,T011,U07,318998.839,2548400.884,398.239,return,1,direct,
4968.883,T017,U06,319745.557,2548026.46,308.954,return,1,direct,
4969.208,T026,U01,316730.046,2547861.705,571.799,cruise,1,direct,
4970.387,T012,U08,315149.487,2547570.987,561.804,cruise,0,outage,terrain_occlusion
4972.252,T025,U02,317449.652,2551096.575,372.909,return,0,outage,terrain_occlusion
4973.392,T011,U07,318990.646,2548326.333,398.239,return,1,direct,
4973.883,T017,U06,319715.998,2547957.53,308.954,return,1,direct,
4974.208,T026,U01,316691.228,2547907.456,571.799,cruise,1,direct,
4975.387,T012,U08,315084.321,2547608.112,561.804,cruise,0,outage,terrain_occlusion
4976.618,T022,U05,318686.201,2545556.139,127.7,ascent,1,direct,
4977.252,T025,U02,317462.722,2551038.015,372.909,return,0,outage,terrain_occlusion
4978.392,T011,U07,318982.452,2548251.781,398.239,return,1,direct,
4978.883,T017,U06,319686.439,2547888.601,308.954,return,1,direct,
4979.208,T026,U01,316652.411,2547953.207,571.799,cruise,1,direct,
4980.387,T012,U08,315019.154,2547645.237,561.804,cruise,0,outage,terrain_occlusion
4981.618,T022,U05,318686.201,2545556.139,142.7,ascent,1,direct,
4982.252,T025,U02,317475.791,2550979.456,372.909,return,0,outage,terrain_occlusion
4983.392,T011,U07,318974.259,2548177.23,398.239,return,1,direct,
4983.883,T017,U06,319656.88,2547819.672,308.954,return,1,direct,
4984.208,T026,U01,316613.593,2547998.959,571.799,cruise,1,direct,
4985.387,T012,U08,314953.987,2547682.362,561.804,cruise,0,outage,terrain_occlusion
4986.618,T022,U05,318686.201,2545556.139,157.7,ascent,1,direct,
4987.252,T025,U02,317488.861,2550920.897,372.909,return,0,outage,terrain_occlusion
4988.392,T011,U07,318966.066,2548102.679,398.239,return,1,direct,
4988.883,T017,U06,319627.321,2547750.742,308.954,return,1,direct,
4989.208,T026,U01,316574.775,2548044.71,571.799,cruise,1,direct,
4990.387,T012,U08,314888.82,2547719.487,561.804,cruise,0,outage,terrain_occlusion
4991.618,T022,U05,318686.201,2545556.139,172.7,ascent,1,direct,
4992.252,T025,U02,317501.931,2550862.338,372.909,return,0,outage,terrain_occlusion
4993.392,T011,U07,318957.873,2548028.128,398.239,return,1,direct,
4993.883,T017,U06,319597.761,2547681.813,308.954,return,1,direct,
4994.208,T026,U01,316535.957,2548090.461,571.799,cruise,1,direct,
4995.387,T012,U08,314823.653,2547756.613,561.804,cruise,0,outage,terrain_occlusion
4996.618,T022,U05,318686.201,2545556.139,187.7,ascent,1,direct,
4997.252,T025,U02,317515.0,2550803.778,372.909,return,0,outage,terrain_occlusion
4998.392,T011,U07,318949.68,2547953.577,398.239,return,1,direct,
4998.883,T017,U06,319568.202,2547612.884,308.954,return,1,direct,
4999.208,T026,U01,316497.14,2548136.213,571.799,cruise,1,direct,
5000.387,T012,U08,314758.486,2547793.738,561.804,cruise,0,outage,terrain_occlusion
5001.618,T022,U05,318686.201,2545556.139,202.7,ascent,1,direct,
5002.252,T025,U02,317528.07,2550745.219,372.909,return,0,outage,terrain_occlusion
5003.392,T011,U07,318941.487,2547879.026,398.239,return,1,direct,
5003.883,T017,U06,319538.643,2547543.954,308.954,return,1,direct,
5004.208,T026,U01,316458.322,2548181.964,571.799,cruise,1,direct,
5005.387,T012,U08,314693.32,2547830.863,561.804,cruise,0,outage,terrain_occlusion
5006.618,T022,U05,318686.201,2545556.139,217.7,ascent,1,direct,
5007.252,T025,U02,317541.14,2550686.66,372.909,return,0,outage,terrain_occlusion
5008.392,T011,U07,318933.293,2547804.475,398.239,return,1,direct,
5008.883,T017,U06,319509.084,2547475.025,308.954,return,1,direct,
5009.208,T026,U01,316419.504,2548227.715,571.799,cruise,1,direct,
5010.387,T012,U08,314628.153,2547867.988,561.804,cruise,0,outage,terrain_occlusion
5011.618,T022,U05,318686.201,2545556.139,232.7,ascent,1,direct,
5012.252,T025,U02,317554.209,2550628.101,372.909,return,0,outage,terrain_occlusion
5013.392,T011,U07,318925.1,2547729.923,398.239,return,1,direct,
5013.883,T017,U06,319479.525,2547406.096,308.954,return,1,direct,
5014.208,T026,U01,316380.687,2548273.467,571.799,cruise,1,direct,
5015.387,T012,U08,314562.986,2547905.114,561.804,cruise,0,outage,terrain_occlusion
5016.618,T022,U05,318686.201,2545556.139,247.7,ascent,1,direct,
5017.252,T025,U02,317567.279,2550569.541,372.909,return,0,outage,terrain_occlusion
5018.392,T011,U07,318916.907,2547655.372,398.239,return,1,direct,
5018.883,T017,U06,319449.965,2547337.166,308.954,return,1,direct,
5019.208,T026,U01,316341.869,2548319.218,571.799,cruise,1,direct,
5020.387,T012,U08,314497.819,2547942.239,561.804,cruise,0,outage,terrain_occlusion
5021.618,T022,U05,318686.201,2545556.139,262.7,ascent,1,direct,
5022.252,T025,U02,317580.348,2550510.982,372.909,return,0,outage,terrain_occlusion
5023.392,T011,U07,318908.714,2547580.821,398.239,return,1,direct,
5023.883,T017,U06,319420.406,2547268.237,308.954,return,1,direct,
5024.208,T026,U01,316303.051,2548364.969,571.799,cruise,1,direct,
5025.387,T012,U08,314432.652,2547979.364,561.804,cruise,0,outage,terrain_occlusion
5026.618,T022,U05,318686.201,2545556.139,277.7,ascent,1,direct,
5027.252,T025,U02,317593.418,2550452.423,372.909,return,0,outage,terrain_occlusion
5028.392,T011,U07,318900.521,2547506.27,398.239,return,1,direct,
5028.883,T017,U06,319390.847,2547199.308,308.954,return,1,direct,
5029.208,T026,U01,316264.234,2548410.721,571.799,cruise,1,direct,
5030.387,T012,U08,314367.485,2548016.489,561.804,cruise,0,outage,terrain_occlusion
5031.618,T022,U05,318686.201,2545556.139,292.7,ascent,1,direct,
5032.252,T025,U02,317606.488,2550393.864,372.909,return,0,outage,terrain_occlusion
5033.392,T011,U07,318892.328,2547431.719,398.239,return,1,direct,
5033.883,T017,U06,319361.288,2547130.378,308.954,return,1,direct,
5034.208,T026,U01,316225.416,2548456.472,571.799,cruise,1,direct,
5035.387,T012,U08,314302.318,2548053.614,561.804,cruise,0,outage,terrain_occlusion
5036.618,T022,U05,318686.201,2545556.139,307.7,ascent,1,direct,
5037.252,T025,U02,317619.557,2550335.304,372.909,return,0,outage,terrain_occlusion
5038.392,T011,U07,318884.134,2547357.168,398.239,return,1,direct,
5038.883,T017,U06,319331.728,2547061.449,308.954,return,1,direct,
5039.208,T026,U01,316186.598,2548502.224,571.799,cruise,1,direct,
5040.387,T012,U08,314237.152,2548090.74,561.804,cruise,0,outage,terrain_occlusion
5041.618,T022,U05,318686.201,2545556.139,322.7,ascent,1,direct,
5042.252,T025,U02,317632.627,2550276.745,372.909,return,0,outage,terrain_occlusion
5043.392,T011,U07,318875.941,2547282.617,398.239,return,1,direct,
5043.883,T017,U06,319302.169,2546992.52,308.954,return,1,direct,
5044.208,T026,U01,316147.78,2548547.975,571.799,cruise,1,direct,
5045.387,T012,U08,314171.985,2548127.865,561.804,cruise,0,outage,terrain_occlusion
5046.618,T022,U05,318684.088,2545612.545,326.411,cruise,1,direct,
5047.252,T025,U02,317645.697,2550218.186,372.909,return,0,outage,terrain_occlusion
5048.392,T011,U07,318867.748,2547208.066,398.239,return,1,direct,
5048.883,T017,U06,319272.61,2546923.59,308.954,return,1,direct,
5049.208,T026,U01,316108.963,2548593.726,571.799,cruise,0,outage,terrain_occlusion
5050.387,T012,U08,314106.818,2548164.99,561.804,cruise,0,outage,terrain_occlusion
5051.618,T022,U05,318681.28,2545687.493,326.411,cruise,1,direct,
5052.252,T025,U02,317658.766,2550159.627,372.909,return,0,outage,terrain_occlusion
5053.392,T011,U07,318859.555,2547133.514,398.239,return,1,direct,
5053.883,T017,U06,319243.051,2546854.661,308.954,return,1,direct,
5054.208,T026,U01,316070.145,2548639.478,571.799,cruise,0,outage,terrain_occlusion
5055.387,T012,U08,314041.651,2548202.115,561.804,cruise,0,outage,terrain_occlusion
5056.618,T022,U05,318678.472,2545762.44,326.411,cruise,1,direct,
5057.252,T025,U02,317671.836,2550101.067,372.909,return,0,outage,terrain_occlusion
5058.392,T011,U07,318851.362,2547058.963,398.239,return,1,direct,
5058.883,T017,U06,319213.492,2546785.732,308.954,return,1,direct,
5059.208,T026,U01,316031.327,2548685.229,571.799,cruise,0,outage,terrain_occlusion
5060.387,T012,U08,313976.484,2548239.24,561.804,cruise,0,outage,terrain_occlusion
5061.618,T022,U05,318675.663,2545837.388,326.411,cruise,1,direct,
5062.252,T025,U02,317684.905,2550042.508,372.909,return,0,outage,terrain_occlusion
5063.392,T011,U07,318843.168,2546984.412,398.239,return,1,direct,
5063.883,T017,U06,319183.932,2546716.802,308.954,return,1,direct,
5064.208,T026,U01,315992.51,2548730.98,571.799,cruise,0,outage,terrain_occlusion
5065.387,T012,U08,313911.317,2548276.366,561.804,cruise,0,outage,terrain_occlusion
5066.618,T022,U05,318672.855,2545912.335,326.411,cruise,1,direct,
5067.252,T025,U02,317697.975,2549983.949,372.909,return,0,outage,terrain_occlusion
5068.392,T011,U07,318834.975,2546909.861,398.239,return,1,direct,
5068.883,T017,U06,319154.373,2546647.873,308.954,return,1,direct,
5069.208,T026,U01,315953.692,2548776.732,571.799,cruise,0,outage,terrain_occlusion
5070.387,T012,U08,313846.15,2548313.491,561.804,cruise,0,outage,terrain_occlusion
5071.618,T022,U05,318670.047,2545987.282,326.411,cruise,1,direct,
5072.252,T025,U02,317711.045,2549925.39,372.909,return,0,outage,terrain_occlusion
5073.392,T011,U07,318826.782,2546835.31,398.239,return,1,direct,
5073.883,T017,U06,319124.814,2546578.944,308.954,return,1,direct,
5074.208,T026,U01,315914.874,2548822.483,571.799,cruise,0,outage,terrain_occlusion
5075.387,T012,U08,313780.984,2548350.616,561.804,cruise,0,outage,terrain_occlusion
5076.618,T022,U05,318667.239,2546062.23,326.411,cruise,1,direct,
5077.252,T025,U02,317724.114,2549866.83,372.909,return,0,outage,terrain_occlusion
5078.392,T011,U07,318818.589,2546760.759,398.239,return,1,direct,
5078.883,T017,U06,319095.255,2546510.014,308.954,return,1,direct,
5079.208,T026,U01,315876.057,2548868.234,571.799,cruise,0,outage,terrain_occlusion
5080.387,T012,U08,313715.817,2548387.741,561.804,cruise,0,outage,terrain_occlusion
5081.618,T022,U05,318664.431,2546137.177,326.411,cruise,1,direct,
5082.252,T025,U02,317737.184,2549808.271,372.909,return,1,direct,
5083.392,T011,U07,318810.396,2546686.208,398.239,return,1,direct,
5083.883,T017,U06,319065.696,2546441.085,308.954,return,1,direct,
5084.208,T026,U01,315837.239,2548913.986,571.799,cruise,0,outage,terrain_occlusion
5085.387,T012,U08,313650.65,2548424.867,561.804,cruise,0,outage,terrain_occlusion
5086.618,T022,U05,318661.623,2546212.125,326.411,cruise,1,direct,
5087.252,T025,U02,317750.253,2549749.712,372.909,return,1,direct,
5088.392,T011,U07,318802.203,2546611.656,398.239,return,1,direct,
5088.883,T017,U06,319036.136,2546372.156,308.954,return,1,direct,
5089.208,T026,U01,315798.421,2548959.737,571.799,cruise,0,outage,terrain_occlusion
5090.387,T012,U08,313585.483,2548461.992,561.804,cruise,0,outage,terrain_occlusion
5091.618,T022,U05,318658.814,2546287.072,326.411,cruise,1,direct,
5092.252,T025,U02,317763.323,2549691.153,372.909,return,1,direct,
5093.392,T011,U07,318794.009,2546537.105,398.239,return,1,direct,
5093.883,T017,U06,319006.577,2546303.226,308.954,return,1,direct,
5094.208,T026,U01,315759.603,2549005.488,571.799,cruise,0,outage,terrain_occlusion
5095.387,T012,U08,313520.316,2548499.117,561.804,cruise,0,outage,terrain_occlusion
5096.618,T022,U05,318656.006,2546362.019,326.411,cruise,1,direct,
5097.252,T025,U02,317776.393,2549632.593,372.909,return,1,direct,
5098.392,T011,U07,318785.816,2546462.554,398.239,return,1,direct,
5098.883,T017,U06,318977.018,2546234.297,308.954,return,1,direct,
5099.208,T026,U01,315720.786,2549051.24,571.799,cruise,0,outage,terrain_occlusion
5100.387,T012,U08,313455.149,2548536.242,561.804,cruise,0,outage,terrain_occlusion
5101.618,T022,U05,318653.198,2546436.967,326.411,cruise,1,direct,
5102.252,T025,U02,317789.462,2549574.034,372.909,return,1,direct,
5103.392,T011,U07,318777.623,2546388.003,398.239,return,1,direct,
5103.883,T017,U06,318947.459,2546165.368,308.954,return,1,direct,
5104.208,T026,U01,315681.968,2549096.991,571.799,cruise,0,outage,terrain_occlusion
5105.387,T012,U08,313389.983,2548573.367,561.804,cruise,0,outage,terrain_occlusion
5106.618,T022,U05,318650.39,2546511.914,326.411,cruise,1,direct,
5107.252,T025,U02,317802.532,2549515.475,372.909,return,1,direct,
5108.392,T011,U07,318769.43,2546313.452,398.239,return,1,direct,
5108.883,T017,U06,318917.9,2546096.438,308.954,return,1,direct,
5109.208,T026,U01,315643.15,2549142.742,571.799,cruise,0,outage,terrain_occlusion
5110.387,T012,U08,313324.816,2548610.493,561.804,cruise,0,outage,terrain_occlusion
5111.618,T022,U05,318647.582,2546586.862,326.411,cruise,1,direct,
5112.252,T025,U02,317815.602,2549456.916,372.909,return,1,direct,
5113.392,T011,U07,318761.237,2546238.901,398.239,return,1,direct,
5113.883,T017,U06,318888.34,2546027.509,308.954,return,1,direct,
5114.208,T026,U01,315604.333,2549188.494,571.799,cruise,0,outage,terrain_occlusion
5115.387,T012,U08,313259.649,2548647.618,561.804,cruise,0,outage,terrain_occlusion
5116.618,T022,U05,318644.774,2546661.809,326.411,cruise,1,direct,
5117.252,T025,U02,317828.671,2549398.356,372.909,return,1,direct,
5118.392,T011,U07,318753.044,2546164.35,398.239,return,1,direct,
5118.883,T017,U06,318858.781,2545958.58,308.954,return,1,direct,
5119.208,T026,U01,315565.515,2549234.245,571.799,cruise,0,outage,terrain_occlusion
5120.387,T012,U08,313194.482,2548684.743,561.804,cruise,0,outage,terrain_occlusion
5121.618,T022,U05,318641.966,2546736.756,326.411,cruise,1,direct,
5122.252,T025,U02,317841.741,2549339.797,372.909,return,1,direct,
5123.392,T011,U07,318744.85,2546089.798,398.239,return,1,direct,
5123.883,T017,U06,318829.222,2545889.65,308.954,return,1,direct,
5124.208,T026,U01,315526.697,2549279.996,571.799,cruise,0,outage,terrain_occlusion
5125.387,T012,U08,313129.315,2548721.868,561.804,cruise,0,outage,terrain_occlusion
5126.618,T022,U05,318639.157,2546811.704,326.411,cruise,1,direct,
5127.252,T025,U02,317854.81,2549281.238,372.909,return,1,direct,
5128.392,T011,U07,318736.657,2546015.247,398.239,return,1,direct,
5128.883,T017,U06,318799.663,2545820.721,308.954,return,1,direct,
5129.208,T026,U01,315487.88,2549325.748,571.799,cruise,0,outage,terrain_occlusion
5130.387,T012,U08,313064.148,2548758.993,561.804,cruise,0,outage,terrain_occlusion
5131.618,T022,U05,318636.349,2546886.651,326.411,cruise,1,direct,
5132.252,T025,U02,317867.88,2549222.679,372.909,return,1,direct,
5133.392,T011,U07,318728.464,2545940.696,398.239,return,1,direct,
5133.883,T017,U06,318770.104,2545751.792,308.954,return,1,direct,
5134.208,T026,U01,315449.062,2549371.499,571.799,cruise,0,outage,terrain_occlusion
5135.387,T012,U08,312998.981,2548796.119,561.804,cruise,0,outage,terrain_occlusion
5136.618,T022,U05,318633.541,2546961.599,326.411,cruise,1,direct,
5137.252,T025,U02,317880.95,2549164.12,372.909,return,1,direct,
5138.392,T011,U07,318720.271,2545866.145,398.239,return,1,direct,
5138.883,T017,U06,318740.544,2545682.862,308.954,return,1,direct,
5139.208,T026,U01,315410.244,2549417.251,571.799,cruise,0,outage,terrain_occlusion
5140.387,T012,U08,312933.815,2548833.244,561.804,cruise,0,outage,terrain_occlusion
5141.618,T022,U05,318630.733,2547036.546,326.411,cruise,1,direct,
5142.252,T025,U02,317894.019,2549105.56,372.909,return,1,direct,
5143.392,T011,U07,318712.078,2545791.594,398.239,return,1,direct,
5143.883,T017,U06,318710.985,2545613.933,308.954,return,1,direct,
5144.208,T026,U01,315371.426,2549463.002,571.799,cruise,0,outage,terrain_occlusion
5145.387,T012,U08,312868.648,2548870.369,561.804,cruise,0,outage,terrain_occlusion
5146.618,T022,U05,318627.925,2547111.493,326.411,cruise,1,direct,
5147.252,T025,U02,317907.089,2549047.001,372.909,return,1,direct,
5148.392,T011,U07,318703.885,2545717.043,398.239,return,1,direct,
5148.883,T017,U06,318686.201,2545556.139,306.935,return,1,direct,
5149.208,T026,U01,315332.609,2549508.753,571.799,cruise,0,outage,terrain_occlusion
5150.387,T012,U08,312803.481,2548907.494,561.804,cruise,0,outage,terrain_occlusion
5151.618,T022,U05,318625.117,2547186.441,326.411,cruise,1,direct,
5152.252,T025,U02,317920.159,2548988.442,372.909,return,1,direct,
5153.392,T011,U07,318695.691,2545642.492,398.239,return,1,direct,
5153.883,T017,U06,318686.201,2545556.139,294.435,return,1,direct,
5154.208,T026,U01,315293.791,2549554.505,571.799,cruise,0,outage,terrain_occlusion
5155.387,T012,U08,312738.314,2548944.619,561.804,cruise,0,outage,terrain_occlusion
5156.618,T022,U05,318622.308,2547261.388,326.411,cruise,1,direct,
5157.252,T025,U02,317933.228,2548929.883,372.909,return,1,direct,
5158.392,T011,U07,318687.498,2545567.941,398.239,return,1,direct,
5158.883,T017,U06,318686.201,2545556.139,281.935,return,1,direct,
5159.208,T026,U01,315254.973,2549600.256,571.799,cruise,0,outage,terrain_occlusion
5160.387,T012,U08,312673.147,2548981.745,561.804,cruise,0,outage,terrain_occlusion
5161.618,T022,U05,318619.5,2547336.336,326.411,cruise,1,direct,
5162.252,T025,U02,317946.298,2548871.323,372.909,return,1,direct,
5163.392,T011,U07,318686.201,2545556.139,389.822,return,1,direct,
5163.883,T017,U06,318686.201,2545556.139,269.435,return,1,direct,
5164.208,T026,U01,315216.156,2549646.007,571.799,cruise,0,outage,terrain_occlusion
5165.387,T012,U08,312607.98,2549018.87,561.804,cruise,0,outage,terrain_occlusion
5166.618,T022,U05,318616.692,2547411.283,326.411,cruise,1,direct,
5167.252,T025,U02,317959.367,2548812.764,372.909,return,1,direct,
5168.392,T011,U07,318686.201,2545556.139,379.822,return,1,direct,
5168.883,T017,U06,318686.201,2545556.139,256.935,return,1,direct,
5169.208,T026,U01,315177.338,2549691.759,571.799,cruise,0,outage,terrain_occlusion
5170.387,T012,U08,312542.813,2549055.995,561.804,cruise,0,outage,terrain_occlusion
5171.618,T022,U05,318613.884,2547486.231,326.411,cruise,1,direct,
5172.252,T025,U02,317972.437,2548754.205,372.909,return,1,direct,
5173.392,T011,U07,318686.201,2545556.139,369.822,return,1,direct,
5173.883,T017,U06,318686.201,2545556.139,244.435,return,1,direct,
5174.208,T026,U01,315138.52,2549737.51,571.799,cruise,0,outage,terrain_occlusion
5175.387,T012,U08,312477.647,2549093.12,561.804,cruise,0,outage,terrain_occlusion
5176.618,T022,U05,318611.076,2547561.178,326.411,cruise,1,direct,
5177.252,T025,U02,317985.507,2548695.646,372.909,return,1,direct,
5178.392,T011,U07,318686.201,2545556.139,359.822,return,1,direct,
5178.883,T017,U06,318686.201,2545556.139,231.935,return,1,direct,
5179.208,T026,U01,315099.703,2549783.261,571.799,cruise,0,outage,terrain_occlusion
5180.387,T012,U08,312412.48,2549130.246,561.804,cruise,0,outage,terrain_occlusion
5181.618,T022,U05,318608.268,2547636.125,326.411,cruise,1,direct,
5182.252,T025,U02,317998.576,2548637.086,372.909,return,1,direct,
5183.392,T011,U07,318686.201,2545556.139,349.822,return,1,direct,
5183.883,T017,U06,318686.201,2545556.139,219.435,return,1,direct,
5184.208,T026,U01,315060.885,2549829.013,571.799,cruise,0,outage,terrain_occlusion
5185.387,T012,U08,312375.159,2549151.507,557.531,descent,0,outage,terrain_occlusion
5186.618,T022,U05,318605.459,2547711.073,326.411,cruise,1,direct,
5187.252,T025,U02,318011.646,2548578.527,372.909,return,1,direct,
5188.392,T011,U07,318686.201,2545556.139,339.822,return,1,direct,
5188.883,T017,U06,318686.201,2545556.139,206.935,return,1,direct,
5189.208,T026,U01,315022.067,2549874.764,571.799,cruise,0,outage,terrain_occlusion
5190.387,T012,U08,312375.159,2549151.507,547.531,descent,0,outage,terrain_occlusion
5191.618,T022,U05,318602.651,2547786.02,326.411,cruise,1,direct,
5192.252,T025,U02,318024.715,2548519.968,372.909,return,1,direct,
5193.392,T011,U07,318686.201,2545556.139,329.822,return,1,direct,
5193.883,T017,U06,318686.201,2545556.139,194.435,return,1,direct,
5194.208,T026,U01,314983.249,2549920.515,571.799,cruise,0,outage,terrain_occlusion
5195.387,T012,U08,312375.159,2549151.507,537.531,descent,0,outage,terrain_occlusion
5196.618,T022,U05,318599.843,2547860.968,326.411,cruise,1,direct,
5197.252,T025,U02,318037.785,2548461.409,372.909,return,1,direct,
5198.392,T011,U07,318686.201,2545556.139,319.822,return,1,direct,
5198.883,T017,U06,318686.201,2545556.139,181.935,return,1,direct,
5199.208,T026,U01,314944.432,2549966.267,571.799,cruise,0,outage,terrain_occlusion
5200.387,T012,U08,312375.159,2549151.507,527.531,descent,0,outage,terrain_occlusion
5201.618,T022,U05,318597.035,2547935.915,326.411,cruise,1,direct,
5202.252,T025,U02,318050.855,2548402.849,372.909,return,1,direct,
5203.392,T011,U07,318686.201,2545556.139,309.822,return,1,direct,
5203.883,T017,U06,318686.201,2545556.139,169.435,return,1,direct,
5204.208,T026,U01,314905.614,2550012.018,571.799,cruise,0,outage,terrain_occlusion
5205.387,T012,U08,312375.159,2549151.507,517.531,descent,0,outage,terrain_occlusion
5206.618,T022,U05,318594.227,2548010.862,326.411,cruise,1,direct,
5207.252,T025,U02,318063.924,2548344.29,372.909,return,1,direct,
5208.392,T011,U07,318686.201,2545556.139,299.822,return,1,direct,
5208.883,T017,U06,318686.201,2545556.139,156.935,return,1,direct,
5209.208,T026,U01,314866.796,2550057.769,571.799,cruise,0,outage,terrain_occlusion
5210.387,T012,U08,312375.159,2549151.507,507.531,descent,0,outage,terrain_occlusion
5211.618,T022,U05,318591.419,2548085.81,326.411,cruise,1,direct,
5212.252,T025,U02,318076.994,2548285.731,372.909,return,1,direct,
5213.392,T011,U07,318686.201,2545556.139,289.822,return,1,direct,
5213.883,T017,U06,318686.201,2545556.139,144.435,return,1,direct,
5214.208,T026,U01,314827.979,2550103.521,571.799,cruise,0,outage,terrain_occlusion
5215.387,T012,U08,312375.159,2549151.507,497.531,descent,0,outage,terrain_occlusion
5216.618,T022,U05,318588.611,2548160.757,326.411,cruise,1,direct,
5217.252,T025,U02,318090.064,2548227.172,372.909,return,1,direct,
5218.392,T011,U07,318686.201,2545556.139,279.822,return,1,direct,
5218.883,T017,U06,318686.201,2545556.139,131.935,return,1,direct,
5219.208,T026,U01,314798.303,2550138.497,568.855,descent,0,outage,terrain_occlusion
5220.387,T012,U08,312375.159,2549151.507,487.531,descent,0,outage,terrain_occlusion
5221.618,T022,U05,318585.802,2548235.705,326.411,cruise,1,direct,
5222.252,T025,U02,318103.133,2548168.612,372.909,return,1,direct,
5223.392,T011,U07,318686.201,2545556.139,269.822,return,1,direct,
5224.208,T026,U01,314798.303,2550138.497,556.355,descent,0,outage,terrain_occlusion
5225.387,T012,U08,312375.159,2549151.507,477.531,descent,0,outage,terrain_occlusion
5226.618,T022,U05,318582.994,2548310.652,326.411,cruise,1,direct,
5227.252,T025,U02,318116.203,2548110.053,372.909,return,1,direct,
5228.392,T011,U07,318686.201,2545556.139,259.822,return,1,direct,
5229.208,T026,U01,314798.303,2550138.497,543.855,descent,0,outage,terrain_occlusion
5230.387,T012,U08,312375.159,2549151.507,467.531,descent,0,outage,terrain_occlusion
5231.618,T022,U05,318580.186,2548385.599,326.411,cruise,1,direct,
5232.252,T025,U02,318129.272,2548051.494,372.909,return,1,direct,
5233.392,T011,U07,318686.201,2545556.139,249.822,return,1,direct,
5234.208,T026,U01,314798.303,2550138.497,531.355,descent,0,outage,terrain_occlusion
5235.387,T012,U08,312375.159,2549151.507,457.531,descent,0,outage,terrain_occlusion
5236.618,T022,U05,318577.378,2548460.547,326.411,cruise,1,direct,
5237.252,T025,U02,318142.342,2547992.935,372.909,return,1,direct,
5238.392,T011,U07,318686.201,2545556.139,239.822,return,1,direct,
5239.208,T026,U01,314798.303,2550138.497,518.855,descent,0,outage,terrain_occlusion
5240.387,T012,U08,312375.159,2549151.507,447.531,descent,0,outage,terrain_occlusion
5241.618,T022,U05,318574.57,2548535.494,326.411,cruise,1,direct,
5242.252,T025,U02,318155.412,2547934.375,372.909,return,1,direct,
5243.392,T011,U07,318686.201,2545556.139,229.822,return,1,direct,
5244.208,T026,U01,314798.303,2550138.497,506.355,descent,0,outage,terrain_occlusion
5245.387,T012,U08,312375.159,2549151.507,437.531,descent,0,outage,terrain_occlusion
5246.618,T022,U05,318571.762,2548610.442,326.411,cruise,1,direct,
5247.252,T025,U02,318168.481,2547875.816,372.909,return,1,direct,
5248.392,T011,U07,318686.201,2545556.139,219.822,return,1,direct,
5249.208,T026,U01,314798.303,2550138.497,493.855,descent,0,outage,terrain_occlusion
5250.387,T012,U08,312375.159,2549151.507,427.531,descent,0,outage,terrain_occlusion
5251.618,T022,U05,318568.953,2548685.389,326.411,cruise,1,direct,
5252.252,T025,U02,318181.551,2547817.257,372.909,return,1,direct,
5253.392,T011,U07,318686.201,2545556.139,209.822,return,1,direct,
5254.208,T026,U01,314798.303,2550138.497,481.355,descent,0,outage,terrain_occlusion
5255.387,T012,U08,312375.159,2549151.507,417.531,descent,0,outage,terrain_occlusion
5256.618,T022,U05,318566.145,2548760.337,326.411,cruise,1,direct,
5257.252,T025,U02,318194.621,2547758.698,372.909,return,1,direct,
5258.392,T011,U07,318686.201,2545556.139,199.822,return,1,direct,
5259.208,T026,U01,314798.303,2550138.497,474.5,handover,0,outage,terrain_occlusion
5260.387,T012,U08,312375.159,2549151.507,407.531,descent,0,outage,terrain_occlusion
5261.618,T022,U05,318563.337,2548835.284,326.411,cruise,1,direct,
5262.252,T025,U02,318207.69,2547700.138,372.909,return,1,direct,
5263.392,T011,U07,318686.201,2545556.139,189.822,return,1,direct,
5264.208,T026,U01,314798.303,2550138.497,474.5,handover,0,outage,terrain_occlusion
5265.387,T012,U08,312375.159,2549151.507,397.531,descent,0,outage,terrain_occlusion
5266.618,T022,U05,318560.529,2548910.231,326.411,cruise,1,direct,
5267.252,T025,U02,318220.76,2547641.579,372.909,return,1,direct,
5268.392,T011,U07,318686.201,2545556.139,179.822,return,1,direct,
5269.208,T026,U01,314798.303,2550138.497,474.5,handover,0,outage,terrain_occlusion
5270.387,T012,U08,312375.159,2549151.507,387.531,descent,0,outage,terrain_occlusion
5271.618,T022,U05,318557.721,2548985.179,326.411,cruise,1,direct,
5272.252,T025,U02,318233.829,2547583.02,372.909,return,1,direct,
5273.392,T011,U07,318686.201,2545556.139,169.822,return,1,direct,
5274.208,T026,U01,314798.303,2550138.497,474.5,handover,0,outage,terrain_occlusion
5275.387,T012,U08,312375.159,2549151.507,377.531,descent,0,outage,terrain_occlusion
5276.618,T022,U05,318554.913,2549060.126,326.411,cruise,1,direct,
5277.252,T025,U02,318246.899,2547524.461,372.909,return,1,direct,
5278.392,T011,U07,318686.201,2545556.139,159.822,return,1,direct,
5279.208,T026,U01,314798.303,2550138.497,474.5,handover,0,outage,terrain_occlusion
5280.387,T012,U08,312375.159,2549151.507,367.531,descent,0,outage,terrain_occlusion
5281.618,T022,U05,318552.105,2549135.074,326.411,cruise,1,direct,
5282.252,T025,U02,318259.969,2547465.901,372.909,return,1,direct,
5283.392,T011,U07,318686.201,2545556.139,149.822,return,1,direct,
5284.208,T026,U01,314798.303,2550138.497,474.5,handover,0,outage,terrain_occlusion
5285.387,T012,U08,312375.159,2549151.507,357.531,descent,0,outage,terrain_occlusion
5286.618,T022,U05,318549.296,2549210.021,326.411,cruise,1,direct,
5287.252,T025,U02,318273.038,2547407.342,372.909,return,1,direct,
5288.392,T011,U07,318686.201,2545556.139,139.822,return,1,direct,
5289.208,T026,U01,314798.303,2550138.497,474.5,handover,0,outage,terrain_occlusion
5290.387,T012,U08,312375.159,2549151.507,347.531,descent,0,outage,terrain_occlusion
5291.618,T022,U05,318546.488,2549284.968,326.411,cruise,1,direct,
5292.252,T025,U02,318286.108,2547348.783,372.909,return,1,direct,
5293.392,T011,U07,318686.201,2545556.139,129.822,return,1,direct,
5294.208,T026,U01,314798.303,2550138.497,474.5,handover,0,outage,terrain_occlusion
5295.387,T012,U08,312375.159,2549151.507,338.5,handover,0,outage,terrain_occlusion
5296.618,T022,U05,318543.68,2549359.916,326.411,cruise,1,direct,
5297.252,T025,U02,318299.177,2547290.224,372.909,return,1,direct,
5299.208,T026,U01,314798.303,2550138.497,474.5,handover,0,outage,terrain_occlusion
5300.387,T012,U08,312375.159,2549151.507,338.5,handover,0,outage,terrain_occlusion
5301.618,T022,U05,318540.872,2549434.863,326.411,cruise,1,direct,
5302.252,T025,U02,318312.247,2547231.664,372.909,return,1,direct,
5304.208,T026,U01,314798.303,2550138.497,474.5,handover,0,outage,terrain_occlusion
5305.387,T012,U08,312375.159,2549151.507,338.5,handover,0,outage,terrain_occlusion
5306.618,T022,U05,318538.064,2549509.811,326.411,cruise,1,direct,
5307.252,T025,U02,318325.317,2547173.105,372.909,return,1,direct,
5309.208,T026,U01,314798.303,2550138.497,474.5,handover,0,outage,terrain_occlusion
5310.387,T012,U08,312375.159,2549151.507,338.5,handover,0,outage,terrain_occlusion
5311.618,T022,U05,318535.256,2549584.758,326.411,cruise,0,outage,terrain_occlusion
5312.252,T025,U02,318338.386,2547114.546,372.909,return,1,direct,
5314.208,T026,U01,314798.303,2550138.497,474.5,handover,0,outage,terrain_occlusion
5315.387,T012,U08,312375.159,2549151.507,338.5,handover,0,outage,terrain_occlusion
5316.618,T022,U05,318532.447,2549659.705,326.411,cruise,0,outage,terrain_occlusion
5317.252,T025,U02,318351.456,2547055.987,372.909,return,1,direct,
5319.208,T026,U01,314798.303,2550138.497,474.5,handover,0,outage,terrain_occlusion
5320.387,T012,U08,312375.159,2549151.507,338.5,handover,0,outage,terrain_occlusion
5321.618,T022,U05,318529.639,2549734.653,326.411,cruise,0,outage,terrain_occlusion
5322.252,T025,U02,318364.526,2546997.427,372.909,return,1,direct,
5324.208,T026,U01,314798.303,2550138.497,474.5,handover,0,outage,terrain_occlusion
5325.387,T012,U08,312375.159,2549151.507,338.5,handover,0,outage,terrain_occlusion
5326.618,T022,U05,318526.831,2549809.6,326.411,cruise,0,outage,terrain_occlusion
5327.252,T025,U02,318377.595,2546938.868,372.909,return,1,direct,
5329.208,T026,U01,314798.303,2550138.497,474.5,handover,0,outage,terrain_occlusion
5330.387,T012,U08,312375.159,2549151.507,338.5,handover,0,outage,terrain_occlusion
5331.618,T022,U05,318524.023,2549884.548,326.411,cruise,0,outage,terrain_occlusion
5332.252,T025,U02,318390.665,2546880.309,372.909,return,1,direct,
5334.208,T026,U01,314798.303,2550138.497,474.5,handover,0,outage,terrain_occlusion
5335.387,T012,U08,312375.159,2549151.507,338.5,handover,0,outage,terrain_occlusion
5336.618,T022,U05,318521.215,2549959.495,326.411,cruise,0,outage,terrain_occlusion
5337.252,T025,U02,318403.734,2546821.75,372.909,return,1,direct,
5339.208,T026,U01,314798.303,2550138.497,474.5,handover,0,outage,terrain_occlusion
5340.387,T012,U08,312375.159,2549151.507,338.5,handover,0,outage,terrain_occlusion
5341.618,T022,U05,318518.407,2550034.442,326.411,cruise,0,outage,terrain_occlusion
5342.252,T025,U02,318416.804,2546763.191,372.909,return,1,direct,
5344.208,T026,U01,314798.303,2550138.497,474.5,handover,0,outage,terrain_occlusion
5345.387,T012,U08,312375.159,2549151.507,338.5,handover,0,outage,terrain_occlusion
5346.618,T022,U05,318515.599,2550109.39,326.411,cruise,0,outage,terrain_occlusion
5347.252,T025,U02,318429.874,2546704.631,372.909,return,1,direct,
5349.208,T026,U01,314798.303,2550138.497,474.5,handover,0,outage,terrain_occlusion
5350.387,T012,U08,312375.159,2549151.507,338.5,handover,0,outage,terrain_occlusion
5351.618,T022,U05,318512.79,2550184.337,326.411,cruise,0,outage,terrain_occlusion
5352.252,T025,U02,318442.943,2546646.072,372.909,return,1,direct,
5354.208,T026,U01,314798.303,2550138.497,474.5,handover,0,outage,terrain_occlusion
5355.387,T012,U08,312375.159,2549151.507,338.5,handover,0,outage,terrain_occlusion
5356.618,T022,U05,318509.982,2550259.285,326.411,cruise,0,outage,terrain_occlusion
5357.252,T025,U02,318456.013,2546587.513,372.909,return,1,direct,
5359.208,T026,U01,314798.303,2550138.497,474.5,handover,0,outage,terrain_occlusion
5360.387,T012,U08,312375.159,2549151.507,338.5,handover,0,outage,terrain_occlusion
5361.618,T022,U05,318507.174,2550334.232,326.411,cruise,0,outage,terrain_occlusion
5362.252,T025,U02,318469.083,2546528.954,372.909,return,1,direct,
5364.208,T026,U01,314798.303,2550138.497,474.5,handover,0,outage,terrain_occlusion
5365.387,T012,U08,312375.159,2549151.507,338.5,handover,0,outage,terrain_occlusion
5366.618,T022,U05,318504.366,2550409.18,326.411,cruise,0,outage,terrain_occlusion
5367.252,T025,U02,318482.152,2546470.394,372.909,return,1,direct,
5369.208,T026,U01,314798.303,2550138.497,474.5,handover,0,outage,terrain_occlusion
5370.387,T012,U08,312375.159,2549151.507,338.5,handover,0,outage,terrain_occlusion
5371.618,T022,U05,318501.558,2550484.127,326.411,cruise,0,outage,terrain_occlusion
5372.252,T025,U02,318495.222,2546411.835,372.909,return,1,direct,
5374.208,T026,U01,314798.303,2550138.497,474.5,handover,0,outage,terrain_occlusion
5375.387,T012,U08,312375.159,2549151.507,338.5,handover,0,outage,terrain_occlusion
5376.618,T022,U05,318498.75,2550559.074,326.411,cruise,0,outage,terrain_occlusion
5377.252,T025,U02,318508.291,2546353.276,372.909,return,1,direct,
5379.208,T026,U01,314798.303,2550138.497,474.5,handover,0,outage,terrain_occlusion
5380.387,T012,U08,312375.159,2549151.507,338.5,handover,0,outage,terrain_occlusion
5381.618,T022,U05,318495.941,2550634.022,326.411,cruise,0,outage,terrain_occlusion
5382.252,T025,U02,318521.361,2546294.717,372.909,return,1,direct,
5384.208,T026,U01,314798.303,2550138.497,474.5,handover,0,outage,terrain_occlusion
5385.387,T012,U08,312375.159,2549151.507,338.5,handover,0,outage,terrain_occlusion
5386.618,T022,U05,318493.133,2550708.969,326.411,cruise,0,outage,terrain_occlusion
5387.252,T025,U02,318534.431,2546236.157,372.909,return,1,direct,
5389.208,T026,U01,314798.303,2550138.497,474.5,handover,0,outage,terrain_occlusion
5390.387,T012,U08,312375.159,2549151.507,338.5,handover,0,outage,terrain_occlusion
5391.618,T022,U05,318490.325,2550783.917,326.411,cruise,0,outage,terrain_occlusion
5392.252,T025,U02,318547.5,2546177.598,372.909,return,1,direct,
5394.208,T026,U01,314798.303,2550138.497,474.5,handover,0,outage,terrain_occlusion
5395.387,T012,U08,312375.159,2549151.507,338.5,handover,0,outage,terrain_occlusion
5396.618,T022,U05,318488.483,2550833.078,322.11,descent,0,outage,terrain_occlusion
5397.252,T025,U02,318560.57,2546119.039,372.909,return,1,direct,
5399.208,T026,U01,314798.303,2550138.497,474.5,handover,0,outage,terrain_occlusion
5400.387,T012,U08,312375.159,2549151.507,338.5,handover,0,outage,terrain_occlusion
5401.618,T022,U05,318488.483,2550833.078,309.61,descent,0,outage,terrain_occlusion
5402.252,T025,U02,318573.639,2546060.48,372.909,return,1,direct,
5404.208,T026,U01,314798.303,2550138.497,474.5,handover,0,outage,terrain_occlusion
5405.387,T012,U08,312375.159,2549151.507,338.5,handover,0,outage,terrain_occlusion
5406.618,T022,U05,318488.483,2550833.078,297.11,descent,0,outage,terrain_occlusion
5407.252,T025,U02,318586.709,2546001.92,372.909,return,1,direct,
5409.208,T026,U01,314798.303,2550138.497,474.5,handover,0,outage,terrain_occlusion
5410.387,T012,U08,312375.159,2549151.507,338.5,handover,0,outage,terrain_occlusion
5411.618,T022,U05,318488.483,2550833.078,284.61,descent,0,outage,terrain_occlusion
5412.252,T025,U02,318599.779,2545943.361,372.909,return,1,direct,
5414.208,T026,U01,314798.303,2550138.497,474.5,handover,0,outage,terrain_occlusion
5415.387,T012,U08,312375.159,2549151.507,338.5,handover,0,outage,terrain_occlusion
5416.618,T022,U05,318488.483,2550833.078,272.11,descent,0,outage,terrain_occlusion
5417.252,T025,U02,318612.848,2545884.802,372.909,return,1,direct,
5419.208,T026,U01,314798.303,2550138.497,474.5,handover,0,outage,terrain_occlusion
5420.387,T012,U08,312375.159,2549151.507,338.5,handover,0,outage,terrain_occlusion
5421.618,T022,U05,318488.483,2550833.078,259.61,descent,0,outage,terrain_occlusion
5422.252,T025,U02,318625.918,2545826.243,372.909,return,1,direct,
5424.208,T026,U01,314798.303,2550138.497,474.5,handover,0,outage,terrain_occlusion
5425.387,T012,U08,312375.159,2549151.507,338.5,handover,0,outage,terrain_occlusion
5426.618,T022,U05,318488.483,2550833.078,247.11,descent,0,outage,terrain_occlusion
5427.252,T025,U02,318638.988,2545767.683,372.909,return,1,direct,
5429.208,T026,U01,314798.303,2550138.497,474.5,handover,0,outage,terrain_occlusion
5430.387,T012,U08,312375.159,2549151.507,338.5,handover,0,outage,terrain_occlusion
5431.618,T022,U05,318488.483,2550833.078,234.61,descent,0,outage,terrain_occlusion
5432.252,T025,U02,318652.057,2545709.124,372.909,return,1,direct,
5434.208,T026,U01,314798.303,2550138.497,474.5,handover,0,outage,terrain_occlusion
5435.387,T012,U08,312375.159,2549151.507,338.5,handover,0,outage,terrain_occlusion
5436.618,T022,U05,318488.483,2550833.078,222.11,descent,0,outage,terrain_occlusion
5437.252,T025,U02,318665.127,2545650.565,372.909,return,1,direct,
5439.208,T026,U01,314798.303,2550138.497,481.273,return,0,outage,terrain_occlusion
5440.387,T012,U08,312375.159,2549151.507,338.5,handover,0,outage,terrain_occlusion
5441.618,T022,U05,318488.483,2550833.078,209.61,descent,0,outage,terrain_occlusion
5442.252,T025,U02,318678.196,2545592.006,372.909,return,1,direct,
5444.208,T026,U01,314798.303,2550138.497,496.273,return,0,outage,terrain_occlusion
5445.387,T012,U08,312375.159,2549151.507,338.5,handover,0,outage,terrain_occlusion
5446.618,T022,U05,318488.483,2550833.078,197.11,descent,0,outage,terrain_occlusion
5447.252,T025,U02,318686.201,2545556.139,368.065,return,1,direct,
5449.208,T026,U01,314798.303,2550138.497,511.273,return,0,outage,terrain_occlusion
5450.387,T012,U08,312375.159,2549151.507,338.5,handover,0,outage,terrain_occlusion
5451.618,T022,U05,318488.483,2550833.078,195,handover,0,outage,terrain_occlusion
5452.252,T025,U02,318686.201,2545556.139,355.565,return,1,direct,
5454.208,T026,U01,314798.303,2550138.497,526.273,return,0,outage,terrain_occlusion
5455.387,T012,U08,312375.159,2549151.507,338.5,handover,0,outage,terrain_occlusion
5456.618,T022,U05,318488.483,2550833.078,195,handover,0,outage,terrain_occlusion
5457.252,T025,U02,318686.201,2545556.139,343.065,return,1,direct,
5459.208,T026,U01,314798.303,2550138.497,541.273,return,0,outage,terrain_occlusion
5460.387,T012,U08,312375.159,2549151.507,338.5,handover,0,outage,terrain_occlusion
5461.618,T022,U05,318488.483,2550833.078,195,handover,0,outage,terrain_occlusion
5462.252,T025,U02,318686.201,2545556.139,330.565,return,1,direct,
5464.208,T026,U01,314798.303,2550138.497,556.273,return,0,outage,terrain_occlusion
5465.387,T012,U08,312375.159,2549151.507,338.5,handover,0,outage,terrain_occlusion
5466.618,T022,U05,318488.483,2550833.078,195,handover,0,outage,terrain_occlusion
5467.252,T025,U02,318686.201,2545556.139,318.065,return,1,direct,
5469.208,T026,U01,314798.303,2550138.497,571.273,return,0,outage,terrain_occlusion
5470.387,T012,U08,312375.159,2549151.507,338.5,handover,0,outage,terrain_occlusion
5471.618,T022,U05,318488.483,2550833.078,195,handover,0,outage,terrain_occlusion
5472.252,T025,U02,318686.201,2545556.139,305.565,return,1,direct,
5474.208,T026,U01,314835.76,2550094.35,571.799,return,0,outage,terrain_occlusion
5475.387,T012,U08,312375.159,2549151.507,338.5,handover,0,outage,terrain_occlusion
5476.618,T022,U05,318488.483,2550833.078,195,handover,0,outage,terrain_occlusion
5477.252,T025,U02,318686.201,2545556.139,293.065,return,1,direct,
5479.208,T026,U01,314874.578,2550048.598,571.799,return,0,outage,terrain_occlusion
5480.387,T012,U08,312375.159,2549151.507,338.5,handover,0,outage,terrain_occlusion
5481.618,T022,U05,318488.483,2550833.078,195,handover,0,outage,terrain_occlusion
5482.252,T025,U02,318686.201,2545556.139,280.565,return,1,direct,
5484.208,T026,U01,314913.395,2550002.847,571.799,return,0,outage,terrain_occlusion
5485.387,T012,U08,312375.159,2549151.507,338.5,handover,0,outage,terrain_occlusion
5486.618,T022,U05,318488.483,2550833.078,195,handover,0,outage,terrain_occlusion
5487.252,T025,U02,318686.201,2545556.139,268.065,return,1,direct,
5489.208,T026,U01,314952.213,2549957.096,571.799,return,0,outage,terrain_occlusion
5490.387,T012,U08,312375.159,2549151.507,338.5,handover,0,outage,terrain_occlusion
5491.618,T022,U05,318488.483,2550833.078,195,handover,0,outage,terrain_occlusion
5492.252,T025,U02,318686.201,2545556.139,255.565,return,1,direct,
5494.208,T026,U01,314991.031,2549911.344,571.799,return,0,outage,terrain_occlusion
5495.387,T012,U08,312375.159,2549151.507,338.5,handover,0,outage,terrain_occlusion
5496.618,T022,U05,318488.483,2550833.078,195,handover,0,outage,terrain_occlusion
5497.252,T025,U02,318686.201,2545556.139,243.065,return,1,direct,
5499.208,T026,U01,315029.848,2549865.593,571.799,return,0,outage,terrain_occlusion
5500.387,T012,U08,312375.159,2549151.507,338.5,handover,0,outage,terrain_occlusion
5501.618,T022,U05,318488.483,2550833.078,195,handover,0,outage,terrain_occlusion
5502.252,T025,U02,318686.201,2545556.139,230.565,return,1,direct,
5504.208,T026,U01,315068.666,2549819.842,571.799,return,0,outage,terrain_occlusion
5505.387,T012,U08,312375.159,2549151.507,338.5,handover,0,outage,terrain_occlusion
5506.618,T022,U05,318488.483,2550833.078,195,handover,0,outage,terrain_occlusion
5507.252,T025,U02,318686.201,2545556.139,218.065,return,1,direct,
5509.208,T026,U01,315107.484,2549774.09,571.799,return,0,outage,terrain_occlusion
5510.387,T012,U08,312375.159,2549151.507,338.5,handover,0,outage,terrain_occlusion
5511.618,T022,U05,318488.483,2550833.078,195,handover,0,outage,terrain_occlusion
5512.252,T025,U02,318686.201,2545556.139,205.565,return,1,direct,
5514.208,T026,U01,315146.301,2549728.339,571.799,return,0,outage,terrain_occlusion
5515.387,T012,U08,312375.159,2549151.507,338.5,handover,0,outage,terrain_occlusion
5516.618,T022,U05,318488.483,2550833.078,195,handover,0,outage,terrain_occlusion
5517.252,T025,U02,318686.201,2545556.139,193.065,return,1,direct,
5519.208,T026,U01,315185.119,2549682.587,571.799,return,0,outage,terrain_occlusion
5520.387,T012,U08,312375.159,2549151.507,338.5,handover,0,outage,terrain_occlusion
5521.618,T022,U05,318488.483,2550833.078,195,handover,0,outage,terrain_occlusion
5522.252,T025,U02,318686.201,2545556.139,180.565,return,1,direct,
5524.208,T026,U01,315223.937,2549636.836,571.799,return,0,outage,terrain_occlusion
5525.387,T012,U08,312375.159,2549151.507,338.5,handover,0,outage,terrain_occlusion
5526.618,T022,U05,318488.483,2550833.078,195,handover,0,outage,terrain_occlusion
5527.252,T025,U02,318686.201,2545556.139,168.065,return,1,direct,
5529.208,T026,U01,315262.755,2549591.085,571.799,return,0,outage,terrain_occlusion
5530.387,T012,U08,312375.159,2549151.507,338.5,handover,0,outage,terrain_occlusion
5531.618,T022,U05,318488.483,2550833.078,195,handover,0,outage,terrain_occlusion
5532.252,T025,U02,318686.201,2545556.139,155.565,return,1,direct,
5534.208,T026,U01,315301.572,2549545.333,571.799,return,0,outage,terrain_occlusion
5535.387,T012,U08,312375.159,2549151.507,338.5,handover,0,outage,terrain_occlusion
5536.618,T022,U05,318488.483,2550833.078,195,handover,0,outage,terrain_occlusion
5537.252,T025,U02,318686.201,2545556.139,143.065,return,1,direct,
5539.208,T026,U01,315340.39,2549499.582,571.799,return,0,outage,terrain_occlusion
5540.387,T012,U08,312375.159,2549151.507,338.5,handover,0,outage,terrain_occlusion
5541.618,T022,U05,318488.483,2550833.078,195,handover,0,outage,terrain_occlusion
5542.252,T025,U02,318686.201,2545556.139,130.565,return,1,direct,
5544.208,T026,U01,315379.208,2549453.831,571.799,return,0,outage,terrain_occlusion
5545.387,T012,U08,312375.159,2549151.507,338.5,handover,0,outage,terrain_occlusion
5546.618,T022,U05,318488.483,2550833.078,195,handover,0,outage,terrain_occlusion
5549.208,T026,U01,315418.025,2549408.079,571.799,return,0,outage,terrain_occlusion
5550.387,T012,U08,312375.159,2549151.507,338.5,handover,0,outage,terrain_occlusion
5551.618,T022,U05,318488.483,2550833.078,195,handover,0,outage,terrain_occlusion
5554.208,T026,U01,315456.843,2549362.328,571.799,return,0,outage,terrain_occlusion
5555.387,T012,U08,312375.159,2549151.507,338.5,handover,0,outage,terrain_occlusion
5556.618,T022,U05,318488.483,2550833.078,195,handover,0,outage,terrain_occlusion
5559.208,T026,U01,315495.661,2549316.577,571.799,return,0,outage,terrain_occlusion
5560.387,T012,U08,312375.159,2549151.507,338.5,handover,0,outage,terrain_occlusion
5561.618,T022,U05,318488.483,2550833.078,195,handover,0,outage,terrain_occlusion
5564.208,T026,U01,315534.478,2549270.825,571.799,return,0,outage,terrain_occlusion
5565.387,T012,U08,312375.159,2549151.507,338.5,handover,0,outage,terrain_occlusion
5566.618,T022,U05,318488.483,2550833.078,195,handover,0,outage,terrain_occlusion
5569.208,T026,U01,315573.296,2549225.074,571.799,return,0,outage,terrain_occlusion
5570.387,T012,U08,312375.159,2549151.507,338.5,handover,0,outage,terrain_occlusion
5571.618,T022,U05,318488.483,2550833.078,195,handover,0,outage,terrain_occlusion
5574.208,T026,U01,315612.114,2549179.323,571.799,return,0,outage,terrain_occlusion
5575.387,T012,U08,312375.159,2549151.507,338.5,handover,0,outage,terrain_occlusion
5576.618,T022,U05,318488.483,2550833.078,195,handover,0,outage,terrain_occlusion
5579.208,T026,U01,315650.932,2549133.571,571.799,return,0,outage,terrain_occlusion
5580.387,T012,U08,312375.159,2549151.507,338.5,handover,0,outage,terrain_occlusion
5581.618,T022,U05,318488.483,2550833.078,195,handover,0,outage,terrain_occlusion
5584.208,T026,U01,315689.749,2549087.82,571.799,return,0,outage,terrain_occlusion
5585.387,T012,U08,312375.159,2549151.507,338.5,handover,0,outage,terrain_occlusion
5586.618,T022,U05,318488.483,2550833.078,195,handover,0,outage,terrain_occlusion
5589.208,T026,U01,315728.567,2549042.069,571.799,return,0,outage,terrain_occlusion
5590.387,T012,U08,312375.159,2549151.507,338.5,handover,0,outage,terrain_occlusion
5591.618,T022,U05,318488.483,2550833.078,195,handover,0,outage,terrain_occlusion
5594.208,T026,U01,315767.385,2548996.317,571.799,return,0,outage,terrain_occlusion
5595.387,T012,U08,312375.159,2549151.507,338.5,handover,0,outage,terrain_occlusion
5596.618,T022,U05,318488.483,2550833.078,195,handover,0,outage,terrain_occlusion
5599.208,T026,U01,315806.202,2548950.566,571.799,return,0,outage,terrain_occlusion
5600.387,T012,U08,312375.159,2549151.507,338.5,handover,0,outage,terrain_occlusion
5601.618,T022,U05,318488.483,2550833.078,195,handover,0,outage,terrain_occlusion
5604.208,T026,U01,315845.02,2548904.815,571.799,return,0,outage,terrain_occlusion
5605.387,T012,U08,312375.159,2549151.507,338.5,handover,0,outage,terrain_occlusion
5606.618,T022,U05,318488.483,2550833.078,195,handover,0,outage,terrain_occlusion
5609.208,T026,U01,315883.838,2548859.063,571.799,return,0,outage,terrain_occlusion
5610.387,T012,U08,312375.159,2549151.507,338.5,handover,0,outage,terrain_occlusion
5611.618,T022,U05,318488.483,2550833.078,195,handover,0,outage,terrain_occlusion
5614.208,T026,U01,315922.656,2548813.312,571.799,return,0,outage,terrain_occlusion
5615.387,T012,U08,312375.159,2549151.507,338.5,handover,0,outage,terrain_occlusion
5616.618,T022,U05,318488.483,2550833.078,195,handover,0,outage,terrain_occlusion
5619.208,T026,U01,315961.473,2548767.56,571.799,return,0,outage,terrain_occlusion
5620.387,T012,U08,312375.159,2549151.507,338.5,handover,0,outage,terrain_occlusion
5621.618,T022,U05,318488.483,2550833.078,195,handover,0,outage,terrain_occlusion
5624.208,T026,U01,316000.291,2548721.809,571.799,return,0,outage,terrain_occlusion
5625.387,T012,U08,312375.159,2549151.507,338.5,handover,0,outage,terrain_occlusion
5626.618,T022,U05,318488.483,2550833.078,195,handover,0,outage,terrain_occlusion
5629.208,T026,U01,316039.109,2548676.058,571.799,return,0,outage,terrain_occlusion
5630.387,T012,U08,312375.159,2549151.507,338.5,handover,0,outage,terrain_occlusion
5631.618,T022,U05,318488.483,2550833.078,207.468,ascent,0,outage,terrain_occlusion
5634.208,T026,U01,316077.926,2548630.306,571.799,return,0,outage,terrain_occlusion
5635.387,T012,U08,312375.159,2549151.507,338.5,handover,0,outage,terrain_occlusion
5636.618,T022,U05,318488.483,2550833.078,222.468,ascent,0,outage,terrain_occlusion
5639.208,T026,U01,316116.744,2548584.555,571.799,return,0,outage,terrain_occlusion
5640.387,T012,U08,312375.159,2549151.507,338.5,handover,0,outage,terrain_occlusion
5641.618,T022,U05,318488.483,2550833.078,237.468,ascent,0,outage,terrain_occlusion
5644.208,T026,U01,316155.562,2548538.804,571.799,return,1,direct,
5645.387,T012,U08,312375.159,2549151.507,338.5,handover,0,outage,terrain_occlusion
5646.618,T022,U05,318488.483,2550833.078,252.468,ascent,0,outage,terrain_occlusion
5649.208,T026,U01,316194.379,2548493.052,571.799,return,1,direct,
5650.387,T012,U08,312375.159,2549151.507,338.5,handover,0,outage,terrain_occlusion
5651.618,T022,U05,318488.483,2550833.078,267.468,ascent,0,outage,terrain_occlusion
5652.558,T024,U06,318686.201,2545556.139,127.7,ascent,1,direct,
5654.208,T026,U01,316233.197,2548447.301,571.799,return,1,direct,
5655.387,T012,U08,312375.159,2549151.507,338.5,handover,0,outage,terrain_occlusion
5656.618,T022,U05,318488.483,2550833.078,282.468,ascent,0,outage,terrain_occlusion
5657.558,T024,U06,318686.201,2545556.139,142.7,ascent,1,direct,
5659.208,T026,U01,316272.015,2548401.55,571.799,return,1,direct,
5660.387,T012,U08,312375.159,2549151.507,338.5,handover,0,outage,terrain_occlusion
5661.618,T022,U05,318488.483,2550833.078,297.468,ascent,0,outage,terrain_occlusion
5662.558,T024,U06,318686.201,2545556.139,157.7,ascent,1,direct,
5664.208,T026,U01,316310.833,2548355.798,571.799,return,1,direct,
5665.387,T012,U08,312375.159,2549151.507,338.5,handover,0,outage,terrain_occlusion
5666.618,T022,U05,318488.483,2550833.078,312.468,ascent,0,outage,terrain_occlusion
5667.558,T024,U06,318686.201,2545556.139,172.7,ascent,1,direct,
5669.208,T026,U01,316349.65,2548310.047,571.799,return,1,direct,
5670.387,T012,U08,312375.159,2549151.507,338.5,handover,0,outage,terrain_occlusion
5671.618,T022,U05,318488.483,2550833.078,327.468,ascent,0,outage,terrain_occlusion
5672.558,T024,U06,318686.201,2545556.139,187.7,ascent,1,direct,
5674.208,T026,U01,316388.468,2548264.296,571.799,return,1,direct,
5675.387,T012,U08,312375.159,2549151.507,338.5,handover,0,outage,terrain_occlusion
5676.618,T022,U05,318488.483,2550833.078,342.468,ascent,0,outage,terrain_occlusion
5677.558,T024,U06,318686.201,2545556.139,202.7,ascent,1,direct,
5679.208,T026,U01,316427.286,2548218.544,571.799,return,1,direct,
5680.387,T012,U08,312375.159,2549151.507,338.5,handover,0,outage,terrain_occlusion
5681.618,T022,U05,318488.483,2550833.078,357.468,ascent,0,outage,terrain_occlusion
5682.558,T024,U06,318686.201,2545556.139,217.7,ascent,1,direct,
5684.208,T026,U01,316466.103,2548172.793,571.799,return,1,direct,
5684.453,T015,U07,318686.201,2545556.139,127.7,ascent,1,direct,
5685.387,T012,U08,312375.159,2549151.507,338.5,handover,0,outage,terrain_occlusion
5686.618,T022,U05,318473.889,2550857.445,366.787,cruise,1,direct,
5687.558,T024,U06,318686.201,2545556.139,232.7,ascent,1,direct,
5689.208,T026,U01,316504.921,2548127.042,571.799,return,1,direct,
5689.453,T015,U07,318686.201,2545556.139,140.2,ascent,1,direct,
5690.387,T012,U08,312375.159,2549151.507,338.5,handover,0,outage,terrain_occlusion
5691.618,T022,U05,318435.352,2550921.787,366.787,cruise,1,direct,
5692.558,T024,U06,318686.201,2545556.139,247.7,ascent,1,direct,
5694.208,T026,U01,316543.739,2548081.29,571.799,return,1,direct,
5694.453,T015,U07,318686.201,2545556.139,152.7,ascent,1,direct,
5695.387,T012,U08,312375.159,2549151.507,338.5,handover,0,outage,terrain_occlusion
5696.618,T022,U05,318396.815,2550986.129,366.787,cruise,1,direct,
5697.558,T024,U06,318686.201,2545556.139,262.7,ascent,1,direct,
5699.208,T026,U01,316582.556,2548035.539,571.799,return,1,direct,
5699.453,T015,U07,318686.201,2545556.139,165.2,ascent,1,direct,
5700.387,T012,U08,312375.159,2549151.507,338.5,handover,0,outage,terrain_occlusion
5701.618,T022,U05,318358.279,2551050.471,366.787,cruise,1,direct,
5702.558,T024,U06,318696.102,2545577.139,273.057,cruise,1,direct,
5704.208,T026,U01,316621.374,2547989.788,571.799,return,1,direct,
5704.453,T015,U07,318686.201,2545556.139,177.7,ascent,1,direct,
5705.387,T012,U08,312375.159,2549151.507,338.5,handover,0,outage,terrain_occlusion
5706.618,T022,U05,318319.742,2551114.813,366.787,cruise,1,direct,
5707.558,T024,U06,318728.087,2545644.977,273.057,cruise,1,direct,
5709.208,T026,U01,316660.192,2547944.036,571.799,return,1,direct,
5709.453,T015,U07,318686.201,2545556.139,190.2,ascent,1,direct,
5710.387,T012,U08,312375.159,2549151.507,338.5,handover,0,outage,terrain_occlusion
5711.618,T022,U05,318281.205,2551179.155,366.787,cruise,1,direct,
5712.558,T024,U06,318760.071,2545712.815,273.057,cruise,1,direct,
5714.208,T026,U01,316699.01,2547898.285,571.799,return,1,direct,
5714.453,T015,U07,318686.201,2545556.139,202.7,ascent,1,direct,
5715.387,T012,U08,312375.159,2549151.507,338.5,handover,0,outage,terrain_occlusion
5716.618,T022,U05,318242.668,2551243.498,366.787,cruise,1,direct,
5717.558,T024,U06,318792.055,2545780.653,273.057,cruise,1,direct,
5719.208,T026,U01,316737.827,2547852.533,571.799,return,1,direct,
5719.453,T015,U07,318686.201,2545556.139,215.2,ascent,1,direct,
5720.387,T012,U08,312375.159,2549151.507,338.5,handover,0,outage,terrain_occlusion
5721.618,T022,U05,318204.131,2551307.84,366.787,cruise,0,outage,terrain_occlusion
5722.558,T024,U06,318824.04,2545848.491,273.057,cruise,1,direct,
5724.208,T026,U01,316776.645,2547806.782,571.799,return,1,direct,
5724.453,T015,U07,318686.201,2545556.139,227.7,ascent,1,direct,
5725.387,T012,U08,312375.159,2549151.507,338.5,handover,0,outage,terrain_occlusion
5726.618,T022,U05,318165.594,2551372.182,366.787,cruise,0,outage,terrain_occlusion
5727.558,T024,U06,318856.024,2545916.329,273.057,cruise,1,direct,
5729.208,T026,U01,316815.463,2547761.031,571.799,return,1,direct,
5729.453,T015,U07,318686.201,2545556.139,240.2,ascent,1,direct,
5730.387,T012,U08,312375.159,2549151.507,347.211,return,0,outage,terrain_occlusion
5731.618,T022,U05,318127.057,2551436.524,366.787,cruise,0,outage,terrain_occlusion
5732.558,T024,U06,318888.009,2545984.167,273.057,cruise,1,direct,
5734.208,T026,U01,316854.28,2547715.279,571.799,return,1,direct,
5734.453,T015,U07,318686.201,2545556.139,252.7,ascent,1,direct,
5735.387,T012,U08,312375.159,2549151.507,359.711,return,0,outage,terrain_occlusion
5736.618,T022,U05,318088.521,2551500.866,366.787,cruise,0,outage,terrain_occlusion
5737.558,T024,U06,318919.993,2546052.006,273.057,cruise,1,direct,
5739.208,T026,U01,316893.098,2547669.528,571.799,return,1,direct,
5739.453,T015,U07,318686.201,2545556.139,265.2,ascent,1,direct,
5740.387,T012,U08,312375.159,2549151.507,372.211,return,0,outage,terrain_occlusion
5741.618,T022,U05,318049.984,2551565.208,366.787,cruise,0,outage,terrain_occlusion
5742.558,T024,U06,318951.977,2546119.844,273.057,cruise,1,direct,
5744.208,T026,U01,316931.916,2547623.777,571.799,return,1,direct,
5744.453,T015,U07,318686.201,2545556.139,277.7,ascent,1,direct,
5745.387,T012,U08,312375.159,2549151.507,384.711,return,0,outage,terrain_occlusion
5746.618,T022,U05,318011.447,2551629.55,366.787,cruise,0,outage,terrain_occlusion
5747.558,T024,U06,318983.962,2546187.682,273.057,cruise,1,direct,
5749.208,T026,U01,316970.733,2547578.025,571.799,return,1,direct,
5749.453,T015,U07,318686.201,2545556.139,290.2,ascent,1,direct,
5750.387,T012,U08,312375.159,2549151.507,397.211,return,0,outage,terrain_occlusion
5751.618,T022,U05,317972.91,2551693.893,366.787,cruise,0,outage,terrain_occlusion
5752.558,T024,U06,319015.946,2546255.52,273.057,cruise,1,direct,
5754.208,T026,U01,317009.551,2547532.274,571.799,return,1,direct,
5754.453,T015,U07,318686.201,2545556.139,302.7,ascent,1,direct,
5755.387,T012,U08,312375.159,2549151.507,409.711,return,0,outage,terrain_occlusion
5756.618,T022,U05,317934.373,2551758.235,366.787,cruise,0,outage,terrain_occlusion
5757.558,T024,U06,319047.93,2546323.358,273.057,cruise,1,direct,
5759.208,T026,U01,317048.369,2547486.523,571.799,return,1,direct,
5759.453,T015,U07,318686.201,2545556.139,315.2,ascent,1,direct,
5760.387,T012,U08,312375.159,2549151.507,422.211,return,0,outage,terrain_occlusion
5761.618,T022,U05,317895.836,2551822.577,366.787,cruise,0,outage,terrain_occlusion
5762.558,T024,U06,319079.915,2546391.196,273.057,cruise,1,direct,
5764.208,T026,U01,317087.187,2547440.771,571.799,return,1,direct,
5764.453,T015,U07,318685.912,2545563.869,326.411,cruise,1,direct,
5765.387,T012,U08,312375.159,2549151.507,434.711,return,0,outage,terrain_occlusion
5766.618,T022,U05,317857.3,2551886.919,366.787,cruise,0,outage,terrain_occlusion
5767.558,T024,U06,319111.899,2546459.034,273.057,cruise,1,direct,
5769.208,T026,U01,317126.004,2547395.02,571.799,return,1,direct,
5769.453,T015,U07,318683.104,2545638.816,326.411,cruise,1,direct,
5770.387,T012,U08,312375.159,2549151.507,447.211,return,0,outage,terrain_occlusion
5771.618,T022,U05,317818.763,2551951.261,366.787,cruise,0,outage,terrain_occlusion
5772.558,T024,U06,319143.883,2546526.872,273.057,cruise,1,direct,
5774.208,T026,U01,317164.822,2547349.269,571.799,return,1,direct,
5774.453,T015,U07,318680.295,2545713.763,326.411,cruise,1,direct,
5775.387,T012,U08,312375.159,2549151.507,459.711,return,0,outage,terrain_occlusion
5776.618,T022,U05,317780.226,2552015.603,366.787,cruise,0,outage,terrain_occlusion
5777.558,T024,U06,319175.868,2546594.71,273.057,cruise,1,direct,
5779.208,T026,U01,317203.64,2547303.517,571.799,return,1,direct,
5779.453,T015,U07,318677.487,2545788.711,326.411,cruise,1,direct,
5780.387,T012,U08,312375.159,2549151.507,472.211,return,0,outage,terrain_occlusion
5781.618,T022,U05,317741.689,2552079.945,366.787,cruise,0,outage,terrain_occlusion
5782.558,T024,U06,319207.852,2546662.548,273.057,cruise,1,direct,
5784.208,T026,U01,317242.457,2547257.766,571.799,return,1,direct,
5784.453,T015,U07,318674.679,2545863.658,326.411,cruise,1,direct,
5785.387,T012,U08,312375.159,2549151.507,484.711,return,0,outage,terrain_occlusion
5786.618,T022,U05,317703.152,2552144.288,366.787,cruise,0,outage,terrain_occlusion
5787.558,T024,U06,319239.837,2546730.386,273.057,cruise,1,direct,
5789.208,T026,U01,317281.275,2547212.015,571.799,return,1,direct,
5789.453,T015,U07,318671.871,2545938.606,326.411,cruise,1,direct,
5790.387,T012,U08,312375.159,2549151.507,497.211,return,0,outage,terrain_occlusion
5791.618,T022,U05,317664.615,2552208.63,366.787,cruise,0,outage,terrain_occlusion
5792.558,T024,U06,319271.821,2546798.224,273.057,cruise,1,direct,
5794.208,T026,U01,317320.093,2547166.263,571.799,return,1,direct,
5794.453,T015,U07,318669.063,2546013.553,326.411,cruise,1,direct,
5795.387,T012,U08,312375.159,2549151.507,509.711,return,0,outage,terrain_occlusion
5796.618,T022,U05,317626.078,2552272.972,366.787,cruise,0,outage,terrain_occlusion
5797.558,T024,U06,319303.805,2546866.062,273.057,cruise,1,direct,
5799.208,T026,U01,317358.91,2547120.512,571.799,return,1,direct,
5799.453,T015,U07,318666.255,2546088.5,326.411,cruise,1,direct,
5800.387,T012,U08,312375.159,2549151.507,522.211,return,0,outage,terrain_occlusion
5801.618,T022,U05,317587.542,2552337.314,366.787,cruise,0,outage,terrain_occlusion
5802.558,T024,U06,319335.79,2546933.9,273.057,cruise,1,direct,
5804.208,T026,U01,317397.728,2547074.761,571.799,return,1,direct,
5804.453,T015,U07,318663.446,2546163.448,326.411,cruise,1,direct,
5805.387,T012,U08,312375.159,2549151.507,534.711,return,0,outage,terrain_occlusion
5806.618,T022,U05,317549.005,2552401.656,366.787,cruise,0,outage,terrain_occlusion
5807.558,T024,U06,319367.774,2547001.738,273.057,cruise,1,direct,
5809.208,T026,U01,317436.546,2547029.009,571.799,return,1,direct,
5809.453,T015,U07,318660.638,2546238.395,326.411,cruise,1,direct,
5810.387,T012,U08,312375.159,2549151.507,547.211,return,0,outage,terrain_occlusion
5811.618,T022,U05,317510.468,2552465.998,366.787,cruise,0,outage,terrain_occlusion
5812.558,T024,U06,319399.758,2547069.576,273.057,cruise,1,direct,
5814.208,T026,U01,317475.364,2546983.258,571.799,return,1,direct,
5814.453,T015,U07,318657.83,2546313.343,326.411,cruise,1,direct,
5815.387,T012,U08,312375.159,2549151.507,559.711,return,0,outage,terrain_occlusion
5816.618,T022,U05,317471.931,2552530.34,366.787,cruise,0,outage,terrain_occlusion
5817.558,T024,U06,319431.743,2547137.414,273.057,cruise,1,direct,
5819.208,T026,U01,317514.181,2546937.506,571.799,return,1,direct,
5819.453,T015,U07,318655.022,2546388.29,326.411,cruise,1,direct,
5820.387,T012,U08,312429.414,2549120.598,561.804,return,0,outage,terrain_occlusion
5821.618,T022,U05,317433.394,2552594.683,366.787,cruise,0,outage,terrain_occlusion
5822.558,T024,U06,319463.727,2547205.252,273.057,cruise,1,direct,
5824.208,T026,U01,317552.999,2546891.755,571.799,return,1,direct,
5824.453,T015,U07,318652.214,2546463.237,326.411,cruise,1,direct,
5825.387,T012,U08,312494.58,2549083.473,561.804,return,0,outage,terrain_occlusion
5826.618,T022,U05,317394.857,2552659.025,366.787,cruise,0,outage,terrain_occlusion
5827.558,T024,U06,319495.712,2547273.09,273.057,cruise,1,direct,
5829.208,T026,U01,317591.817,2546846.004,571.799,return,1,direct,
5829.453,T015,U07,318649.406,2546538.185,326.411,cruise,1,direct,
5830.387,T012,U08,312559.747,2549046.348,561.804,return,0,outage,terrain_occlusion
5831.618,T022,U05,317356.32,2552723.367,366.787,cruise,0,outage,terrain_occlusion
5832.558,T024,U06,319527.696,2547340.928,273.057,cruise,1,direct,
5834.208,T026,U01,317630.634,2546800.252,571.799,return,1,direct,
5834.453,T015,U07,318646.598,2546613.132,326.411,cruise,1,direct,
5835.387,T012,U08,312624.914,2549009.223,561.804,return,0,outage,terrain_occlusion
5836.618,T022,U05,317317.784,2552787.709,366.787,cruise,0,outage,terrain_occlusion
5837.558,T024,U06,319559.68,2547408.766,273.057,cruise,1,direct,
5839.208,T026,U01,317669.452,2546754.501,571.799,return,1,direct,
5839.453,T015,U07,318643.789,2546688.08,326.411,cruise,1,direct,
5840.387,T012,U08,312690.081,2548972.098,561.804,return,0,outage,terrain_occlusion
5841.618,T022,U05,317279.247,2552852.051,366.787,cruise,0,outage,terrain_occlusion
5842.558,T024,U06,319591.665,2547476.604,273.057,cruise,1,direct,
5844.208,T026,U01,317708.27,2546708.75,571.799,return,1,direct,
5844.453,T015,U07,318640.981,2546763.027,326.411,cruise,1,direct,
5845.387,T012,U08,312755.248,2548934.972,561.804,return,0,outage,terrain_occlusion
5846.618,T022,U05,317240.71,2552916.393,366.787,cruise,0,outage,terrain_occlusion
5847.558,T024,U06,319623.649,2547544.443,273.057,cruise,1,direct,
5849.208,T026,U01,317747.087,2546662.998,571.799,return,1,direct,
5849.453,T015,U07,318638.173,2546837.975,326.411,cruise,1,direct,
5850.387,T012,U08,312820.415,2548897.847,561.804,return,0,outage,terrain_occlusion
5851.618,T022,U05,317202.173,2552980.735,366.787,cruise,0,outage,terrain_occlusion
5852.558,T024,U06,319655.633,2547612.281,273.057,cruise,1,direct,
5854.208,T026,U01,317785.905,2546617.247,571.799,return,1,direct,
5854.453,T015,U07,318635.365,2546912.922,326.411,cruise,1,direct,
5855.387,T012,U08,312885.582,2548860.722,561.804,return,0,outage,terrain_occlusion
5856.618,T022,U05,317163.636,2553045.078,366.787,cruise,0,outage,terrain_occlusion
5857.558,T024,U06,319687.618,2547680.119,273.057,cruise,1,direct,
5859.208,T026,U01,317824.723,2546571.496,571.799,return,1,direct,
5859.453,T015,U07,318632.557,2546987.869,326.411,cruise,1,direct,
5860.387,T012,U08,312950.748,2548823.597,561.804,return,0,outage,terrain_occlusion
5861.618,T022,U05,317125.099,2553109.42,366.787,cruise,0,outage,terrain_occlusion
5862.558,T024,U06,319719.602,2547747.957,273.057,cruise,1,direct,
5864.208,T026,U01,317863.541,2546525.744,571.799,return,1,direct,
5864.453,T015,U07,318629.749,2547062.817,326.411,cruise,1,direct,
5865.387,T012,U08,313015.915,2548786.472,561.804,return,0,outage,terrain_occlusion
5866.618,T022,U05,317086.563,2553173.762,366.787,cruise,0,outage,terrain_occlusion
5867.558,T024,U06,319751.586,2547815.795,273.057,cruise,1,direct,
5869.208,T026,U01,317902.358,2546479.993,571.799,return,1,direct,
5869.453,T015,U07,318626.94,2547137.764,326.411,cruise,1,direct,
5870.387,T012,U08,313081.082,2548749.346,561.804,return,0,outage,terrain_occlusion
5871.618,T022,U05,317048.026,2553238.104,366.787,cruise,0,outage,terrain_occlusion
5872.558,T024,U06,319783.571,2547883.633,273.057,cruise,1,direct,
5874.208,T026,U01,317941.176,2546434.242,571.799,return,1,direct,
5874.453,T015,U07,318624.132,2547212.712,326.411,cruise,1,direct,
5875.387,T012,U08,313146.249,2548712.221,561.804,return,0,outage,terrain_occlusion
5876.618,T022,U05,317009.489,2553302.446,366.787,cruise,0,outage,terrain_occlusion
5877.558,T024,U06,319815.555,2547951.471,273.057,cruise,1,direct,
5879.208,T026,U01,317979.994,2546388.49,571.799,return,1,direct,
5879.453,T015,U07,318621.324,2547287.659,326.411,cruise,1,direct,
5880.387,T012,U08,313211.416,2548675.096,561.804,return,0,outage,terrain_occlusion
5881.618,T022,U05,316970.952,2553366.788,366.787,cruise,0,outage,terrain_occlusion
5882.558,T024,U06,319847.54,2548019.309,273.057,cruise,1,direct,
5884.208,T026,U01,318018.811,2546342.739,571.799,return,1,direct,
5884.453,T015,U07,318618.516,2547362.606,326.411,cruise,1,direct,
5885.387,T012,U08,313276.583,2548637.971,561.804,return,0,outage,terrain_occlusion
5886.618,T022,U05,316932.415,2553431.13,366.787,cruise,0,outage,terrain_occlusion
5887.558,T024,U06,319879.524,2548087.147,273.057,cruise,1,direct,
5889.208,T026,U01,318057.629,2546296.988,571.799,return,1,direct,
5889.453,T015,U07,318615.708,2547437.554,326.411,cruise,1,direct,
5890.387,T012,U08,313341.75,2548600.845,561.804,return,0,outage,terrain_occlusion
5891.618,T022,U05,316926.352,2553441.253,356.254,descent,0,outage,terrain_occlusion
5892.558,T024,U06,319911.508,2548154.985,273.057,cruise,1,direct,
5894.208,T026,U01,318096.447,2546251.236,571.799,return,1,direct,
5894.453,T015,U07,318612.9,2547512.501,326.411,cruise,1,direct,
5895.387,T012,U08,313406.916,2548563.72,561.804,return,0,outage,terrain_occlusion
5896.618,T022,U05,316926.352,2553441.253,343.754,descent,0,outage,terrain_occlusion
5897.558,T024,U06,319943.493,2548222.823,273.057,cruise,1,direct,
5899.208,T026,U01,318135.264,2546205.485,571.799,return,1,direct,
5899.453,T015,U07,318610.091,2547587.449,326.411,cruise,1,direct,
5900.387,T012,U08,313472.083,2548526.595,561.804,return,0,outage,terrain_occlusion
5901.618,T022,U05,316926.352,2553441.253,331.254,descent,0,outage,terrain_occlusion
5902.558,T024,U06,319975.477,2548290.661,273.057,cruise,1,direct,
5904.208,T026,U01,318174.082,2546159.734,571.799,return,1,direct,
5904.453,T015,U07,318607.283,2547662.396,326.411,cruise,1,direct,
5905.387,T012,U08,313537.25,2548489.47,561.804,return,0,outage,terrain_occlusion
5906.618,T022,U05,316926.352,2553441.253,318.754,descent,0,outage,terrain_occlusion
5907.558,T024,U06,319988.6,2548318.494,265.685,descent,1,direct,
5909.208,T026,U01,318212.9,2546113.982,571.799,return,1,direct,
5909.453,T015,U07,318604.475,2547737.343,326.411,cruise,1,direct,
5910.387,T012,U08,313602.417,2548452.345,561.804,return,0,outage,terrain_occlusion
5911.618,T022,U05,316926.352,2553441.253,306.254,descent,0,outage,terrain_occlusion
5912.558,T024,U06,319988.6,2548318.494,253.185,descent,1,direct,
5914.208,T026,U01,318251.718,2546068.231,571.799,return,1,direct,
5914.453,T015,U07,318601.667,2547812.291,326.411,cruise,1,direct,
5915.387,T012,U08,313667.584,2548415.219,561.804,return,0,outage,terrain_occlusion
5916.618,T022,U05,316926.352,2553441.253,293.754,descent,0,outage,terrain_occlusion
5917.558,T024,U06,319988.6,2548318.494,240.685,descent,1,direct,
5919.208,T026,U01,318290.535,2546022.479,571.799,return,1,direct,
5919.453,T015,U07,318598.859,2547887.238,326.411,cruise,1,direct,
5920.387,T012,U08,313732.751,2548378.094,561.804,return,0,outage,terrain_occlusion
5921.618,T022,U05,316926.352,2553441.253,281.254,descent,0,outage,terrain_occlusion
5922.558,T024,U06,319988.6,2548318.494,228.185,descent,1,direct,
5924.208,T026,U01,318329.353,2545976.728,571.799,return,1,direct,
5924.453,T015,U07,318596.051,2547962.186,326.411,cruise,1,direct,
5925.387,T012,U08,313797.917,2548340.969,561.804,return,0,outage,terrain_occlusion
5926.618,T022,U05,316926.352,2553441.253,270.9,handover,0,outage,terrain_occlusion
5927.558,T024,U06,319988.6,2548318.494,215.685,descent,1,direct,
5929.208,T026,U01,318368.171,2545930.977,571.799,return,1,direct,
5929.453,T015,U07,318593.243,2548037.133,326.411,cruise,1,direct,
5930.387,T012,U08,313863.084,2548303.844,561.804,return,0,outage,terrain_occlusion
5931.618,T022,U05,316926.352,2553441.253,270.9,handover,0,outage,terrain_occlusion
5932.558,T024,U06,319988.6,2548318.494,203.185,descent,1,direct,
5934.208,T026,U01,318406.988,2545885.225,571.799,return,1,direct,
5934.453,T015,U07,318590.434,2548112.08,326.411,cruise,1,direct,
5935.387,T012,U08,313928.251,2548266.719,561.804,return,0,outage,terrain_occlusion
5936.618,T022,U05,316926.352,2553441.253,270.9,handover,0,outage,terrain_occlusion
5937.558,T024,U06,319988.6,2548318.494,190.685,descent,1,direct,
5939.208,T026,U01,318445.806,2545839.474,571.799,return,1,direct,
5939.453,T015,U07,318587.626,2548187.028,326.411,cruise,1,direct,
5940.387,T012,U08,313993.418,2548229.593,561.804,return,0,outage,terrain_occlusion
5941.618,T022,U05,316926.352,2553441.253,270.9,handover,0,outage,terrain_occlusion
5942.558,T024,U06,319988.6,2548318.494,184,handover,1,direct,
5944.208,T026,U01,318484.624,2545793.723,571.799,return,1,direct,
5944.453,T015,U07,318584.818,2548261.975,326.411,cruise,1,direct,
5945.387,T012,U08,314058.585,2548192.468,561.804,return,0,outage,terrain_occlusion
5946.618,T022,U05,316926.352,2553441.253,270.9,handover,0,outage,terrain_occlusion
5947.558,T024,U06,319988.6,2548318.494,184,handover,1,direct,
5949.208,T026,U01,318523.442,2545747.971,571.799,return,1,direct,
5949.453,T015,U07,318582.01,2548336.923,326.411,cruise,1,direct,
5950.387,T012,U08,314123.752,2548155.343,561.804,return,0,outage,terrain_occlusion
5951.618,T022,U05,316926.352,2553441.253,270.9,handover,0,outage,terrain_occlusion
5952.558,T024,U06,319988.6,2548318.494,184,handover,1,direct,
5954.208,T026,U01,318562.259,2545702.22,571.799,return,1,direct,
5954.453,T015,U07,318579.202,2548411.87,326.411,cruise,1,direct,
5955.387,T012,U08,314188.919,2548118.218,561.804,return,0,outage,terrain_occlusion
5956.618,T022,U05,316926.352,2553441.253,270.9,handover,0,outage,terrain_occlusion
5957.558,T024,U06,319988.6,2548318.494,184,handover,1,direct,
5959.208,T026,U01,318601.077,2545656.469,571.799,return,1,direct,
5959.453,T015,U07,318576.394,2548486.818,326.411,cruise,1,direct,
5960.387,T012,U08,314254.085,2548081.092,561.804,return,0,outage,terrain_occlusion
5961.618,T022,U05,316926.352,2553441.253,270.9,handover,0,outage,terrain_occlusion
5962.558,T024,U06,319988.6,2548318.494,184,handover,1,direct,
5964.208,T026,U01,318639.895,2545610.717,571.799,return,1,direct,
5964.453,T015,U07,318573.585,2548561.765,326.411,cruise,1,direct,
5965.387,T012,U08,314319.252,2548043.967,561.804,return,0,outage,terrain_occlusion
5966.618,T022,U05,316926.352,2553441.253,270.9,handover,0,outage,terrain_occlusion
5967.558,T024,U06,319988.6,2548318.494,184,handover,1,direct,
5969.208,T026,U01,318678.712,2545564.966,571.799,return,1,direct,
5969.453,T015,U07,318570.777,2548636.712,326.411,cruise,1,direct,
5970.387,T012,U08,314384.419,2548006.842,561.804,return,0,outage,terrain_occlusion
5971.618,T022,U05,316926.352,2553441.253,270.9,handover,0,outage,terrain_occlusion
5972.558,T024,U06,319988.6,2548318.494,184,handover,1,direct,
5974.208,T026,U01,318686.201,2545556.139,561.711,return,1,direct,
5974.453,T015,U07,318567.969,2548711.66,326.411,cruise,1,direct,
5975.387,T012,U08,314449.586,2547969.717,561.804,return,0,outage,terrain_occlusion
5976.618,T022,U05,316926.352,2553441.253,270.9,handover,0,outage,terrain_occlusion
5977.558,T024,U06,319988.6,2548318.494,184,handover,1,direct,
5979.208,T026,U01,318686.201,2545556.139,549.211,return,1,direct,
5979.453,T015,U07,318565.161,2548786.607,326.411,cruise,1,direct,
5980.387,T012,U08,314514.753,2547932.592,561.804,return,0,outage,terrain_occlusion
5981.618,T022,U05,316926.352,2553441.253,270.9,handover,0,outage,terrain_occlusion
5982.558,T024,U06,319988.6,2548318.494,184,handover,1,direct,
5984.208,T026,U01,318686.201,2545556.139,536.711,return,1,direct,
5984.453,T015,U07,318562.353,2548861.555,326.411,cruise,1,direct,
5985.387,T012,U08,314579.92,2547895.466,561.804,return,0,outage,terrain_occlusion
5986.618,T022,U05,316926.352,2553441.253,270.9,handover,0,outage,terrain_occlusion
5987.558,T024,U06,319988.6,2548318.494,184,handover,1,direct,
5989.208,T026,U01,318686.201,2545556.139,524.211,return,1,direct,
5989.453,T015,U07,318559.545,2548936.502,326.411,cruise,1,direct,
5990.387,T012,U08,314645.087,2547858.341,561.804,return,0,outage,terrain_occlusion
5991.618,T022,U05,316926.352,2553441.253,270.9,handover,0,outage,terrain_occlusion
5992.558,T024,U06,319988.6,2548318.494,184,handover,1,direct,
5994.208,T026,U01,318686.201,2545556.139,511.711,return,1,direct,
5994.453,T015,U07,318556.737,2549011.449,326.411,cruise,1,direct,
5995.387,T012,U08,314710.253,2547821.216,561.804,return,0,outage,terrain_occlusion
5996.618,T022,U05,316926.352,2553441.253,270.9,handover,0,outage,terrain_occlusion
5997.558,T024,U06,319988.6,2548318.494,184,handover,1,direct,
5999.208,T026,U01,318686.201,2545556.139,499.211,return,1,direct,
5999.453,T015,U07,318553.928,2549086.397,326.411,cruise,1,direct,
6000.387,T012,U08,314775.42,2547784.091,561.804,return,0,outage,terrain_occlusion
6001.618,T022,U05,316926.352,2553441.253,270.9,handover,0,outage,terrain_occlusion
6002.558,T024,U06,319988.6,2548318.494,184,handover,1,direct,
6004.208,T026,U01,318686.201,2545556.139,486.711,return,1,direct,
6004.453,T015,U07,318551.12,2549161.344,326.411,cruise,1,direct,
6005.387,T012,U08,314840.587,2547746.966,561.804,return,0,outage,terrain_occlusion
6006.618,T022,U05,316926.352,2553441.253,270.9,handover,0,outage,terrain_occlusion
6007.558,T024,U06,319988.6,2548318.494,184,handover,1,direct,
6009.208,T026,U01,318686.201,2545556.139,474.211,return,1,direct,
6009.453,T015,U07,318548.312,2549236.292,326.411,cruise,1,direct,
6010.387,T012,U08,314905.754,2547709.84,561.804,return,0,outage,terrain_occlusion
6011.618,T022,U05,316926.352,2553441.253,270.9,handover,0,outage,terrain_occlusion
6012.558,T024,U06,319988.6,2548318.494,184,handover,1,direct,
6014.208,T026,U01,318686.201,2545556.139,461.711,return,1,direct,
6014.453,T015,U07,318545.504,2549311.239,326.411,cruise,1,direct,
6015.387,T012,U08,314970.921,2547672.715,561.804,return,0,outage,terrain_occlusion
6016.618,T022,U05,316926.352,2553441.253,270.9,handover,0,outage,terrain_occlusion
6017.558,T024,U06,319988.6,2548318.494,184,handover,1,direct,
6019.208,T026,U01,318686.201,2545556.139,449.211,return,1,direct,
6019.453,T015,U07,318542.696,2549386.186,326.411,cruise,1,direct,
6020.387,T012,U08,315036.088,2547635.59,561.804,return,0,outage,terrain_occlusion
6021.618,T022,U05,316926.352,2553441.253,270.9,handover,0,outage,terrain_occlusion
6022.558,T024,U06,319988.6,2548318.494,184,handover,1,direct,
6024.208,T026,U01,318686.201,2545556.139,436.711,return,1,direct,
6024.453,T015,U07,318539.888,2549461.134,326.411,cruise,1,direct,
6025.387,T012,U08,315101.255,2547598.465,561.804,return,0,outage,terrain_occlusion
6026.618,T022,U05,316926.352,2553441.253,270.9,handover,0,outage,terrain_occlusion
6027.558,T024,U06,319988.6,2548318.494,184,handover,1,direct,
6029.208,T026,U01,318686.201,2545556.139,424.211,return,1,direct,
6029.453,T015,U07,318537.079,2549536.081,326.411,cruise,0,outage,terrain_occlusion
6030.387,T012,U08,315166.421,2547561.339,561.804,return,0,outage,terrain_occlusion
6031.618,T022,U05,316926.352,2553441.253,270.9,handover,0,outage,terrain_occlusion
6032.558,T024,U06,319988.6,2548318.494,184,handover,1,direct,
6034.208,T026,U01,318686.201,2545556.139,411.711,return,1,direct,
6034.453,T015,U07,318534.271,2549611.029,326.411,cruise,0,outage,terrain_occlusion
6035.387,T012,U08,315231.588,2547524.214,561.804,return,0,outage,terrain_occlusion
6036.618,T022,U05,316926.352,2553441.253,270.9,handover,0,outage,terrain_occlusion
6037.558,T024,U06,319988.6,2548318.494,184,handover,1,direct,
6039.208,T026,U01,318686.201,2545556.139,399.211,return,1,direct,
6039.453,T015,U07,318531.463,2549685.976,326.411,cruise,0,outage,terrain_occlusion
6040.387,T012,U08,315296.755,2547487.089,561.804,return,1,direct,
6041.618,T022,U05,316926.352,2553441.253,270.9,handover,0,outage,terrain_occlusion
6042.558,T024,U06,319988.6,2548318.494,184,handover,1,direct,
6044.208,T026,U01,318686.201,2545556.139,386.711,return,1,direct,
6044.453,T015,U07,318528.655,2549760.924,326.411,cruise,0,outage,terrain_occlusion
6045.387,T012,U08,315361.922,2547449.964,561.804,return,1,direct,
6046.618,T022,U05,316926.352,2553441.253,270.9,handover,0,outage,terrain_occlusion
6047.558,T024,U06,319988.6,2548318.494,184,handover,1,direct,
6049.208,T026,U01,318686.201,2545556.139,374.211,return,1,direct,
6049.453,T015,U07,318525.847,2549835.871,326.411,cruise,0,outage,terrain_occlusion
6050.387,T012,U08,315427.089,2547412.839,561.804,return,1,direct,
6051.618,T022,U05,316926.352,2553441.253,270.9,handover,0,outage,terrain_occlusion
6052.558,T024,U06,319988.6,2548318.494,184,handover,1,direct,
6054.208,T026,U01,318686.201,2545556.139,361.711,return,1,direct,
6054.453,T015,U07,318523.039,2549910.818,326.411,cruise,0,outage,terrain_occlusion
6055.387,T012,U08,315492.256,2547375.713,561.804,return,1,direct,
6056.618,T022,U05,316926.352,2553441.253,270.9,handover,0,outage,terrain_occlusion
6057.558,T024,U06,319988.6,2548318.494,184,handover,1,direct,
6059.208,T026,U01,318686.201,2545556.139,349.211,return,1,direct,
6059.453,T015,U07,318520.23,2549985.766,326.411,cruise,0,outage,terrain_occlusion
6060.387,T012,U08,315557.422,2547338.588,561.804,return,1,direct,
6061.618,T022,U05,316926.352,2553441.253,270.9,handover,0,outage,terrain_occlusion
6062.558,T024,U06,319988.6,2548318.494,184,handover,1,direct,
6064.208,T026,U01,318686.201,2545556.139,336.711,return,1,direct,
6064.453,T015,U07,318517.422,2550060.713,326.411,cruise,0,outage,terrain_occlusion
6065.387,T012,U08,315622.589,2547301.463,561.804,return,1,direct,
6066.618,T022,U05,316926.352,2553441.253,270.9,handover,0,outage,terrain_occlusion
6067.558,T024,U06,319988.6,2548318.494,184,handover,1,direct,
6069.208,T026,U01,318686.201,2545556.139,324.211,return,1,direct,
6069.453,T015,U07,318514.614,2550135.661,326.411,cruise,0,outage,terrain_occlusion
6070.387,T012,U08,315687.756,2547264.338,561.804,return,1,direct,
6071.618,T022,U05,316926.352,2553441.253,270.9,handover,0,outage,terrain_occlusion
6072.558,T024,U06,319988.6,2548318.494,184,handover,1,direct,
6074.208,T026,U01,318686.201,2545556.139,311.711,return,1,direct,
6074.453,T015,U07,318511.806,2550210.608,326.411,cruise,0,outage,terrain_occlusion
6075.387,T012,U08,315752.923,2547227.213,561.804,return,1,direct,
6076.618,T022,U05,316926.352,2553441.253,270.9,handover,0,outage,terrain_occlusion
6077.558,T024,U06,319988.6,2548318.494,184,handover,1,direct,
6079.208,T026,U01,318686.201,2545556.139,299.211,return,1,direct,
6079.453,T015,U07,318508.998,2550285.555,326.411,cruise,0,outage,terrain_occlusion
6080.387,T012,U08,315818.09,2547190.087,561.804,return,1,direct,
6081.618,T022,U05,316926.352,2553441.253,270.9,handover,0,outage,terrain_occlusion
6082.558,T024,U06,319988.6,2548318.494,184,handover,1,direct,
6084.208,T026,U01,318686.201,2545556.139,286.711,return,1,direct,
6084.453,T015,U07,318506.19,2550360.503,326.411,cruise,0,outage,terrain_occlusion
6085.387,T012,U08,315883.257,2547152.962,561.804,return,1,direct,
6086.618,T022,U05,316926.352,2553441.253,270.9,handover,0,outage,terrain_occlusion
6087.558,T024,U06,319988.6,2548318.494,184,handover,1,direct,
6089.208,T026,U01,318686.201,2545556.139,274.211,return,1,direct,
6089.453,T015,U07,318503.382,2550435.45,326.411,cruise,0,outage,terrain_occlusion
6090.387,T012,U08,315948.424,2547115.837,561.804,return,1,direct,
6091.618,T022,U05,316926.352,2553441.253,270.9,handover,0,outage,terrain_occlusion
6092.558,T024,U06,319988.6,2548318.494,184,handover,1,direct,
6094.208,T026,U01,318686.201,2545556.139,261.711,return,1,direct,
6094.453,T015,U07,318500.573,2550510.398,326.411,cruise,0,outage,terrain_occlusion
6095.387,T012,U08,316013.59,2547078.712,561.804,return,1,direct,
6096.618,T022,U05,316926.352,2553441.253,270.9,handover,0,outage,terrain_occlusion
6097.558,T024,U06,319988.6,2548318.494,184,handover,1,direct,
6099.208,T026,U01,318686.201,2545556.139,249.211,return,1,direct,
6099.453,T015,U07,318497.765,2550585.345,326.411,cruise,0,outage,terrain_occlusion
6100.387,T012,U08,316078.757,2547041.586,561.804,return,1,direct,
6101.618,T022,U05,316926.352,2553441.253,270.9,handover,0,outage,terrain_occlusion
6102.558,T024,U06,319988.6,2548318.494,184,handover,1,direct,
6104.208,T026,U01,318686.201,2545556.139,236.711,return,1,direct,
6104.453,T015,U07,318494.957,2550660.292,326.411,cruise,0,outage,terrain_occlusion
6105.387,T012,U08,316143.924,2547004.461,561.804,return,1,direct,
6106.618,T022,U05,316926.352,2553441.253,273.475,return,0,outage,terrain_occlusion
6107.558,T024,U06,319988.6,2548318.494,184,handover,1,direct,
6109.208,T026,U01,318686.201,2545556.139,224.211,return,1,direct,
6109.453,T015,U07,318492.149,2550735.24,326.411,cruise,0,outage,terrain_occlusion
6110.387,T012,U08,316209.091,2546967.336,561.804,return,1,direct,
6111.618,T022,U05,316926.352,2553441.253,288.475,return,0,outage,terrain_occlusion
6112.558,T024,U06,319988.6,2548318.494,184,handover,1,direct,
6114.208,T026,U01,318686.201,2545556.139,211.711,return,1,direct,
6114.453,T015,U07,318489.341,2550810.187,326.411,cruise,0,outage,terrain_occlusion
6115.387,T012,U08,316274.258,2546930.211,561.804,return,1,direct,
6116.618,T022,U05,316926.352,2553441.253,303.475,return,0,outage,terrain_occlusion
6117.558,T024,U06,319988.6,2548318.494,184,handover,1,direct,
6119.208,T026,U01,318686.201,2545556.139,199.211,return,1,direct,
6119.453,T015,U07,318488.483,2550833.078,319.465,descent,0,outage,terrain_occlusion
6120.387,T012,U08,316339.425,2546893.086,561.804,return,1,direct,
6121.618,T022,U05,316926.352,2553441.253,318.475,return,0,outage,terrain_occlusion
6122.558,T024,U06,319988.6,2548318.494,184,handover,1,direct,
6124.208,T026,U01,318686.201,2545556.139,186.711,return,1,direct,
6124.453,T015,U07,318488.483,2550833.078,309.465,descent,0,outage,terrain_occlusion
6125.387,T012,U08,316404.592,2546855.96,561.804,return,1,direct,
6126.618,T022,U05,316926.352,2553441.253,333.475,return,0,outage,terrain_occlusion
6127.558,T024,U06,319988.6,2548318.494,184,handover,1,direct,
6129.208,T026,U01,318686.201,2545556.139,174.211,return,1,direct,
6129.453,T015,U07,318488.483,2550833.078,299.465,descent,0,outage,terrain_occlusion
6130.387,T012,U08,316469.758,2546818.835,561.804,return,1,direct,
6131.618,T022,U05,316926.352,2553441.253,348.475,return,0,outage,terrain_occlusion
6132.558,T024,U06,319988.6,2548318.494,184,handover,1,direct,
6134.208,T026,U01,318686.201,2545556.139,161.711,return,1,direct,
6134.453,T015,U07,318488.483,2550833.078,289.465,descent,0,outage,terrain_occlusion
6135.387,T012,U08,316534.925,2546781.71,561.804,return,1,direct,
6136.618,T022,U05,316926.352,2553441.253,363.475,return,0,outage,terrain_occlusion
6137.558,T024,U06,319988.6,2548318.494,184,handover,1,direct,
6139.208,T026,U01,318686.201,2545556.139,149.211,return,1,direct,
6139.453,T015,U07,318488.483,2550833.078,279.465,descent,0,outage,terrain_occlusion
6140.387,T012,U08,316600.092,2546744.585,561.804,return,1,direct,
6141.618,T022,U05,316932.414,2553414.091,372.909,return,0,outage,terrain_occlusion
6142.558,T024,U06,319988.6,2548318.494,184,handover,1,direct,
6144.208,T026,U01,318686.201,2545556.139,136.711,return,1,direct,
6144.453,T015,U07,318488.483,2550833.078,269.465,descent,0,outage,terrain_occlusion
6145.387,T012,U08,316665.259,2546707.46,561.804,return,1,direct,
6146.618,T022,U05,316948.751,2553340.892,372.909,return,0,outage,terrain_occlusion
6147.558,T024,U06,319988.6,2548318.494,184,handover,1,direct,
6149.453,T015,U07,318488.483,2550833.078,259.465,descent,0,outage,terrain_occlusion
6150.387,T012,U08,316730.426,2546670.334,561.804,return,1,direct,
6151.618,T022,U05,316965.088,2553267.693,372.909,return,0,outage,terrain_occlusion
6152.558,T024,U06,319988.6,2548318.494,190.978,return,1,direct,
6154.453,T015,U07,318488.483,2550833.078,249.465,descent,0,outage,terrain_occlusion
6155.387,T012,U08,316795.593,2546633.209,561.804,return,1,direct,
6156.618,T022,U05,316981.425,2553194.494,372.909,return,0,outage,terrain_occlusion
6157.558,T024,U06,319988.6,2548318.494,205.978,return,1,direct,
6159.453,T015,U07,318488.483,2550833.078,239.465,descent,0,outage,terrain_occlusion
6160.387,T012,U08,316860.759,2546596.084,561.804,return,1,direct,
6161.618,T022,U05,316997.762,2553121.295,372.909,return,0,outage,terrain_occlusion
6162.558,T024,U06,319988.6,2548318.494,220.978,return,1,direct,
6164.453,T015,U07,318488.483,2550833.078,229.465,descent,0,outage,terrain_occlusion
6165.387,T012,U08,316925.926,2546558.959,561.804,return,1,direct,
6166.618,T022,U05,317014.1,2553048.096,372.909,return,0,outage,terrain_occlusion
6167.558,T024,U06,319988.6,2548318.494,235.978,return,1,direct,
6169.453,T015,U07,318488.483,2550833.078,219.465,descent,0,outage,terrain_occlusion
6170.387,T012,U08,316991.093,2546521.833,561.804,return,1,direct,
6171.618,T022,U05,317030.437,2552974.897,372.909,return,0,outage,terrain_occlusion
6172.558,T024,U06,319988.6,2548318.494,250.978,return,1,direct,
6174.453,T015,U07,318488.483,2550833.078,209.465,descent,0,outage,terrain_occlusion
6175.387,T012,U08,317056.26,2546484.708,561.804,return,1,direct,
6176.618,T022,U05,317046.774,2552901.698,372.909,return,0,outage,terrain_occlusion
6177.558,T024,U06,319988.6,2548318.494,265.978,return,1,direct,
6179.453,T015,U07,318488.483,2550833.078,199.465,descent,0,outage,terrain_occlusion
6180.387,T012,U08,317121.427,2546447.583,561.804,return,1,direct,
6181.618,T022,U05,317063.111,2552828.499,372.909,return,0,outage,terrain_occlusion
6182.558,T024,U06,319971.71,2548282.671,273.057,return,1,direct,
6184.453,T015,U07,318488.483,2550833.078,195,handover,0,outage,terrain_occlusion
6185.387,T012,U08,317186.594,2546410.458,561.804,return,1,direct,
6186.618,T022,U05,317079.448,2552755.3,372.909,return,0,outage,terrain_occlusion
6187.558,T024,U06,319939.725,2548214.833,273.057,return,1,direct,
6189.453,T015,U07,318488.483,2550833.078,195,handover,0,outage,terrain_occlusion
6190.387,T012,U08,317251.761,2546373.333,561.804,return,1,direct,
6191.618,T022,U05,317095.785,2552682.101,372.909,return,0,outage,terrain_occlusion
6192.558,T024,U06,319907.741,2548146.995,273.057,return,1,direct,
6194.453,T015,U07,318488.483,2550833.078,195,handover,0,outage,terrain_occlusion
6195.387,T012,U08,317316.927,2546336.207,561.804,return,1,direct,
6196.618,T022,U05,317112.122,2552608.902,372.909,return,0,outage,terrain_occlusion
6197.558,T024,U06,319875.757,2548079.157,273.057,return,1,direct,
6199.453,T015,U07,318488.483,2550833.078,195,handover,0,outage,terrain_occlusion
6200.387,T012,U08,317382.094,2546299.082,561.804,return,1,direct,
6201.618,T022,U05,317128.459,2552535.703,372.909,return,0,outage,terrain_occlusion
6202.558,T024,U06,319843.772,2548011.319,273.057,return,1,direct,
6204.453,T015,U07,318488.483,2550833.078,195,handover,0,outage,terrain_occlusion
6205.387,T012,U08,317447.261,2546261.957,561.804,return,1,direct,
6206.618,T022,U05,317144.796,2552462.503,372.909,return,0,outage,terrain_occlusion
6207.558,T024,U06,319811.788,2547943.481,273.057,return,1,direct,
6209.453,T015,U07,318488.483,2550833.078,195,handover,0,outage,terrain_occlusion
6210.387,T012,U08,317512.428,2546224.832,561.804,return,1,direct,
6211.618,T022,U05,317161.133,2552389.304,372.909,return,0,outage,terrain_occlusion
6212.558,T024,U06,319779.804,2547875.643,273.057,return,1,direct,
6214.453,T015,U07,318488.483,2550833.078,195,handover,0,outage,terrain_occlusion
6215.387,T012,U08,317577.595,2546187.707,561.804,return,1,direct,
6216.618,T022,U05,317177.47,2552316.105,372.909,return,0,outage,terrain_occlusion
6217.558,T024,U06,319747.819,2547807.804,273.057,return,1,direct,
6219.453,T015,U07,318488.483,2550833.078,195,handover,0,outage,terrain_occlusion
6220.387,T012,U08,317642.762,2546150.581,561.804,return,1,direct,
6221.618,T022,U05,317193.807,2552242.906,372.909,return,0,outage,terrain_occlusion
6222.558,T024,U06,319715.835,2547739.966,273.057,return,1,direct,
6224.453,T015,U07,318488.483,2550833.078,195,handover,0,outage,terrain_occlusion
6225.387,T012,U08,317707.929,2546113.456,561.804,return,1,direct,
6226.618,T022,U05,317210.144,2552169.707,372.909,return,0,outage,terrain_occlusion
6227.558,T024,U06,319683.85,2547672.128,273.057,return,1,direct,
6229.453,T015,U07,318488.483,2550833.078,195,handover,0,outage,terrain_occlusion
6230.387,T012,U08,317773.095,2546076.331,561.804,return,1,direct,
6231.618,T022,U05,317226.481,2552096.508,372.909,return,0,outage,terrain_occlusion
6232.558,T024,U06,319651.866,2547604.29,273.057,return,1,direct,
6234.453,T015,U07,318488.483,2550833.078,195,handover,0,outage,terrain_occlusion
6235.387,T012,U08,317838.262,2546039.206,561.804,return,1,direct,
6236.618,T022,U05,317242.818,2552023.309,372.909,return,0,outage,terrain_occlusion
6237.558,T024,U06,319619.882,2547536.452,273.057,return,1,direct,
6239.453,T015,U07,318488.483,2550833.078,195,handover,0,outage,terrain_occlusion
6240.387,T012,U08,317903.429,2546002.081,561.804,return,1,direct,
6241.618,T022,U05,317259.155,2551950.11,372.909,return,0,outage,terrain_occlusion
6242.558,T024,U06,319587.897,2547468.614,273.057,return,1,direct,
6244.453,T015,U07,318488.483,2550833.078,195,handover,0,outage,terrain_occlusion
6245.387,T012,U08,317968.596,2545964.955,561.804,return,1,direct,
6246.618,T022,U05,317275.492,2551876.911,372.909,return,0,outage,terrain_occlusion
6247.558,T024,U06,319555.913,2547400.776,273.057,return,1,direct,
6249.453,T015,U07,318488.483,2550833.078,195,handover,0,outage,terrain_occlusion
6250.387,T012,U08,318033.763,2545927.83,561.804,return,1,direct,
6251.618,T022,U05,317291.829,2551803.712,372.909,return,0,outage,terrain_occlusion
6252.558,T024,U06,319523.929,2547332.938,273.057,return,1,direct,
6254.453,T015,U07,318488.483,2550833.078,195,handover,0,outage,terrain_occlusion
6255.387,T012,U08,318098.93,2545890.705,561.804,return,1,direct,
6256.618,T022,U05,317308.166,2551730.513,372.909,return,0,outage,terrain_occlusion
6257.558,T024,U06,319491.944,2547265.1,273.057,return,1,direct,
6259.453,T015,U07,318488.483,2550833.078,195,handover,0,outage,terrain_occlusion
6260.387,T012,U08,318164.097,2545853.58,561.804,return,1,direct,
6261.618,T022,U05,317324.503,2551657.314,372.909,return,0,outage,terrain_occlusion
6262.558,T024,U06,319459.96,2547197.262,273.057,return,1,direct,
6264.453,T015,U07,318488.483,2550833.078,195,handover,0,outage,terrain_occlusion
6265.387,T012,U08,318229.263,2545816.454,561.804,return,1,direct,
6266.618,T022,U05,317340.84,2551584.115,372.909,return,0,outage,terrain_occlusion
6267.558,T024,U06,319427.976,2547129.424,273.057,return,1,direct,
6269.453,T015,U07,318488.483,2550833.078,195,handover,0,outage,terrain_occlusion
6270.387,T012,U08,318294.43,2545779.329,561.804,return,1,direct,
6271.618,T022,U05,317357.177,2551510.916,372.909,return,0,outage,terrain_occlusion
6272.558,T024,U06,319395.991,2547061.586,273.057,return,1,direct,
6274.453,T015,U07,318488.483,2550833.078,195,handover,0,outage,terrain_occlusion
6275.387,T012,U08,318359.597,2545742.204,561.804,return,1,direct,
6276.618,T022,U05,317373.514,2551437.717,372.909,return,0,outage,terrain_occlusion
6277.558,T024,U06,319364.007,2546993.748,273.057,return,1,direct,
6279.453,T015,U07,318488.483,2550833.078,195,handover,0,outage,terrain_occlusion
6280.387,T012,U08,318424.764,2545705.079,561.804,return,1,direct,
6281.618,T022,U05,317389.851,2551364.518,372.909,return,0,outage,terrain_occlusion
6282.558,T024,U06,319332.022,2546925.91,273.057,return,1,direct,
6284.453,T015,U07,318488.483,2550833.078,195,handover,0,outage,terrain_occlusion
6285.387,T012,U08,318489.931,2545667.954,561.804,return,1,direct,
6286.618,T022,U05,317406.188,2551291.319,372.909,return,0,outage,terrain_occlusion
6287.558,T024,U06,319300.038,2546858.072,273.057,return,1,direct,
6289.453,T015,U07,318488.483,2550833.078,195,handover,0,outage,terrain_occlusion
6290.387,T012,U08,318555.098,2545630.828,561.804,return,1,direct,
6291.618,T022,U05,317422.525,2551218.12,372.909,return,0,outage,terrain_occlusion
6292.558,T024,U06,319268.054,2546790.234,273.057,return,1,direct,
6294.453,T015,U07,318488.483,2550833.078,195,handover,0,outage,terrain_occlusion
6295.387,T012,U08,318620.264,2545593.703,561.804,return,1,direct,
6296.618,T022,U05,317438.862,2551144.92,372.909,return,0,outage,terrain_occlusion
6297.558,T024,U06,319236.069,2546722.396,273.057,return,1,direct,
6299.453,T015,U07,318488.483,2550833.078,195,handover,0,outage,terrain_occlusion
6300.387,T012,U08,318685.431,2545556.578,561.804,return,1,direct,
6301.618,T022,U05,317455.199,2551071.721,372.909,return,0,outage,terrain_occlusion
6302.558,T024,U06,319204.085,2546654.558,273.057,return,1,direct,
6304.453,T015,U07,318488.483,2550833.078,195,handover,0,outage,terrain_occlusion
6305.387,T012,U08,318686.201,2545556.139,551.922,return,1,direct,
6306.618,T022,U05,317471.536,2550998.522,372.909,return,0,outage,terrain_occlusion
6307.558,T024,U06,319172.101,2546586.72,273.057,return,1,direct,
6309.453,T015,U07,318488.483,2550833.078,195,handover,0,outage,terrain_occlusion
6310.387,T012,U08,318686.201,2545556.139,541.922,return,1,direct,
6311.618,T022,U05,317487.873,2550925.323,372.909,return,0,outage,terrain_occlusion
6312.558,T024,U06,319140.116,2546518.882,273.057,return,1,direct,
6314.453,T015,U07,318488.483,2550833.078,195,handover,0,outage,terrain_occlusion
6315.387,T012,U08,318686.201,2545556.139,531.922,return,1,direct,
6316.618,T022,U05,317504.21,2550852.124,372.909,return,0,outage,terrain_occlusion
6317.558,T024,U06,319108.132,2546451.044,273.057,return,1,direct,
6319.453,T015,U07,318488.483,2550833.078,195,handover,0,outage,terrain_occlusion
6320.387,T012,U08,318686.201,2545556.139,521.922,return,1,direct,
6321.618,T022,U05,317520.547,2550778.925,372.909,return,0,outage,terrain_occlusion
6322.558,T024,U06,319076.148,2546383.206,273.057,return,1,direct,
6324.453,T015,U07,318488.483,2550833.078,195,handover,0,outage,terrain_occlusion
6325.387,T012,U08,318686.201,2545556.139,511.922,return,1,direct,
6326.618,T022,U05,317536.884,2550705.726,372.909,return,0,outage,terrain_occlusion
6327.558,T024,U06,319044.163,2546315.367,273.057,return,1,direct,
6329.453,T015,U07,318488.483,2550833.078,195,handover,0,outage,terrain_occlusion
6330.387,T012,U08,318686.201,2545556.139,501.922,return,1,direct,
6331.618,T022,U05,317553.221,2550632.527,372.909,return,0,outage,terrain_occlusion
6332.558,T024,U06,319012.179,2546247.529,273.057,return,1,direct,
6334.453,T015,U07,318488.483,2550833.078,195,handover,0,outage,terrain_occlusion
6335.387,T012,U08,318686.201,2545556.139,491.922,return,1,direct,
6336.618,T022,U05,317569.558,2550559.328,372.909,return,0,outage,terrain_occlusion
6337.558,T024,U06,318980.194,2546179.691,273.057,return,1,direct,
6339.453,T015,U07,318488.483,2550833.078,195,handover,0,outage,terrain_occlusion
6340.387,T012,U08,318686.201,2545556.139,481.922,return,1,direct,
6341.618,T022,U05,317585.895,2550486.129,372.909,return,0,outage,terrain_occlusion
6342.558,T024,U06,318948.21,2546111.853,273.057,return,1,direct,
6344.453,T015,U07,318488.483,2550833.078,195,handover,0,outage,terrain_occlusion
6345.387,T012,U08,318686.201,2545556.139,471.922,return,1,direct,
6346.618,T022,U05,317602.232,2550412.93,372.909,return,0,outage,terrain_occlusion
6347.558,T024,U06,318916.226,2546044.015,273.057,return,1,direct,
6349.453,T015,U07,318488.483,2550833.078,195,handover,0,outage,terrain_occlusion
6350.387,T012,U08,318686.201,2545556.139,461.922,return,1,direct,
6351.618,T022,U05,317618.569,2550339.731,372.909,return,0,outage,terrain_occlusion
6352.558,T024,U06,318884.241,2545976.177,273.057,return,1,direct,
6354.453,T015,U07,318488.483,2550833.078,195,handover,0,outage,terrain_occlusion
6355.387,T012,U08,318686.201,2545556.139,451.922,return,1,direct,
6356.618,T022,U05,317634.906,2550266.532,372.909,return,0,outage,terrain_occlusion
6357.558,T024,U06,318852.257,2545908.339,273.057,return,1,direct,
6359.453,T015,U07,318488.483,2550833.078,195,handover,0,outage,terrain_occlusion
6360.387,T012,U08,318686.201,2545556.139,441.922,return,1,direct,
6361.618,T022,U05,317651.243,2550193.333,372.909,return,0,outage,terrain_occlusion
6362.558,T024,U06,318820.273,2545840.501,273.057,return,1,direct,
6364.453,T015,U07,318488.483,2550833.078,195,handover,0,outage,terrain_occlusion
6365.387,T012,U08,318686.201,2545556.139,431.922,return,1,direct,
6366.618,T022,U05,317667.58,2550120.134,372.909,return,0,outage,terrain_occlusion
6367.558,T024,U06,318788.288,2545772.663,273.057,return,1,direct,
6369.453,T015,U07,318488.483,2550833.078,195,handover,0,outage,terrain_occlusion
6370.387,T012,U08,318686.201,2545556.139,421.922,return,1,direct,
6371.618,T022,U05,317683.917,2550046.935,372.909,return,0,outage,terrain_occlusion
6372.558,T024,U06,318756.304,2545704.825,273.057,return,1,direct,
6374.453,T015,U07,318488.483,2550833.078,195,handover,0,outage,terrain_occlusion
6375.387,T012,U08,318686.201,2545556.139,411.922,return,1,direct,
6376.618,T022,U05,317700.254,2549973.736,372.909,return,0,outage,terrain_occlusion
6377.558,T024,U06,318724.319,2545636.987,273.057,return,1,direct,
6379.453,T015,U07,318488.483,2550833.078,195,handover,0,outage,terrain_occlusion
6380.387,T012,U08,318686.201,2545556.139,401.922,return,1,direct,
6381.618,T022,U05,317716.592,2549900.537,372.909,return,0,outage,terrain_occlusion
6382.558,T024,U06,318692.335,2545569.149,273.057,return,1,direct,
6384.453,T015,U07,318488.483,2550833.078,195,handover,0,outage,terrain_occlusion
6385.387,T012,U08,318686.201,2545556.139,391.922,return,1,direct,
6386.618,T022,U05,317732.929,2549827.337,372.909,return,0,outage,terrain_occlusion
6387.558,T024,U06,318686.201,2545556.139,262.954,return,1,direct,
6389.453,T015,U07,318488.483,2550833.078,195,handover,0,outage,terrain_occlusion
6390.387,T012,U08,318686.201,2545556.139,381.922,return,1,direct,
6391.618,T022,U05,317749.266,2549754.138,372.909,return,1,direct,
6392.558,T024,U06,318686.201,2545556.139,250.454,return,1,direct,
6394.453,T015,U07,318488.483,2550833.078,195,handover,0,outage,terrain_occlusion
6395.387,T012,U08,318686.201,2545556.139,371.922,return,1,direct,
6396.618,T022,U05,317765.603,2549680.939,372.909,return,1,direct,
6397.558,T024,U06,318686.201,2545556.139,237.954,return,1,direct,
6399.453,T015,U07,318488.483,2550833.078,195,handover,0,outage,terrain_occlusion
6400.387,T012,U08,318686.201,2545556.139,361.922,return,1,direct,
6401.618,T022,U05,317781.94,2549607.74,372.909,return,1,direct,
6402.558,T024,U06,318686.201,2545556.139,225.454,return,1,direct,
6404.453,T015,U07,318488.483,2550833.078,195,handover,0,outage,terrain_occlusion
6405.387,T012,U08,318686.201,2545556.139,351.922,return,1,direct,
6406.618,T022,U05,317798.277,2549534.541,372.909,return,1,direct,
6407.558,T024,U06,318686.201,2545556.139,212.954,return,1,direct,
6409.453,T015,U07,318488.483,2550833.078,195,handover,0,outage,terrain_occlusion
6410.387,T012,U08,318686.201,2545556.139,341.922,return,1,direct,
6411.618,T022,U05,317814.614,2549461.342,372.909,return,1,direct,
6412.558,T024,U06,318686.201,2545556.139,200.454,return,1,direct,
6414.453,T015,U07,318488.483,2550833.078,195,handover,0,outage,terrain_occlusion
6415.387,T012,U08,318686.201,2545556.139,331.922,return,1,direct,
6416.618,T022,U05,317830.951,2549388.143,372.909,return,1,direct,
6417.558,T024,U06,318686.201,2545556.139,187.954,return,1,direct,
6419.453,T015,U07,318488.483,2550833.078,195,handover,0,outage,terrain_occlusion
6420.387,T012,U08,318686.201,2545556.139,321.922,return,1,direct,
6421.618,T022,U05,317847.288,2549314.944,372.909,return,1,direct,
6422.558,T024,U06,318686.201,2545556.139,175.454,return,1,direct,
6424.453,T015,U07,318488.483,2550833.078,195,handover,0,outage,terrain_occlusion
6425.387,T012,U08,318686.201,2545556.139,311.922,return,1,direct,
6426.618,T022,U05,317863.625,2549241.745,372.909,return,1,direct,
6427.558,T024,U06,318686.201,2545556.139,162.954,return,1,direct,
6429.453,T015,U07,318488.483,2550833.078,195,handover,0,outage,terrain_occlusion
6430.387,T012,U08,318686.201,2545556.139,301.922,return,1,direct,
6431.618,T022,U05,317879.962,2549168.546,372.909,return,1,direct,
6432.558,T024,U06,318686.201,2545556.139,150.454,return,1,direct,
6434.453,T015,U07,318488.483,2550833.078,195,handover,0,outage,terrain_occlusion
6435.387,T012,U08,318686.201,2545556.139,291.922,return,1,direct,
6436.618,T022,U05,317896.299,2549095.347,372.909,return,1,direct,
6437.558,T024,U06,318686.201,2545556.139,137.954,return,1,direct,
6439.453,T015,U07,318488.483,2550833.078,195,handover,0,outage,terrain_occlusion
6440.387,T012,U08,318686.201,2545556.139,281.922,return,1,direct,
6441.618,T022,U05,317912.636,2549022.148,372.909,return,1,direct,
6444.453,T015,U07,318488.483,2550833.078,195,handover,0,outage,terrain_occlusion
6445.387,T012,U08,318686.201,2545556.139,271.922,return,1,direct,
6446.618,T022,U05,317928.973,2548948.949,372.909,return,1,direct,
6449.453,T015,U07,318488.483,2550833.078,195,handover,0,outage,terrain_occlusion
6450.387,T012,U08,318686.201,2545556.139,261.922,return,1,direct,
6451.618,T022,U05,317945.31,2548875.75,372.909,return,1,direct,
6454.453,T015,U07,318488.483,2550833.078,195,handover,0,outage,terrain_occlusion
6455.387,T012,U08,318686.201,2545556.139,251.922,return,1,direct,
6456.618,T022,U05,317961.647,2548802.551,372.909,return,1,direct,
6459.453,T015,U07,318488.483,2550833.078,195,handover,0,outage,terrain_occlusion
6460.387,T012,U08,318686.201,2545556.139,241.922,return,1,direct,
6461.618,T022,U05,317977.984,2548729.352,372.909,return,1,direct,
6464.453,T015,U07,318488.483,2550833.078,195,handover,0,outage,terrain_occlusion
6465.387,T012,U08,318686.201,2545556.139,231.922,return,1,direct,
6466.618,T022,U05,317994.321,2548656.153,372.909,return,1,direct,
6469.453,T015,U07,318488.483,2550833.078,195,handover,0,outage,terrain_occlusion
6470.387,T012,U08,318686.201,2545556.139,221.922,return,1,direct,
6471.618,T022,U05,318010.658,2548582.954,372.909,return,1,direct,
6474.453,T015,U07,318488.483,2550833.078,206.919,return,0,outage,terrain_occlusion
6475.387,T012,U08,318686.201,2545556.139,211.922,return,1,direct,
6476.618,T022,U05,318026.995,2548509.754,372.909,return,1,direct,
6479.453,T015,U07,318488.483,2550833.078,219.419,return,0,outage,terrain_occlusion
6480.387,T012,U08,318686.201,2545556.139,201.922,return,1,direct,
6481.618,T022,U05,318043.332,2548436.555,372.909,return,1,direct,
6484.453,T015,U07,318488.483,2550833.078,231.919,return,0,outage,terrain_occlusion
6485.387,T012,U08,318686.201,2545556.139,191.922,return,1,direct,
6486.618,T022,U05,318059.669,2548363.356,372.909,return,1,direct,
6489.453,T015,U07,318488.483,2550833.078,244.419,return,0,outage,terrain_occlusion
6490.387,T012,U08,318686.201,2545556.139,181.922,return,1,direct,
6491.618,T022,U05,318076.006,2548290.157,372.909,return,1,direct,
6494.453,T015,U07,318488.483,2550833.078,256.919,return,0,outage,terrain_occlusion
6495.387,T012,U08,318686.201,2545556.139,171.922,return,1,direct,
6496.618,T022,U05,318092.343,2548216.958,372.909,return,1,direct,
6499.453,T015,U07,318488.483,2550833.078,269.419,return,0,outage,terrain_occlusion
6500.387,T012,U08,318686.201,2545556.139,161.922,return,1,direct,
6501.618,T022,U05,318108.68,2548143.759,372.909,return,1,direct,
6504.453,T015,U07,318488.483,2550833.078,281.919,return,0,outage,terrain_occlusion
6505.387,T012,U08,318686.201,2545556.139,151.922,return,1,direct,
6506.618,T022,U05,318125.017,2548070.56,372.909,return,1,direct,
6509.453,T015,U07,318488.483,2550833.078,294.419,return,0,outage,terrain_occlusion
6510.387,T012,U08,318686.201,2545556.139,141.922,return,1,direct,
6511.618,T022,U05,318141.354,2547997.361,372.909,return,1,direct,
6514.453,T015,U07,318488.483,2550833.078,306.919,return,0,outage,terrain_occlusion
6515.387,T012,U08,318686.201,2545556.139,131.922,return,1,direct,
6516.618,T022,U05,318157.691,2547924.162,372.909,return,1,direct,
6519.453,T015,U07,318488.483,2550833.078,319.419,return,0,outage,terrain_occlusion
6521.618,T022,U05,318174.028,2547850.963,372.909,return,1,direct,
6524.453,T015,U07,318489.72,2550800.055,326.411,return,0,outage,terrain_occlusion
6526.618,T022,U05,318190.365,2547777.764,372.909,return,1,direct,
6529.453,T015,U07,318492.529,2550725.108,326.411,return,0,outage,terrain_occlusion
6531.618,T022,U05,318206.702,2547704.565,372.909,return,1,direct,
6534.453,T015,U07,318495.337,2550650.161,326.411,return,0,outage,terrain_occlusion
6536.618,T022,U05,318223.039,2547631.366,372.909,return,1,direct,
6539.453,T015,U07,318498.145,2550575.213,326.411,return,0,outage,terrain_occlusion
6541.618,T022,U05,318239.376,2547558.167,372.909,return,1,direct,
6544.453,T015,U07,318500.953,2550500.266,326.411,return,0,outage,terrain_occlusion
6546.618,T022,U05,318255.713,2547484.968,372.909,return,1,direct,
6549.453,T015,U07,318503.761,2550425.318,326.411,return,0,outage,terrain_occlusion
6551.618,T022,U05,318272.05,2547411.769,372.909,return,1,direct,
6554.453,T015,U07,318506.569,2550350.371,326.411,return,0,outage,terrain_occlusion
6556.618,T022,U05,318288.387,2547338.57,372.909,return,1,direct,
6559.453,T015,U07,318509.377,2550275.424,326.411,return,0,outage,terrain_occlusion
6561.618,T022,U05,318304.724,2547265.371,372.909,return,1,direct,
6564.453,T015,U07,318512.186,2550200.476,326.411,return,0,outage,terrain_occlusion
6566.618,T022,U05,318321.061,2547192.171,372.909,return,1,direct,
6569.453,T015,U07,318514.994,2550125.529,326.411,return,0,outage,terrain_occlusion
6571.618,T022,U05,318337.398,2547118.972,372.909,return,1,direct,
6574.453,T015,U07,318517.802,2550050.581,326.411,return,0,outage,terrain_occlusion
6576.618,T022,U05,318353.735,2547045.773,372.909,return,1,direct,
6579.453,T015,U07,318520.61,2549975.634,326.411,return,0,outage,terrain_occlusion
6581.618,T022,U05,318370.072,2546972.574,372.909,return,1,direct,
6584.453,T015,U07,318523.418,2549900.686,326.411,return,0,outage,terrain_occlusion
6586.618,T022,U05,318386.409,2546899.375,372.909,return,1,direct,
6589.453,T015,U07,318526.226,2549825.739,326.411,return,0,outage,terrain_occlusion
6591.618,T022,U05,318402.746,2546826.176,372.909,return,1,direct,
6594.453,T015,U07,318529.035,2549750.792,326.411,return,0,outage,terrain_occlusion
6596.618,T022,U05,318419.084,2546752.977,372.909,return,1,direct,
6599.453,T015,U07,318531.843,2549675.844,326.411,return,0,outage,terrain_occlusion
6601.618,T022,U05,318435.421,2546679.778,372.909,return,1,direct,
6604.453,T015,U07,318534.651,2549600.897,326.411,return,0,outage,terrain_occlusion
6606.618,T022,U05,318451.758,2546606.579,372.909,return,1,direct,
6609.453,T015,U07,318537.459,2549525.949,326.411,return,0,outage,terrain_occlusion
6611.618,T022,U05,318468.095,2546533.38,372.909,return,1,direct,
6614.453,T015,U07,318540.267,2549451.002,326.411,return,1,direct,
6616.618,T022,U05,318484.432,2546460.181,372.909,return,1,direct,
6619.453,T015,U07,318543.075,2549376.055,326.411,return,1,direct,
6621.618,T022,U05,318500.769,2546386.982,372.909,return,1,direct,
6624.453,T015,U07,318545.884,2549301.107,326.411,return,1,direct,
6626.618,T022,U05,318517.106,2546313.783,372.909,return,1,direct,
6629.453,T015,U07,318548.692,2549226.16,326.411,return,1,direct,
6631.618,T022,U05,318533.443,2546240.584,372.909,return,1,direct,
6634.453,T015,U07,318551.5,2549151.212,326.411,return,1,direct,
6636.618,T022,U05,318549.78,2546167.385,372.909,return,1,direct,
6639.453,T015,U07,318554.308,2549076.265,326.411,return,1,direct,
6641.618,T022,U05,318566.117,2546094.186,372.909,return,1,direct,
6644.453,T015,U07,318557.116,2549001.318,326.411,return,1,direct,
6646.618,T022,U05,318582.454,2546020.987,372.909,return,1,direct,
6649.453,T015,U07,318559.924,2548926.37,326.411,return,1,direct,
6651.618,T022,U05,318598.791,2545947.788,372.909,return,1,direct,
6654.453,T015,U07,318562.732,2548851.423,326.411,return,1,direct,
6656.618,T022,U05,318615.128,2545874.588,372.909,return,1,direct,
6659.453,T015,U07,318565.541,2548776.475,326.411,return,1,direct,
6661.618,T022,U05,318631.465,2545801.389,372.909,return,1,direct,
6664.453,T015,U07,318568.349,2548701.528,326.411,return,1,direct,
6666.618,T022,U05,318647.802,2545728.19,372.909,return,1,direct,
6669.453,T015,U07,318571.157,2548626.581,326.411,return,1,direct,
6671.618,T022,U05,318664.139,2545654.991,372.909,return,1,direct,
6674.453,T015,U07,318573.965,2548551.633,326.411,return,1,direct,
6676.618,T022,U05,318680.476,2545581.792,372.909,return,1,direct,
6679.453,T015,U07,318576.773,2548476.686,326.411,return,1,direct,
6681.618,T022,U05,318686.201,2545556.139,364.79,return,1,direct,
6684.453,T015,U07,318579.581,2548401.738,326.411,return,1,direct,
6686.618,T022,U05,318686.201,2545556.139,352.29,return,1,direct,
6689.453,T015,U07,318582.39,2548326.791,326.411,return,1,direct,
6691.618,T022,U05,318686.201,2545556.139,339.79,return,1,direct,
6694.453,T015,U07,318585.198,2548251.843,326.411,return,1,direct,
6696.618,T022,U05,318686.201,2545556.139,327.29,return,1,direct,
6699.453,T015,U07,318588.006,2548176.896,326.411,return,1,direct,
6701.618,T022,U05,318686.201,2545556.139,314.79,return,1,direct,
6704.453,T015,U07,318590.814,2548101.949,326.411,return,1,direct,
6706.618,T022,U05,318686.201,2545556.139,302.29,return,1,direct,
6709.453,T015,U07,318593.622,2548027.001,326.411,return,1,direct,
6711.618,T022,U05,318686.201,2545556.139,289.79,return,1,direct,
6714.453,T015,U07,318596.43,2547952.054,326.411,return,1,direct,
6716.618,T022,U05,318686.201,2545556.139,277.29,return,1,direct,
6719.453,T015,U07,318599.238,2547877.106,326.411,return,1,direct,
6721.618,T022,U05,318686.201,2545556.139,264.79,return,1,direct,
6724.453,T015,U07,318602.047,2547802.159,326.411,return,1,direct,
6726.618,T022,U05,318686.201,2545556.139,252.29,return,1,direct,
6729.453,T015,U07,318604.855,2547727.212,326.411,return,1,direct,
6731.618,T022,U05,318686.201,2545556.139,239.79,return,1,direct,
6734.453,T015,U07,318607.663,2547652.264,326.411,return,1,direct,
6736.618,T022,U05,318686.201,2545556.139,227.29,return,1,direct,
6739.453,T015,U07,318610.471,2547577.317,326.411,return,1,direct,
6741.618,T022,U05,318686.201,2545556.139,214.79,return,1,direct,
6744.453,T015,U07,318613.279,2547502.369,326.411,return,1,direct,
6746.618,T022,U05,318686.201,2545556.139,202.29,return,1,direct,
6749.453,T015,U07,318616.087,2547427.422,326.411,return,1,direct,
6751.618,T022,U05,318686.201,2545556.139,189.79,return,1,direct,
6754.453,T015,U07,318618.896,2547352.475,326.411,return,1,direct,
6756.618,T022,U05,318686.201,2545556.139,177.29,return,1,direct,
6759.453,T015,U07,318621.704,2547277.527,326.411,return,1,direct,
6761.618,T022,U05,318686.201,2545556.139,164.79,return,1,direct,
6764.453,T015,U07,318624.512,2547202.58,326.411,return,1,direct,
6766.618,T022,U05,318686.201,2545556.139,152.29,return,1,direct,
6769.453,T015,U07,318627.32,2547127.632,326.411,return,1,direct,
6771.618,T022,U05,318686.201,2545556.139,139.79,return,1,direct,
6774.453,T015,U07,318630.128,2547052.685,326.411,return,1,direct,
6779.453,T015,U07,318632.936,2546977.737,326.411,return,1,direct,
6784.453,T015,U07,318635.745,2546902.79,326.411,return,1,direct,
6789.453,T015,U07,318638.553,2546827.843,326.411,return,1,direct,
6794.453,T015,U07,318641.361,2546752.895,326.411,return,1,direct,
6799.453,T015,U07,318644.169,2546677.948,326.411,return,1,direct,
6804.453,T015,U07,318646.977,2546603.0,326.411,return,1,direct,
6809.453,T015,U07,318649.785,2546528.053,326.411,return,1,direct,
6814.453,T015,U07,318652.593,2546453.106,326.411,return,1,direct,
6819.453,T015,U07,318655.402,2546378.158,326.411,return,1,direct,
6824.453,T015,U07,318658.21,2546303.211,326.411,return,1,direct,
6829.453,T015,U07,318661.018,2546228.263,326.411,return,1,direct,
6834.453,T015,U07,318663.826,2546153.316,326.411,return,1,direct,
6839.453,T015,U07,318666.634,2546078.369,326.411,return,1,direct,
6844.453,T015,U07,318669.442,2546003.421,326.411,return,1,direct,
6849.453,T015,U07,318672.251,2545928.474,326.411,return,1,direct,
6854.453,T015,U07,318675.059,2545853.526,326.411,return,1,direct,
6859.453,T015,U07,318677.867,2545778.579,326.411,return,1,direct,
6864.453,T015,U07,318680.675,2545703.632,326.411,return,1,direct,
6869.453,T015,U07,318683.483,2545628.684,326.411,return,1,direct,
6874.453,T015,U07,318686.201,2545556.139,326.09,return,1,direct,
6879.453,T015,U07,318686.201,2545556.139,316.09,return,1,direct,
6884.453,T015,U07,318686.201,2545556.139,306.09,return,1,direct,
6889.453,T015,U07,318686.201,2545556.139,296.09,return,1,direct,
6894.453,T015,U07,318686.201,2545556.139,286.09,return,1,direct,
6899.453,T015,U07,318686.201,2545556.139,276.09,return,1,direct,
6904.453,T015,U07,318686.201,2545556.139,266.09,return,1,direct,
6909.453,T015,U07,318686.201,2545556.139,256.09,return,1,direct,
6914.453,T015,U07,318686.201,2545556.139,246.09,return,1,direct,
6919.453,T015,U07,318686.201,2545556.139,236.09,return,1,direct,
6924.453,T015,U07,318686.201,2545556.139,226.09,return,1,direct,
6929.453,T015,U07,318686.201,2545556.139,216.09,return,1,direct,
6934.453,T015,U07,318686.201,2545556.139,206.09,return,1,direct,
6939.453,T015,U07,318686.201,2545556.139,196.09,return,1,direct,
6944.453,T015,U07,318686.201,2545556.139,186.09,return,1,direct,
6949.453,T015,U07,318686.201,2545556.139,176.09,return,1,direct,
6954.453,T015,U07,318686.201,2545556.139,166.09,return,1,direct,
6959.453,T015,U07,318686.201,2545556.139,156.09,return,1,direct,
6964.453,T015,U07,318686.201,2545556.139,146.09,return,1,direct,
6969.453,T015,U07,318686.201,2545556.139,136.09,return,1,direct,
