time_s,trip_id,drone_id,mode,relay_id
360.0,T006,U01,direct,
360.0,T009,U02,direct,
360.0,T010,U03,direct,
360.0,T016,U04,direct,
361.0,T006,U01,direct,
361.0,T009,U02,direct,
361.0,T010,U03,direct,
361.0,T016,U04,direct,
362.0,T006,U01,direct,
362.0,T009,U02,direct,
362.0,T010,U03,direct,
362.0,T016,U04,direct,
363.0,T006,U01,direct,
363.0,T009,U02,direct,
363.0,T010,U03,direct,
363.0,T016,U04,direct,
364.0,T006,U01,direct,
364.0,T009,U02,direct,
364.0,T010,U03,direct,
364.0,T016,U04,direct,
365.0,T006,U01,direct,
365.0,T009,U02,direct,
365.0,T010,U03,direct,
365.0,T016,U04,direct,
366.0,T006,U01,direct,
366.0,T009,U02,direct,
366.0,T010,U03,direct,
366.0,T016,U04,direct,
367.0,T006,U01,direct,
367.0,T009,U02,direct,
367.0,T010,U03,direct,
367.0,T016,U04,direct,
368.0,T006,U01,direct,
368.0,T009,U02,direct,
368.0,T010,U03,direct,
368.0,T016,U04,direct,
369.0,T006,U01,direct,
369.0,T009,U02,direct,
369.0,T010,U03,direct,
369.0,T016,U04,direct,
370.0,T006,U01,direct,
370.0,T009,U02,direct,
370.0,T010,U03,direct,
370.0,T016,U04,direct,
371.0,T006,U01,direct,
371.0,T009,U02,direct,
371.0,T010,U03,direct,
371.0,T016,U04,direct,
372.0,T006,U01,direct,
372.0,T009,U02,direct,
372.0,T010,U03,direct,
372.0,T016,U04,direct,
373.0,T006,U01,direct,
373.0,T009,U02,direct,
373.0,T010,U03,direct,
373.0,T016,U04,direct,
374.0,T006,U01,direct,
374.0,T009,U02,direct,
374.0,T010,U03,direct,
374.0,T016,U04,direct,
375.0,T006,U01,direct,
375.0,T009,U02,direct,
375.0,T010,U03,direct,
375.0,T016,U04,direct,
376.0,T006,U01,direct,
376.0,T009,U02,direct,
376.0,T010,U03,direct,
376.0,T016,U04,direct,
377.0,T006,U01,direct,
377.0,T009,U02,direct,
377.0,T010,U03,direct,
377.0,T016,U04,direct,
378.0,T006,U01,direct,
378.0,T009,U02,direct,
378.0,T010,U03,direct,
378.0,T016,U04,direct,
379.0,T006,U01,direct,
379.0,T009,U02,direct,
379.0,T010,U03,direct,
379.0,T016,U04,direct,
380.0,T006,U01,direct,
380.0,T009,U02,direct,
380.0,T010,U03,direct,
380.0,T016,U04,direct,
381.0,T006,U01,direct,
381.0,T009,U02,direct,
381.0,T010,U03,direct,
381.0,T016,U04,direct,
382.0,T006,U01,direct,
382.0,T009,U02,direct,
382.0,T010,U03,direct,
382.0,T016,U04,direct,
383.0,T006,U01,direct,
383.0,T009,U02,direct,
383.0,T010,U03,direct,
383.0,T016,U04,direct,
384.0,T006,U01,direct,
384.0,T009,U02,direct,
384.0,T010,U03,direct,
384.0,T016,U04,direct,
385.0,T006,U01,direct,
385.0,T009,U02,direct,
385.0,T010,U03,direct,
385.0,T016,U04,direct,
386.0,T006,U01,direct,
386.0,T009,U02,direct,
386.0,T010,U03,direct,
386.0,T016,U04,direct,
387.0,T006,U01,direct,
387.0,T009,U02,direct,
387.0,T010,U03,direct,
387.0,T016,U04,direct,
388.0,T006,U01,direct,
388.0,T009,U02,direct,
388.0,T010,U03,direct,
388.0,T016,U04,direct,
389.0,T006,U01,direct,
389.0,T009,U02,direct,
389.0,T010,U03,direct,
389.0,T016,U04,direct,
390.0,T002,U05,direct,
390.0,T004,U06,direct,
390.0,T006,U01,direct,
390.0,T009,U02,direct,
390.0,T010,U03,direct,
390.0,T016,U04,direct,
391.0,T002,U05,direct,
391.0,T004,U06,direct,
391.0,T006,U01,direct,
391.0,T009,U02,direct,
391.0,T010,U03,direct,
391.0,T016,U04,direct,
392.0,T002,U05,direct,
392.0,T004,U06,direct,
392.0,T006,U01,direct,
392.0,T009,U02,direct,
392.0,T010,U03,direct,
392.0,T016,U04,direct,
393.0,T002,U05,direct,
393.0,T004,U06,direct,
393.0,T006,U01,direct,
393.0,T009,U02,direct,
393.0,T010,U03,direct,
393.0,T016,U04,direct,
394.0,T002,U05,direct,
394.0,T004,U06,direct,
394.0,T006,U01,direct,
394.0,T009,U02,direct,
394.0,T010,U03,direct,
394.0,T016,U04,direct,
395.0,T002,U05,direct,
395.0,T004,U06,direct,
395.0,T006,U01,direct,
395.0,T009,U02,direct,
395.0,T010,U03,direct,
395.0,T016,U04,direct,
396.0,T002,U05,direct,
396.0,T004,U06,direct,
396.0,T006,U01,direct,
396.0,T009,U02,direct,
396.0,T010,U03,direct,
396.0,T016,U04,direct,
397.0,T002,U05,direct,
397.0,T004,U06,direct,
397.0,T006,U01,direct,
397.0,T009,U02,direct,
397.0,T010,U03,direct,
397.0,T016,U04,direct,
398.0,T002,U05,direct,
398.0,T004,U06,direct,
398.0,T006,U01,direct,
398.0,T009,U02,direct,
398.0,T010,U03,direct,
398.0,T016,U04,direct,
399.0,T002,U05,direct,
399.0,T004,U06,direct,
399.0,T006,U01,direct,
399.0,T009,U02,direct,
399.0,T010,U03,direct,
399.0,T016,U04,direct,
400.0,T002,U05,direct,
400.0,T004,U06,direct,
400.0,T006,U01,direct,
400.0,T009,U02,direct,
400.0,T010,U03,direct,
400.0,T016,U04,direct,
401.0,T002,U05,direct,
401.0,T004,U06,direct,
401.0,T006,U01,direct,
401.0,T009,U02,direct,
401.0,T010,U03,direct,
401.0,T016,U04,direct,
402.0,T002,U05,direct,
402.0,T004,U06,direct,
402.0,T006,U01,direct,
402.0,T009,U02,direct,
402.0,T010,U03,direct,
402.0,T016,U04,direct,
403.0,T002,U05,direct,
403.0,T004,U06,direct,
403.0,T006,U01,direct,
403.0,T009,U02,direct,
403.0,T010,U03,direct,
403.0,T016,U04,direct,
404.0,T002,U05,direct,
404.0,T004,U06,direct,
404.0,T006,U01,direct,
404.0,T009,U02,direct,
404.0,T010,U03,direct,
404.0,T016,U04,direct,
405.0,T002,U05,direct,
405.0,T004,U06,direct,
405.0,T006,U01,direct,
405.0,T009,U02,direct,
405.0,T010,U03,direct,
405.0,T016,U04,direct,
406.0,T002,U05,direct,
406.0,T004,U06,direct,
406.0,T006,U01,direct,
406.0,T009,U02,direct,
406.0,T010,U03,direct,
406.0,T016,U04,direct,
407.0,T002,U05,direct,
407.0,T004,U06,direct,
407.0,T006,U01,direct,
407.0,T009,U02,direct,
407.0,T010,U03,direct,
407.0,T016,U04,direct,
408.0,T002,U05,direct,
408.0,T004,U06,direct,
408.0,T006,U01,direct,
408.0,T009,U02,direct,
408.0,T010,U03,direct,
408.0,T016,U04,direct,
409.0,T002,U05,direct,
409.0,T004,U06,direct,
409.0,T006,U01,direct,
409.0,T009,U02,direct,
409.0,T010,U03,direct,
409.0,T016,U04,direct,
410.0,T002,U05,direct,
410.0,T004,U06,direct,
410.0,T006,U01,direct,
410.0,T009,U02,direct,
410.0,T010,U03,direct,
410.0,T016,U04,direct,
411.0,T002,U05,direct,
411.0,T004,U06,direct,
411.0,T006,U01,direct,
411.0,T009,U02,direct,
411.0,T010,U03,direct,
411.0,T016,U04,direct,
412.0,T002,U05,direct,
412.0,T004,U06,direct,
412.0,T006,U01,direct,
412.0,T009,U02,direct,
412.0,T010,U03,direct,
412.0,T016,U04,direct,
413.0,T002,U05,direct,
413.0,T004,U06,direct,
413.0,T006,U01,direct,
413.0,T009,U02,direct,
413.0,T010,U03,direct,
413.0,T016,U04,direct,
414.0,T002,U05,direct,
414.0,T004,U06,direct,
414.0,T006,U01,direct,
414.0,T009,U02,direct,
414.0,T010,U03,direct,
414.0,T016,U04,direct,
415.0,T002,U05,direct,
415.0,T004,U06,direct,
415.0,T006,U01,direct,
415.0,T009,U02,direct,
415.0,T010,U03,direct,
415.0,T016,U04,direct,
416.0,T002,U05,direct,
416.0,T004,U06,direct,
416.0,T006,U01,direct,
416.0,T009,U02,direct,
416.0,T010,U03,direct,
416.0,T016,U04,direct,
417.0,T002,U05,direct,
417.0,T004,U06,direct,
417.0,T006,U01,direct,
417.0,T009,U02,direct,
417.0,T010,U03,direct,
417.0,T016,U04,direct,
418.0,T002,U05,direct,
418.0,T004,U06,direct,
418.0,T006,U01,direct,
418.0,T009,U02,direct,
418.0,T010,U03,direct,
418.0,T016,U04,direct,
419.0,T002,U05,direct,
419.0,T004,U06,direct,
419.0,T006,U01,direct,
419.0,T009,U02,direct,
419.0,T010,U03,direct,
419.0,T016,U04,direct,
420.0,T002,U05,direct,
420.0,T004,U06,direct,
420.0,T006,U01,direct,
420.0,T009,U02,direct,
420.0,T010,U03,direct,
420.0,T016,U04,direct,
421.0,T002,U05,direct,
421.0,T004,U06,direct,
421.0,T006,U01,direct,
421.0,T009,U02,direct,
421.0,T010,U03,direct,
421.0,T016,U04,direct,
422.0,T002,U05,direct,
422.0,T004,U06,direct,
422.0,T006,U01,direct,
422.0,T009,U02,direct,
422.0,T010,U03,direct,
422.0,T016,U04,direct,
423.0,T002,U05,direct,
423.0,T004,U06,direct,
423.0,T006,U01,direct,
423.0,T009,U02,direct,
423.0,T010,U03,direct,
423.0,T016,U04,direct,
424.0,T002,U05,direct,
424.0,T004,U06,direct,
424.0,T006,U01,direct,
424.0,T009,U02,direct,
424.0,T010,U03,direct,
424.0,T016,U04,direct,
425.0,T002,U05,direct,
425.0,T004,U06,direct,
425.0,T006,U01,direct,
425.0,T009,U02,direct,
425.0,T010,U03,direct,
425.0,T016,U04,direct,
426.0,T002,U05,direct,
426.0,T004,U06,direct,
426.0,T006,U01,direct,
426.0,T009,U02,direct,
426.0,T010,U03,direct,
426.0,T016,U04,direct,
427.0,T002,U05,direct,
427.0,T004,U06,direct,
427.0,T006,U01,direct,
427.0,T009,U02,direct,
427.0,T010,U03,direct,
427.0,T016,U04,direct,
428.0,T002,U05,direct,
428.0,T004,U06,direct,
428.0,T006,U01,direct,
428.0,T009,U02,direct,
428.0,T010,U03,direct,
428.0,T016,U04,direct,
429.0,T002,U05,direct,
429.0,T004,U06,direct,
429.0,T006,U01,direct,
429.0,T009,U02,direct,
429.0,T010,U03,direct,
429.0,T016,U04,direct,
430.0,T002,U05,direct,
430.0,T004,U06,direct,
430.0,T006,U01,direct,
430.0,T009,U02,direct,
430.0,T010,U03,direct,
430.0,T016,U04,direct,
431.0,T002,U05,direct,
431.0,T004,U06,direct,
431.0,T006,U01,direct,
431.0,T009,U02,direct,
431.0,T010,U03,direct,
431.0,T016,U04,direct,
432.0,T002,U05,direct,
432.0,T004,U06,direct,
432.0,T006,U01,direct,
432.0,T009,U02,direct,
432.0,T010,U03,direct,
432.0,T016,U04,direct,
433.0,T002,U05,direct,
433.0,T004,U06,direct,
433.0,T006,U01,direct,
433.0,T009,U02,direct,
433.0,T010,U03,direct,
433.0,T016,U04,direct,
434.0,T002,U05,direct,
434.0,T004,U06,direct,
434.0,T006,U01,direct,
434.0,T009,U02,direct,
434.0,T010,U03,direct,
434.0,T016,U04,direct,
435.0,T002,U05,direct,
435.0,T004,U06,direct,
435.0,T006,U01,direct,
435.0,T009,U02,direct,
435.0,T010,U03,direct,
435.0,T016,U04,direct,
436.0,T002,U05,direct,
436.0,T004,U06,direct,
436.0,T006,U01,direct,
436.0,T009,U02,direct,
436.0,T010,U03,direct,
436.0,T016,U04,direct,
437.0,T002,U05,direct,
437.0,T004,U06,direct,
437.0,T006,U01,direct,
437.0,T009,U02,direct,
437.0,T010,U03,direct,
437.0,T016,U04,direct,
438.0,T002,U05,direct,
438.0,T004,U06,direct,
438.0,T006,U01,direct,
438.0,T009,U02,direct,
438.0,T010,U03,direct,
438.0,T016,U04,direct,
439.0,T002,U05,direct,
439.0,T004,U06,direct,
439.0,T006,U01,direct,
439.0,T009,U02,direct,
439.0,T010,U03,direct,
439.0,T016,U04,direct,
440.0,T002,U05,direct,
440.0,T004,U06,direct,
440.0,T006,U01,direct,
440.0,T009,U02,direct,
440.0,T010,U03,direct,
440.0,T016,U04,direct,
441.0,T002,U05,direct,
441.0,T004,U06,direct,
441.0,T006,U01,direct,
441.0,T009,U02,direct,
441.0,T010,U03,direct,
441.0,T016,U04,direct,
442.0,T002,U05,direct,
442.0,T004,U06,direct,
442.0,T006,U01,direct,
442.0,T009,U02,direct,
442.0,T010,U03,direct,
442.0,T016,U04,direct,
443.0,T002,U05,direct,
443.0,T004,U06,direct,
443.0,T006,U01,direct,
443.0,T009,U02,direct,
443.0,T010,U03,direct,
443.0,T016,U04,direct,
444.0,T002,U05,direct,
444.0,T004,U06,direct,
444.0,T006,U01,direct,
444.0,T009,U02,direct,
444.0,T010,U03,direct,
444.0,T016,U04,direct,
445.0,T002,U05,direct,
445.0,T004,U06,direct,
445.0,T006,U01,direct,
445.0,T009,U02,direct,
445.0,T010,U03,direct,
445.0,T016,U04,direct,
446.0,T002,U05,direct,
446.0,T004,U06,direct,
446.0,T006,U01,direct,
446.0,T009,U02,direct,
446.0,T010,U03,direct,
446.0,T016,U04,direct,
447.0,T002,U05,direct,
447.0,T004,U06,direct,
447.0,T006,U01,direct,
447.0,T009,U02,direct,
447.0,T010,U03,direct,
447.0,T016,U04,direct,
448.0,T002,U05,direct,
448.0,T004,U06,direct,
448.0,T006,U01,direct,
448.0,T009,U02,direct,
448.0,T010,U03,direct,
448.0,T016,U04,direct,
449.0,T002,U05,direct,
449.0,T004,U06,direct,
449.0,T006,U01,direct,
449.0,T009,U02,direct,
449.0,T010,U03,direct,
449.0,T016,U04,direct,
450.0,T001,U07,direct,
450.0,T002,U05,direct,
450.0,T003,U08,direct,
450.0,T004,U06,direct,
450.0,T006,U01,direct,
450.0,T009,U02,direct,
450.0,T010,U03,direct,
450.0,T016,U04,direct,
451.0,T001,U07,direct,
451.0,T002,U05,direct,
451.0,T003,U08,direct,
451.0,T004,U06,direct,
451.0,T006,U01,direct,
451.0,T009,U02,direct,
451.0,T010,U03,direct,
451.0,T016,U04,direct,
452.0,T001,U07,direct,
452.0,T002,U05,direct,
452.0,T003,U08,direct,
452.0,T004,U06,direct,
452.0,T006,U01,direct,
452.0,T009,U02,direct,
452.0,T010,U03,direct,
452.0,T016,U04,direct,
453.0,T001,U07,direct,
453.0,T002,U05,direct,
453.0,T003,U08,direct,
453.0,T004,U06,direct,
453.0,T006,U01,direct,
453.0,T009,U02,direct,
453.0,T010,U03,direct,
453.0,T016,U04,direct,
454.0,T001,U07,direct,
454.0,T002,U05,direct,
454.0,T003,U08,direct,
454.0,T004,U06,direct,
454.0,T006,U01,direct,
454.0,T009,U02,direct,
454.0,T010,U03,direct,
454.0,T016,U04,direct,
455.0,T001,U07,direct,
455.0,T002,U05,direct,
455.0,T003,U08,direct,
455.0,T004,U06,direct,
455.0,T006,U01,direct,
455.0,T009,U02,direct,
455.0,T010,U03,direct,
455.0,T016,U04,direct,
456.0,T001,U07,direct,
456.0,T002,U05,direct,
456.0,T003,U08,direct,
456.0,T004,U06,direct,
456.0,T006,U01,direct,
456.0,T009,U02,direct,
456.0,T010,U03,direct,
456.0,T016,U04,direct,
457.0,T001,U07,direct,
457.0,T002,U05,direct,
457.0,T003,U08,direct,
457.0,T004,U06,direct,
457.0,T006,U01,direct,
457.0,T009,U02,direct,
457.0,T010,U03,direct,
457.0,T016,U04,direct,
458.0,T001,U07,direct,
458.0,T002,U05,direct,
458.0,T003,U08,direct,
458.0,T004,U06,direct,
458.0,T006,U01,direct,
458.0,T009,U02,direct,
458.0,T010,U03,direct,
458.0,T016,U04,direct,
459.0,T001,U07,direct,
459.0,T002,U05,direct,
459.0,T003,U08,direct,
459.0,T004,U06,direct,
459.0,T006,U01,direct,
459.0,T009,U02,direct,
459.0,T010,U03,direct,
459.0,T016,U04,direct,
460.0,T001,U07,direct,
460.0,T002,U05,direct,
460.0,T003,U08,direct,
460.0,T004,U06,direct,
460.0,T006,U01,direct,
460.0,T009,U02,direct,
460.0,T010,U03,direct,
460.0,T016,U04,direct,
461.0,T001,U07,direct,
461.0,T002,U05,direct,
461.0,T003,U08,direct,
461.0,T004,U06,direct,
461.0,T006,U01,direct,
461.0,T009,U02,direct,
461.0,T010,U03,direct,
461.0,T016,U04,direct,
462.0,T001,U07,direct,
462.0,T002,U05,direct,
462.0,T003,U08,direct,
462.0,T004,U06,direct,
462.0,T006,U01,direct,
462.0,T009,U02,direct,
462.0,T010,U03,direct,
462.0,T016,U04,direct,
463.0,T001,U07,direct,
463.0,T002,U05,direct,
463.0,T003,U08,direct,
463.0,T004,U06,direct,
463.0,T006,U01,direct,
463.0,T009,U02,direct,
463.0,T010,U03,direct,
463.0,T016,U04,direct,
464.0,T001,U07,direct,
464.0,T002,U05,direct,
464.0,T003,U08,direct,
464.0,T004,U06,direct,
464.0,T006,U01,direct,
464.0,T009,U02,direct,
464.0,T010,U03,direct,
464.0,T016,U04,direct,
465.0,T001,U07,direct,
465.0,T002,U05,direct,
465.0,T003,U08,direct,
465.0,T004,U06,direct,
465.0,T006,U01,direct,
465.0,T009,U02,direct,
465.0,T010,U03,direct,
465.0,T016,U04,direct,
466.0,T001,U07,direct,
466.0,T002,U05,direct,
466.0,T003,U08,direct,
466.0,T004,U06,direct,
466.0,T006,U01,direct,
466.0,T009,U02,direct,
466.0,T010,U03,direct,
466.0,T016,U04,direct,
467.0,T001,U07,direct,
467.0,T002,U05,direct,
467.0,T003,U08,direct,
467.0,T004,U06,direct,
467.0,T006,U01,direct,
467.0,T009,U02,direct,
467.0,T010,U03,direct,
467.0,T016,U04,direct,
468.0,T001,U07,direct,
468.0,T002,U05,direct,
468.0,T003,U08,direct,
468.0,T004,U06,direct,
468.0,T006,U01,direct,
468.0,T009,U02,direct,
468.0,T010,U03,direct,
468.0,T016,U04,direct,
469.0,T001,U07,direct,
469.0,T002,U05,direct,
469.0,T003,U08,direct,
469.0,T004,U06,direct,
469.0,T006,U01,direct,
469.0,T009,U02,direct,
469.0,T010,U03,direct,
469.0,T016,U04,direct,
470.0,T001,U07,direct,
470.0,T002,U05,direct,
470.0,T003,U08,direct,
470.0,T004,U06,direct,
470.0,T006,U01,direct,
470.0,T009,U02,direct,
470.0,T010,U03,direct,
470.0,T016,U04,direct,
471.0,T001,U07,direct,
471.0,T002,U05,direct,
471.0,T003,U08,direct,
471.0,T004,U06,direct,
471.0,T006,U01,direct,
471.0,T009,U02,direct,
471.0,T010,U03,direct,
471.0,T016,U04,direct,
472.0,T001,U07,direct,
472.0,T002,U05,direct,
472.0,T003,U08,direct,
472.0,T004,U06,direct,
472.0,T006,U01,direct,
472.0,T009,U02,direct,
472.0,T010,U03,direct,
472.0,T016,U04,direct,
473.0,T001,U07,direct,
473.0,T002,U05,direct,
473.0,T003,U08,direct,
473.0,T004,U06,direct,
473.0,T006,U01,direct,
473.0,T009,U02,direct,
473.0,T010,U03,direct,
473.0,T016,U04,direct,
474.0,T001,U07,direct,
474.0,T002,U05,direct,
474.0,T003,U08,direct,
474.0,T004,U06,direct,
474.0,T006,U01,direct,
474.0,T009,U02,direct,
474.0,T010,U03,direct,
474.0,T016,U04,direct,
475.0,T001,U07,direct,
475.0,T002,U05,direct,
475.0,T003,U08,direct,
475.0,T004,U06,direct,
475.0,T006,U01,direct,
475.0,T009,U02,direct,
475.0,T010,U03,direct,
475.0,T016,U04,direct,
476.0,T001,U07,direct,
476.0,T002,U05,direct,
476.0,T003,U08,direct,
476.0,T004,U06,direct,
476.0,T006,U01,direct,
476.0,T009,U02,direct,
476.0,T010,U03,direct,
476.0,T016,U04,direct,
477.0,T001,U07,direct,
477.0,T002,U05,direct,
477.0,T003,U08,direct,
477.0,T004,U06,direct,
477.0,T006,U01,direct,
477.0,T009,U02,direct,
477.0,T010,U03,direct,
477.0,T016,U04,direct,
478.0,T001,U07,direct,
478.0,T002,U05,direct,
478.0,T003,U08,direct,
478.0,T004,U06,direct,
478.0,T006,U01,direct,
478.0,T009,U02,direct,
478.0,T010,U03,direct,
478.0,T016,U04,direct,
479.0,T001,U07,direct,
479.0,T002,U05,direct,
479.0,T003,U08,direct,
479.0,T004,U06,direct,
479.0,T006,U01,direct,
479.0,T009,U02,direct,
479.0,T010,U03,direct,
479.0,T016,U04,direct,
480.0,T001,U07,direct,
480.0,T002,U05,direct,
480.0,T003,U08,direct,
480.0,T004,U06,direct,
480.0,T006,U01,direct,
480.0,T009,U02,direct,
480.0,T010,U03,direct,
480.0,T016,U04,direct,
481.0,T001,U07,direct,
481.0,T002,U05,direct,
481.0,T003,U08,direct,
481.0,T004,U06,direct,
481.0,T006,U01,direct,
481.0,T009,U02,direct,
481.0,T010,U03,direct,
481.0,T016,U04,direct,
482.0,T001,U07,direct,
482.0,T002,U05,direct,
482.0,T003,U08,direct,
482.0,T004,U06,direct,
482.0,T006,U01,direct,
482.0,T009,U02,direct,
482.0,T010,U03,direct,
482.0,T016,U04,direct,
483.0,T001,U07,direct,
483.0,T002,U05,direct,
483.0,T003,U08,direct,
483.0,T004,U06,direct,
483.0,T006,U01,direct,
483.0,T009,U02,direct,
483.0,T010,U03,direct,
483.0,T016,U04,direct,
484.0,T001,U07,direct,
484.0,T002,U05,direct,
484.0,T003,U08,direct,
484.0,T004,U06,direct,
484.0,T006,U01,direct,
484.0,T009,U02,direct,
484.0,T010,U03,direct,
484.0,T016,U04,direct,
485.0,T001,U07,direct,
485.0,T002,U05,direct,
485.0,T003,U08,direct,
485.0,T004,U06,direct,
485.0,T006,U01,direct,
485.0,T009,U02,direct,
485.0,T010,U03,direct,
485.0,T016,U04,direct,
486.0,T001,U07,direct,
486.0,T002,U05,direct,
486.0,T003,U08,direct,
486.0,T004,U06,direct,
486.0,T006,U01,direct,
486.0,T009,U02,direct,
486.0,T010,U03,direct,
486.0,T016,U04,direct,
487.0,T001,U07,direct,
487.0,T002,U05,direct,
487.0,T003,U08,direct,
487.0,T004,U06,direct,
487.0,T006,U01,direct,
487.0,T009,U02,direct,
487.0,T010,U03,direct,
487.0,T016,U04,direct,
488.0,T001,U07,direct,
488.0,T002,U05,direct,
488.0,T003,U08,direct,
488.0,T004,U06,direct,
488.0,T006,U01,direct,
488.0,T009,U02,direct,
488.0,T010,U03,direct,
488.0,T016,U04,direct,
489.0,T001,U07,direct,
489.0,T002,U05,direct,
489.0,T003,U08,direct,
489.0,T004,U06,direct,
489.0,T006,U01,direct,
489.0,T009,U02,direct,
489.0,T010,U03,direct,
489.0,T016,U04,direct,
490.0,T001,U07,direct,
490.0,T002,U05,direct,
490.0,T003,U08,direct,
490.0,T004,U06,direct,
490.0,T006,U01,direct,
490.0,T009,U02,direct,
490.0,T010,U03,direct,
490.0,T016,U04,direct,
491.0,T001,U07,direct,
491.0,T002,U05,direct,
491.0,T003,U08,direct,
491.0,T004,U06,direct,
491.0,T006,U01,direct,
491.0,T009,U02,direct,
491.0,T010,U03,direct,
491.0,T016,U04,direct,
492.0,T001,U07,direct,
492.0,T002,U05,direct,
492.0,T003,U08,direct,
492.0,T004,U06,direct,
492.0,T006,U01,direct,
492.0,T009,U02,direct,
492.0,T010,U03,direct,
492.0,T016,U04,direct,
493.0,T001,U07,direct,
493.0,T002,U05,direct,
493.0,T003,U08,direct,
493.0,T004,U06,direct,
493.0,T006,U01,direct,
493.0,T009,U02,direct,
493.0,T010,U03,direct,
493.0,T016,U04,direct,
494.0,T001,U07,direct,
494.0,T002,U05,direct,
494.0,T003,U08,direct,
494.0,T004,U06,direct,
494.0,T006,U01,direct,
494.0,T009,U02,direct,
494.0,T010,U03,direct,
494.0,T016,U04,direct,
495.0,T001,U07,direct,
495.0,T002,U05,direct,
495.0,T003,U08,direct,
495.0,T004,U06,direct,
495.0,T006,U01,direct,
495.0,T009,U02,direct,
495.0,T010,U03,direct,
495.0,T016,U04,direct,
496.0,T001,U07,direct,
496.0,T002,U05,direct,
496.0,T003,U08,direct,
496.0,T004,U06,direct,
496.0,T006,U01,direct,
496.0,T009,U02,direct,
496.0,T010,U03,direct,
496.0,T016,U04,direct,
497.0,T001,U07,direct,
497.0,T002,U05,direct,
497.0,T003,U08,direct,
497.0,T004,U06,direct,
497.0,T006,U01,direct,
497.0,T009,U02,direct,
497.0,T010,U03,direct,
497.0,T016,U04,direct,
498.0,T001,U07,direct,
498.0,T002,U05,direct,
498.0,T003,U08,direct,
498.0,T004,U06,direct,
498.0,T006,U01,direct,
498.0,T009,U02,direct,
498.0,T010,U03,direct,
498.0,T016,U04,direct,
499.0,T001,U07,direct,
499.0,T002,U05,direct,
499.0,T003,U08,direct,
499.0,T004,U06,direct,
499.0,T006,U01,direct,
499.0,T009,U02,direct,
499.0,T010,U03,direct,
499.0,T016,U04,direct,
500.0,T001,U07,direct,
500.0,T002,U05,direct,
500.0,T003,U08,direct,
500.0,T004,U06,direct,
500.0,T006,U01,direct,
500.0,T009,U02,direct,
500.0,T010,U03,direct,
500.0,T016,U04,direct,
501.0,T001,U07,direct,
501.0,T002,U05,direct,
501.0,T003,U08,direct,
501.0,T004,U06,direct,
501.0,T006,U01,direct,
501.0,T009,U02,direct,
501.0,T010,U03,direct,
501.0,T016,U04,direct,
502.0,T001,U07,direct,
502.0,T002,U05,direct,
502.0,T003,U08,direct,
502.0,T004,U06,direct,
502.0,T006,U01,direct,
502.0,T009,U02,direct,
502.0,T010,U03,direct,
502.0,T016,U04,direct,
503.0,T001,U07,direct,
503.0,T002,U05,direct,
503.0,T003,U08,direct,
503.0,T004,U06,direct,
503.0,T006,U01,direct,
503.0,T009,U02,direct,
503.0,T010,U03,direct,
503.0,T016,U04,direct,
504.0,T001,U07,direct,
504.0,T002,U05,direct,
504.0,T003,U08,direct,
504.0,T004,U06,direct,
504.0,T006,U01,direct,
504.0,T009,U02,direct,
504.0,T010,U03,direct,
504.0,T016,U04,direct,
505.0,T001,U07,direct,
505.0,T002,U05,direct,
505.0,T003,U08,direct,
505.0,T004,U06,direct,
505.0,T006,U01,direct,
505.0,T009,U02,direct,
505.0,T010,U03,direct,
505.0,T016,U04,direct,
506.0,T001,U07,direct,
506.0,T002,U05,direct,
506.0,T003,U08,direct,
506.0,T004,U06,direct,
506.0,T006,U01,direct,
506.0,T009,U02,direct,
506.0,T010,U03,direct,
506.0,T016,U04,direct,
507.0,T001,U07,direct,
507.0,T002,U05,direct,
507.0,T003,U08,direct,
507.0,T004,U06,direct,
507.0,T006,U01,direct,
507.0,T009,U02,direct,
507.0,T010,U03,direct,
507.0,T016,U04,direct,
508.0,T001,U07,direct,
508.0,T002,U05,direct,
508.0,T003,U08,direct,
508.0,T004,U06,direct,
508.0,T006,U01,direct,
508.0,T009,U02,direct,
508.0,T010,U03,direct,
508.0,T016,U04,direct,
509.0,T001,U07,direct,
509.0,T002,U05,direct,
509.0,T003,U08,direct,
509.0,T004,U06,direct,
509.0,T006,U01,direct,
509.0,T009,U02,direct,
509.0,T010,U03,direct,
509.0,T016,U04,direct,
510.0,T001,U07,direct,
510.0,T002,U05,direct,
510.0,T003,U08,direct,
510.0,T004,U06,direct,
510.0,T006,U01,direct,
510.0,T009,U02,direct,
510.0,T010,U03,direct,
510.0,T016,U04,direct,
511.0,T001,U07,direct,
511.0,T002,U05,direct,
511.0,T003,U08,direct,
511.0,T004,U06,direct,
511.0,T006,U01,direct,
511.0,T009,U02,direct,
511.0,T010,U03,direct,
511.0,T016,U04,direct,
512.0,T001,U07,direct,
512.0,T002,U05,direct,
512.0,T003,U08,direct,
512.0,T004,U06,direct,
512.0,T006,U01,direct,
512.0,T009,U02,direct,
512.0,T010,U03,direct,
512.0,T016,U04,direct,
513.0,T001,U07,direct,
513.0,T002,U05,direct,
513.0,T003,U08,direct,
513.0,T004,U06,direct,
513.0,T006,U01,direct,
513.0,T009,U02,direct,
513.0,T010,U03,direct,
513.0,T016,U04,direct,
514.0,T001,U07,direct,
514.0,T002,U05,direct,
514.0,T003,U08,direct,
514.0,T004,U06,direct,
514.0,T006,U01,direct,
514.0,T009,U02,direct,
514.0,T010,U03,direct,
514.0,T016,U04,direct,
515.0,T001,U07,direct,
515.0,T002,U05,direct,
515.0,T003,U08,direct,
515.0,T004,U06,direct,
515.0,T006,U01,direct,
515.0,T009,U02,direct,
515.0,T010,U03,direct,
515.0,T016,U04,direct,
516.0,T001,U07,direct,
516.0,T002,U05,direct,
516.0,T003,U08,direct,
516.0,T004,U06,direct,
516.0,T006,U01,direct,
516.0,T009,U02,direct,
516.0,T010,U03,direct,
516.0,T016,U04,direct,
517.0,T001,U07,direct,
517.0,T002,U05,direct,
517.0,T003,U08,direct,
517.0,T004,U06,direct,
517.0,T006,U01,direct,
517.0,T009,U02,direct,
517.0,T010,U03,direct,
517.0,T016,U04,direct,
518.0,T001,U07,direct,
518.0,T002,U05,direct,
518.0,T003,U08,direct,
518.0,T004,U06,direct,
518.0,T006,U01,direct,
518.0,T009,U02,direct,
518.0,T010,U03,direct,
518.0,T016,U04,direct,
519.0,T001,U07,direct,
519.0,T002,U05,direct,
519.0,T003,U08,direct,
519.0,T004,U06,direct,
519.0,T006,U01,direct,
519.0,T009,U02,direct,
519.0,T010,U03,direct,
519.0,T016,U04,direct,
520.0,T001,U07,direct,
520.0,T002,U05,direct,
520.0,T003,U08,direct,
520.0,T004,U06,direct,
520.0,T006,U01,direct,
520.0,T009,U02,direct,
520.0,T010,U03,direct,
520.0,T016,U04,direct,
521.0,T001,U07,direct,
521.0,T002,U05,direct,
521.0,T003,U08,direct,
521.0,T004,U06,direct,
521.0,T006,U01,direct,
521.0,T009,U02,direct,
521.0,T010,U03,direct,
521.0,T016,U04,direct,
522.0,T001,U07,direct,
522.0,T002,U05,direct,
522.0,T003,U08,direct,
522.0,T004,U06,direct,
522.0,T006,U01,direct,
522.0,T009,U02,direct,
522.0,T010,U03,direct,
522.0,T016,U04,direct,
523.0,T001,U07,direct,
523.0,T002,U05,direct,
523.0,T003,U08,direct,
523.0,T004,U06,direct,
523.0,T006,U01,direct,
523.0,T009,U02,direct,
523.0,T010,U03,direct,
523.0,T016,U04,direct,
524.0,T001,U07,direct,
524.0,T002,U05,direct,
524.0,T003,U08,direct,
524.0,T004,U06,direct,
524.0,T006,U01,direct,
524.0,T009,U02,direct,
524.0,T010,U03,direct,
524.0,T016,U04,direct,
525.0,T001,U07,direct,
525.0,T002,U05,direct,
525.0,T003,U08,direct,
525.0,T004,U06,direct,
525.0,T006,U01,direct,
525.0,T009,U02,direct,
525.0,T010,U03,direct,
525.0,T016,U04,direct,
526.0,T001,U07,direct,
526.0,T002,U05,direct,
526.0,T003,U08,direct,
526.0,T004,U06,direct,
526.0,T006,U01,direct,
526.0,T009,U02,direct,
526.0,T010,U03,direct,
526.0,T016,U04,direct,
527.0,T001,U07,direct,
527.0,T002,U05,direct,
527.0,T003,U08,direct,
527.0,T004,U06,direct,
527.0,T006,U01,direct,
527.0,T009,U02,direct,
527.0,T010,U03,direct,
527.0,T016,U04,direct,
528.0,T001,U07,direct,
528.0,T002,U05,direct,
528.0,T003,U08,direct,
528.0,T004,U06,direct,
528.0,T006,U01,direct,
528.0,T009,U02,direct,
528.0,T010,U03,direct,
528.0,T016,U04,direct,
529.0,T001,U07,direct,
529.0,T002,U05,direct,
529.0,T003,U08,direct,
529.0,T004,U06,direct,
529.0,T006,U01,direct,
529.0,T009,U02,direct,
529.0,T010,U03,direct,
529.0,T016,U04,direct,
530.0,T001,U07,direct,
530.0,T002,U05,direct,
530.0,T003,U08,direct,
530.0,T004,U06,direct,
530.0,T006,U01,direct,
530.0,T009,U02,direct,
530.0,T010,U03,direct,
530.0,T016,U04,direct,
531.0,T001,U07,direct,
531.0,T002,U05,direct,
531.0,T003,U08,direct,
531.0,T004,U06,direct,
531.0,T006,U01,direct,
531.0,T009,U02,direct,
531.0,T010,U03,direct,
531.0,T016,U04,direct,
532.0,T001,U07,direct,
532.0,T002,U05,direct,
532.0,T003,U08,direct,
532.0,T004,U06,direct,
532.0,T006,U01,direct,
532.0,T009,U02,direct,
532.0,T010,U03,direct,
532.0,T016,U04,direct,
533.0,T001,U07,direct,
533.0,T002,U05,direct,
533.0,T003,U08,direct,
533.0,T004,U06,direct,
533.0,T006,U01,direct,
533.0,T009,U02,direct,
533.0,T010,U03,direct,
533.0,T016,U04,direct,
534.0,T001,U07,direct,
534.0,T002,U05,direct,
534.0,T003,U08,direct,
534.0,T004,U06,direct,
534.0,T006,U01,direct,
534.0,T009,U02,direct,
534.0,T010,U03,direct,
534.0,T016,U04,direct,
535.0,T001,U07,direct,
535.0,T002,U05,direct,
535.0,T003,U08,direct,
535.0,T004,U06,direct,
535.0,T006,U01,direct,
535.0,T009,U02,direct,
535.0,T010,U03,direct,
535.0,T016,U04,direct,
536.0,T001,U07,direct,
536.0,T002,U05,direct,
536.0,T003,U08,direct,
536.0,T004,U06,direct,
536.0,T006,U01,direct,
536.0,T009,U02,direct,
536.0,T010,U03,direct,
536.0,T016,U04,direct,
537.0,T001,U07,direct,
537.0,T002,U05,direct,
537.0,T003,U08,direct,
537.0,T004,U06,direct,
537.0,T006,U01,direct,
537.0,T009,U02,direct,
537.0,T010,U03,direct,
537.0,T016,U04,direct,
538.0,T001,U07,direct,
538.0,T002,U05,direct,
538.0,T003,U08,direct,
538.0,T004,U06,direct,
538.0,T006,U01,direct,
538.0,T009,U02,direct,
538.0,T010,U03,direct,
538.0,T016,U04,direct,
539.0,T001,U07,direct,
539.0,T002,U05,direct,
539.0,T003,U08,direct,
539.0,T004,U06,direct,
539.0,T006,U01,direct,
539.0,T009,U02,direct,
539.0,T010,U03,direct,
539.0,T016,U04,direct,
540.0,T001,U07,direct,
540.0,T002,U05,direct,
540.0,T003,U08,direct,
540.0,T004,U06,direct,
540.0,T006,U01,direct,
540.0,T009,U02,direct,
540.0,T010,U03,direct,
540.0,T016,U04,direct,
541.0,T001,U07,direct,
541.0,T002,U05,direct,
541.0,T003,U08,direct,
541.0,T004,U06,direct,
541.0,T006,U01,direct,
541.0,T009,U02,direct,
541.0,T010,U03,direct,
541.0,T016,U04,direct,
542.0,T001,U07,direct,
542.0,T002,U05,direct,
542.0,T003,U08,direct,
542.0,T004,U06,direct,
542.0,T006,U01,direct,
542.0,T009,U02,direct,
542.0,T010,U03,direct,
542.0,T016,U04,direct,
543.0,T001,U07,direct,
543.0,T002,U05,direct,
543.0,T003,U08,direct,
543.0,T004,U06,direct,
543.0,T006,U01,direct,
543.0,T009,U02,direct,
543.0,T010,U03,direct,
543.0,T016,U04,direct,
544.0,T001,U07,direct,
544.0,T002,U05,direct,
544.0,T003,U08,direct,
544.0,T004,U06,direct,
544.0,T006,U01,direct,
544.0,T009,U02,direct,
544.0,T010,U03,direct,
544.0,T016,U04,direct,
545.0,T001,U07,direct,
545.0,T002,U05,direct,
545.0,T003,U08,direct,
545.0,T004,U06,direct,
545.0,T006,U01,direct,
545.0,T009,U02,direct,
545.0,T010,U03,direct,
545.0,T016,U04,direct,
546.0,T001,U07,direct,
546.0,T002,U05,direct,
546.0,T003,U08,direct,
546.0,T004,U06,direct,
546.0,T006,U01,direct,
546.0,T009,U02,direct,
546.0,T010,U03,direct,
546.0,T016,U04,direct,
547.0,T001,U07,direct,
547.0,T002,U05,direct,
547.0,T003,U08,direct,
547.0,T004,U06,direct,
547.0,T006,U01,direct,
547.0,T009,U02,direct,
547.0,T010,U03,direct,
547.0,T016,U04,direct,
548.0,T001,U07,direct,
548.0,T002,U05,direct,
548.0,T003,U08,direct,
548.0,T004,U06,direct,
548.0,T006,U01,direct,
548.0,T009,U02,direct,
548.0,T010,U03,direct,
548.0,T016,U04,direct,
549.0,T001,U07,direct,
549.0,T002,U05,direct,
549.0,T003,U08,direct,
549.0,T004,U06,direct,
549.0,T006,U01,direct,
549.0,T009,U02,direct,
549.0,T010,U03,direct,
549.0,T016,U04,direct,
550.0,T001,U07,direct,
550.0,T002,U05,direct,
550.0,T003,U08,direct,
550.0,T004,U06,direct,
550.0,T006,U01,direct,
550.0,T009,U02,direct,
550.0,T010,U03,direct,
550.0,T016,U04,direct,
551.0,T001,U07,direct,
551.0,T002,U05,direct,
551.0,T003,U08,direct,
551.0,T004,U06,direct,
551.0,T006,U01,direct,
551.0,T009,U02,direct,
551.0,T010,U03,direct,
551.0,T016,U04,direct,
552.0,T001,U07,direct,
552.0,T002,U05,direct,
552.0,T003,U08,direct,
552.0,T004,U06,direct,
552.0,T006,U01,direct,
552.0,T009,U02,direct,
552.0,T010,U03,direct,
552.0,T016,U04,direct,
553.0,T001,U07,direct,
553.0,T002,U05,direct,
553.0,T003,U08,direct,
553.0,T004,U06,direct,
553.0,T006,U01,direct,
553.0,T009,U02,direct,
553.0,T010,U03,direct,
553.0,T016,U04,direct,
554.0,T001,U07,direct,
554.0,T002,U05,direct,
554.0,T003,U08,direct,
554.0,T004,U06,direct,
554.0,T006,U01,direct,
554.0,T009,U02,direct,
554.0,T010,U03,direct,
554.0,T016,U04,direct,
555.0,T001,U07,direct,
555.0,T002,U05,direct,
555.0,T003,U08,direct,
555.0,T004,U06,direct,
555.0,T006,U01,direct,
555.0,T009,U02,direct,
555.0,T010,U03,direct,
555.0,T016,U04,direct,
556.0,T001,U07,direct,
556.0,T002,U05,direct,
556.0,T003,U08,direct,
556.0,T004,U06,direct,
556.0,T006,U01,direct,
556.0,T009,U02,direct,
556.0,T010,U03,direct,
556.0,T016,U04,direct,
557.0,T001,U07,direct,
557.0,T002,U05,direct,
557.0,T003,U08,direct,
557.0,T004,U06,direct,
557.0,T006,U01,direct,
557.0,T009,U02,direct,
557.0,T010,U03,direct,
557.0,T016,U04,direct,
558.0,T001,U07,direct,
558.0,T002,U05,direct,
558.0,T003,U08,direct,
558.0,T004,U06,direct,
558.0,T006,U01,direct,
558.0,T009,U02,direct,
558.0,T010,U03,direct,
558.0,T016,U04,direct,
559.0,T001,U07,direct,
559.0,T002,U05,direct,
559.0,T003,U08,direct,
559.0,T004,U06,direct,
559.0,T006,U01,direct,
559.0,T009,U02,direct,
559.0,T010,U03,direct,
559.0,T016,U04,direct,
560.0,T001,U07,direct,
560.0,T002,U05,direct,
560.0,T003,U08,direct,
560.0,T004,U06,direct,
560.0,T006,U01,direct,
560.0,T009,U02,direct,
560.0,T010,U03,direct,
560.0,T016,U04,direct,
561.0,T001,U07,direct,
561.0,T002,U05,direct,
561.0,T003,U08,direct,
561.0,T004,U06,direct,
561.0,T006,U01,direct,
561.0,T009,U02,direct,
561.0,T010,U03,direct,
561.0,T016,U04,direct,
562.0,T001,U07,direct,
562.0,T002,U05,direct,
562.0,T003,U08,direct,
562.0,T004,U06,direct,
562.0,T006,U01,direct,
562.0,T009,U02,direct,
562.0,T010,U03,direct,
562.0,T016,U04,direct,
563.0,T001,U07,direct,
563.0,T002,U05,direct,
563.0,T003,U08,direct,
563.0,T004,U06,direct,
563.0,T006,U01,direct,
563.0,T009,U02,direct,
563.0,T010,U03,direct,
563.0,T016,U04,direct,
564.0,T001,U07,direct,
564.0,T002,U05,direct,
564.0,T003,U08,direct,
564.0,T004,U06,direct,
564.0,T006,U01,direct,
564.0,T009,U02,direct,
564.0,T010,U03,direct,
564.0,T016,U04,direct,
565.0,T001,U07,direct,
565.0,T002,U05,direct,
565.0,T003,U08,direct,
565.0,T004,U06,direct,
565.0,T006,U01,direct,
565.0,T009,U02,direct,
565.0,T010,U03,direct,
565.0,T016,U04,direct,
566.0,T001,U07,direct,
566.0,T002,U05,direct,
566.0,T003,U08,direct,
566.0,T004,U06,direct,
566.0,T006,U01,direct,
566.0,T009,U02,direct,
566.0,T010,U03,direct,
566.0,T016,U04,direct,
567.0,T001,U07,direct,
567.0,T002,U05,direct,
567.0,T003,U08,direct,
567.0,T004,U06,direct,
567.0,T006,U01,direct,
567.0,T009,U02,direct,
567.0,T010,U03,direct,
567.0,T016,U04,direct,
568.0,T001,U07,direct,
568.0,T002,U05,direct,
568.0,T003,U08,direct,
568.0,T004,U06,direct,
568.0,T006,U01,direct,
568.0,T009,U02,direct,
568.0,T010,U03,direct,
568.0,T016,U04,direct,
569.0,T001,U07,direct,
569.0,T002,U05,direct,
569.0,T003,U08,direct,
569.0,T004,U06,direct,
569.0,T006,U01,direct,
569.0,T009,U02,direct,
569.0,T010,U03,direct,
569.0,T016,U04,direct,
570.0,T001,U07,direct,
570.0,T002,U05,direct,
570.0,T003,U08,direct,
570.0,T004,U06,direct,
570.0,T006,U01,direct,
570.0,T009,U02,direct,
570.0,T010,U03,direct,
570.0,T016,U04,direct,
571.0,T001,U07,direct,
571.0,T002,U05,direct,
571.0,T003,U08,direct,
571.0,T004,U06,direct,
571.0,T006,U01,direct,
571.0,T009,U02,direct,
571.0,T010,U03,direct,
571.0,T016,U04,direct,
572.0,T001,U07,direct,
572.0,T002,U05,direct,
572.0,T003,U08,direct,
572.0,T004,U06,direct,
572.0,T006,U01,direct,
572.0,T009,U02,direct,
572.0,T010,U03,direct,
572.0,T016,U04,direct,
573.0,T001,U07,direct,
573.0,T002,U05,direct,
573.0,T003,U08,direct,
573.0,T004,U06,direct,
573.0,T006,U01,direct,
573.0,T009,U02,direct,
573.0,T010,U03,direct,
573.0,T016,U04,direct,
574.0,T001,U07,direct,
574.0,T002,U05,direct,
574.0,T003,U08,direct,
574.0,T004,U06,direct,
574.0,T006,U01,direct,
574.0,T009,U02,direct,
574.0,T010,U03,direct,
574.0,T016,U04,direct,
575.0,T001,U07,direct,
575.0,T002,U05,direct,
575.0,T003,U08,direct,
575.0,T004,U06,direct,
575.0,T006,U01,direct,
575.0,T009,U02,direct,
575.0,T010,U03,direct,
575.0,T016,U04,direct,
576.0,T001,U07,direct,
576.0,T002,U05,direct,
576.0,T003,U08,direct,
576.0,T004,U06,direct,
576.0,T006,U01,direct,
576.0,T009,U02,direct,
576.0,T010,U03,direct,
576.0,T016,U04,direct,
577.0,T001,U07,direct,
577.0,T002,U05,direct,
577.0,T003,U08,direct,
577.0,T004,U06,direct,
577.0,T006,U01,direct,
577.0,T009,U02,direct,
577.0,T010,U03,direct,
577.0,T016,U04,direct,
578.0,T001,U07,direct,
578.0,T002,U05,direct,
578.0,T003,U08,direct,
578.0,T004,U06,direct,
578.0,T006,U01,direct,
578.0,T009,U02,direct,
578.0,T010,U03,direct,
578.0,T016,U04,direct,
579.0,T001,U07,direct,
579.0,T002,U05,direct,
579.0,T003,U08,direct,
579.0,T004,U06,direct,
579.0,T006,U01,direct,
579.0,T009,U02,direct,
579.0,T010,U03,direct,
579.0,T016,U04,direct,
580.0,T001,U07,direct,
580.0,T002,U05,direct,
580.0,T003,U08,direct,
580.0,T004,U06,direct,
580.0,T006,U01,direct,
580.0,T009,U02,direct,
580.0,T010,U03,direct,
580.0,T016,U04,direct,
581.0,T001,U07,direct,
581.0,T002,U05,direct,
581.0,T003,U08,direct,
581.0,T004,U06,direct,
581.0,T006,U01,direct,
581.0,T009,U02,direct,
581.0,T010,U03,direct,
581.0,T016,U04,direct,
582.0,T001,U07,direct,
582.0,T002,U05,direct,
582.0,T003,U08,direct,
582.0,T004,U06,direct,
582.0,T006,U01,direct,
582.0,T009,U02,direct,
582.0,T010,U03,direct,
582.0,T016,U04,direct,
583.0,T001,U07,direct,
583.0,T002,U05,direct,
583.0,T003,U08,direct,
583.0,T004,U06,direct,
583.0,T006,U01,direct,
583.0,T009,U02,direct,
583.0,T010,U03,direct,
583.0,T016,U04,direct,
584.0,T001,U07,direct,
584.0,T002,U05,direct,
584.0,T003,U08,direct,
584.0,T004,U06,direct,
584.0,T006,U01,direct,
584.0,T009,U02,direct,
584.0,T010,U03,direct,
584.0,T016,U04,direct,
585.0,T001,U07,direct,
585.0,T002,U05,direct,
585.0,T003,U08,direct,
585.0,T004,U06,direct,
585.0,T006,U01,direct,
585.0,T009,U02,direct,
585.0,T010,U03,direct,
585.0,T016,U04,direct,
586.0,T001,U07,direct,
586.0,T002,U05,direct,
586.0,T003,U08,direct,
586.0,T004,U06,direct,
586.0,T006,U01,direct,
586.0,T009,U02,direct,
586.0,T010,U03,direct,
586.0,T016,U04,direct,
587.0,T001,U07,direct,
587.0,T002,U05,direct,
587.0,T003,U08,direct,
587.0,T004,U06,direct,
587.0,T006,U01,direct,
587.0,T009,U02,direct,
587.0,T010,U03,direct,
587.0,T016,U04,direct,
588.0,T001,U07,direct,
588.0,T002,U05,direct,
588.0,T003,U08,direct,
588.0,T004,U06,direct,
588.0,T006,U01,direct,
588.0,T009,U02,direct,
588.0,T010,U03,direct,
588.0,T016,U04,direct,
589.0,T001,U07,direct,
589.0,T002,U05,direct,
589.0,T003,U08,direct,
589.0,T004,U06,direct,
589.0,T006,U01,direct,
589.0,T009,U02,direct,
589.0,T010,U03,direct,
589.0,T016,U04,direct,
590.0,T001,U07,direct,
590.0,T002,U05,direct,
590.0,T003,U08,direct,
590.0,T004,U06,direct,
590.0,T006,U01,direct,
590.0,T009,U02,direct,
590.0,T010,U03,direct,
590.0,T016,U04,direct,
591.0,T001,U07,direct,
591.0,T002,U05,direct,
591.0,T003,U08,direct,
591.0,T004,U06,direct,
591.0,T006,U01,direct,
591.0,T009,U02,direct,
591.0,T010,U03,direct,
591.0,T016,U04,direct,
592.0,T001,U07,direct,
592.0,T002,U05,direct,
592.0,T003,U08,direct,
592.0,T004,U06,direct,
592.0,T006,U01,direct,
592.0,T009,U02,direct,
592.0,T010,U03,direct,
592.0,T016,U04,direct,
593.0,T001,U07,direct,
593.0,T002,U05,direct,
593.0,T003,U08,direct,
593.0,T004,U06,direct,
593.0,T006,U01,direct,
593.0,T009,U02,direct,
593.0,T010,U03,direct,
593.0,T016,U04,direct,
594.0,T001,U07,direct,
594.0,T002,U05,direct,
594.0,T003,U08,direct,
594.0,T004,U06,direct,
594.0,T006,U01,direct,
594.0,T009,U02,direct,
594.0,T010,U03,direct,
594.0,T016,U04,direct,
595.0,T001,U07,direct,
595.0,T002,U05,direct,
595.0,T003,U08,direct,
595.0,T004,U06,direct,
595.0,T006,U01,direct,
595.0,T009,U02,direct,
595.0,T010,U03,direct,
595.0,T016,U04,direct,
596.0,T001,U07,direct,
596.0,T002,U05,direct,
596.0,T003,U08,direct,
596.0,T004,U06,direct,
596.0,T006,U01,direct,
596.0,T009,U02,direct,
596.0,T010,U03,direct,
596.0,T016,U04,direct,
597.0,T001,U07,direct,
597.0,T002,U05,direct,
597.0,T003,U08,direct,
597.0,T004,U06,direct,
597.0,T006,U01,direct,
597.0,T009,U02,direct,
597.0,T010,U03,direct,
597.0,T016,U04,direct,
598.0,T001,U07,direct,
598.0,T002,U05,direct,
598.0,T003,U08,direct,
598.0,T004,U06,direct,
598.0,T006,U01,direct,
598.0,T009,U02,direct,
598.0,T010,U03,direct,
598.0,T016,U04,direct,
599.0,T001,U07,direct,
599.0,T002,U05,direct,
599.0,T003,U08,direct,
599.0,T004,U06,direct,
599.0,T006,U01,direct,
599.0,T009,U02,direct,
599.0,T010,U03,direct,
599.0,T016,U04,direct,
600.0,T001,U07,direct,
600.0,T002,U05,direct,
600.0,T003,U08,direct,
600.0,T004,U06,direct,
600.0,T006,U01,direct,
600.0,T009,U02,direct,
600.0,T010,U03,direct,
600.0,T016,U04,direct,
601.0,T001,U07,direct,
601.0,T002,U05,direct,
601.0,T003,U08,direct,
601.0,T004,U06,direct,
601.0,T006,U01,direct,
601.0,T009,U02,direct,
601.0,T010,U03,direct,
601.0,T016,U04,direct,
602.0,T001,U07,direct,
602.0,T002,U05,direct,
602.0,T003,U08,direct,
602.0,T004,U06,direct,
602.0,T006,U01,direct,
602.0,T009,U02,direct,
602.0,T010,U03,direct,
602.0,T016,U04,direct,
603.0,T001,U07,direct,
603.0,T002,U05,direct,
603.0,T003,U08,direct,
603.0,T004,U06,direct,
603.0,T006,U01,direct,
603.0,T009,U02,direct,
603.0,T010,U03,direct,
603.0,T016,U04,direct,
604.0,T001,U07,direct,
604.0,T002,U05,direct,
604.0,T003,U08,direct,
604.0,T004,U06,direct,
604.0,T006,U01,direct,
604.0,T009,U02,direct,
604.0,T010,U03,direct,
604.0,T016,U04,direct,
605.0,T001,U07,direct,
605.0,T002,U05,direct,
605.0,T003,U08,direct,
605.0,T004,U06,direct,
605.0,T006,U01,direct,
605.0,T009,U02,direct,
605.0,T010,U03,direct,
605.0,T016,U04,direct,
606.0,T001,U07,direct,
606.0,T002,U05,direct,
606.0,T003,U08,direct,
606.0,T004,U06,direct,
606.0,T006,U01,direct,
606.0,T009,U02,direct,
606.0,T010,U03,direct,
606.0,T016,U04,direct,
607.0,T001,U07,direct,
607.0,T002,U05,direct,
607.0,T003,U08,direct,
607.0,T004,U06,direct,
607.0,T006,U01,direct,
607.0,T009,U02,direct,
607.0,T010,U03,direct,
607.0,T016,U04,direct,
608.0,T001,U07,direct,
608.0,T002,U05,direct,
608.0,T003,U08,direct,
608.0,T004,U06,direct,
608.0,T006,U01,direct,
608.0,T009,U02,direct,
608.0,T010,U03,direct,
608.0,T016,U04,direct,
609.0,T001,U07,direct,
609.0,T002,U05,direct,
609.0,T003,U08,direct,
609.0,T004,U06,direct,
609.0,T006,U01,direct,
609.0,T009,U02,direct,
609.0,T010,U03,direct,
609.0,T016,U04,direct,
610.0,T001,U07,direct,
610.0,T002,U05,direct,
610.0,T003,U08,direct,
610.0,T004,U06,direct,
610.0,T006,U01,direct,
610.0,T009,U02,direct,
610.0,T010,U03,direct,
610.0,T016,U04,direct,
611.0,T001,U07,direct,
611.0,T002,U05,direct,
611.0,T003,U08,direct,
611.0,T004,U06,direct,
611.0,T006,U01,direct,
611.0,T009,U02,direct,
611.0,T010,U03,direct,
611.0,T016,U04,direct,
612.0,T001,U07,direct,
612.0,T002,U05,direct,
612.0,T003,U08,direct,
612.0,T004,U06,direct,
612.0,T006,U01,direct,
612.0,T009,U02,direct,
612.0,T010,U03,direct,
612.0,T016,U04,direct,
613.0,T001,U07,direct,
613.0,T002,U05,direct,
613.0,T003,U08,direct,
613.0,T004,U06,direct,
613.0,T006,U01,direct,
613.0,T009,U02,direct,
613.0,T010,U03,direct,
613.0,T016,U04,direct,
614.0,T001,U07,direct,
614.0,T002,U05,direct,
614.0,T003,U08,direct,
614.0,T004,U06,direct,
614.0,T006,U01,direct,
614.0,T009,U02,direct,
614.0,T010,U03,direct,
614.0,T016,U04,direct,
615.0,T001,U07,direct,
615.0,T002,U05,direct,
615.0,T003,U08,direct,
615.0,T004,U06,direct,
615.0,T006,U01,direct,
615.0,T009,U02,direct,
615.0,T010,U03,direct,
615.0,T016,U04,direct,
616.0,T001,U07,direct,
616.0,T002,U05,direct,
616.0,T003,U08,direct,
616.0,T004,U06,direct,
616.0,T006,U01,direct,
616.0,T009,U02,direct,
616.0,T010,U03,direct,
616.0,T016,U04,direct,
617.0,T001,U07,direct,
617.0,T002,U05,direct,
617.0,T003,U08,direct,
617.0,T004,U06,direct,
617.0,T006,U01,direct,
617.0,T009,U02,direct,
617.0,T010,U03,direct,
617.0,T016,U04,direct,
618.0,T001,U07,direct,
618.0,T002,U05,direct,
618.0,T003,U08,direct,
618.0,T004,U06,direct,
618.0,T006,U01,direct,
618.0,T009,U02,direct,
618.0,T010,U03,direct,
618.0,T016,U04,direct,
619.0,T001,U07,direct,
619.0,T002,U05,direct,
619.0,T003,U08,direct,
619.0,T004,U06,direct,
619.0,T006,U01,direct,
619.0,T009,U02,direct,
619.0,T010,U03,direct,
619.0,T016,U04,direct,
620.0,T001,U07,direct,
620.0,T002,U05,direct,
620.0,T003,U08,direct,
620.0,T004,U06,direct,
620.0,T006,U01,direct,
620.0,T009,U02,direct,
620.0,T010,U03,direct,
620.0,T016,U04,direct,
621.0,T001,U07,direct,
621.0,T002,U05,direct,
621.0,T003,U08,direct,
621.0,T004,U06,direct,
621.0,T006,U01,direct,
621.0,T009,U02,direct,
621.0,T010,U03,direct,
621.0,T016,U04,direct,
622.0,T001,U07,direct,
622.0,T002,U05,direct,
622.0,T003,U08,direct,
622.0,T004,U06,direct,
622.0,T006,U01,direct,
622.0,T009,U02,direct,
622.0,T010,U03,direct,
622.0,T016,U04,direct,
623.0,T001,U07,direct,
623.0,T002,U05,direct,
623.0,T003,U08,direct,
623.0,T004,U06,direct,
623.0,T006,U01,direct,
623.0,T009,U02,direct,
623.0,T010,U03,direct,
623.0,T016,U04,direct,
624.0,T001,U07,direct,
624.0,T002,U05,direct,
624.0,T003,U08,direct,
624.0,T004,U06,direct,
624.0,T006,U01,direct,
624.0,T009,U02,direct,
624.0,T010,U03,direct,
624.0,T016,U04,direct,
625.0,T001,U07,direct,
625.0,T002,U05,direct,
625.0,T003,U08,direct,
625.0,T004,U06,direct,
625.0,T006,U01,direct,
625.0,T009,U02,direct,
625.0,T010,U03,direct,
625.0,T016,U04,direct,
626.0,T001,U07,direct,
626.0,T002,U05,direct,
626.0,T003,U08,direct,
626.0,T004,U06,direct,
626.0,T006,U01,direct,
626.0,T009,U02,direct,
626.0,T010,U03,direct,
626.0,T016,U04,direct,
627.0,T001,U07,direct,
627.0,T002,U05,direct,
627.0,T003,U08,direct,
627.0,T004,U06,direct,
627.0,T006,U01,direct,
627.0,T009,U02,direct,
627.0,T010,U03,direct,
627.0,T016,U04,direct,
628.0,T001,U07,direct,
628.0,T002,U05,direct,
628.0,T003,U08,direct,
628.0,T004,U06,direct,
628.0,T006,U01,direct,
628.0,T009,U02,direct,
628.0,T010,U03,direct,
628.0,T016,U04,direct,
629.0,T001,U07,direct,
629.0,T002,U05,direct,
629.0,T003,U08,direct,
629.0,T004,U06,direct,
629.0,T006,U01,direct,
629.0,T009,U02,direct,
629.0,T010,U03,direct,
629.0,T016,U04,direct,
630.0,T001,U07,direct,
630.0,T002,U05,direct,
630.0,T003,U08,direct,
630.0,T004,U06,direct,
630.0,T006,U01,direct,
630.0,T009,U02,direct,
630.0,T010,U03,direct,
630.0,T016,U04,direct,
631.0,T001,U07,direct,
631.0,T002,U05,direct,
631.0,T003,U08,direct,
631.0,T004,U06,direct,
631.0,T006,U01,direct,
631.0,T009,U02,direct,
631.0,T010,U03,direct,
631.0,T016,U04,direct,
632.0,T001,U07,direct,
632.0,T002,U05,direct,
632.0,T003,U08,direct,
632.0,T004,U06,direct,
632.0,T006,U01,direct,
632.0,T009,U02,direct,
632.0,T010,U03,direct,
632.0,T016,U04,direct,
633.0,T001,U07,direct,
633.0,T002,U05,direct,
633.0,T003,U08,direct,
633.0,T004,U06,direct,
633.0,T006,U01,direct,
633.0,T009,U02,direct,
633.0,T010,U03,direct,
633.0,T016,U04,direct,
634.0,T001,U07,direct,
634.0,T002,U05,direct,
634.0,T003,U08,direct,
634.0,T004,U06,direct,
634.0,T006,U01,direct,
634.0,T009,U02,direct,
634.0,T010,U03,direct,
634.0,T016,U04,direct,
635.0,T001,U07,direct,
635.0,T002,U05,direct,
635.0,T003,U08,direct,
635.0,T004,U06,direct,
635.0,T006,U01,direct,
635.0,T009,U02,direct,
635.0,T010,U03,direct,
635.0,T016,U04,direct,
636.0,T001,U07,direct,
636.0,T002,U05,direct,
636.0,T003,U08,direct,
636.0,T004,U06,direct,
636.0,T006,U01,direct,
636.0,T009,U02,direct,
636.0,T010,U03,direct,
636.0,T016,U04,direct,
637.0,T001,U07,direct,
637.0,T002,U05,direct,
637.0,T003,U08,direct,
637.0,T004,U06,direct,
637.0,T006,U01,direct,
637.0,T009,U02,direct,
637.0,T010,U03,direct,
637.0,T016,U04,direct,
638.0,T001,U07,direct,
638.0,T002,U05,direct,
638.0,T003,U08,direct,
638.0,T004,U06,direct,
638.0,T006,U01,direct,
638.0,T009,U02,direct,
638.0,T010,U03,direct,
638.0,T016,U04,direct,
639.0,T001,U07,direct,
639.0,T002,U05,direct,
639.0,T003,U08,direct,
639.0,T004,U06,direct,
639.0,T006,U01,direct,
639.0,T009,U02,direct,
639.0,T010,U03,direct,
639.0,T016,U04,direct,
640.0,T001,U07,direct,
640.0,T002,U05,direct,
640.0,T003,U08,direct,
640.0,T004,U06,direct,
640.0,T006,U01,direct,
640.0,T009,U02,direct,
640.0,T010,U03,direct,
640.0,T016,U04,direct,
641.0,T001,U07,direct,
641.0,T002,U05,direct,
641.0,T003,U08,direct,
641.0,T004,U06,direct,
641.0,T006,U01,direct,
641.0,T009,U02,direct,
641.0,T010,U03,direct,
641.0,T016,U04,direct,
642.0,T001,U07,direct,
642.0,T002,U05,direct,
642.0,T003,U08,direct,
642.0,T004,U06,direct,
642.0,T006,U01,direct,
642.0,T009,U02,direct,
642.0,T010,U03,direct,
642.0,T016,U04,direct,
643.0,T001,U07,direct,
643.0,T002,U05,direct,
643.0,T003,U08,direct,
643.0,T004,U06,direct,
643.0,T006,U01,direct,
643.0,T009,U02,direct,
643.0,T010,U03,direct,
643.0,T016,U04,direct,
644.0,T001,U07,direct,
644.0,T002,U05,direct,
644.0,T003,U08,direct,
644.0,T004,U06,direct,
644.0,T006,U01,direct,
644.0,T009,U02,direct,
644.0,T010,U03,direct,
644.0,T016,U04,direct,
645.0,T001,U07,direct,
645.0,T002,U05,direct,
645.0,T003,U08,direct,
645.0,T004,U06,direct,
645.0,T006,U01,direct,
645.0,T009,U02,direct,
645.0,T010,U03,direct,
645.0,T016,U04,direct,
646.0,T001,U07,direct,
646.0,T002,U05,direct,
646.0,T003,U08,direct,
646.0,T004,U06,direct,
646.0,T006,U01,direct,
646.0,T009,U02,direct,
646.0,T010,U03,direct,
646.0,T016,U04,direct,
647.0,T001,U07,direct,
647.0,T002,U05,direct,
647.0,T003,U08,direct,
647.0,T004,U06,direct,
647.0,T006,U01,direct,
647.0,T009,U02,direct,
647.0,T010,U03,direct,
647.0,T016,U04,direct,
648.0,T001,U07,direct,
648.0,T002,U05,direct,
648.0,T003,U08,direct,
648.0,T004,U06,direct,
648.0,T006,U01,direct,
648.0,T009,U02,direct,
648.0,T010,U03,direct,
648.0,T016,U04,direct,
649.0,T001,U07,direct,
649.0,T002,U05,direct,
649.0,T003,U08,direct,
649.0,T004,U06,direct,
649.0,T006,U01,direct,
649.0,T009,U02,direct,
649.0,T010,U03,direct,
649.0,T016,U04,direct,
650.0,T001,U07,direct,
650.0,T002,U05,direct,
650.0,T003,U08,direct,
650.0,T004,U06,direct,
650.0,T006,U01,direct,
650.0,T009,U02,direct,
650.0,T010,U03,direct,
650.0,T016,U04,direct,
651.0,T001,U07,direct,
651.0,T002,U05,direct,
651.0,T003,U08,direct,
651.0,T004,U06,direct,
651.0,T006,U01,direct,
651.0,T009,U02,direct,
651.0,T010,U03,direct,
651.0,T016,U04,direct,
652.0,T001,U07,direct,
652.0,T002,U05,direct,
652.0,T003,U08,direct,
652.0,T004,U06,direct,
652.0,T006,U01,direct,
652.0,T009,U02,direct,
652.0,T010,U03,direct,
652.0,T016,U04,direct,
653.0,T001,U07,direct,
653.0,T002,U05,direct,
653.0,T003,U08,direct,
653.0,T004,U06,direct,
653.0,T006,U01,direct,
653.0,T009,U02,direct,
653.0,T010,U03,direct,
653.0,T016,U04,direct,
654.0,T001,U07,direct,
654.0,T002,U05,direct,
654.0,T003,U08,direct,
654.0,T004,U06,direct,
654.0,T006,U01,direct,
654.0,T009,U02,direct,
654.0,T010,U03,direct,
654.0,T016,U04,direct,
655.0,T001,U07,direct,
655.0,T002,U05,direct,
655.0,T003,U08,direct,
655.0,T004,U06,direct,
655.0,T006,U01,direct,
655.0,T009,U02,direct,
655.0,T010,U03,direct,
655.0,T016,U04,direct,
656.0,T001,U07,direct,
656.0,T002,U05,direct,
656.0,T003,U08,direct,
656.0,T004,U06,direct,
656.0,T006,U01,direct,
656.0,T009,U02,direct,
656.0,T010,U03,direct,
656.0,T016,U04,direct,
657.0,T001,U07,direct,
657.0,T002,U05,direct,
657.0,T003,U08,direct,
657.0,T004,U06,direct,
657.0,T006,U01,direct,
657.0,T009,U02,direct,
657.0,T010,U03,direct,
657.0,T016,U04,direct,
658.0,T001,U07,direct,
658.0,T002,U05,direct,
658.0,T003,U08,direct,
658.0,T004,U06,direct,
658.0,T006,U01,direct,
658.0,T009,U02,direct,
658.0,T010,U03,direct,
658.0,T016,U04,direct,
659.0,T001,U07,direct,
659.0,T002,U05,direct,
659.0,T003,U08,direct,
659.0,T004,U06,direct,
659.0,T006,U01,direct,
659.0,T009,U02,direct,
659.0,T010,U03,direct,
659.0,T016,U04,direct,
660.0,T001,U07,direct,
660.0,T002,U05,direct,
660.0,T003,U08,direct,
660.0,T004,U06,direct,
660.0,T006,U01,direct,
660.0,T009,U02,direct,
660.0,T010,U03,direct,
660.0,T016,U04,direct,
661.0,T001,U07,direct,
661.0,T002,U05,direct,
661.0,T003,U08,direct,
661.0,T004,U06,direct,
661.0,T006,U01,direct,
661.0,T009,U02,direct,
661.0,T010,U03,direct,
661.0,T016,U04,direct,
662.0,T001,U07,direct,
662.0,T002,U05,direct,
662.0,T003,U08,direct,
662.0,T004,U06,direct,
662.0,T006,U01,direct,
662.0,T009,U02,direct,
662.0,T010,U03,direct,
662.0,T016,U04,direct,
663.0,T001,U07,direct,
663.0,T002,U05,direct,
663.0,T003,U08,direct,
663.0,T004,U06,direct,
663.0,T006,U01,direct,
663.0,T009,U02,direct,
663.0,T010,U03,direct,
663.0,T016,U04,direct,
664.0,T001,U07,direct,
664.0,T002,U05,direct,
664.0,T003,U08,direct,
664.0,T004,U06,direct,
664.0,T006,U01,direct,
664.0,T009,U02,direct,
664.0,T010,U03,direct,
664.0,T016,U04,direct,
665.0,T001,U07,direct,
665.0,T002,U05,direct,
665.0,T003,U08,direct,
665.0,T004,U06,direct,
665.0,T006,U01,direct,
665.0,T009,U02,direct,
665.0,T010,U03,direct,
665.0,T016,U04,direct,
666.0,T001,U07,direct,
666.0,T002,U05,direct,
666.0,T003,U08,direct,
666.0,T004,U06,direct,
666.0,T006,U01,direct,
666.0,T009,U02,direct,
666.0,T010,U03,direct,
666.0,T016,U04,direct,
667.0,T001,U07,direct,
667.0,T002,U05,direct,
667.0,T003,U08,direct,
667.0,T004,U06,direct,
667.0,T006,U01,direct,
667.0,T009,U02,direct,
667.0,T010,U03,direct,
667.0,T016,U04,direct,
668.0,T001,U07,direct,
668.0,T002,U05,direct,
668.0,T003,U08,direct,
668.0,T004,U06,direct,
668.0,T006,U01,direct,
668.0,T009,U02,direct,
668.0,T010,U03,direct,
668.0,T016,U04,direct,
669.0,T001,U07,direct,
669.0,T002,U05,direct,
669.0,T003,U08,direct,
669.0,T004,U06,direct,
669.0,T006,U01,direct,
669.0,T009,U02,direct,
669.0,T010,U03,direct,
669.0,T016,U04,direct,
670.0,T001,U07,direct,
670.0,T002,U05,direct,
670.0,T003,U08,direct,
670.0,T004,U06,direct,
670.0,T006,U01,direct,
670.0,T009,U02,direct,
670.0,T010,U03,direct,
670.0,T016,U04,direct,
671.0,T001,U07,direct,
671.0,T002,U05,direct,
671.0,T003,U08,direct,
671.0,T004,U06,direct,
671.0,T006,U01,direct,
671.0,T009,U02,direct,
671.0,T010,U03,direct,
671.0,T016,U04,direct,
672.0,T001,U07,direct,
672.0,T002,U05,direct,
672.0,T003,U08,direct,
672.0,T004,U06,direct,
672.0,T006,U01,direct,
672.0,T009,U02,direct,
672.0,T010,U03,direct,
672.0,T016,U04,direct,
673.0,T001,U07,direct,
673.0,T002,U05,direct,
673.0,T003,U08,direct,
673.0,T004,U06,direct,
673.0,T006,U01,direct,
673.0,T009,U02,direct,
673.0,T010,U03,direct,
673.0,T016,U04,direct,
674.0,T001,U07,direct,
674.0,T002,U05,direct,
674.0,T003,U08,direct,
674.0,T004,U06,direct,
674.0,T006,U01,direct,
674.0,T009,U02,direct,
674.0,T010,U03,direct,
674.0,T016,U04,direct,
675.0,T001,U07,direct,
675.0,T002,U05,direct,
675.0,T003,U08,direct,
675.0,T004,U06,direct,
675.0,T006,U01,direct,
675.0,T009,U02,direct,
675.0,T010,U03,direct,
675.0,T016,U04,direct,
676.0,T001,U07,direct,
676.0,T002,U05,direct,
676.0,T003,U08,direct,
676.0,T004,U06,direct,
676.0,T006,U01,direct,
676.0,T009,U02,direct,
676.0,T010,U03,direct,
676.0,T016,U04,direct,
677.0,T001,U07,direct,
677.0,T002,U05,direct,
677.0,T003,U08,direct,
677.0,T004,U06,direct,
677.0,T006,U01,direct,
677.0,T009,U02,direct,
677.0,T010,U03,direct,
677.0,T016,U04,direct,
678.0,T001,U07,direct,
678.0,T002,U05,direct,
678.0,T003,U08,direct,
678.0,T004,U06,direct,
678.0,T006,U01,direct,
678.0,T009,U02,direct,
678.0,T010,U03,direct,
678.0,T016,U04,direct,
679.0,T001,U07,direct,
679.0,T002,U05,direct,
679.0,T003,U08,direct,
679.0,T004,U06,direct,
679.0,T006,U01,direct,
679.0,T009,U02,direct,
679.0,T010,U03,direct,
679.0,T016,U04,direct,
680.0,T001,U07,direct,
680.0,T002,U05,direct,
680.0,T003,U08,direct,
680.0,T004,U06,direct,
680.0,T006,U01,direct,
680.0,T009,U02,direct,
680.0,T010,U03,direct,
680.0,T016,U04,direct,
681.0,T001,U07,direct,
681.0,T002,U05,direct,
681.0,T003,U08,direct,
681.0,T004,U06,direct,
681.0,T006,U01,direct,
681.0,T009,U02,direct,
681.0,T010,U03,direct,
681.0,T016,U04,direct,
682.0,T001,U07,direct,
682.0,T002,U05,direct,
682.0,T003,U08,direct,
682.0,T004,U06,direct,
682.0,T006,U01,direct,
682.0,T009,U02,direct,
682.0,T010,U03,direct,
682.0,T016,U04,direct,
683.0,T001,U07,direct,
683.0,T002,U05,direct,
683.0,T003,U08,direct,
683.0,T004,U06,direct,
683.0,T006,U01,direct,
683.0,T009,U02,direct,
683.0,T010,U03,direct,
683.0,T016,U04,direct,
684.0,T001,U07,direct,
684.0,T002,U05,direct,
684.0,T003,U08,direct,
684.0,T004,U06,direct,
684.0,T006,U01,direct,
684.0,T009,U02,direct,
684.0,T010,U03,direct,
684.0,T016,U04,direct,
685.0,T001,U07,direct,
685.0,T002,U05,direct,
685.0,T003,U08,direct,
685.0,T004,U06,direct,
685.0,T006,U01,direct,
685.0,T009,U02,direct,
685.0,T010,U03,direct,
685.0,T016,U04,direct,
686.0,T001,U07,direct,
686.0,T002,U05,direct,
686.0,T003,U08,direct,
686.0,T004,U06,direct,
686.0,T006,U01,direct,
686.0,T009,U02,direct,
686.0,T010,U03,direct,
686.0,T016,U04,direct,
687.0,T001,U07,direct,
687.0,T002,U05,direct,
687.0,T003,U08,direct,
687.0,T004,U06,direct,
687.0,T006,U01,direct,
687.0,T009,U02,direct,
687.0,T010,U03,direct,
687.0,T016,U04,direct,
688.0,T001,U07,direct,
688.0,T002,U05,direct,
688.0,T003,U08,direct,
688.0,T004,U06,direct,
688.0,T006,U01,direct,
688.0,T009,U02,direct,
688.0,T010,U03,direct,
688.0,T016,U04,direct,
689.0,T001,U07,direct,
689.0,T002,U05,direct,
689.0,T003,U08,direct,
689.0,T004,U06,direct,
689.0,T006,U01,direct,
689.0,T009,U02,direct,
689.0,T010,U03,direct,
689.0,T016,U04,direct,
690.0,T001,U07,direct,
690.0,T002,U05,direct,
690.0,T003,U08,direct,
690.0,T004,U06,direct,
690.0,T006,U01,direct,
690.0,T009,U02,direct,
690.0,T010,U03,direct,
690.0,T016,U04,direct,
691.0,T001,U07,direct,
691.0,T002,U05,direct,
691.0,T003,U08,direct,
691.0,T004,U06,direct,
691.0,T006,U01,direct,
691.0,T009,U02,direct,
691.0,T010,U03,direct,
691.0,T016,U04,direct,
692.0,T001,U07,direct,
692.0,T002,U05,direct,
692.0,T003,U08,direct,
692.0,T004,U06,direct,
692.0,T006,U01,direct,
692.0,T009,U02,direct,
692.0,T010,U03,direct,
692.0,T016,U04,direct,
693.0,T001,U07,direct,
693.0,T002,U05,direct,
693.0,T003,U08,direct,
693.0,T004,U06,direct,
693.0,T006,U01,direct,
693.0,T009,U02,direct,
693.0,T010,U03,direct,
693.0,T016,U04,direct,
694.0,T001,U07,direct,
694.0,T002,U05,direct,
694.0,T003,U08,direct,
694.0,T004,U06,direct,
694.0,T006,U01,direct,
694.0,T009,U02,direct,
694.0,T010,U03,direct,
694.0,T016,U04,direct,
695.0,T001,U07,direct,
695.0,T002,U05,direct,
695.0,T003,U08,direct,
695.0,T004,U06,direct,
695.0,T006,U01,direct,
695.0,T009,U02,direct,
695.0,T010,U03,direct,
695.0,T016,U04,direct,
696.0,T001,U07,direct,
696.0,T002,U05,direct,
696.0,T003,U08,direct,
696.0,T004,U06,direct,
696.0,T006,U01,direct,
696.0,T009,U02,direct,
696.0,T010,U03,direct,
696.0,T016,U04,direct,
697.0,T001,U07,direct,
697.0,T002,U05,direct,
697.0,T003,U08,direct,
697.0,T004,U06,direct,
697.0,T006,U01,direct,
697.0,T009,U02,direct,
697.0,T010,U03,direct,
697.0,T016,U04,direct,
698.0,T001,U07,direct,
698.0,T002,U05,direct,
698.0,T003,U08,direct,
698.0,T004,U06,direct,
698.0,T006,U01,direct,
698.0,T009,U02,direct,
698.0,T010,U03,direct,
698.0,T016,U04,direct,
699.0,T001,U07,direct,
699.0,T002,U05,direct,
699.0,T003,U08,direct,
699.0,T004,U06,direct,
699.0,T006,U01,direct,
699.0,T009,U02,direct,
699.0,T010,U03,direct,
699.0,T016,U04,direct,
700.0,T001,U07,direct,
700.0,T002,U05,direct,
700.0,T003,U08,direct,
700.0,T004,U06,direct,
700.0,T006,U01,direct,
700.0,T009,U02,direct,
700.0,T010,U03,direct,
700.0,T016,U04,direct,
701.0,T001,U07,direct,
701.0,T002,U05,direct,
701.0,T003,U08,direct,
701.0,T004,U06,direct,
701.0,T006,U01,direct,
701.0,T009,U02,direct,
701.0,T010,U03,direct,
701.0,T016,U04,direct,
702.0,T001,U07,direct,
702.0,T002,U05,direct,
702.0,T003,U08,direct,
702.0,T004,U06,direct,
702.0,T006,U01,direct,
702.0,T009,U02,direct,
702.0,T010,U03,direct,
702.0,T016,U04,direct,
703.0,T001,U07,direct,
703.0,T002,U05,direct,
703.0,T003,U08,direct,
703.0,T004,U06,direct,
703.0,T006,U01,direct,
703.0,T009,U02,direct,
703.0,T010,U03,direct,
703.0,T016,U04,direct,
704.0,T001,U07,direct,
704.0,T002,U05,direct,
704.0,T003,U08,direct,
704.0,T004,U06,direct,
704.0,T006,U01,direct,
704.0,T009,U02,direct,
704.0,T010,U03,direct,
704.0,T016,U04,direct,
705.0,T001,U07,direct,
705.0,T002,U05,direct,
705.0,T003,U08,direct,
705.0,T004,U06,direct,
705.0,T006,U01,direct,
705.0,T009,U02,direct,
705.0,T010,U03,direct,
705.0,T016,U04,direct,
706.0,T001,U07,direct,
706.0,T002,U05,direct,
706.0,T003,U08,direct,
706.0,T004,U06,direct,
706.0,T006,U01,direct,
706.0,T009,U02,direct,
706.0,T010,U03,direct,
706.0,T016,U04,direct,
707.0,T001,U07,direct,
707.0,T002,U05,direct,
707.0,T003,U08,direct,
707.0,T004,U06,direct,
707.0,T006,U01,direct,
707.0,T009,U02,direct,
707.0,T010,U03,direct,
707.0,T016,U04,direct,
708.0,T001,U07,direct,
708.0,T002,U05,direct,
708.0,T003,U08,direct,
708.0,T004,U06,direct,
708.0,T006,U01,direct,
708.0,T009,U02,direct,
708.0,T010,U03,direct,
708.0,T016,U04,direct,
709.0,T001,U07,direct,
709.0,T002,U05,direct,
709.0,T003,U08,direct,
709.0,T004,U06,direct,
709.0,T006,U01,direct,
709.0,T009,U02,direct,
709.0,T010,U03,direct,
709.0,T016,U04,direct,
710.0,T001,U07,direct,
710.0,T002,U05,direct,
710.0,T003,U08,direct,
710.0,T004,U06,direct,
710.0,T006,U01,direct,
710.0,T009,U02,direct,
710.0,T010,U03,direct,
710.0,T016,U04,direct,
711.0,T001,U07,direct,
711.0,T002,U05,direct,
711.0,T003,U08,direct,
711.0,T004,U06,direct,
711.0,T006,U01,direct,
711.0,T009,U02,direct,
711.0,T010,U03,direct,
711.0,T016,U04,direct,
712.0,T001,U07,direct,
712.0,T002,U05,direct,
712.0,T003,U08,direct,
712.0,T004,U06,direct,
712.0,T006,U01,direct,
712.0,T009,U02,direct,
712.0,T010,U03,direct,
712.0,T016,U04,direct,
713.0,T001,U07,direct,
713.0,T002,U05,direct,
713.0,T003,U08,direct,
713.0,T004,U06,direct,
713.0,T006,U01,direct,
713.0,T009,U02,direct,
713.0,T010,U03,direct,
713.0,T016,U04,direct,
714.0,T001,U07,direct,
714.0,T002,U05,direct,
714.0,T003,U08,direct,
714.0,T004,U06,direct,
714.0,T006,U01,direct,
714.0,T009,U02,direct,
714.0,T010,U03,direct,
714.0,T016,U04,direct,
715.0,T001,U07,direct,
715.0,T002,U05,direct,
715.0,T003,U08,direct,
715.0,T004,U06,direct,
715.0,T006,U01,direct,
715.0,T009,U02,direct,
715.0,T010,U03,direct,
715.0,T016,U04,direct,
716.0,T001,U07,direct,
716.0,T002,U05,direct,
716.0,T003,U08,direct,
716.0,T004,U06,direct,
716.0,T006,U01,direct,
716.0,T009,U02,direct,
716.0,T010,U03,direct,
716.0,T016,U04,direct,
717.0,T001,U07,direct,
717.0,T002,U05,direct,
717.0,T003,U08,direct,
717.0,T004,U06,direct,
717.0,T006,U01,direct,
717.0,T009,U02,direct,
717.0,T010,U03,direct,
717.0,T016,U04,direct,
718.0,T001,U07,direct,
718.0,T002,U05,direct,
718.0,T003,U08,direct,
718.0,T004,U06,direct,
718.0,T006,U01,direct,
718.0,T009,U02,direct,
718.0,T010,U03,direct,
718.0,T016,U04,direct,
719.0,T001,U07,direct,
719.0,T002,U05,direct,
719.0,T003,U08,direct,
719.0,T004,U06,direct,
719.0,T006,U01,direct,
719.0,T009,U02,direct,
719.0,T010,U03,direct,
719.0,T016,U04,direct,
720.0,T001,U07,direct,
720.0,T002,U05,direct,
720.0,T003,U08,direct,
720.0,T004,U06,direct,
720.0,T006,U01,direct,
720.0,T009,U02,direct,
720.0,T010,U03,direct,
720.0,T016,U04,direct,
721.0,T001,U07,direct,
721.0,T002,U05,direct,
721.0,T003,U08,direct,
721.0,T004,U06,direct,
721.0,T006,U01,direct,
721.0,T009,U02,direct,
721.0,T010,U03,direct,
721.0,T016,U04,direct,
722.0,T001,U07,direct,
722.0,T002,U05,direct,
722.0,T003,U08,direct,
722.0,T004,U06,direct,
722.0,T006,U01,direct,
722.0,T009,U02,direct,
722.0,T010,U03,direct,
722.0,T016,U04,direct,
723.0,T001,U07,direct,
723.0,T002,U05,direct,
723.0,T003,U08,direct,
723.0,T004,U06,direct,
723.0,T006,U01,direct,
723.0,T009,U02,direct,
723.0,T010,U03,direct,
723.0,T016,U04,direct,
724.0,T001,U07,direct,
724.0,T002,U05,direct,
724.0,T003,U08,direct,
724.0,T004,U06,direct,
724.0,T006,U01,direct,
724.0,T009,U02,direct,
724.0,T010,U03,direct,
724.0,T016,U04,direct,
725.0,T001,U07,direct,
725.0,T002,U05,direct,
725.0,T003,U08,direct,
725.0,T004,U06,direct,
725.0,T006,U01,direct,
725.0,T009,U02,direct,
725.0,T010,U03,direct,
725.0,T016,U04,direct,
726.0,T001,U07,direct,
726.0,T002,U05,direct,
726.0,T003,U08,direct,
726.0,T004,U06,direct,
726.0,T006,U01,direct,
726.0,T009,U02,direct,
726.0,T010,U03,direct,
726.0,T016,U04,direct,
727.0,T001,U07,direct,
727.0,T002,U05,direct,
727.0,T003,U08,direct,
727.0,T004,U06,direct,
727.0,T006,U01,direct,
727.0,T009,U02,direct,
727.0,T010,U03,direct,
727.0,T016,U04,direct,
728.0,T001,U07,direct,
728.0,T002,U05,direct,
728.0,T003,U08,direct,
728.0,T004,U06,direct,
728.0,T006,U01,direct,
728.0,T009,U02,direct,
728.0,T010,U03,direct,
728.0,T016,U04,direct,
729.0,T001,U07,direct,
729.0,T002,U05,direct,
729.0,T003,U08,direct,
729.0,T004,U06,direct,
729.0,T006,U01,direct,
729.0,T009,U02,direct,
729.0,T010,U03,direct,
729.0,T016,U04,direct,
730.0,T001,U07,direct,
730.0,T002,U05,direct,
730.0,T003,U08,direct,
730.0,T004,U06,direct,
730.0,T006,U01,direct,
730.0,T009,U02,direct,
730.0,T010,U03,direct,
730.0,T016,U04,direct,
731.0,T001,U07,direct,
731.0,T002,U05,direct,
731.0,T003,U08,direct,
731.0,T004,U06,direct,
731.0,T006,U01,direct,
731.0,T009,U02,direct,
731.0,T010,U03,direct,
731.0,T016,U04,direct,
732.0,T001,U07,direct,
732.0,T002,U05,direct,
732.0,T003,U08,direct,
732.0,T004,U06,direct,
732.0,T006,U01,direct,
732.0,T009,U02,direct,
732.0,T010,U03,direct,
732.0,T016,U04,direct,
733.0,T001,U07,direct,
733.0,T002,U05,direct,
733.0,T003,U08,direct,
733.0,T004,U06,direct,
733.0,T006,U01,direct,
733.0,T009,U02,direct,
733.0,T010,U03,direct,
733.0,T016,U04,direct,
734.0,T001,U07,direct,
734.0,T002,U05,direct,
734.0,T003,U08,direct,
734.0,T004,U06,direct,
734.0,T006,U01,direct,
734.0,T009,U02,direct,
734.0,T010,U03,direct,
734.0,T016,U04,direct,
735.0,T001,U07,direct,
735.0,T002,U05,direct,
735.0,T003,U08,direct,
735.0,T004,U06,direct,
735.0,T006,U01,direct,
735.0,T009,U02,direct,
735.0,T010,U03,direct,
735.0,T016,U04,direct,
736.0,T001,U07,direct,
736.0,T002,U05,direct,
736.0,T003,U08,direct,
736.0,T004,U06,direct,
736.0,T006,U01,direct,
736.0,T009,U02,direct,
736.0,T010,U03,direct,
736.0,T016,U04,direct,
737.0,T001,U07,direct,
737.0,T002,U05,direct,
737.0,T003,U08,direct,
737.0,T004,U06,direct,
737.0,T006,U01,direct,
737.0,T009,U02,direct,
737.0,T010,U03,direct,
737.0,T016,U04,direct,
738.0,T001,U07,direct,
738.0,T002,U05,direct,
738.0,T003,U08,direct,
738.0,T004,U06,direct,
738.0,T006,U01,direct,
738.0,T009,U02,direct,
738.0,T010,U03,direct,
738.0,T016,U04,direct,
739.0,T001,U07,direct,
739.0,T002,U05,direct,
739.0,T003,U08,direct,
739.0,T004,U06,direct,
739.0,T006,U01,direct,
739.0,T009,U02,direct,
739.0,T010,U03,direct,
739.0,T016,U04,direct,
740.0,T001,U07,direct,
740.0,T002,U05,direct,
740.0,T003,U08,direct,
740.0,T004,U06,direct,
740.0,T006,U01,direct,
740.0,T009,U02,direct,
740.0,T010,U03,direct,
740.0,T016,U04,direct,
741.0,T001,U07,direct,
741.0,T002,U05,direct,
741.0,T003,U08,direct,
741.0,T004,U06,direct,
741.0,T006,U01,direct,
741.0,T009,U02,direct,
741.0,T010,U03,direct,
741.0,T016,U04,direct,
742.0,T001,U07,direct,
742.0,T002,U05,direct,
742.0,T003,U08,direct,
742.0,T004,U06,direct,
742.0,T006,U01,direct,
742.0,T009,U02,direct,
742.0,T010,U03,direct,
742.0,T016,U04,direct,
743.0,T001,U07,direct,
743.0,T002,U05,direct,
743.0,T003,U08,direct,
743.0,T004,U06,direct,
743.0,T006,U01,direct,
743.0,T009,U02,direct,
743.0,T010,U03,direct,
743.0,T016,U04,direct,
744.0,T001,U07,direct,
744.0,T002,U05,direct,
744.0,T003,U08,direct,
744.0,T004,U06,direct,
744.0,T006,U01,direct,
744.0,T009,U02,direct,
744.0,T010,U03,direct,
744.0,T016,U04,direct,
745.0,T001,U07,direct,
745.0,T002,U05,direct,
745.0,T003,U08,direct,
745.0,T004,U06,relay,R02
745.0,T006,U01,direct,
745.0,T009,U02,direct,
745.0,T010,U03,direct,
745.0,T016,U04,direct,
746.0,T001,U07,direct,
746.0,T002,U05,direct,
746.0,T003,U08,direct,
746.0,T004,U06,relay,R02
746.0,T006,U01,direct,
746.0,T009,U02,direct,
746.0,T010,U03,direct,
746.0,T016,U04,direct,
747.0,T001,U07,direct,
747.0,T002,U05,direct,
747.0,T003,U08,direct,
747.0,T004,U06,relay,R02
747.0,T006,U01,direct,
747.0,T009,U02,direct,
747.0,T010,U03,direct,
747.0,T016,U04,direct,
748.0,T001,U07,direct,
748.0,T002,U05,direct,
748.0,T003,U08,direct,
748.0,T004,U06,relay,R02
748.0,T006,U01,direct,
748.0,T009,U02,direct,
748.0,T010,U03,direct,
748.0,T016,U04,direct,
749.0,T001,U07,direct,
749.0,T002,U05,direct,
749.0,T003,U08,direct,
749.0,T004,U06,relay,R02
749.0,T006,U01,direct,
749.0,T009,U02,direct,
749.0,T010,U03,direct,
749.0,T016,U04,direct,
750.0,T001,U07,direct,
750.0,T002,U05,direct,
750.0,T003,U08,direct,
750.0,T004,U06,relay,R02
750.0,T006,U01,direct,
750.0,T009,U02,direct,
750.0,T010,U03,direct,
750.0,T016,U04,direct,
751.0,T001,U07,direct,
751.0,T002,U05,direct,
751.0,T003,U08,direct,
751.0,T004,U06,relay,R02
751.0,T006,U01,direct,
751.0,T009,U02,direct,
751.0,T010,U03,direct,
751.0,T016,U04,direct,
752.0,T001,U07,direct,
752.0,T002,U05,direct,
752.0,T003,U08,direct,
752.0,T004,U06,relay,R02
752.0,T006,U01,direct,
752.0,T009,U02,direct,
752.0,T010,U03,direct,
752.0,T016,U04,direct,
753.0,T001,U07,direct,
753.0,T002,U05,direct,
753.0,T003,U08,direct,
753.0,T004,U06,relay,R02
753.0,T006,U01,direct,
753.0,T009,U02,direct,
753.0,T010,U03,direct,
753.0,T016,U04,direct,
754.0,T001,U07,direct,
754.0,T002,U05,direct,
754.0,T003,U08,direct,
754.0,T004,U06,relay,R02
754.0,T006,U01,direct,
754.0,T009,U02,direct,
754.0,T010,U03,direct,
754.0,T016,U04,direct,
755.0,T001,U07,direct,
755.0,T002,U05,direct,
755.0,T003,U08,direct,
755.0,T004,U06,relay,R02
755.0,T006,U01,direct,
755.0,T009,U02,direct,
755.0,T010,U03,direct,
755.0,T016,U04,direct,
756.0,T001,U07,direct,
756.0,T002,U05,direct,
756.0,T003,U08,direct,
756.0,T004,U06,relay,R02
756.0,T006,U01,direct,
756.0,T009,U02,direct,
756.0,T010,U03,direct,
756.0,T016,U04,direct,
757.0,T001,U07,direct,
757.0,T002,U05,direct,
757.0,T003,U08,direct,
757.0,T004,U06,relay,R02
757.0,T006,U01,direct,
757.0,T009,U02,direct,
757.0,T010,U03,direct,
757.0,T016,U04,direct,
758.0,T001,U07,direct,
758.0,T002,U05,direct,
758.0,T003,U08,direct,
758.0,T004,U06,relay,R02
758.0,T006,U01,direct,
758.0,T009,U02,direct,
758.0,T010,U03,direct,
758.0,T016,U04,direct,
759.0,T001,U07,direct,
759.0,T002,U05,direct,
759.0,T003,U08,direct,
759.0,T004,U06,relay,R02
759.0,T006,U01,direct,
759.0,T009,U02,direct,
759.0,T010,U03,direct,
759.0,T016,U04,direct,
760.0,T001,U07,direct,
760.0,T002,U05,direct,
760.0,T003,U08,direct,
760.0,T004,U06,relay,R02
760.0,T006,U01,direct,
760.0,T009,U02,direct,
760.0,T010,U03,direct,
760.0,T016,U04,direct,
761.0,T001,U07,direct,
761.0,T002,U05,direct,
761.0,T003,U08,direct,
761.0,T004,U06,relay,R02
761.0,T006,U01,direct,
761.0,T009,U02,direct,
761.0,T010,U03,direct,
761.0,T016,U04,direct,
762.0,T001,U07,direct,
762.0,T002,U05,direct,
762.0,T003,U08,direct,
762.0,T004,U06,relay,R02
762.0,T006,U01,direct,
762.0,T009,U02,direct,
762.0,T010,U03,direct,
762.0,T016,U04,direct,
763.0,T001,U07,direct,
763.0,T002,U05,direct,
763.0,T003,U08,direct,
763.0,T004,U06,relay,R02
763.0,T006,U01,direct,
763.0,T009,U02,direct,
763.0,T010,U03,direct,
763.0,T016,U04,direct,
764.0,T001,U07,direct,
764.0,T002,U05,direct,
764.0,T003,U08,direct,
764.0,T004,U06,relay,R02
764.0,T006,U01,direct,
764.0,T009,U02,direct,
764.0,T010,U03,direct,
764.0,T016,U04,direct,
765.0,T001,U07,direct,
765.0,T002,U05,direct,
765.0,T003,U08,direct,
765.0,T004,U06,relay,R02
765.0,T006,U01,direct,
765.0,T009,U02,direct,
765.0,T010,U03,direct,
765.0,T016,U04,direct,
766.0,T001,U07,direct,
766.0,T002,U05,direct,
766.0,T003,U08,direct,
766.0,T004,U06,relay,R02
766.0,T006,U01,direct,
766.0,T009,U02,direct,
766.0,T010,U03,direct,
766.0,T016,U04,direct,
767.0,T001,U07,direct,
767.0,T002,U05,direct,
767.0,T003,U08,direct,
767.0,T004,U06,relay,R02
767.0,T006,U01,direct,
767.0,T009,U02,direct,
767.0,T010,U03,direct,
767.0,T016,U04,direct,
768.0,T001,U07,direct,
768.0,T002,U05,direct,
768.0,T003,U08,direct,
768.0,T004,U06,relay,R02
768.0,T006,U01,direct,
768.0,T009,U02,direct,
768.0,T010,U03,direct,
768.0,T016,U04,direct,
769.0,T001,U07,direct,
769.0,T002,U05,direct,
769.0,T003,U08,direct,
769.0,T004,U06,relay,R02
769.0,T006,U01,direct,
769.0,T009,U02,direct,
769.0,T010,U03,direct,
769.0,T016,U04,direct,
770.0,T001,U07,direct,
770.0,T002,U05,direct,
770.0,T003,U08,direct,
770.0,T004,U06,relay,R02
770.0,T006,U01,direct,
770.0,T009,U02,direct,
770.0,T010,U03,direct,
770.0,T016,U04,direct,
771.0,T001,U07,direct,
771.0,T002,U05,direct,
771.0,T003,U08,direct,
771.0,T004,U06,relay,R02
771.0,T006,U01,direct,
771.0,T009,U02,direct,
771.0,T010,U03,direct,
771.0,T016,U04,direct,
772.0,T001,U07,direct,
772.0,T002,U05,direct,
772.0,T003,U08,direct,
772.0,T004,U06,relay,R02
772.0,T006,U01,direct,
772.0,T009,U02,direct,
772.0,T010,U03,direct,
772.0,T016,U04,direct,
773.0,T001,U07,direct,
773.0,T002,U05,direct,
773.0,T003,U08,direct,
773.0,T004,U06,relay,R02
773.0,T006,U01,direct,
773.0,T009,U02,direct,
773.0,T010,U03,direct,
773.0,T016,U04,direct,
774.0,T001,U07,direct,
774.0,T002,U05,direct,
774.0,T003,U08,direct,
774.0,T004,U06,relay,R02
774.0,T006,U01,direct,
774.0,T009,U02,direct,
774.0,T010,U03,direct,
774.0,T016,U04,direct,
775.0,T001,U07,direct,
775.0,T002,U05,direct,
775.0,T003,U08,direct,
775.0,T004,U06,relay,R02
775.0,T006,U01,direct,
775.0,T009,U02,direct,
775.0,T010,U03,direct,
775.0,T016,U04,direct,
776.0,T001,U07,direct,
776.0,T002,U05,direct,
776.0,T003,U08,direct,
776.0,T004,U06,relay,R02
776.0,T006,U01,direct,
776.0,T009,U02,direct,
776.0,T010,U03,direct,
776.0,T016,U04,direct,
777.0,T001,U07,direct,
777.0,T002,U05,direct,
777.0,T003,U08,direct,
777.0,T004,U06,relay,R02
777.0,T006,U01,direct,
777.0,T009,U02,direct,
777.0,T010,U03,direct,
777.0,T016,U04,direct,
778.0,T001,U07,direct,
778.0,T002,U05,direct,
778.0,T003,U08,direct,
778.0,T004,U06,relay,R02
778.0,T006,U01,direct,
778.0,T009,U02,direct,
778.0,T010,U03,direct,
778.0,T016,U04,direct,
779.0,T001,U07,direct,
779.0,T002,U05,direct,
779.0,T003,U08,direct,
779.0,T004,U06,relay,R02
779.0,T006,U01,direct,
779.0,T009,U02,direct,
779.0,T010,U03,direct,
779.0,T016,U04,direct,
780.0,T001,U07,direct,
780.0,T002,U05,direct,
780.0,T003,U08,direct,
780.0,T004,U06,relay,R02
780.0,T006,U01,direct,
780.0,T009,U02,direct,
780.0,T010,U03,direct,
780.0,T016,U04,direct,
781.0,T001,U07,direct,
781.0,T002,U05,direct,
781.0,T003,U08,direct,
781.0,T004,U06,relay,R02
781.0,T006,U01,direct,
781.0,T009,U02,direct,
781.0,T010,U03,direct,
781.0,T016,U04,direct,
782.0,T001,U07,direct,
782.0,T002,U05,direct,
782.0,T003,U08,direct,
782.0,T004,U06,relay,R02
782.0,T006,U01,direct,
782.0,T009,U02,direct,
782.0,T010,U03,direct,
782.0,T016,U04,direct,
783.0,T001,U07,direct,
783.0,T002,U05,direct,
783.0,T003,U08,direct,
783.0,T004,U06,relay,R02
783.0,T006,U01,direct,
783.0,T009,U02,direct,
783.0,T010,U03,direct,
783.0,T016,U04,direct,
784.0,T001,U07,direct,
784.0,T002,U05,direct,
784.0,T003,U08,direct,
784.0,T004,U06,relay,R02
784.0,T006,U01,direct,
784.0,T009,U02,direct,
784.0,T010,U03,direct,
784.0,T016,U04,direct,
785.0,T001,U07,direct,
785.0,T002,U05,direct,
785.0,T003,U08,direct,
785.0,T004,U06,relay,R02
785.0,T006,U01,direct,
785.0,T009,U02,direct,
785.0,T010,U03,direct,
785.0,T016,U04,direct,
786.0,T001,U07,direct,
786.0,T002,U05,direct,
786.0,T003,U08,direct,
786.0,T004,U06,relay,R02
786.0,T006,U01,direct,
786.0,T009,U02,direct,
786.0,T010,U03,direct,
786.0,T016,U04,direct,
787.0,T001,U07,direct,
787.0,T002,U05,direct,
787.0,T003,U08,direct,
787.0,T004,U06,relay,R02
787.0,T006,U01,direct,
787.0,T009,U02,direct,
787.0,T010,U03,direct,
787.0,T016,U04,direct,
788.0,T001,U07,direct,
788.0,T002,U05,direct,
788.0,T003,U08,direct,
788.0,T004,U06,relay,R02
788.0,T006,U01,direct,
788.0,T009,U02,direct,
788.0,T010,U03,direct,
788.0,T016,U04,direct,
789.0,T001,U07,direct,
789.0,T002,U05,direct,
789.0,T003,U08,direct,
789.0,T004,U06,relay,R02
789.0,T006,U01,direct,
789.0,T009,U02,direct,
789.0,T010,U03,direct,
789.0,T016,U04,direct,
790.0,T001,U07,direct,
790.0,T002,U05,direct,
790.0,T003,U08,direct,
790.0,T004,U06,relay,R02
790.0,T006,U01,direct,
790.0,T009,U02,direct,
790.0,T010,U03,direct,
790.0,T016,U04,direct,
791.0,T001,U07,direct,
791.0,T002,U05,direct,
791.0,T003,U08,direct,
791.0,T004,U06,relay,R02
791.0,T006,U01,direct,
791.0,T009,U02,direct,
791.0,T010,U03,direct,
791.0,T016,U04,direct,
792.0,T001,U07,direct,
792.0,T002,U05,direct,
792.0,T003,U08,direct,
792.0,T004,U06,relay,R02
792.0,T006,U01,relay,R02
792.0,T009,U02,direct,
792.0,T010,U03,direct,
792.0,T016,U04,direct,
793.0,T001,U07,direct,
793.0,T002,U05,direct,
793.0,T003,U08,direct,
793.0,T004,U06,relay,R02
793.0,T006,U01,relay,R02
793.0,T009,U02,direct,
793.0,T010,U03,direct,
793.0,T016,U04,direct,
794.0,T001,U07,direct,
794.0,T002,U05,direct,
794.0,T003,U08,direct,
794.0,T004,U06,relay,R02
794.0,T006,U01,relay,R02
794.0,T009,U02,direct,
794.0,T010,U03,direct,
794.0,T016,U04,direct,
795.0,T001,U07,direct,
795.0,T002,U05,direct,
795.0,T003,U08,direct,
795.0,T004,U06,relay,R02
795.0,T006,U01,relay,R02
795.0,T009,U02,direct,
795.0,T010,U03,direct,
795.0,T016,U04,direct,
796.0,T001,U07,direct,
796.0,T002,U05,direct,
796.0,T003,U08,direct,
796.0,T004,U06,relay,R02
796.0,T006,U01,relay,R02
796.0,T009,U02,direct,
796.0,T010,U03,direct,
796.0,T016,U04,direct,
797.0,T001,U07,direct,
797.0,T002,U05,direct,
797.0,T003,U08,direct,
797.0,T004,U06,relay,R02
797.0,T006,U01,relay,R02
797.0,T009,U02,direct,
797.0,T010,U03,direct,
797.0,T016,U04,direct,
798.0,T001,U07,direct,
798.0,T002,U05,direct,
798.0,T003,U08,direct,
798.0,T004,U06,relay,R02
798.0,T006,U01,relay,R02
798.0,T009,U02,direct,
798.0,T010,U03,direct,
798.0,T016,U04,direct,
799.0,T001,U07,direct,
799.0,T002,U05,direct,
799.0,T003,U08,direct,
799.0,T004,U06,relay,R02
799.0,T006,U01,relay,R02
799.0,T009,U02,direct,
799.0,T010,U03,direct,
799.0,T016,U04,direct,
800.0,T001,U07,direct,
800.0,T002,U05,direct,
800.0,T003,U08,direct,
800.0,T004,U06,relay,R02
800.0,T006,U01,relay,R02
800.0,T009,U02,direct,
800.0,T010,U03,direct,
800.0,T016,U04,direct,
801.0,T001,U07,direct,
801.0,T002,U05,direct,
801.0,T003,U08,direct,
801.0,T004,U06,relay,R02
801.0,T006,U01,relay,R02
801.0,T009,U02,direct,
801.0,T010,U03,direct,
801.0,T016,U04,direct,
802.0,T001,U07,direct,
802.0,T002,U05,direct,
802.0,T003,U08,direct,
802.0,T004,U06,relay,R02
802.0,T006,U01,relay,R02
802.0,T009,U02,direct,
802.0,T010,U03,direct,
802.0,T016,U04,direct,
803.0,T001,U07,direct,
803.0,T002,U05,direct,
803.0,T003,U08,direct,
803.0,T004,U06,relay,R02
803.0,T006,U01,relay,R02
803.0,T009,U02,direct,
803.0,T010,U03,direct,
803.0,T016,U04,direct,
804.0,T001,U07,direct,
804.0,T002,U05,direct,
804.0,T003,U08,direct,
804.0,T004,U06,relay,R02
804.0,T006,U01,relay,R02
804.0,T009,U02,direct,
804.0,T010,U03,direct,
804.0,T016,U04,direct,
805.0,T001,U07,direct,
805.0,T002,U05,direct,
805.0,T003,U08,direct,
805.0,T004,U06,relay,R02
805.0,T006,U01,relay,R02
805.0,T009,U02,direct,
805.0,T010,U03,direct,
805.0,T016,U04,direct,
806.0,T001,U07,direct,
806.0,T002,U05,direct,
806.0,T003,U08,direct,
806.0,T004,U06,relay,R02
806.0,T006,U01,relay,R02
806.0,T009,U02,direct,
806.0,T010,U03,direct,
806.0,T016,U04,direct,
807.0,T001,U07,direct,
807.0,T002,U05,direct,
807.0,T003,U08,direct,
807.0,T004,U06,relay,R02
807.0,T006,U01,relay,R02
807.0,T009,U02,direct,
807.0,T010,U03,direct,
807.0,T016,U04,direct,
808.0,T001,U07,direct,
808.0,T002,U05,relay,R02
808.0,T003,U08,direct,
808.0,T004,U06,relay,R02
808.0,T006,U01,relay,R02
808.0,T009,U02,direct,
808.0,T010,U03,direct,
808.0,T016,U04,direct,
809.0,T001,U07,direct,
809.0,T002,U05,relay,R02
809.0,T003,U08,direct,
809.0,T004,U06,relay,R02
809.0,T006,U01,relay,R02
809.0,T009,U02,direct,
809.0,T010,U03,direct,
809.0,T016,U04,direct,
810.0,T001,U07,direct,
810.0,T002,U05,relay,R02
810.0,T003,U08,direct,
810.0,T004,U06,relay,R02
810.0,T006,U01,relay,R02
810.0,T009,U02,direct,
810.0,T010,U03,outage,
810.0,T016,U04,direct,
811.0,T001,U07,direct,
811.0,T002,U05,relay,R02
811.0,T003,U08,direct,
811.0,T004,U06,relay,R02
811.0,T006,U01,relay,R02
811.0,T009,U02,direct,
811.0,T010,U03,outage,
811.0,T016,U04,direct,
812.0,T001,U07,direct,
812.0,T002,U05,relay,R02
812.0,T003,U08,direct,
812.0,T004,U06,relay,R02
812.0,T006,U01,relay,R02
812.0,T009,U02,direct,
812.0,T010,U03,outage,
812.0,T016,U04,direct,
813.0,T001,U07,direct,
813.0,T002,U05,relay,R02
813.0,T003,U08,direct,
813.0,T004,U06,relay,R02
813.0,T006,U01,relay,R02
813.0,T009,U02,direct,
813.0,T010,U03,outage,
813.0,T016,U04,direct,
814.0,T001,U07,direct,
814.0,T002,U05,relay,R02
814.0,T003,U08,direct,
814.0,T004,U06,relay,R02
814.0,T006,U01,relay,R02
814.0,T009,U02,direct,
814.0,T010,U03,outage,
814.0,T016,U04,direct,
815.0,T001,U07,direct,
815.0,T002,U05,relay,R02
815.0,T003,U08,direct,
815.0,T004,U06,relay,R02
815.0,T006,U01,relay,R02
815.0,T009,U02,direct,
815.0,T010,U03,relay,R01
815.0,T016,U04,direct,
816.0,T001,U07,direct,
816.0,T002,U05,relay,R02
816.0,T003,U08,direct,
816.0,T004,U06,relay,R02
816.0,T006,U01,relay,R02
816.0,T009,U02,direct,
816.0,T010,U03,relay,R01
816.0,T016,U04,direct,
817.0,T001,U07,direct,
817.0,T002,U05,relay,R02
817.0,T003,U08,direct,
817.0,T004,U06,relay,R02
817.0,T006,U01,relay,R02
817.0,T009,U02,direct,
817.0,T010,U03,relay,R01
817.0,T016,U04,direct,
818.0,T001,U07,direct,
818.0,T002,U05,relay,R02
818.0,T003,U08,direct,
818.0,T004,U06,relay,R02
818.0,T006,U01,relay,R02
818.0,T009,U02,direct,
818.0,T010,U03,relay,R01
818.0,T016,U04,direct,
819.0,T001,U07,direct,
819.0,T002,U05,relay,R02
819.0,T003,U08,direct,
819.0,T004,U06,relay,R02
819.0,T006,U01,relay,R02
819.0,T009,U02,direct,
819.0,T010,U03,relay,R01
819.0,T016,U04,direct,
820.0,T001,U07,direct,
820.0,T002,U05,relay,R02
820.0,T003,U08,direct,
820.0,T004,U06,relay,R02
820.0,T006,U01,relay,R02
820.0,T009,U02,direct,
820.0,T010,U03,relay,R01
820.0,T016,U04,direct,
821.0,T001,U07,direct,
821.0,T002,U05,relay,R02
821.0,T003,U08,direct,
821.0,T004,U06,relay,R02
821.0,T006,U01,relay,R02
821.0,T009,U02,direct,
821.0,T010,U03,relay,R01
821.0,T016,U04,direct,
822.0,T001,U07,direct,
822.0,T002,U05,relay,R02
822.0,T003,U08,direct,
822.0,T004,U06,relay,R02
822.0,T006,U01,relay,R02
822.0,T009,U02,direct,
822.0,T010,U03,relay,R01
822.0,T016,U04,direct,
823.0,T001,U07,direct,
823.0,T002,U05,relay,R02
823.0,T003,U08,direct,
823.0,T004,U06,relay,R02
823.0,T006,U01,relay,R02
823.0,T009,U02,direct,
823.0,T010,U03,relay,R01
823.0,T016,U04,direct,
824.0,T001,U07,direct,
824.0,T002,U05,relay,R02
824.0,T003,U08,direct,
824.0,T004,U06,relay,R02
824.0,T006,U01,relay,R02
824.0,T009,U02,direct,
824.0,T010,U03,relay,R01
824.0,T016,U04,direct,
825.0,T001,U07,direct,
825.0,T002,U05,relay,R02
825.0,T003,U08,direct,
825.0,T004,U06,relay,R02
825.0,T006,U01,relay,R02
825.0,T009,U02,direct,
825.0,T010,U03,relay,R01
825.0,T016,U04,direct,
826.0,T001,U07,direct,
826.0,T002,U05,relay,R02
826.0,T003,U08,direct,
826.0,T004,U06,relay,R02
826.0,T006,U01,relay,R02
826.0,T009,U02,direct,
826.0,T010,U03,relay,R01
826.0,T016,U04,direct,
827.0,T001,U07,direct,
827.0,T002,U05,relay,R02
827.0,T003,U08,direct,
827.0,T004,U06,relay,R02
827.0,T006,U01,relay,R02
827.0,T009,U02,direct,
827.0,T010,U03,relay,R01
827.0,T016,U04,direct,
828.0,T001,U07,direct,
828.0,T002,U05,relay,R02
828.0,T003,U08,direct,
828.0,T004,U06,relay,R02
828.0,T006,U01,relay,R02
828.0,T009,U02,direct,
828.0,T010,U03,relay,R01
828.0,T016,U04,direct,
829.0,T001,U07,direct,
829.0,T002,U05,relay,R02
829.0,T003,U08,direct,
829.0,T004,U06,relay,R02
829.0,T006,U01,relay,R02
829.0,T009,U02,direct,
829.0,T010,U03,relay,R01
829.0,T016,U04,direct,
830.0,T001,U07,direct,
830.0,T002,U05,relay,R02
830.0,T003,U08,direct,
830.0,T004,U06,relay,R02
830.0,T006,U01,relay,R02
830.0,T009,U02,direct,
830.0,T010,U03,relay,R01
830.0,T016,U04,direct,
831.0,T001,U07,direct,
831.0,T002,U05,relay,R02
831.0,T003,U08,direct,
831.0,T004,U06,relay,R02
831.0,T006,U01,relay,R02
831.0,T009,U02,direct,
831.0,T010,U03,relay,R01
831.0,T016,U04,direct,
832.0,T001,U07,direct,
832.0,T002,U05,relay,R02
832.0,T003,U08,direct,
832.0,T004,U06,relay,R02
832.0,T006,U01,relay,R02
832.0,T009,U02,direct,
832.0,T010,U03,relay,R01
832.0,T016,U04,direct,
833.0,T001,U07,direct,
833.0,T002,U05,relay,R02
833.0,T003,U08,direct,
833.0,T004,U06,relay,R02
833.0,T006,U01,relay,R02
833.0,T009,U02,direct,
833.0,T010,U03,relay,R01
833.0,T016,U04,direct,
834.0,T001,U07,direct,
834.0,T002,U05,relay,R02
834.0,T003,U08,direct,
834.0,T004,U06,relay,R02
834.0,T006,U01,relay,R02
834.0,T009,U02,direct,
834.0,T010,U03,relay,R01
834.0,T016,U04,direct,
835.0,T001,U07,direct,
835.0,T002,U05,relay,R02
835.0,T003,U08,direct,
835.0,T004,U06,relay,R02
835.0,T006,U01,relay,R02
835.0,T009,U02,direct,
835.0,T010,U03,relay,R01
835.0,T016,U04,direct,
836.0,T001,U07,direct,
836.0,T002,U05,relay,R02
836.0,T003,U08,direct,
836.0,T004,U06,relay,R02
836.0,T006,U01,relay,R02
836.0,T009,U02,direct,
836.0,T010,U03,relay,R01
836.0,T016,U04,direct,
837.0,T001,U07,direct,
837.0,T002,U05,relay,R02
837.0,T003,U08,direct,
837.0,T004,U06,relay,R02
837.0,T006,U01,relay,R02
837.0,T009,U02,relay,R01
837.0,T010,U03,relay,R01
837.0,T016,U04,direct,
838.0,T001,U07,direct,
838.0,T002,U05,relay,R02
838.0,T003,U08,direct,
838.0,T004,U06,relay,R02
838.0,T006,U01,relay,R02
838.0,T009,U02,relay,R01
838.0,T010,U03,relay,R01
838.0,T016,U04,direct,
839.0,T001,U07,direct,
839.0,T002,U05,relay,R02
839.0,T003,U08,direct,
839.0,T004,U06,relay,R02
839.0,T006,U01,relay,R02
839.0,T009,U02,relay,R01
839.0,T010,U03,relay,R01
839.0,T016,U04,direct,
840.0,T001,U07,direct,
840.0,T002,U05,relay,R02
840.0,T003,U08,direct,
840.0,T004,U06,relay,R02
840.0,T006,U01,relay,R02
840.0,T009,U02,relay,R01
840.0,T010,U03,relay,R01
840.0,T016,U04,direct,
841.0,T001,U07,direct,
841.0,T002,U05,relay,R02
841.0,T003,U08,direct,
841.0,T004,U06,relay,R02
841.0,T006,U01,relay,R02
841.0,T009,U02,relay,R01
841.0,T010,U03,relay,R01
841.0,T016,U04,direct,
842.0,T001,U07,direct,
842.0,T002,U05,relay,R02
842.0,T003,U08,direct,
842.0,T004,U06,relay,R02
842.0,T006,U01,relay,R02
842.0,T009,U02,relay,R01
842.0,T010,U03,relay,R01
842.0,T016,U04,direct,
843.0,T001,U07,direct,
843.0,T002,U05,relay,R02
843.0,T003,U08,direct,
843.0,T004,U06,relay,R02
843.0,T006,U01,relay,R02
843.0,T009,U02,relay,R01
843.0,T010,U03,relay,R01
843.0,T016,U04,direct,
844.0,T001,U07,direct,
844.0,T002,U05,relay,R02
844.0,T003,U08,direct,
844.0,T004,U06,relay,R02
844.0,T006,U01,relay,R02
844.0,T009,U02,relay,R01
844.0,T010,U03,relay,R01
844.0,T016,U04,direct,
845.0,T001,U07,direct,
845.0,T002,U05,relay,R02
845.0,T003,U08,direct,
845.0,T004,U06,relay,R02
845.0,T006,U01,relay,R02
845.0,T009,U02,relay,R01
845.0,T010,U03,relay,R01
845.0,T016,U04,direct,
846.0,T001,U07,direct,
846.0,T002,U05,relay,R02
846.0,T003,U08,direct,
846.0,T004,U06,relay,R02
846.0,T006,U01,relay,R02
846.0,T009,U02,relay,R01
846.0,T010,U03,relay,R01
846.0,T016,U04,direct,
847.0,T001,U07,direct,
847.0,T002,U05,relay,R02
847.0,T003,U08,direct,
847.0,T004,U06,relay,R02
847.0,T006,U01,relay,R02
847.0,T009,U02,relay,R01
847.0,T010,U03,relay,R01
847.0,T016,U04,direct,
848.0,T001,U07,direct,
848.0,T002,U05,relay,R02
848.0,T003,U08,direct,
848.0,T004,U06,relay,R02
848.0,T006,U01,relay,R02
848.0,T009,U02,relay,R01
848.0,T010,U03,relay,R01
848.0,T016,U04,direct,
849.0,T001,U07,direct,
849.0,T002,U05,relay,R02
849.0,T003,U08,direct,
849.0,T004,U06,relay,R02
849.0,T006,U01,relay,R02
849.0,T009,U02,relay,R01
849.0,T010,U03,relay,R01
849.0,T016,U04,direct,
850.0,T001,U07,direct,
850.0,T002,U05,relay,R02
850.0,T003,U08,direct,
850.0,T004,U06,relay,R02
850.0,T006,U01,relay,R02
850.0,T009,U02,relay,R01
850.0,T010,U03,relay,R01
850.0,T016,U04,direct,
851.0,T001,U07,direct,
851.0,T002,U05,relay,R02
851.0,T003,U08,direct,
851.0,T004,U06,relay,R02
851.0,T006,U01,relay,R02
851.0,T009,U02,relay,R01
851.0,T010,U03,relay,R01
851.0,T016,U04,direct,
852.0,T001,U07,direct,
852.0,T002,U05,relay,R02
852.0,T003,U08,direct,
852.0,T004,U06,relay,R02
852.0,T006,U01,relay,R02
852.0,T009,U02,relay,R01
852.0,T010,U03,relay,R01
852.0,T016,U04,direct,
853.0,T001,U07,direct,
853.0,T002,U05,relay,R02
853.0,T003,U08,direct,
853.0,T004,U06,relay,R02
853.0,T006,U01,relay,R02
853.0,T009,U02,relay,R01
853.0,T010,U03,relay,R01
853.0,T016,U04,direct,
854.0,T001,U07,direct,
854.0,T002,U05,relay,R02
854.0,T003,U08,direct,
854.0,T004,U06,relay,R02
854.0,T006,U01,relay,R02
854.0,T009,U02,relay,R01
854.0,T010,U03,relay,R01
854.0,T016,U04,direct,
855.0,T001,U07,direct,
855.0,T002,U05,relay,R02
855.0,T003,U08,direct,
855.0,T004,U06,relay,R02
855.0,T006,U01,relay,R02
855.0,T009,U02,relay,R01
855.0,T010,U03,relay,R01
855.0,T016,U04,direct,
856.0,T001,U07,direct,
856.0,T002,U05,relay,R02
856.0,T003,U08,direct,
856.0,T004,U06,relay,R02
856.0,T006,U01,relay,R02
856.0,T009,U02,relay,R01
856.0,T010,U03,relay,R01
856.0,T016,U04,direct,
857.0,T001,U07,direct,
857.0,T002,U05,relay,R02
857.0,T003,U08,direct,
857.0,T004,U06,relay,R02
857.0,T006,U01,relay,R02
857.0,T009,U02,relay,R01
857.0,T010,U03,relay,R01
857.0,T016,U04,direct,
858.0,T001,U07,direct,
858.0,T002,U05,relay,R02
858.0,T003,U08,direct,
858.0,T004,U06,relay,R02
858.0,T006,U01,relay,R02
858.0,T009,U02,relay,R01
858.0,T010,U03,relay,R01
858.0,T016,U04,direct,
859.0,T001,U07,direct,
859.0,T002,U05,relay,R02
859.0,T003,U08,direct,
859.0,T004,U06,relay,R02
859.0,T006,U01,relay,R02
859.0,T009,U02,relay,R01
859.0,T010,U03,relay,R01
859.0,T016,U04,direct,
860.0,T001,U07,direct,
860.0,T002,U05,relay,R02
860.0,T003,U08,direct,
860.0,T004,U06,relay,R02
860.0,T006,U01,relay,R02
860.0,T009,U02,relay,R01
860.0,T010,U03,relay,R01
860.0,T016,U04,direct,
861.0,T001,U07,direct,
861.0,T002,U05,relay,R02
861.0,T003,U08,direct,
861.0,T004,U06,relay,R02
861.0,T006,U01,relay,R02
861.0,T009,U02,relay,R01
861.0,T010,U03,relay,R01
861.0,T016,U04,direct,
862.0,T001,U07,direct,
862.0,T002,U05,relay,R02
862.0,T003,U08,direct,
862.0,T004,U06,relay,R02
862.0,T006,U01,relay,R02
862.0,T009,U02,relay,R01
862.0,T010,U03,relay,R01
862.0,T016,U04,direct,
863.0,T001,U07,direct,
863.0,T002,U05,relay,R02
863.0,T003,U08,direct,
863.0,T004,U06,relay,R02
863.0,T006,U01,relay,R02
863.0,T009,U02,relay,R01
863.0,T010,U03,relay,R01
863.0,T016,U04,direct,
864.0,T001,U07,direct,
864.0,T002,U05,relay,R02
864.0,T003,U08,direct,
864.0,T004,U06,relay,R02
864.0,T006,U01,relay,R02
864.0,T009,U02,relay,R01
864.0,T010,U03,relay,R01
864.0,T016,U04,direct,
865.0,T001,U07,direct,
865.0,T002,U05,relay,R02
865.0,T003,U08,direct,
865.0,T004,U06,relay,R02
865.0,T006,U01,relay,R02
865.0,T009,U02,relay,R01
865.0,T010,U03,relay,R01
865.0,T016,U04,direct,
866.0,T001,U07,direct,
866.0,T002,U05,relay,R02
866.0,T003,U08,direct,
866.0,T004,U06,relay,R02
866.0,T006,U01,relay,R02
866.0,T009,U02,relay,R01
866.0,T010,U03,relay,R01
866.0,T016,U04,direct,
867.0,T001,U07,direct,
867.0,T002,U05,relay,R02
867.0,T003,U08,direct,
867.0,T004,U06,relay,R02
867.0,T006,U01,relay,R02
867.0,T009,U02,relay,R01
867.0,T010,U03,relay,R01
867.0,T016,U04,direct,
868.0,T001,U07,direct,
868.0,T002,U05,relay,R02
868.0,T003,U08,direct,
868.0,T004,U06,relay,R02
868.0,T006,U01,relay,R02
868.0,T009,U02,relay,R01
868.0,T010,U03,relay,R01
868.0,T016,U04,direct,
869.0,T001,U07,direct,
869.0,T002,U05,relay,R02
869.0,T003,U08,direct,
869.0,T004,U06,relay,R02
869.0,T006,U01,relay,R02
869.0,T009,U02,relay,R01
869.0,T010,U03,relay,R01
869.0,T016,U04,direct,
870.0,T001,U07,direct,
870.0,T002,U05,relay,R02
870.0,T003,U08,direct,
870.0,T004,U06,relay,R02
870.0,T006,U01,relay,R02
870.0,T009,U02,relay,R01
870.0,T010,U03,relay,R01
870.0,T016,U04,direct,
871.0,T001,U07,direct,
871.0,T002,U05,relay,R02
871.0,T003,U08,direct,
871.0,T004,U06,relay,R02
871.0,T006,U01,relay,R02
871.0,T009,U02,relay,R01
871.0,T010,U03,relay,R01
871.0,T016,U04,direct,
872.0,T001,U07,direct,
872.0,T002,U05,relay,R02
872.0,T003,U08,relay,R01
872.0,T004,U06,relay,R02
872.0,T006,U01,relay,R02
872.0,T009,U02,relay,R01
872.0,T010,U03,relay,R01
872.0,T016,U04,direct,
873.0,T001,U07,direct,
873.0,T002,U05,relay,R02
873.0,T003,U08,relay,R01
873.0,T004,U06,relay,R02
873.0,T006,U01,relay,R02
873.0,T009,U02,relay,R01
873.0,T010,U03,relay,R01
873.0,T016,U04,direct,
874.0,T001,U07,direct,
874.0,T002,U05,relay,R02
874.0,T003,U08,relay,R01
874.0,T004,U06,relay,R02
874.0,T006,U01,relay,R02
874.0,T009,U02,relay,R01
874.0,T010,U03,relay,R01
874.0,T016,U04,direct,
875.0,T001,U07,direct,
875.0,T002,U05,relay,R02
875.0,T003,U08,relay,R01
875.0,T004,U06,relay,R02
875.0,T006,U01,relay,R02
875.0,T009,U02,relay,R01
875.0,T010,U03,relay,R01
875.0,T016,U04,direct,
876.0,T001,U07,direct,
876.0,T002,U05,relay,R02
876.0,T003,U08,relay,R01
876.0,T004,U06,relay,R02
876.0,T006,U01,relay,R02
876.0,T009,U02,relay,R01
876.0,T010,U03,relay,R01
876.0,T016,U04,direct,
877.0,T001,U07,direct,
877.0,T002,U05,relay,R02
877.0,T003,U08,relay,R01
877.0,T004,U06,relay,R02
877.0,T006,U01,relay,R02
877.0,T009,U02,relay,R01
877.0,T010,U03,relay,R01
877.0,T016,U04,direct,
878.0,T001,U07,direct,
878.0,T002,U05,relay,R02
878.0,T003,U08,relay,R01
878.0,T004,U06,relay,R02
878.0,T006,U01,relay,R02
878.0,T009,U02,relay,R01
878.0,T010,U03,relay,R01
878.0,T016,U04,direct,
879.0,T001,U07,direct,
879.0,T002,U05,relay,R02
879.0,T003,U08,relay,R01
879.0,T004,U06,relay,R02
879.0,T006,U01,relay,R02
879.0,T009,U02,relay,R01
879.0,T010,U03,relay,R01
879.0,T016,U04,direct,
880.0,T001,U07,direct,
880.0,T002,U05,relay,R02
880.0,T003,U08,relay,R01
880.0,T004,U06,relay,R02
880.0,T006,U01,relay,R02
880.0,T009,U02,relay,R01
880.0,T010,U03,relay,R01
880.0,T016,U04,direct,
881.0,T001,U07,direct,
881.0,T002,U05,relay,R02
881.0,T003,U08,relay,R01
881.0,T004,U06,relay,R02
881.0,T006,U01,relay,R02
881.0,T009,U02,relay,R01
881.0,T010,U03,relay,R01
881.0,T016,U04,direct,
882.0,T001,U07,direct,
882.0,T002,U05,relay,R02
882.0,T003,U08,relay,R01
882.0,T004,U06,relay,R02
882.0,T006,U01,relay,R02
882.0,T009,U02,relay,R01
882.0,T010,U03,relay,R01
882.0,T016,U04,direct,
883.0,T001,U07,direct,
883.0,T002,U05,relay,R02
883.0,T003,U08,relay,R01
883.0,T004,U06,relay,R02
883.0,T006,U01,relay,R02
883.0,T009,U02,relay,R01
883.0,T010,U03,relay,R01
883.0,T016,U04,direct,
884.0,T001,U07,direct,
884.0,T002,U05,relay,R02
884.0,T003,U08,relay,R01
884.0,T004,U06,relay,R02
884.0,T006,U01,relay,R02
884.0,T009,U02,relay,R01
884.0,T010,U03,relay,R01
884.0,T016,U04,direct,
885.0,T001,U07,direct,
885.0,T002,U05,relay,R02
885.0,T003,U08,relay,R01
885.0,T004,U06,relay,R02
885.0,T006,U01,relay,R02
885.0,T009,U02,relay,R01
885.0,T010,U03,relay,R01
885.0,T016,U04,direct,
886.0,T001,U07,direct,
886.0,T002,U05,relay,R02
886.0,T003,U08,relay,R01
886.0,T004,U06,relay,R02
886.0,T006,U01,relay,R02
886.0,T009,U02,relay,R01
886.0,T010,U03,relay,R01
886.0,T016,U04,direct,
887.0,T001,U07,direct,
887.0,T002,U05,relay,R02
887.0,T003,U08,relay,R01
887.0,T004,U06,relay,R02
887.0,T006,U01,relay,R02
887.0,T009,U02,relay,R01
887.0,T010,U03,relay,R01
887.0,T016,U04,direct,
888.0,T001,U07,direct,
888.0,T002,U05,relay,R02
888.0,T003,U08,relay,R01
888.0,T004,U06,relay,R02
888.0,T006,U01,relay,R02
888.0,T009,U02,relay,R01
888.0,T010,U03,relay,R01
888.0,T016,U04,direct,
889.0,T001,U07,direct,
889.0,T002,U05,relay,R02
889.0,T003,U08,relay,R01
889.0,T004,U06,relay,R02
889.0,T006,U01,relay,R02
889.0,T009,U02,relay,R01
889.0,T010,U03,relay,R01
889.0,T016,U04,direct,
890.0,T001,U07,direct,
890.0,T002,U05,relay,R02
890.0,T003,U08,relay,R01
890.0,T004,U06,relay,R02
890.0,T006,U01,relay,R02
890.0,T009,U02,relay,R01
890.0,T010,U03,relay,R01
890.0,T016,U04,direct,
891.0,T001,U07,direct,
891.0,T002,U05,relay,R02
891.0,T003,U08,relay,R01
891.0,T004,U06,relay,R02
891.0,T006,U01,relay,R02
891.0,T009,U02,relay,R01
891.0,T010,U03,relay,R01
891.0,T016,U04,direct,
892.0,T001,U07,direct,
892.0,T002,U05,relay,R02
892.0,T003,U08,relay,R01
892.0,T004,U06,relay,R02
892.0,T006,U01,relay,R02
892.0,T009,U02,relay,R01
892.0,T010,U03,relay,R01
892.0,T016,U04,direct,
893.0,T001,U07,direct,
893.0,T002,U05,relay,R02
893.0,T003,U08,relay,R01
893.0,T004,U06,relay,R02
893.0,T006,U01,relay,R02
893.0,T009,U02,relay,R01
893.0,T010,U03,relay,R01
893.0,T016,U04,direct,
894.0,T001,U07,direct,
894.0,T002,U05,relay,R02
894.0,T003,U08,relay,R01
894.0,T004,U06,relay,R02
894.0,T006,U01,relay,R02
894.0,T009,U02,relay,R01
894.0,T010,U03,relay,R01
894.0,T016,U04,direct,
895.0,T001,U07,direct,
895.0,T002,U05,relay,R02
895.0,T003,U08,relay,R01
895.0,T004,U06,relay,R02
895.0,T006,U01,relay,R02
895.0,T009,U02,relay,R01
895.0,T010,U03,relay,R01
895.0,T016,U04,direct,
896.0,T001,U07,direct,
896.0,T002,U05,relay,R02
896.0,T003,U08,relay,R01
896.0,T004,U06,relay,R02
896.0,T006,U01,relay,R02
896.0,T009,U02,relay,R01
896.0,T010,U03,relay,R01
896.0,T016,U04,direct,
897.0,T001,U07,direct,
897.0,T002,U05,relay,R02
897.0,T003,U08,relay,R01
897.0,T004,U06,relay,R02
897.0,T006,U01,relay,R02
897.0,T009,U02,relay,R01
897.0,T010,U03,relay,R01
897.0,T016,U04,direct,
898.0,T001,U07,direct,
898.0,T002,U05,relay,R02
898.0,T003,U08,relay,R01
898.0,T004,U06,relay,R02
898.0,T006,U01,relay,R02
898.0,T009,U02,relay,R01
898.0,T010,U03,relay,R01
898.0,T016,U04,direct,
899.0,T001,U07,direct,
899.0,T002,U05,relay,R02
899.0,T003,U08,relay,R01
899.0,T004,U06,relay,R02
899.0,T006,U01,relay,R02
899.0,T009,U02,relay,R01
899.0,T010,U03,relay,R01
899.0,T016,U04,direct,
900.0,T001,U07,direct,
900.0,T002,U05,relay,R02
900.0,T003,U08,relay,R01
900.0,T004,U06,relay,R02
900.0,T006,U01,relay,R02
900.0,T009,U02,relay,R01
900.0,T010,U03,relay,R01
900.0,T016,U04,direct,
901.0,T001,U07,direct,
901.0,T002,U05,relay,R02
901.0,T003,U08,relay,R01
901.0,T004,U06,relay,R02
901.0,T006,U01,relay,R02
901.0,T009,U02,relay,R01
901.0,T010,U03,relay,R01
901.0,T016,U04,direct,
902.0,T001,U07,direct,
902.0,T002,U05,relay,R02
902.0,T003,U08,relay,R01
902.0,T004,U06,relay,R02
902.0,T006,U01,relay,R02
902.0,T009,U02,relay,R01
902.0,T010,U03,relay,R01
902.0,T016,U04,direct,
903.0,T001,U07,direct,
903.0,T002,U05,relay,R02
903.0,T003,U08,relay,R01
903.0,T004,U06,relay,R02
903.0,T006,U01,relay,R02
903.0,T009,U02,relay,R01
903.0,T010,U03,relay,R01
903.0,T016,U04,direct,
904.0,T001,U07,direct,
904.0,T002,U05,relay,R02
904.0,T003,U08,relay,R01
904.0,T004,U06,relay,R02
904.0,T006,U01,relay,R02
904.0,T009,U02,relay,R01
904.0,T010,U03,relay,R01
904.0,T016,U04,direct,
905.0,T001,U07,direct,
905.0,T002,U05,relay,R02
905.0,T003,U08,relay,R01
905.0,T004,U06,relay,R02
905.0,T006,U01,relay,R02
905.0,T009,U02,relay,R01
905.0,T010,U03,relay,R01
905.0,T016,U04,direct,
906.0,T001,U07,direct,
906.0,T002,U05,relay,R02
906.0,T003,U08,relay,R01
906.0,T004,U06,relay,R02
906.0,T006,U01,relay,R02
906.0,T009,U02,relay,R01
906.0,T010,U03,relay,R01
906.0,T016,U04,direct,
907.0,T001,U07,direct,
907.0,T002,U05,relay,R02
907.0,T003,U08,relay,R01
907.0,T004,U06,relay,R02
907.0,T006,U01,relay,R02
907.0,T009,U02,relay,R01
907.0,T010,U03,relay,R01
907.0,T016,U04,direct,
908.0,T001,U07,direct,
908.0,T002,U05,relay,R02
908.0,T003,U08,relay,R01
908.0,T004,U06,relay,R02
908.0,T006,U01,relay,R02
908.0,T009,U02,relay,R01
908.0,T010,U03,relay,R01
908.0,T016,U04,direct,
909.0,T001,U07,direct,
909.0,T002,U05,relay,R02
909.0,T003,U08,relay,R01
909.0,T004,U06,relay,R02
909.0,T006,U01,relay,R02
909.0,T009,U02,relay,R01
909.0,T010,U03,relay,R01
909.0,T016,U04,direct,
910.0,T001,U07,direct,
910.0,T002,U05,relay,R02
910.0,T003,U08,relay,R01
910.0,T004,U06,relay,R02
910.0,T006,U01,relay,R02
910.0,T009,U02,relay,R01
910.0,T010,U03,relay,R01
910.0,T016,U04,direct,
911.0,T001,U07,direct,
911.0,T002,U05,relay,R02
911.0,T003,U08,relay,R01
911.0,T004,U06,relay,R02
911.0,T006,U01,relay,R02
911.0,T009,U02,relay,R01
911.0,T010,U03,relay,R01
911.0,T016,U04,direct,
912.0,T001,U07,direct,
912.0,T002,U05,relay,R02
912.0,T003,U08,relay,R01
912.0,T004,U06,relay,R02
912.0,T006,U01,relay,R02
912.0,T009,U02,relay,R01
912.0,T010,U03,relay,R01
912.0,T016,U04,direct,
913.0,T001,U07,direct,
913.0,T002,U05,relay,R02
913.0,T003,U08,relay,R01
913.0,T004,U06,relay,R02
913.0,T006,U01,relay,R02
913.0,T009,U02,relay,R01
913.0,T010,U03,relay,R01
913.0,T016,U04,direct,
914.0,T001,U07,direct,
914.0,T002,U05,relay,R02
914.0,T003,U08,relay,R01
914.0,T004,U06,relay,R02
914.0,T006,U01,relay,R02
914.0,T009,U02,relay,R01
914.0,T010,U03,relay,R01
914.0,T016,U04,direct,
915.0,T001,U07,direct,
915.0,T002,U05,relay,R02
915.0,T003,U08,relay,R01
915.0,T004,U06,relay,R02
915.0,T006,U01,relay,R02
915.0,T009,U02,relay,R01
915.0,T010,U03,relay,R01
915.0,T016,U04,direct,
916.0,T001,U07,direct,
916.0,T002,U05,relay,R02
916.0,T003,U08,relay,R01
916.0,T004,U06,relay,R02
916.0,T006,U01,relay,R02
916.0,T009,U02,relay,R01
916.0,T010,U03,relay,R01
916.0,T016,U04,direct,
917.0,T001,U07,direct,
917.0,T002,U05,relay,R02
917.0,T003,U08,relay,R01
917.0,T004,U06,relay,R02
917.0,T006,U01,relay,R02
917.0,T009,U02,relay,R01
917.0,T010,U03,relay,R01
917.0,T016,U04,direct,
918.0,T001,U07,direct,
918.0,T002,U05,relay,R02
918.0,T003,U08,relay,R01
918.0,T004,U06,relay,R02
918.0,T006,U01,relay,R02
918.0,T009,U02,relay,R01
918.0,T010,U03,relay,R01
918.0,T016,U04,direct,
919.0,T001,U07,direct,
919.0,T002,U05,relay,R02
919.0,T003,U08,relay,R01
919.0,T004,U06,relay,R02
919.0,T006,U01,relay,R02
919.0,T009,U02,relay,R01
919.0,T010,U03,relay,R01
919.0,T016,U04,direct,
920.0,T001,U07,direct,
920.0,T002,U05,relay,R02
920.0,T003,U08,relay,R01
920.0,T004,U06,relay,R02
920.0,T006,U01,relay,R02
920.0,T009,U02,relay,R01
920.0,T010,U03,relay,R01
920.0,T016,U04,direct,
921.0,T001,U07,direct,
921.0,T002,U05,relay,R02
921.0,T003,U08,relay,R01
921.0,T004,U06,relay,R02
921.0,T006,U01,relay,R02
921.0,T009,U02,relay,R01
921.0,T010,U03,relay,R01
921.0,T016,U04,direct,
922.0,T001,U07,direct,
922.0,T002,U05,relay,R02
922.0,T003,U08,relay,R01
922.0,T004,U06,relay,R02
922.0,T006,U01,relay,R02
922.0,T009,U02,relay,R01
922.0,T010,U03,relay,R01
922.0,T016,U04,direct,
923.0,T001,U07,direct,
923.0,T002,U05,relay,R02
923.0,T003,U08,relay,R01
923.0,T004,U06,relay,R02
923.0,T006,U01,relay,R02
923.0,T009,U02,relay,R01
923.0,T010,U03,relay,R01
923.0,T016,U04,direct,
924.0,T001,U07,direct,
924.0,T002,U05,relay,R02
924.0,T003,U08,relay,R01
924.0,T004,U06,relay,R02
924.0,T006,U01,relay,R02
924.0,T009,U02,relay,R01
924.0,T010,U03,relay,R01
924.0,T016,U04,direct,
925.0,T001,U07,direct,
925.0,T002,U05,relay,R02
925.0,T003,U08,relay,R01
925.0,T004,U06,relay,R02
925.0,T006,U01,relay,R02
925.0,T009,U02,relay,R01
925.0,T010,U03,relay,R01
925.0,T016,U04,direct,
926.0,T001,U07,direct,
926.0,T002,U05,relay,R02
926.0,T003,U08,relay,R01
926.0,T004,U06,relay,R02
926.0,T006,U01,relay,R02
926.0,T009,U02,relay,R01
926.0,T010,U03,relay,R01
926.0,T016,U04,direct,
927.0,T001,U07,direct,
927.0,T002,U05,relay,R02
927.0,T003,U08,relay,R01
927.0,T004,U06,relay,R02
927.0,T006,U01,relay,R02
927.0,T009,U02,relay,R01
927.0,T010,U03,relay,R01
927.0,T016,U04,direct,
928.0,T001,U07,direct,
928.0,T002,U05,relay,R02
928.0,T003,U08,relay,R01
928.0,T004,U06,relay,R02
928.0,T006,U01,relay,R02
928.0,T009,U02,relay,R01
928.0,T010,U03,relay,R01
928.0,T016,U04,direct,
929.0,T001,U07,direct,
929.0,T002,U05,relay,R02
929.0,T003,U08,relay,R01
929.0,T004,U06,relay,R02
929.0,T006,U01,relay,R02
929.0,T009,U02,relay,R01
929.0,T010,U03,relay,R01
929.0,T016,U04,direct,
930.0,T001,U07,direct,
930.0,T002,U05,relay,R02
930.0,T003,U08,relay,R01
930.0,T004,U06,relay,R02
930.0,T006,U01,relay,R02
930.0,T009,U02,relay,R01
930.0,T010,U03,relay,R01
930.0,T016,U04,direct,
931.0,T001,U07,direct,
931.0,T002,U05,relay,R02
931.0,T003,U08,relay,R01
931.0,T004,U06,relay,R02
931.0,T006,U01,relay,R02
931.0,T009,U02,relay,R01
931.0,T010,U03,relay,R01
931.0,T016,U04,direct,
932.0,T001,U07,direct,
932.0,T002,U05,relay,R02
932.0,T003,U08,relay,R01
932.0,T004,U06,relay,R02
932.0,T006,U01,relay,R02
932.0,T009,U02,relay,R01
932.0,T010,U03,relay,R01
932.0,T016,U04,direct,
933.0,T001,U07,direct,
933.0,T002,U05,relay,R02
933.0,T003,U08,relay,R01
933.0,T004,U06,relay,R02
933.0,T006,U01,relay,R02
933.0,T009,U02,relay,R01
933.0,T010,U03,relay,R01
933.0,T016,U04,direct,
934.0,T001,U07,direct,
934.0,T002,U05,relay,R02
934.0,T003,U08,relay,R01
934.0,T004,U06,relay,R02
934.0,T006,U01,relay,R02
934.0,T009,U02,relay,R01
934.0,T010,U03,relay,R01
934.0,T016,U04,direct,
935.0,T001,U07,direct,
935.0,T002,U05,relay,R02
935.0,T003,U08,relay,R01
935.0,T004,U06,relay,R02
935.0,T006,U01,relay,R02
935.0,T009,U02,relay,R01
935.0,T010,U03,relay,R01
935.0,T016,U04,direct,
936.0,T001,U07,direct,
936.0,T002,U05,relay,R02
936.0,T003,U08,relay,R01
936.0,T004,U06,relay,R02
936.0,T006,U01,relay,R02
936.0,T009,U02,relay,R01
936.0,T010,U03,relay,R01
936.0,T016,U04,direct,
937.0,T001,U07,direct,
937.0,T002,U05,relay,R02
937.0,T003,U08,relay,R01
937.0,T004,U06,relay,R02
937.0,T006,U01,relay,R02
937.0,T009,U02,relay,R01
937.0,T010,U03,relay,R01
937.0,T016,U04,direct,
938.0,T001,U07,direct,
938.0,T002,U05,relay,R02
938.0,T003,U08,relay,R01
938.0,T004,U06,relay,R02
938.0,T006,U01,relay,R02
938.0,T009,U02,relay,R01
938.0,T010,U03,relay,R01
938.0,T016,U04,direct,
939.0,T001,U07,direct,
939.0,T002,U05,relay,R02
939.0,T003,U08,relay,R01
939.0,T004,U06,relay,R02
939.0,T006,U01,relay,R02
939.0,T009,U02,relay,R01
939.0,T010,U03,relay,R01
939.0,T016,U04,direct,
940.0,T001,U07,direct,
940.0,T002,U05,relay,R02
940.0,T003,U08,relay,R01
940.0,T004,U06,relay,R02
940.0,T006,U01,relay,R02
940.0,T009,U02,relay,R01
940.0,T010,U03,relay,R01
940.0,T016,U04,direct,
941.0,T001,U07,direct,
941.0,T002,U05,relay,R02
941.0,T003,U08,relay,R01
941.0,T004,U06,relay,R02
941.0,T006,U01,relay,R02
941.0,T009,U02,relay,R01
941.0,T010,U03,relay,R01
941.0,T016,U04,direct,
942.0,T001,U07,direct,
942.0,T002,U05,relay,R02
942.0,T003,U08,relay,R01
942.0,T004,U06,relay,R02
942.0,T006,U01,relay,R02
942.0,T009,U02,relay,R01
942.0,T010,U03,relay,R01
942.0,T016,U04,direct,
943.0,T001,U07,direct,
943.0,T002,U05,relay,R02
943.0,T003,U08,relay,R01
943.0,T004,U06,relay,R02
943.0,T006,U01,relay,R02
943.0,T009,U02,relay,R01
943.0,T010,U03,relay,R01
943.0,T016,U04,direct,
944.0,T001,U07,direct,
944.0,T002,U05,relay,R02
944.0,T003,U08,relay,R01
944.0,T004,U06,relay,R02
944.0,T006,U01,relay,R02
944.0,T009,U02,relay,R01
944.0,T010,U03,relay,R01
944.0,T016,U04,direct,
945.0,T001,U07,direct,
945.0,T002,U05,relay,R02
945.0,T003,U08,relay,R01
945.0,T004,U06,relay,R02
945.0,T006,U01,relay,R02
945.0,T009,U02,relay,R01
945.0,T010,U03,relay,R01
945.0,T016,U04,direct,
946.0,T001,U07,direct,
946.0,T002,U05,relay,R02
946.0,T003,U08,relay,R01
946.0,T004,U06,relay,R02
946.0,T006,U01,relay,R02
946.0,T009,U02,relay,R01
946.0,T010,U03,relay,R01
946.0,T016,U04,direct,
947.0,T001,U07,direct,
947.0,T002,U05,relay,R02
947.0,T003,U08,relay,R01
947.0,T004,U06,relay,R02
947.0,T006,U01,relay,R02
947.0,T009,U02,relay,R01
947.0,T010,U03,relay,R01
947.0,T016,U04,direct,
948.0,T001,U07,direct,
948.0,T002,U05,relay,R02
948.0,T003,U08,relay,R01
948.0,T004,U06,relay,R02
948.0,T006,U01,relay,R02
948.0,T009,U02,relay,R01
948.0,T010,U03,relay,R01
948.0,T016,U04,direct,
949.0,T001,U07,direct,
949.0,T002,U05,relay,R02
949.0,T003,U08,relay,R01
949.0,T004,U06,relay,R02
949.0,T006,U01,relay,R02
949.0,T009,U02,relay,R01
949.0,T010,U03,relay,R01
949.0,T016,U04,direct,
950.0,T001,U07,direct,
950.0,T002,U05,relay,R02
950.0,T003,U08,relay,R01
950.0,T004,U06,relay,R02
950.0,T006,U01,relay,R02
950.0,T009,U02,relay,R01
950.0,T010,U03,relay,R01
950.0,T016,U04,direct,
951.0,T001,U07,direct,
951.0,T002,U05,relay,R02
951.0,T003,U08,relay,R01
951.0,T004,U06,relay,R02
951.0,T006,U01,relay,R02
951.0,T009,U02,relay,R01
951.0,T010,U03,relay,R01
951.0,T016,U04,direct,
952.0,T001,U07,direct,
952.0,T002,U05,relay,R02
952.0,T003,U08,relay,R01
952.0,T004,U06,relay,R02
952.0,T006,U01,relay,R02
952.0,T009,U02,relay,R01
952.0,T010,U03,relay,R01
952.0,T016,U04,direct,
953.0,T001,U07,direct,
953.0,T002,U05,relay,R02
953.0,T003,U08,relay,R01
953.0,T004,U06,relay,R02
953.0,T006,U01,relay,R02
953.0,T009,U02,relay,R01
953.0,T010,U03,relay,R01
953.0,T016,U04,direct,
954.0,T001,U07,direct,
954.0,T002,U05,relay,R02
954.0,T003,U08,relay,R01
954.0,T004,U06,relay,R02
954.0,T006,U01,relay,R02
954.0,T009,U02,relay,R01
954.0,T010,U03,relay,R01
954.0,T016,U04,direct,
955.0,T001,U07,direct,
955.0,T002,U05,relay,R02
955.0,T003,U08,relay,R01
955.0,T004,U06,relay,R02
955.0,T006,U01,relay,R02
955.0,T009,U02,relay,R01
955.0,T010,U03,relay,R01
955.0,T016,U04,direct,
956.0,T001,U07,direct,
956.0,T002,U05,relay,R02
956.0,T003,U08,relay,R01
956.0,T004,U06,relay,R02
956.0,T006,U01,relay,R02
956.0,T009,U02,relay,R01
956.0,T010,U03,relay,R01
956.0,T016,U04,direct,
957.0,T001,U07,direct,
957.0,T002,U05,relay,R02
957.0,T003,U08,relay,R01
957.0,T004,U06,relay,R02
957.0,T006,U01,relay,R02
957.0,T009,U02,relay,R01
957.0,T010,U03,relay,R01
957.0,T016,U04,direct,
958.0,T001,U07,direct,
958.0,T002,U05,relay,R02
958.0,T003,U08,relay,R01
958.0,T004,U06,relay,R02
958.0,T006,U01,relay,R02
958.0,T009,U02,relay,R01
958.0,T010,U03,relay,R01
958.0,T016,U04,direct,
959.0,T001,U07,direct,
959.0,T002,U05,relay,R02
959.0,T003,U08,relay,R01
959.0,T004,U06,relay,R02
959.0,T006,U01,relay,R02
959.0,T009,U02,relay,R01
959.0,T010,U03,relay,R01
959.0,T016,U04,direct,
960.0,T001,U07,direct,
960.0,T002,U05,relay,R02
960.0,T003,U08,relay,R01
960.0,T004,U06,relay,R02
960.0,T006,U01,relay,R02
960.0,T009,U02,relay,R01
960.0,T010,U03,relay,R01
960.0,T016,U04,direct,
961.0,T001,U07,direct,
961.0,T002,U05,relay,R02
961.0,T003,U08,relay,R01
961.0,T004,U06,relay,R02
961.0,T006,U01,relay,R02
961.0,T009,U02,relay,R01
961.0,T010,U03,relay,R01
961.0,T016,U04,direct,
962.0,T001,U07,direct,
962.0,T002,U05,relay,R02
962.0,T003,U08,relay,R01
962.0,T004,U06,relay,R02
962.0,T006,U01,relay,R02
962.0,T009,U02,relay,R01
962.0,T010,U03,relay,R01
962.0,T016,U04,direct,
963.0,T001,U07,direct,
963.0,T002,U05,relay,R02
963.0,T003,U08,relay,R01
963.0,T004,U06,relay,R02
963.0,T006,U01,relay,R02
963.0,T009,U02,relay,R01
963.0,T010,U03,relay,R01
963.0,T016,U04,direct,
964.0,T001,U07,direct,
964.0,T002,U05,relay,R02
964.0,T003,U08,relay,R01
964.0,T004,U06,relay,R02
964.0,T006,U01,relay,R02
964.0,T009,U02,relay,R01
964.0,T010,U03,relay,R01
964.0,T016,U04,direct,
965.0,T001,U07,direct,
965.0,T002,U05,relay,R02
965.0,T003,U08,relay,R01
965.0,T004,U06,relay,R02
965.0,T006,U01,relay,R02
965.0,T009,U02,relay,R01
965.0,T010,U03,relay,R01
965.0,T016,U04,direct,
966.0,T001,U07,direct,
966.0,T002,U05,relay,R02
966.0,T003,U08,relay,R01
966.0,T004,U06,relay,R02
966.0,T006,U01,relay,R02
966.0,T009,U02,relay,R01
966.0,T010,U03,relay,R01
966.0,T016,U04,direct,
967.0,T001,U07,direct,
967.0,T002,U05,relay,R02
967.0,T003,U08,relay,R01
967.0,T004,U06,relay,R02
967.0,T006,U01,relay,R02
967.0,T009,U02,relay,R01
967.0,T010,U03,relay,R01
967.0,T016,U04,direct,
968.0,T001,U07,direct,
968.0,T002,U05,relay,R02
968.0,T003,U08,relay,R01
968.0,T004,U06,relay,R02
968.0,T006,U01,relay,R02
968.0,T009,U02,relay,R01
968.0,T010,U03,relay,R01
968.0,T016,U04,direct,
969.0,T001,U07,direct,
969.0,T002,U05,relay,R02
969.0,T003,U08,relay,R01
969.0,T004,U06,relay,R02
969.0,T006,U01,relay,R02
969.0,T009,U02,relay,R01
969.0,T010,U03,relay,R01
969.0,T016,U04,direct,
970.0,T001,U07,direct,
970.0,T002,U05,relay,R02
970.0,T003,U08,relay,R01
970.0,T004,U06,relay,R02
970.0,T006,U01,relay,R02
970.0,T009,U02,relay,R01
970.0,T010,U03,relay,R01
970.0,T016,U04,direct,
971.0,T001,U07,direct,
971.0,T002,U05,relay,R02
971.0,T003,U08,relay,R01
971.0,T004,U06,relay,R02
971.0,T006,U01,relay,R02
971.0,T009,U02,relay,R01
971.0,T010,U03,relay,R01
971.0,T016,U04,direct,
972.0,T001,U07,direct,
972.0,T002,U05,relay,R02
972.0,T003,U08,relay,R01
972.0,T004,U06,relay,R02
972.0,T006,U01,relay,R02
972.0,T009,U02,relay,R01
972.0,T010,U03,relay,R01
972.0,T016,U04,direct,
973.0,T001,U07,direct,
973.0,T002,U05,relay,R02
973.0,T003,U08,relay,R01
973.0,T004,U06,relay,R02
973.0,T006,U01,relay,R02
973.0,T009,U02,relay,R01
973.0,T010,U03,relay,R01
973.0,T016,U04,direct,
974.0,T001,U07,direct,
974.0,T002,U05,relay,R02
974.0,T003,U08,relay,R01
974.0,T004,U06,relay,R02
974.0,T006,U01,relay,R02
974.0,T009,U02,relay,R01
974.0,T010,U03,relay,R01
974.0,T016,U04,direct,
975.0,T001,U07,direct,
975.0,T002,U05,relay,R02
975.0,T003,U08,relay,R01
975.0,T004,U06,relay,R02
975.0,T006,U01,relay,R02
975.0,T009,U02,relay,R01
975.0,T010,U03,relay,R01
975.0,T016,U04,direct,
976.0,T001,U07,direct,
976.0,T002,U05,relay,R02
976.0,T003,U08,relay,R01
976.0,T004,U06,relay,R02
976.0,T006,U01,relay,R02
976.0,T009,U02,relay,R01
976.0,T010,U03,relay,R01
976.0,T016,U04,direct,
977.0,T001,U07,direct,
977.0,T002,U05,relay,R02
977.0,T003,U08,relay,R01
977.0,T004,U06,relay,R02
977.0,T006,U01,relay,R02
977.0,T009,U02,relay,R01
977.0,T010,U03,relay,R01
977.0,T016,U04,direct,
978.0,T001,U07,direct,
978.0,T002,U05,relay,R02
978.0,T003,U08,relay,R01
978.0,T004,U06,relay,R02
978.0,T006,U01,relay,R02
978.0,T009,U02,relay,R01
978.0,T010,U03,relay,R01
978.0,T016,U04,direct,
979.0,T001,U07,direct,
979.0,T002,U05,relay,R02
979.0,T003,U08,relay,R01
979.0,T004,U06,relay,R02
979.0,T006,U01,relay,R02
979.0,T009,U02,relay,R01
979.0,T010,U03,relay,R01
979.0,T016,U04,direct,
980.0,T001,U07,direct,
980.0,T002,U05,relay,R02
980.0,T003,U08,relay,R01
980.0,T004,U06,relay,R02
980.0,T006,U01,relay,R02
980.0,T009,U02,relay,R01
980.0,T010,U03,relay,R01
980.0,T016,U04,direct,
981.0,T001,U07,direct,
981.0,T002,U05,relay,R02
981.0,T003,U08,relay,R01
981.0,T004,U06,relay,R02
981.0,T006,U01,relay,R02
981.0,T009,U02,relay,R01
981.0,T010,U03,relay,R01
981.0,T016,U04,direct,
982.0,T001,U07,direct,
982.0,T002,U05,relay,R02
982.0,T003,U08,relay,R01
982.0,T004,U06,relay,R02
982.0,T006,U01,relay,R02
982.0,T009,U02,relay,R01
982.0,T010,U03,relay,R01
982.0,T016,U04,direct,
983.0,T001,U07,direct,
983.0,T002,U05,relay,R02
983.0,T003,U08,relay,R01
983.0,T004,U06,relay,R02
983.0,T006,U01,relay,R02
983.0,T009,U02,relay,R01
983.0,T010,U03,relay,R01
983.0,T016,U04,direct,
984.0,T001,U07,direct,
984.0,T002,U05,relay,R02
984.0,T003,U08,relay,R01
984.0,T004,U06,relay,R02
984.0,T006,U01,relay,R02
984.0,T009,U02,relay,R01
984.0,T010,U03,relay,R01
984.0,T016,U04,direct,
985.0,T001,U07,direct,
985.0,T002,U05,relay,R02
985.0,T003,U08,relay,R01
985.0,T004,U06,relay,R02
985.0,T006,U01,relay,R02
985.0,T009,U02,relay,R01
985.0,T010,U03,relay,R01
985.0,T016,U04,direct,
986.0,T001,U07,direct,
986.0,T002,U05,relay,R02
986.0,T003,U08,relay,R01
986.0,T004,U06,relay,R02
986.0,T006,U01,relay,R02
986.0,T009,U02,relay,R01
986.0,T010,U03,relay,R01
986.0,T016,U04,direct,
987.0,T001,U07,direct,
987.0,T002,U05,relay,R02
987.0,T003,U08,relay,R01
987.0,T004,U06,relay,R02
987.0,T006,U01,relay,R02
987.0,T009,U02,relay,R01
987.0,T010,U03,relay,R01
987.0,T016,U04,direct,
988.0,T001,U07,direct,
988.0,T002,U05,relay,R02
988.0,T003,U08,relay,R01
988.0,T004,U06,relay,R02
988.0,T006,U01,relay,R02
988.0,T009,U02,relay,R01
988.0,T010,U03,relay,R01
988.0,T016,U04,direct,
989.0,T001,U07,direct,
989.0,T002,U05,relay,R02
989.0,T003,U08,relay,R01
989.0,T004,U06,relay,R02
989.0,T006,U01,relay,R02
989.0,T009,U02,relay,R01
989.0,T010,U03,relay,R01
989.0,T016,U04,direct,
990.0,T001,U07,direct,
990.0,T002,U05,relay,R02
990.0,T003,U08,relay,R01
990.0,T004,U06,relay,R02
990.0,T006,U01,relay,R02
990.0,T009,U02,relay,R01
990.0,T010,U03,relay,R01
990.0,T016,U04,direct,
991.0,T001,U07,direct,
991.0,T002,U05,relay,R02
991.0,T003,U08,relay,R01
991.0,T004,U06,relay,R02
991.0,T006,U01,relay,R02
991.0,T009,U02,relay,R01
991.0,T010,U03,relay,R01
991.0,T016,U04,direct,
992.0,T001,U07,direct,
992.0,T002,U05,relay,R02
992.0,T003,U08,relay,R01
992.0,T004,U06,relay,R02
992.0,T006,U01,relay,R02
992.0,T009,U02,relay,R01
992.0,T010,U03,relay,R01
992.0,T016,U04,direct,
993.0,T001,U07,direct,
993.0,T002,U05,relay,R02
993.0,T003,U08,relay,R01
993.0,T004,U06,relay,R02
993.0,T006,U01,relay,R02
993.0,T009,U02,relay,R01
993.0,T010,U03,relay,R01
993.0,T016,U04,direct,
994.0,T001,U07,direct,
994.0,T002,U05,relay,R02
994.0,T003,U08,relay,R01
994.0,T004,U06,relay,R02
994.0,T006,U01,relay,R02
994.0,T009,U02,relay,R01
994.0,T010,U03,relay,R01
994.0,T016,U04,direct,
995.0,T001,U07,direct,
995.0,T002,U05,relay,R02
995.0,T003,U08,relay,R01
995.0,T004,U06,relay,R02
995.0,T006,U01,relay,R02
995.0,T009,U02,relay,R01
995.0,T010,U03,relay,R01
995.0,T016,U04,direct,
996.0,T001,U07,direct,
996.0,T002,U05,relay,R02
996.0,T003,U08,relay,R01
996.0,T004,U06,relay,R02
996.0,T006,U01,relay,R02
996.0,T009,U02,relay,R01
996.0,T010,U03,relay,R01
996.0,T016,U04,direct,
997.0,T001,U07,direct,
997.0,T002,U05,relay,R02
997.0,T003,U08,relay,R01
997.0,T004,U06,relay,R02
997.0,T006,U01,relay,R02
997.0,T009,U02,relay,R01
997.0,T010,U03,relay,R01
997.0,T016,U04,direct,
998.0,T001,U07,direct,
998.0,T002,U05,relay,R02
998.0,T003,U08,relay,R01
998.0,T004,U06,relay,R02
998.0,T006,U01,relay,R02
998.0,T009,U02,relay,R01
998.0,T010,U03,relay,R01
998.0,T016,U04,direct,
999.0,T001,U07,direct,
999.0,T002,U05,relay,R02
999.0,T003,U08,relay,R01
999.0,T004,U06,relay,R02
999.0,T006,U01,relay,R02
999.0,T009,U02,relay,R01
999.0,T010,U03,relay,R01
999.0,T016,U04,direct,
1000.0,T001,U07,direct,
1000.0,T002,U05,relay,R02
1000.0,T003,U08,relay,R01
1000.0,T004,U06,relay,R02
1000.0,T006,U01,relay,R02
1000.0,T009,U02,relay,R01
1000.0,T010,U03,relay,R01
1000.0,T016,U04,direct,
1001.0,T001,U07,direct,
1001.0,T002,U05,relay,R02
1001.0,T003,U08,relay,R01
1001.0,T004,U06,relay,R02
1001.0,T006,U01,relay,R02
1001.0,T009,U02,relay,R01
1001.0,T010,U03,relay,R01
1001.0,T016,U04,direct,
1002.0,T001,U07,direct,
1002.0,T002,U05,relay,R02
1002.0,T003,U08,relay,R01
1002.0,T004,U06,relay,R02
1002.0,T006,U01,relay,R02
1002.0,T009,U02,relay,R01
1002.0,T010,U03,relay,R01
1002.0,T016,U04,direct,
1003.0,T001,U07,direct,
1003.0,T002,U05,relay,R02
1003.0,T003,U08,relay,R01
1003.0,T004,U06,relay,R02
1003.0,T006,U01,relay,R02
1003.0,T009,U02,relay,R01
1003.0,T010,U03,relay,R01
1003.0,T016,U04,direct,
1004.0,T001,U07,direct,
1004.0,T002,U05,relay,R02
1004.0,T003,U08,relay,R01
1004.0,T004,U06,relay,R02
1004.0,T006,U01,relay,R02
1004.0,T009,U02,relay,R01
1004.0,T010,U03,relay,R01
1004.0,T016,U04,direct,
1005.0,T001,U07,direct,
1005.0,T002,U05,relay,R02
1005.0,T003,U08,relay,R01
1005.0,T004,U06,relay,R02
1005.0,T006,U01,relay,R02
1005.0,T009,U02,relay,R01
1005.0,T010,U03,relay,R01
1005.0,T016,U04,direct,
1006.0,T001,U07,direct,
1006.0,T002,U05,relay,R02
1006.0,T003,U08,relay,R01
1006.0,T004,U06,relay,R02
1006.0,T006,U01,relay,R02
1006.0,T009,U02,relay,R01
1006.0,T010,U03,relay,R01
1006.0,T016,U04,direct,
1007.0,T001,U07,direct,
1007.0,T002,U05,relay,R02
1007.0,T003,U08,relay,R01
1007.0,T004,U06,relay,R02
1007.0,T006,U01,relay,R02
1007.0,T009,U02,relay,R01
1007.0,T010,U03,relay,R01
1007.0,T016,U04,direct,
1008.0,T001,U07,direct,
1008.0,T002,U05,relay,R02
1008.0,T003,U08,relay,R01
1008.0,T004,U06,relay,R02
1008.0,T006,U01,relay,R02
1008.0,T009,U02,relay,R01
1008.0,T010,U03,relay,R01
1008.0,T016,U04,direct,
1009.0,T001,U07,direct,
1009.0,T002,U05,relay,R02
1009.0,T003,U08,relay,R01
1009.0,T004,U06,relay,R02
1009.0,T006,U01,relay,R02
1009.0,T009,U02,relay,R01
1009.0,T010,U03,relay,R01
1009.0,T016,U04,direct,
1010.0,T001,U07,direct,
1010.0,T002,U05,relay,R02
1010.0,T003,U08,relay,R01
1010.0,T004,U06,relay,R02
1010.0,T006,U01,relay,R02
1010.0,T009,U02,relay,R01
1010.0,T010,U03,relay,R01
1010.0,T016,U04,direct,
1011.0,T001,U07,direct,
1011.0,T002,U05,relay,R02
1011.0,T003,U08,relay,R01
1011.0,T004,U06,relay,R02
1011.0,T006,U01,relay,R02
1011.0,T009,U02,relay,R01
1011.0,T010,U03,relay,R01
1011.0,T016,U04,direct,
1012.0,T001,U07,direct,
1012.0,T002,U05,relay,R02
1012.0,T003,U08,relay,R01
1012.0,T004,U06,relay,R02
1012.0,T006,U01,relay,R02
1012.0,T009,U02,relay,R01
1012.0,T010,U03,relay,R01
1012.0,T016,U04,direct,
1013.0,T001,U07,direct,
1013.0,T002,U05,relay,R02
1013.0,T003,U08,relay,R01
1013.0,T004,U06,relay,R02
1013.0,T006,U01,relay,R02
1013.0,T009,U02,relay,R01
1013.0,T010,U03,relay,R01
1013.0,T016,U04,direct,
1014.0,T001,U07,direct,
1014.0,T002,U05,relay,R02
1014.0,T003,U08,relay,R01
1014.0,T004,U06,relay,R02
1014.0,T006,U01,relay,R02
1014.0,T009,U02,relay,R01
1014.0,T010,U03,relay,R01
1014.0,T016,U04,direct,
1015.0,T001,U07,direct,
1015.0,T002,U05,relay,R02
1015.0,T003,U08,relay,R01
1015.0,T004,U06,relay,R02
1015.0,T006,U01,relay,R02
1015.0,T009,U02,relay,R01
1015.0,T010,U03,relay,R01
1015.0,T016,U04,direct,
1016.0,T001,U07,direct,
1016.0,T002,U05,relay,R02
1016.0,T003,U08,relay,R01
1016.0,T004,U06,relay,R02
1016.0,T006,U01,relay,R02
1016.0,T009,U02,relay,R01
1016.0,T010,U03,relay,R01
1016.0,T016,U04,direct,
1017.0,T001,U07,direct,
1017.0,T002,U05,relay,R02
1017.0,T003,U08,relay,R01
1017.0,T004,U06,relay,R02
1017.0,T006,U01,relay,R02
1017.0,T009,U02,relay,R01
1017.0,T010,U03,relay,R01
1017.0,T016,U04,direct,
1018.0,T001,U07,direct,
1018.0,T002,U05,relay,R02
1018.0,T003,U08,relay,R01
1018.0,T004,U06,relay,R02
1018.0,T006,U01,relay,R02
1018.0,T009,U02,relay,R01
1018.0,T010,U03,relay,R01
1018.0,T016,U04,direct,
1019.0,T001,U07,direct,
1019.0,T002,U05,relay,R02
1019.0,T003,U08,relay,R01
1019.0,T004,U06,relay,R02
1019.0,T006,U01,relay,R02
1019.0,T009,U02,relay,R01
1019.0,T010,U03,relay,R01
1019.0,T016,U04,direct,
1020.0,T001,U07,direct,
1020.0,T002,U05,relay,R02
1020.0,T003,U08,relay,R01
1020.0,T004,U06,relay,R02
1020.0,T006,U01,relay,R02
1020.0,T009,U02,relay,R01
1020.0,T010,U03,relay,R01
1020.0,T016,U04,direct,
1021.0,T001,U07,direct,
1021.0,T002,U05,relay,R02
1021.0,T003,U08,relay,R01
1021.0,T004,U06,relay,R02
1021.0,T006,U01,relay,R02
1021.0,T009,U02,relay,R01
1021.0,T010,U03,relay,R01
1021.0,T016,U04,direct,
1022.0,T001,U07,direct,
1022.0,T002,U05,relay,R02
1022.0,T003,U08,relay,R01
1022.0,T004,U06,relay,R02
1022.0,T006,U01,relay,R02
1022.0,T009,U02,relay,R01
1022.0,T010,U03,relay,R01
1022.0,T016,U04,direct,
1023.0,T001,U07,direct,
1023.0,T002,U05,relay,R02
1023.0,T003,U08,relay,R01
1023.0,T004,U06,relay,R02
1023.0,T006,U01,relay,R02
1023.0,T009,U02,relay,R01
1023.0,T010,U03,relay,R01
1023.0,T016,U04,direct,
1024.0,T001,U07,direct,
1024.0,T002,U05,relay,R02
1024.0,T003,U08,relay,R01
1024.0,T004,U06,relay,R02
1024.0,T006,U01,relay,R02
1024.0,T009,U02,relay,R01
1024.0,T010,U03,relay,R01
1024.0,T016,U04,direct,
1025.0,T001,U07,direct,
1025.0,T002,U05,relay,R02
1025.0,T003,U08,relay,R01
1025.0,T004,U06,relay,R02
1025.0,T006,U01,relay,R02
1025.0,T009,U02,relay,R01
1025.0,T010,U03,relay,R01
1025.0,T016,U04,direct,
1026.0,T001,U07,direct,
1026.0,T002,U05,relay,R02
1026.0,T003,U08,relay,R01
1026.0,T004,U06,relay,R02
1026.0,T006,U01,relay,R02
1026.0,T009,U02,relay,R01
1026.0,T010,U03,relay,R01
1026.0,T016,U04,direct,
1027.0,T001,U07,direct,
1027.0,T002,U05,relay,R02
1027.0,T003,U08,relay,R01
1027.0,T004,U06,relay,R02
1027.0,T006,U01,relay,R02
1027.0,T009,U02,relay,R01
1027.0,T010,U03,relay,R01
1027.0,T016,U04,direct,
1028.0,T001,U07,direct,
1028.0,T002,U05,relay,R02
1028.0,T003,U08,relay,R01
1028.0,T004,U06,relay,R02
1028.0,T006,U01,relay,R02
1028.0,T009,U02,relay,R01
1028.0,T010,U03,relay,R01
1028.0,T016,U04,direct,
1029.0,T001,U07,direct,
1029.0,T002,U05,relay,R02
1029.0,T003,U08,relay,R01
1029.0,T004,U06,relay,R02
1029.0,T006,U01,relay,R02
1029.0,T009,U02,relay,R01
1029.0,T010,U03,relay,R01
1029.0,T016,U04,direct,
1030.0,T001,U07,direct,
1030.0,T002,U05,relay,R02
1030.0,T003,U08,relay,R01
1030.0,T004,U06,relay,R02
1030.0,T006,U01,relay,R02
1030.0,T009,U02,relay,R01
1030.0,T010,U03,relay,R01
1030.0,T016,U04,direct,
1031.0,T001,U07,direct,
1031.0,T002,U05,relay,R02
1031.0,T003,U08,relay,R01
1031.0,T004,U06,relay,R02
1031.0,T006,U01,relay,R02
1031.0,T009,U02,relay,R01
1031.0,T010,U03,relay,R01
1031.0,T016,U04,direct,
1032.0,T001,U07,direct,
1032.0,T002,U05,relay,R02
1032.0,T003,U08,relay,R01
1032.0,T004,U06,relay,R02
1032.0,T006,U01,relay,R02
1032.0,T009,U02,relay,R01
1032.0,T010,U03,relay,R01
1032.0,T016,U04,direct,
1033.0,T001,U07,direct,
1033.0,T002,U05,relay,R02
1033.0,T003,U08,relay,R01
1033.0,T004,U06,relay,R02
1033.0,T006,U01,relay,R02
1033.0,T009,U02,relay,R01
1033.0,T010,U03,relay,R01
1033.0,T016,U04,direct,
1034.0,T001,U07,direct,
1034.0,T002,U05,relay,R02
1034.0,T003,U08,relay,R01
1034.0,T004,U06,relay,R02
1034.0,T006,U01,relay,R02
1034.0,T009,U02,relay,R01
1034.0,T010,U03,relay,R01
1034.0,T016,U04,direct,
1035.0,T001,U07,direct,
1035.0,T002,U05,relay,R02
1035.0,T003,U08,relay,R01
1035.0,T004,U06,relay,R02
1035.0,T006,U01,relay,R02
1035.0,T009,U02,relay,R01
1035.0,T010,U03,relay,R01
1035.0,T016,U04,direct,
1036.0,T001,U07,direct,
1036.0,T002,U05,relay,R02
1036.0,T003,U08,relay,R01
1036.0,T004,U06,relay,R02
1036.0,T006,U01,relay,R02
1036.0,T009,U02,relay,R01
1036.0,T010,U03,relay,R01
1036.0,T016,U04,direct,
1037.0,T001,U07,direct,
1037.0,T002,U05,relay,R02
1037.0,T003,U08,relay,R01
1037.0,T004,U06,relay,R02
1037.0,T006,U01,relay,R02
1037.0,T009,U02,relay,R01
1037.0,T010,U03,relay,R01
1037.0,T016,U04,direct,
1038.0,T001,U07,direct,
1038.0,T002,U05,relay,R02
1038.0,T003,U08,relay,R01
1038.0,T004,U06,relay,R02
1038.0,T006,U01,relay,R02
1038.0,T009,U02,relay,R01
1038.0,T010,U03,relay,R01
1038.0,T016,U04,direct,
1039.0,T001,U07,direct,
1039.0,T002,U05,relay,R02
1039.0,T003,U08,relay,R01
1039.0,T004,U06,relay,R02
1039.0,T006,U01,relay,R02
1039.0,T009,U02,relay,R01
1039.0,T010,U03,relay,R01
1039.0,T016,U04,direct,
1040.0,T001,U07,direct,
1040.0,T002,U05,relay,R02
1040.0,T003,U08,relay,R01
1040.0,T004,U06,relay,R02
1040.0,T006,U01,relay,R02
1040.0,T009,U02,relay,R01
1040.0,T010,U03,relay,R01
1040.0,T016,U04,direct,
1041.0,T001,U07,direct,
1041.0,T002,U05,relay,R02
1041.0,T003,U08,relay,R01
1041.0,T004,U06,relay,R02
1041.0,T006,U01,relay,R02
1041.0,T009,U02,relay,R01
1041.0,T010,U03,relay,R01
1041.0,T016,U04,direct,
1042.0,T001,U07,direct,
1042.0,T002,U05,relay,R02
1042.0,T003,U08,relay,R01
1042.0,T004,U06,relay,R02
1042.0,T006,U01,relay,R02
1042.0,T009,U02,relay,R01
1042.0,T010,U03,relay,R01
1042.0,T016,U04,direct,
1043.0,T001,U07,direct,
1043.0,T002,U05,relay,R02
1043.0,T003,U08,relay,R01
1043.0,T004,U06,relay,R02
1043.0,T006,U01,relay,R02
1043.0,T009,U02,relay,R01
1043.0,T010,U03,relay,R01
1043.0,T016,U04,direct,
1044.0,T001,U07,direct,
1044.0,T002,U05,relay,R02
1044.0,T003,U08,relay,R01
1044.0,T004,U06,relay,R02
1044.0,T006,U01,relay,R02
1044.0,T009,U02,relay,R01
1044.0,T010,U03,relay,R01
1044.0,T016,U04,direct,
1045.0,T001,U07,direct,
1045.0,T002,U05,relay,R02
1045.0,T003,U08,relay,R01
1045.0,T004,U06,relay,R02
1045.0,T006,U01,relay,R02
1045.0,T009,U02,relay,R01
1045.0,T010,U03,relay,R01
1045.0,T016,U04,direct,
1046.0,T001,U07,direct,
1046.0,T002,U05,relay,R02
1046.0,T003,U08,relay,R01
1046.0,T004,U06,relay,R02
1046.0,T006,U01,relay,R02
1046.0,T009,U02,relay,R01
1046.0,T010,U03,relay,R01
1046.0,T016,U04,direct,
1047.0,T001,U07,direct,
1047.0,T002,U05,relay,R02
1047.0,T003,U08,relay,R01
1047.0,T004,U06,relay,R02
1047.0,T006,U01,relay,R02
1047.0,T009,U02,relay,R01
1047.0,T010,U03,relay,R01
1047.0,T016,U04,direct,
1048.0,T001,U07,direct,
1048.0,T002,U05,relay,R02
1048.0,T003,U08,relay,R01
1048.0,T004,U06,relay,R02
1048.0,T006,U01,relay,R02
1048.0,T009,U02,relay,R01
1048.0,T010,U03,relay,R01
1048.0,T016,U04,direct,
1049.0,T001,U07,direct,
1049.0,T002,U05,relay,R02
1049.0,T003,U08,relay,R01
1049.0,T004,U06,relay,R02
1049.0,T006,U01,relay,R02
1049.0,T009,U02,relay,R01
1049.0,T010,U03,relay,R01
1049.0,T016,U04,direct,
1050.0,T001,U07,direct,
1050.0,T002,U05,relay,R02
1050.0,T003,U08,relay,R01
1050.0,T004,U06,relay,R02
1050.0,T006,U01,relay,R02
1050.0,T009,U02,relay,R01
1050.0,T010,U03,relay,R01
1050.0,T016,U04,direct,
1051.0,T001,U07,direct,
1051.0,T002,U05,relay,R02
1051.0,T003,U08,relay,R01
1051.0,T004,U06,relay,R02
1051.0,T006,U01,relay,R02
1051.0,T009,U02,relay,R01
1051.0,T010,U03,relay,R01
1051.0,T016,U04,direct,
1052.0,T001,U07,direct,
1052.0,T002,U05,relay,R02
1052.0,T003,U08,relay,R01
1052.0,T004,U06,relay,R02
1052.0,T006,U01,relay,R02
1052.0,T009,U02,relay,R01
1052.0,T010,U03,relay,R01
1052.0,T016,U04,direct,
1053.0,T001,U07,direct,
1053.0,T002,U05,relay,R02
1053.0,T003,U08,relay,R01
1053.0,T004,U06,relay,R02
1053.0,T006,U01,relay,R02
1053.0,T009,U02,relay,R01
1053.0,T010,U03,relay,R01
1053.0,T016,U04,direct,
1054.0,T001,U07,direct,
1054.0,T002,U05,relay,R02
1054.0,T003,U08,relay,R01
1054.0,T004,U06,relay,R02
1054.0,T006,U01,relay,R02
1054.0,T009,U02,relay,R01
1054.0,T010,U03,relay,R01
1054.0,T016,U04,direct,
1055.0,T001,U07,direct,
1055.0,T002,U05,relay,R02
1055.0,T003,U08,relay,R01
1055.0,T004,U06,relay,R02
1055.0,T006,U01,relay,R02
1055.0,T009,U02,relay,R01
1055.0,T010,U03,relay,R01
1055.0,T016,U04,direct,
1056.0,T001,U07,direct,
1056.0,T002,U05,relay,R02
1056.0,T003,U08,relay,R01
1056.0,T004,U06,relay,R02
1056.0,T006,U01,relay,R02
1056.0,T009,U02,relay,R01
1056.0,T010,U03,relay,R01
1056.0,T016,U04,direct,
1057.0,T001,U07,direct,
1057.0,T002,U05,relay,R02
1057.0,T003,U08,relay,R01
1057.0,T004,U06,relay,R02
1057.0,T006,U01,relay,R02
1057.0,T009,U02,relay,R01
1057.0,T010,U03,relay,R01
1057.0,T016,U04,direct,
1058.0,T001,U07,direct,
1058.0,T002,U05,relay,R02
1058.0,T003,U08,relay,R01
1058.0,T004,U06,relay,R02
1058.0,T006,U01,relay,R02
1058.0,T009,U02,relay,R01
1058.0,T010,U03,relay,R01
1058.0,T016,U04,direct,
1059.0,T001,U07,direct,
1059.0,T002,U05,relay,R02
1059.0,T003,U08,relay,R01
1059.0,T004,U06,relay,R02
1059.0,T006,U01,relay,R02
1059.0,T009,U02,relay,R01
1059.0,T010,U03,relay,R01
1059.0,T016,U04,direct,
1060.0,T001,U07,direct,
1060.0,T002,U05,relay,R02
1060.0,T003,U08,relay,R01
1060.0,T004,U06,relay,R02
1060.0,T006,U01,relay,R02
1060.0,T009,U02,relay,R01
1060.0,T010,U03,relay,R01
1060.0,T016,U04,direct,
1061.0,T001,U07,direct,
1061.0,T002,U05,relay,R02
1061.0,T003,U08,relay,R01
1061.0,T004,U06,relay,R02
1061.0,T006,U01,relay,R02
1061.0,T009,U02,relay,R01
1061.0,T010,U03,relay,R01
1061.0,T016,U04,direct,
1062.0,T001,U07,direct,
1062.0,T002,U05,relay,R02
1062.0,T003,U08,relay,R01
1062.0,T004,U06,relay,R02
1062.0,T006,U01,relay,R02
1062.0,T009,U02,relay,R01
1062.0,T010,U03,relay,R01
1062.0,T016,U04,direct,
1063.0,T001,U07,direct,
1063.0,T002,U05,relay,R02
1063.0,T003,U08,relay,R01
1063.0,T004,U06,relay,R02
1063.0,T006,U01,relay,R02
1063.0,T009,U02,relay,R01
1063.0,T010,U03,relay,R01
1063.0,T016,U04,direct,
1064.0,T001,U07,direct,
1064.0,T002,U05,relay,R02
1064.0,T003,U08,relay,R01
1064.0,T004,U06,relay,R02
1064.0,T006,U01,relay,R02
1064.0,T009,U02,relay,R01
1064.0,T010,U03,relay,R01
1064.0,T016,U04,direct,
1065.0,T001,U07,direct,
1065.0,T002,U05,relay,R02
1065.0,T003,U08,relay,R01
1065.0,T004,U06,relay,R02
1065.0,T006,U01,relay,R02
1065.0,T009,U02,relay,R01
1065.0,T010,U03,relay,R01
1065.0,T016,U04,direct,
1066.0,T001,U07,direct,
1066.0,T002,U05,relay,R02
1066.0,T003,U08,relay,R01
1066.0,T004,U06,relay,R02
1066.0,T006,U01,relay,R02
1066.0,T009,U02,relay,R01
1066.0,T010,U03,relay,R01
1066.0,T016,U04,direct,
1067.0,T001,U07,direct,
1067.0,T002,U05,relay,R02
1067.0,T003,U08,relay,R01
1067.0,T004,U06,relay,R02
1067.0,T006,U01,relay,R02
1067.0,T009,U02,relay,R01
1067.0,T010,U03,relay,R01
1067.0,T016,U04,direct,
1068.0,T001,U07,direct,
1068.0,T002,U05,relay,R02
1068.0,T003,U08,relay,R01
1068.0,T004,U06,relay,R02
1068.0,T006,U01,relay,R02
1068.0,T009,U02,relay,R01
1068.0,T010,U03,relay,R01
1068.0,T016,U04,direct,
1069.0,T001,U07,direct,
1069.0,T002,U05,relay,R02
1069.0,T003,U08,relay,R01
1069.0,T004,U06,relay,R02
1069.0,T006,U01,relay,R02
1069.0,T009,U02,relay,R01
1069.0,T010,U03,relay,R01
1069.0,T016,U04,direct,
1070.0,T001,U07,direct,
1070.0,T002,U05,relay,R02
1070.0,T003,U08,relay,R01
1070.0,T004,U06,relay,R02
1070.0,T006,U01,relay,R02
1070.0,T009,U02,relay,R01
1070.0,T010,U03,relay,R01
1070.0,T016,U04,direct,
1071.0,T001,U07,direct,
1071.0,T002,U05,relay,R02
1071.0,T003,U08,relay,R01
1071.0,T004,U06,relay,R02
1071.0,T006,U01,relay,R02
1071.0,T009,U02,relay,R01
1071.0,T010,U03,relay,R01
1071.0,T016,U04,direct,
1072.0,T001,U07,direct,
1072.0,T002,U05,relay,R02
1072.0,T003,U08,relay,R01
1072.0,T004,U06,relay,R02
1072.0,T006,U01,relay,R02
1072.0,T009,U02,relay,R01
1072.0,T010,U03,relay,R01
1072.0,T016,U04,direct,
1073.0,T001,U07,direct,
1073.0,T002,U05,relay,R02
1073.0,T003,U08,relay,R01
1073.0,T004,U06,relay,R02
1073.0,T006,U01,relay,R02
1073.0,T009,U02,relay,R01
1073.0,T010,U03,relay,R01
1073.0,T016,U04,direct,
1074.0,T001,U07,direct,
1074.0,T002,U05,relay,R02
1074.0,T003,U08,relay,R01
1074.0,T004,U06,relay,R02
1074.0,T006,U01,relay,R02
1074.0,T009,U02,relay,R01
1074.0,T010,U03,relay,R01
1074.0,T016,U04,direct,
1075.0,T001,U07,direct,
1075.0,T002,U05,relay,R02
1075.0,T003,U08,relay,R01
1075.0,T004,U06,relay,R02
1075.0,T006,U01,relay,R02
1075.0,T009,U02,relay,R01
1075.0,T010,U03,relay,R01
1075.0,T016,U04,direct,
1076.0,T001,U07,direct,
1076.0,T002,U05,relay,R02
1076.0,T003,U08,relay,R01
1076.0,T004,U06,relay,R02
1076.0,T006,U01,relay,R02
1076.0,T009,U02,relay,R01
1076.0,T010,U03,relay,R01
1076.0,T016,U04,direct,
1077.0,T001,U07,direct,
1077.0,T002,U05,relay,R02
1077.0,T003,U08,relay,R01
1077.0,T004,U06,relay,R02
1077.0,T006,U01,relay,R02
1077.0,T009,U02,relay,R01
1077.0,T010,U03,relay,R01
1077.0,T016,U04,direct,
1078.0,T001,U07,direct,
1078.0,T002,U05,relay,R02
1078.0,T003,U08,relay,R01
1078.0,T004,U06,relay,R02
1078.0,T006,U01,relay,R02
1078.0,T009,U02,relay,R01
1078.0,T010,U03,relay,R01
1078.0,T016,U04,direct,
1079.0,T001,U07,direct,
1079.0,T002,U05,relay,R02
1079.0,T003,U08,relay,R01
1079.0,T004,U06,relay,R02
1079.0,T006,U01,relay,R02
1079.0,T009,U02,relay,R01
1079.0,T010,U03,relay,R01
1079.0,T016,U04,direct,
1080.0,T001,U07,direct,
1080.0,T002,U05,relay,R02
1080.0,T003,U08,relay,R01
1080.0,T004,U06,relay,R02
1080.0,T006,U01,relay,R02
1080.0,T009,U02,relay,R01
1080.0,T010,U03,relay,R01
1080.0,T016,U04,direct,
1081.0,T001,U07,direct,
1081.0,T002,U05,relay,R02
1081.0,T003,U08,relay,R01
1081.0,T004,U06,relay,R02
1081.0,T006,U01,relay,R02
1081.0,T009,U02,relay,R01
1081.0,T010,U03,relay,R01
1081.0,T016,U04,direct,
1082.0,T001,U07,direct,
1082.0,T002,U05,relay,R02
1082.0,T003,U08,relay,R01
1082.0,T004,U06,relay,R02
1082.0,T006,U01,relay,R02
1082.0,T009,U02,relay,R01
1082.0,T010,U03,relay,R01
1082.0,T016,U04,direct,
1083.0,T001,U07,direct,
1083.0,T002,U05,relay,R02
1083.0,T003,U08,relay,R01
1083.0,T004,U06,relay,R02
1083.0,T006,U01,relay,R02
1083.0,T009,U02,relay,R01
1083.0,T010,U03,relay,R01
1083.0,T016,U04,direct,
1084.0,T001,U07,direct,
1084.0,T002,U05,relay,R02
1084.0,T003,U08,relay,R01
1084.0,T004,U06,relay,R02
1084.0,T006,U01,relay,R02
1084.0,T009,U02,relay,R01
1084.0,T010,U03,relay,R01
1084.0,T016,U04,direct,
1085.0,T001,U07,direct,
1085.0,T002,U05,relay,R02
1085.0,T003,U08,relay,R01
1085.0,T004,U06,relay,R02
1085.0,T006,U01,relay,R02
1085.0,T009,U02,relay,R01
1085.0,T010,U03,relay,R01
1085.0,T016,U04,direct,
1086.0,T001,U07,direct,
1086.0,T002,U05,relay,R02
1086.0,T003,U08,relay,R01
1086.0,T004,U06,relay,R02
1086.0,T006,U01,relay,R02
1086.0,T009,U02,relay,R01
1086.0,T010,U03,relay,R01
1086.0,T016,U04,direct,
1087.0,T001,U07,direct,
1087.0,T002,U05,relay,R02
1087.0,T003,U08,relay,R01
1087.0,T004,U06,relay,R02
1087.0,T006,U01,relay,R02
1087.0,T009,U02,relay,R01
1087.0,T010,U03,relay,R01
1087.0,T016,U04,direct,
1088.0,T001,U07,direct,
1088.0,T002,U05,relay,R02
1088.0,T003,U08,relay,R01
1088.0,T004,U06,relay,R02
1088.0,T006,U01,relay,R02
1088.0,T009,U02,relay,R01
1088.0,T010,U03,relay,R01
1088.0,T016,U04,direct,
1089.0,T001,U07,direct,
1089.0,T002,U05,relay,R02
1089.0,T003,U08,relay,R01
1089.0,T004,U06,relay,R02
1089.0,T006,U01,relay,R02
1089.0,T009,U02,relay,R01
1089.0,T010,U03,relay,R01
1089.0,T016,U04,direct,
1090.0,T001,U07,direct,
1090.0,T002,U05,relay,R02
1090.0,T003,U08,relay,R01
1090.0,T004,U06,relay,R02
1090.0,T006,U01,relay,R02
1090.0,T009,U02,relay,R01
1090.0,T010,U03,relay,R01
1090.0,T016,U04,direct,
1091.0,T001,U07,direct,
1091.0,T002,U05,relay,R02
1091.0,T003,U08,relay,R01
1091.0,T004,U06,relay,R02
1091.0,T006,U01,relay,R02
1091.0,T009,U02,relay,R01
1091.0,T010,U03,relay,R01
1091.0,T016,U04,direct,
1092.0,T001,U07,direct,
1092.0,T002,U05,relay,R02
1092.0,T003,U08,relay,R01
1092.0,T004,U06,relay,R02
1092.0,T006,U01,relay,R02
1092.0,T009,U02,relay,R01
1092.0,T010,U03,relay,R01
1092.0,T016,U04,direct,
1093.0,T001,U07,direct,
1093.0,T002,U05,relay,R02
1093.0,T003,U08,relay,R01
1093.0,T004,U06,relay,R02
1093.0,T006,U01,relay,R02
1093.0,T009,U02,relay,R01
1093.0,T010,U03,relay,R01
1093.0,T016,U04,direct,
1094.0,T001,U07,direct,
1094.0,T002,U05,relay,R02
1094.0,T003,U08,relay,R01
1094.0,T004,U06,relay,R02
1094.0,T006,U01,relay,R02
1094.0,T009,U02,relay,R01
1094.0,T010,U03,relay,R01
1094.0,T016,U04,direct,
1095.0,T001,U07,direct,
1095.0,T002,U05,relay,R02
1095.0,T003,U08,relay,R01
1095.0,T004,U06,relay,R02
1095.0,T006,U01,relay,R02
1095.0,T009,U02,relay,R01
1095.0,T010,U03,relay,R01
1095.0,T016,U04,direct,
1096.0,T001,U07,direct,
1096.0,T002,U05,relay,R02
1096.0,T003,U08,relay,R01
1096.0,T004,U06,relay,R02
1096.0,T006,U01,relay,R02
1096.0,T009,U02,relay,R01
1096.0,T010,U03,relay,R01
1096.0,T016,U04,direct,
1097.0,T001,U07,direct,
1097.0,T002,U05,relay,R02
1097.0,T003,U08,relay,R01
1097.0,T004,U06,relay,R02
1097.0,T006,U01,relay,R02
1097.0,T009,U02,relay,R01
1097.0,T010,U03,relay,R01
1097.0,T016,U04,direct,
1098.0,T001,U07,direct,
1098.0,T002,U05,relay,R02
1098.0,T003,U08,relay,R01
1098.0,T004,U06,relay,R02
1098.0,T006,U01,relay,R02
1098.0,T009,U02,relay,R01
1098.0,T010,U03,relay,R01
1098.0,T016,U04,direct,
1099.0,T001,U07,direct,
1099.0,T002,U05,relay,R02
1099.0,T003,U08,relay,R01
1099.0,T004,U06,relay,R02
1099.0,T006,U01,relay,R02
1099.0,T009,U02,relay,R01
1099.0,T010,U03,relay,R01
1099.0,T016,U04,direct,
1100.0,T001,U07,direct,
1100.0,T002,U05,relay,R02
1100.0,T003,U08,relay,R01
1100.0,T004,U06,relay,R02
1100.0,T006,U01,relay,R02
1100.0,T009,U02,relay,R01
1100.0,T010,U03,relay,R01
1100.0,T016,U04,direct,
1101.0,T001,U07,direct,
1101.0,T002,U05,relay,R02
1101.0,T003,U08,relay,R01
1101.0,T004,U06,relay,R02
1101.0,T006,U01,relay,R02
1101.0,T009,U02,relay,R01
1101.0,T010,U03,relay,R01
1101.0,T016,U04,direct,
1102.0,T001,U07,direct,
1102.0,T002,U05,relay,R02
1102.0,T003,U08,relay,R01
1102.0,T004,U06,relay,R02
1102.0,T006,U01,relay,R02
1102.0,T009,U02,relay,R01
1102.0,T010,U03,relay,R01
1102.0,T016,U04,direct,
1103.0,T001,U07,direct,
1103.0,T002,U05,relay,R02
1103.0,T003,U08,relay,R01
1103.0,T004,U06,relay,R02
1103.0,T006,U01,relay,R02
1103.0,T009,U02,relay,R01
1103.0,T010,U03,relay,R01
1103.0,T016,U04,direct,
1104.0,T001,U07,direct,
1104.0,T002,U05,relay,R02
1104.0,T003,U08,relay,R01
1104.0,T004,U06,relay,R02
1104.0,T006,U01,relay,R02
1104.0,T009,U02,relay,R01
1104.0,T010,U03,relay,R01
1104.0,T016,U04,direct,
1105.0,T001,U07,direct,
1105.0,T002,U05,relay,R02
1105.0,T003,U08,relay,R01
1105.0,T004,U06,relay,R02
1105.0,T006,U01,relay,R02
1105.0,T009,U02,relay,R01
1105.0,T010,U03,relay,R01
1105.0,T016,U04,direct,
1106.0,T001,U07,direct,
1106.0,T002,U05,relay,R02
1106.0,T003,U08,relay,R01
1106.0,T004,U06,relay,R02
1106.0,T006,U01,relay,R02
1106.0,T009,U02,relay,R01
1106.0,T010,U03,relay,R01
1106.0,T016,U04,direct,
1107.0,T001,U07,direct,
1107.0,T002,U05,relay,R02
1107.0,T003,U08,relay,R01
1107.0,T004,U06,relay,R02
1107.0,T006,U01,relay,R02
1107.0,T009,U02,relay,R01
1107.0,T010,U03,relay,R01
1107.0,T016,U04,direct,
1108.0,T001,U07,direct,
1108.0,T002,U05,relay,R02
1108.0,T003,U08,relay,R01
1108.0,T004,U06,relay,R02
1108.0,T006,U01,relay,R02
1108.0,T009,U02,relay,R01
1108.0,T010,U03,relay,R01
1108.0,T016,U04,direct,
1109.0,T001,U07,direct,
1109.0,T002,U05,relay,R02
1109.0,T003,U08,relay,R01
1109.0,T004,U06,relay,R02
1109.0,T006,U01,relay,R02
1109.0,T009,U02,relay,R01
1109.0,T010,U03,relay,R01
1109.0,T016,U04,direct,
1110.0,T001,U07,direct,
1110.0,T002,U05,relay,R02
1110.0,T003,U08,relay,R01
1110.0,T004,U06,relay,R02
1110.0,T006,U01,relay,R02
1110.0,T009,U02,relay,R01
1110.0,T010,U03,relay,R01
1110.0,T016,U04,direct,
1111.0,T001,U07,direct,
1111.0,T002,U05,relay,R02
1111.0,T003,U08,relay,R01
1111.0,T004,U06,relay,R02
1111.0,T006,U01,relay,R02
1111.0,T009,U02,relay,R01
1111.0,T010,U03,relay,R01
1111.0,T016,U04,direct,
1112.0,T001,U07,direct,
1112.0,T002,U05,relay,R02
1112.0,T003,U08,relay,R01
1112.0,T004,U06,relay,R02
1112.0,T006,U01,relay,R02
1112.0,T009,U02,relay,R01
1112.0,T010,U03,relay,R01
1112.0,T016,U04,direct,
1113.0,T001,U07,direct,
1113.0,T002,U05,relay,R02
1113.0,T003,U08,relay,R01
1113.0,T004,U06,relay,R02
1113.0,T006,U01,relay,R02
1113.0,T009,U02,relay,R01
1113.0,T010,U03,relay,R01
1113.0,T016,U04,direct,
1114.0,T001,U07,direct,
1114.0,T002,U05,relay,R02
1114.0,T003,U08,relay,R01
1114.0,T004,U06,relay,R02
1114.0,T006,U01,relay,R02
1114.0,T009,U02,relay,R01
1114.0,T010,U03,relay,R01
1114.0,T016,U04,direct,
1115.0,T001,U07,direct,
1115.0,T002,U05,relay,R02
1115.0,T003,U08,relay,R01
1115.0,T004,U06,relay,R02
1115.0,T006,U01,relay,R02
1115.0,T009,U02,relay,R01
1115.0,T010,U03,relay,R01
1115.0,T016,U04,direct,
1116.0,T001,U07,direct,
1116.0,T002,U05,relay,R02
1116.0,T003,U08,relay,R01
1116.0,T004,U06,relay,R02
1116.0,T006,U01,relay,R02
1116.0,T009,U02,relay,R01
1116.0,T010,U03,relay,R01
1116.0,T016,U04,direct,
1117.0,T001,U07,direct,
1117.0,T002,U05,relay,R02
1117.0,T003,U08,relay,R01
1117.0,T004,U06,relay,R02
1117.0,T006,U01,relay,R02
1117.0,T009,U02,relay,R01
1117.0,T010,U03,relay,R01
1117.0,T016,U04,direct,
1118.0,T001,U07,direct,
1118.0,T002,U05,relay,R02
1118.0,T003,U08,relay,R01
1118.0,T004,U06,relay,R02
1118.0,T006,U01,relay,R02
1118.0,T009,U02,relay,R01
1118.0,T010,U03,relay,R01
1118.0,T016,U04,direct,
1119.0,T001,U07,direct,
1119.0,T002,U05,relay,R02
1119.0,T003,U08,relay,R01
1119.0,T004,U06,relay,R02
1119.0,T006,U01,relay,R02
1119.0,T009,U02,relay,R01
1119.0,T010,U03,relay,R01
1119.0,T016,U04,direct,
1120.0,T001,U07,direct,
1120.0,T002,U05,relay,R02
1120.0,T003,U08,relay,R01
1120.0,T004,U06,relay,R02
1120.0,T006,U01,relay,R02
1120.0,T009,U02,relay,R01
1120.0,T010,U03,relay,R01
1120.0,T016,U04,direct,
1121.0,T001,U07,direct,
1121.0,T002,U05,relay,R02
1121.0,T003,U08,relay,R01
1121.0,T004,U06,relay,R02
1121.0,T006,U01,relay,R02
1121.0,T009,U02,relay,R01
1121.0,T010,U03,relay,R01
1121.0,T016,U04,direct,
1122.0,T001,U07,direct,
1122.0,T002,U05,relay,R02
1122.0,T003,U08,relay,R01
1122.0,T004,U06,relay,R02
1122.0,T006,U01,relay,R02
1122.0,T009,U02,relay,R01
1122.0,T010,U03,relay,R01
1122.0,T016,U04,direct,
1123.0,T001,U07,direct,
1123.0,T002,U05,relay,R02
1123.0,T003,U08,relay,R01
1123.0,T004,U06,relay,R02
1123.0,T006,U01,relay,R02
1123.0,T009,U02,relay,R01
1123.0,T010,U03,relay,R01
1123.0,T016,U04,direct,
1124.0,T001,U07,direct,
1124.0,T002,U05,relay,R02
1124.0,T003,U08,relay,R01
1124.0,T004,U06,relay,R02
1124.0,T006,U01,relay,R02
1124.0,T009,U02,relay,R01
1124.0,T010,U03,relay,R01
1124.0,T016,U04,direct,
1125.0,T001,U07,direct,
1125.0,T002,U05,relay,R02
1125.0,T003,U08,relay,R01
1125.0,T004,U06,relay,R02
1125.0,T006,U01,relay,R02
1125.0,T009,U02,relay,R01
1125.0,T010,U03,relay,R01
1125.0,T016,U04,direct,
1126.0,T001,U07,direct,
1126.0,T002,U05,relay,R02
1126.0,T003,U08,relay,R01
1126.0,T004,U06,relay,R02
1126.0,T006,U01,relay,R02
1126.0,T009,U02,relay,R01
1126.0,T010,U03,relay,R01
1126.0,T016,U04,direct,
1127.0,T001,U07,direct,
1127.0,T002,U05,relay,R02
1127.0,T003,U08,relay,R01
1127.0,T004,U06,relay,R02
1127.0,T006,U01,relay,R02
1127.0,T009,U02,relay,R01
1127.0,T010,U03,relay,R01
1127.0,T016,U04,direct,
1128.0,T001,U07,direct,
1128.0,T002,U05,relay,R02
1128.0,T003,U08,relay,R01
1128.0,T004,U06,relay,R02
1128.0,T006,U01,relay,R02
1128.0,T009,U02,relay,R01
1128.0,T010,U03,relay,R01
1128.0,T016,U04,direct,
1129.0,T001,U07,direct,
1129.0,T002,U05,relay,R02
1129.0,T003,U08,relay,R01
1129.0,T004,U06,relay,R02
1129.0,T006,U01,relay,R02
1129.0,T009,U02,relay,R01
1129.0,T010,U03,relay,R01
1129.0,T016,U04,direct,
1130.0,T001,U07,direct,
1130.0,T002,U05,relay,R02
1130.0,T003,U08,relay,R01
1130.0,T004,U06,relay,R02
1130.0,T006,U01,relay,R02
1130.0,T009,U02,relay,R01
1130.0,T010,U03,relay,R01
1130.0,T016,U04,direct,
1131.0,T001,U07,direct,
1131.0,T002,U05,relay,R02
1131.0,T003,U08,relay,R01
1131.0,T004,U06,relay,R02
1131.0,T006,U01,relay,R02
1131.0,T009,U02,relay,R01
1131.0,T010,U03,relay,R01
1131.0,T016,U04,direct,
1132.0,T001,U07,direct,
1132.0,T002,U05,relay,R02
1132.0,T003,U08,relay,R01
1132.0,T004,U06,relay,R02
1132.0,T006,U01,relay,R02
1132.0,T009,U02,relay,R01
1132.0,T010,U03,relay,R01
1132.0,T016,U04,direct,
1133.0,T001,U07,direct,
1133.0,T002,U05,relay,R02
1133.0,T003,U08,relay,R01
1133.0,T004,U06,relay,R02
1133.0,T006,U01,relay,R02
1133.0,T009,U02,relay,R01
1133.0,T010,U03,relay,R01
1133.0,T016,U04,direct,
1134.0,T001,U07,direct,
1134.0,T002,U05,relay,R02
1134.0,T003,U08,relay,R01
1134.0,T004,U06,relay,R02
1134.0,T006,U01,relay,R02
1134.0,T009,U02,relay,R01
1134.0,T010,U03,relay,R01
1134.0,T016,U04,direct,
1135.0,T001,U07,direct,
1135.0,T002,U05,relay,R02
1135.0,T003,U08,relay,R01
1135.0,T004,U06,relay,R02
1135.0,T006,U01,relay,R02
1135.0,T009,U02,relay,R01
1135.0,T010,U03,relay,R01
1135.0,T016,U04,direct,
1136.0,T001,U07,direct,
1136.0,T002,U05,relay,R02
1136.0,T003,U08,relay,R01
1136.0,T004,U06,relay,R02
1136.0,T006,U01,relay,R02
1136.0,T009,U02,relay,R01
1136.0,T010,U03,relay,R01
1136.0,T016,U04,direct,
1137.0,T001,U07,direct,
1137.0,T002,U05,relay,R02
1137.0,T003,U08,relay,R01
1137.0,T004,U06,relay,R02
1137.0,T006,U01,relay,R02
1137.0,T009,U02,relay,R01
1137.0,T010,U03,relay,R01
1137.0,T016,U04,direct,
1138.0,T001,U07,direct,
1138.0,T002,U05,relay,R02
1138.0,T003,U08,relay,R01
1138.0,T004,U06,relay,R02
1138.0,T006,U01,relay,R02
1138.0,T009,U02,relay,R01
1138.0,T010,U03,relay,R01
1138.0,T016,U04,direct,
1139.0,T001,U07,direct,
1139.0,T002,U05,relay,R02
1139.0,T003,U08,relay,R01
1139.0,T004,U06,direct,
1139.0,T006,U01,relay,R02
1139.0,T009,U02,relay,R01
1139.0,T010,U03,relay,R01
1139.0,T016,U04,direct,
1140.0,T001,U07,direct,
1140.0,T002,U05,relay,R02
1140.0,T003,U08,relay,R01
1140.0,T004,U06,direct,
1140.0,T006,U01,relay,R02
1140.0,T009,U02,relay,R01
1140.0,T010,U03,relay,R01
1140.0,T016,U04,direct,
1141.0,T001,U07,direct,
1141.0,T002,U05,relay,R02
1141.0,T003,U08,relay,R01
1141.0,T004,U06,direct,
1141.0,T006,U01,relay,R02
1141.0,T009,U02,relay,R01
1141.0,T010,U03,relay,R01
1141.0,T016,U04,direct,
1142.0,T001,U07,direct,
1142.0,T002,U05,relay,R02
1142.0,T003,U08,relay,R01
1142.0,T004,U06,direct,
1142.0,T006,U01,relay,R02
1142.0,T009,U02,relay,R01
1142.0,T010,U03,relay,R01
1142.0,T016,U04,direct,
1143.0,T001,U07,direct,
1143.0,T002,U05,relay,R02
1143.0,T003,U08,relay,R01
1143.0,T004,U06,direct,
1143.0,T006,U01,relay,R02
1143.0,T009,U02,relay,R01
1143.0,T010,U03,relay,R01
1143.0,T016,U04,direct,
1144.0,T001,U07,direct,
1144.0,T002,U05,relay,R02
1144.0,T003,U08,relay,R01
1144.0,T004,U06,direct,
1144.0,T006,U01,relay,R02
1144.0,T009,U02,relay,R01
1144.0,T010,U03,relay,R01
1144.0,T016,U04,direct,
1145.0,T001,U07,direct,
1145.0,T002,U05,relay,R02
1145.0,T003,U08,relay,R01
1145.0,T004,U06,direct,
1145.0,T006,U01,relay,R02
1145.0,T009,U02,relay,R01
1145.0,T010,U03,relay,R01
1145.0,T016,U04,direct,
1146.0,T001,U07,direct,
1146.0,T002,U05,relay,R02
1146.0,T003,U08,relay,R01
1146.0,T004,U06,direct,
1146.0,T006,U01,relay,R02
1146.0,T009,U02,relay,R01
1146.0,T010,U03,relay,R01
1146.0,T016,U04,direct,
1147.0,T001,U07,direct,
1147.0,T002,U05,relay,R02
1147.0,T003,U08,relay,R01
1147.0,T004,U06,direct,
1147.0,T006,U01,relay,R02
1147.0,T009,U02,relay,R01
1147.0,T010,U03,relay,R01
1147.0,T016,U04,direct,
1148.0,T001,U07,direct,
1148.0,T002,U05,relay,R02
1148.0,T003,U08,relay,R01
1148.0,T004,U06,direct,
1148.0,T006,U01,relay,R02
1148.0,T009,U02,relay,R01
1148.0,T010,U03,relay,R01
1148.0,T016,U04,direct,
1149.0,T001,U07,direct,
1149.0,T002,U05,relay,R02
1149.0,T003,U08,relay,R01
1149.0,T004,U06,direct,
1149.0,T006,U01,relay,R02
1149.0,T009,U02,relay,R01
1149.0,T010,U03,relay,R01
1149.0,T016,U04,direct,
1150.0,T001,U07,direct,
1150.0,T002,U05,relay,R02
1150.0,T003,U08,relay,R01
1150.0,T004,U06,direct,
1150.0,T006,U01,relay,R02
1150.0,T009,U02,relay,R01
1150.0,T010,U03,relay,R01
1150.0,T016,U04,direct,
1151.0,T001,U07,direct,
1151.0,T002,U05,relay,R02
1151.0,T003,U08,relay,R01
1151.0,T004,U06,direct,
1151.0,T006,U01,relay,R02
1151.0,T009,U02,relay,R01
1151.0,T010,U03,relay,R01
1151.0,T016,U04,direct,
1152.0,T001,U07,direct,
1152.0,T002,U05,relay,R02
1152.0,T003,U08,relay,R01
1152.0,T004,U06,direct,
1152.0,T006,U01,relay,R02
1152.0,T009,U02,relay,R01
1152.0,T010,U03,relay,R01
1152.0,T016,U04,direct,
1153.0,T001,U07,direct,
1153.0,T002,U05,relay,R02
1153.0,T003,U08,relay,R01
1153.0,T004,U06,direct,
1153.0,T006,U01,relay,R02
1153.0,T009,U02,relay,R01
1153.0,T010,U03,relay,R01
1153.0,T016,U04,direct,
1154.0,T001,U07,direct,
1154.0,T002,U05,relay,R02
1154.0,T003,U08,relay,R01
1154.0,T004,U06,direct,
1154.0,T006,U01,relay,R02
1154.0,T009,U02,relay,R01
1154.0,T010,U03,relay,R01
1154.0,T016,U04,direct,
1155.0,T001,U07,direct,
1155.0,T002,U05,relay,R02
1155.0,T003,U08,relay,R01
1155.0,T004,U06,direct,
1155.0,T006,U01,relay,R02
1155.0,T009,U02,relay,R01
1155.0,T010,U03,relay,R01
1155.0,T016,U04,direct,
1156.0,T001,U07,direct,
1156.0,T002,U05,relay,R02
1156.0,T003,U08,relay,R01
1156.0,T004,U06,direct,
1156.0,T006,U01,relay,R02
1156.0,T009,U02,relay,R01
1156.0,T010,U03,relay,R01
1156.0,T016,U04,direct,
1157.0,T001,U07,direct,
1157.0,T002,U05,relay,R02
1157.0,T003,U08,relay,R01
1157.0,T004,U06,direct,
1157.0,T006,U01,relay,R02
1157.0,T009,U02,relay,R01
1157.0,T010,U03,relay,R01
1157.0,T016,U04,direct,
1158.0,T001,U07,direct,
1158.0,T002,U05,relay,R02
1158.0,T003,U08,relay,R01
1158.0,T004,U06,direct,
1158.0,T006,U01,relay,R02
1158.0,T009,U02,relay,R01
1158.0,T010,U03,relay,R01
1158.0,T016,U04,direct,
1159.0,T001,U07,direct,
1159.0,T002,U05,relay,R02
1159.0,T003,U08,relay,R01
1159.0,T004,U06,direct,
1159.0,T006,U01,relay,R02
1159.0,T009,U02,relay,R01
1159.0,T010,U03,relay,R01
1159.0,T016,U04,direct,
1160.0,T001,U07,direct,
1160.0,T002,U05,relay,R02
1160.0,T003,U08,relay,R01
1160.0,T004,U06,direct,
1160.0,T006,U01,relay,R02
1160.0,T009,U02,relay,R01
1160.0,T010,U03,relay,R01
1160.0,T016,U04,direct,
1161.0,T001,U07,direct,
1161.0,T002,U05,relay,R02
1161.0,T003,U08,relay,R01
1161.0,T004,U06,direct,
1161.0,T006,U01,relay,R02
1161.0,T009,U02,relay,R01
1161.0,T010,U03,relay,R01
1161.0,T016,U04,direct,
1162.0,T001,U07,direct,
1162.0,T002,U05,relay,R02
1162.0,T003,U08,relay,R01
1162.0,T004,U06,direct,
1162.0,T006,U01,relay,R02
1162.0,T009,U02,relay,R01
1162.0,T010,U03,relay,R01
1162.0,T016,U04,direct,
1163.0,T001,U07,direct,
1163.0,T002,U05,relay,R02
1163.0,T003,U08,relay,R01
1163.0,T004,U06,direct,
1163.0,T006,U01,relay,R02
1163.0,T009,U02,relay,R01
1163.0,T010,U03,relay,R01
1163.0,T016,U04,direct,
1164.0,T001,U07,direct,
1164.0,T002,U05,relay,R02
1164.0,T003,U08,relay,R01
1164.0,T004,U06,direct,
1164.0,T006,U01,relay,R02
1164.0,T009,U02,relay,R01
1164.0,T010,U03,relay,R01
1164.0,T016,U04,direct,
1165.0,T001,U07,direct,
1165.0,T002,U05,relay,R02
1165.0,T003,U08,relay,R01
1165.0,T004,U06,direct,
1165.0,T006,U01,relay,R02
1165.0,T009,U02,relay,R01
1165.0,T010,U03,relay,R01
1165.0,T016,U04,direct,
1166.0,T001,U07,direct,
1166.0,T002,U05,relay,R02
1166.0,T003,U08,relay,R01
1166.0,T004,U06,direct,
1166.0,T006,U01,relay,R02
1166.0,T009,U02,relay,R01
1166.0,T010,U03,relay,R01
1166.0,T016,U04,direct,
1167.0,T001,U07,direct,
1167.0,T002,U05,relay,R02
1167.0,T003,U08,relay,R01
1167.0,T004,U06,direct,
1167.0,T006,U01,relay,R02
1167.0,T009,U02,relay,R01
1167.0,T010,U03,relay,R01
1167.0,T016,U04,direct,
1168.0,T001,U07,direct,
1168.0,T002,U05,relay,R02
1168.0,T003,U08,relay,R01
1168.0,T004,U06,direct,
1168.0,T006,U01,relay,R02
1168.0,T009,U02,relay,R01
1168.0,T010,U03,relay,R01
1168.0,T016,U04,direct,
1169.0,T001,U07,direct,
1169.0,T002,U05,relay,R02
1169.0,T003,U08,relay,R01
1169.0,T004,U06,direct,
1169.0,T006,U01,relay,R02
1169.0,T009,U02,relay,R01
1169.0,T010,U03,relay,R01
1169.0,T016,U04,direct,
1170.0,T001,U07,direct,
1170.0,T002,U05,relay,R02
1170.0,T003,U08,relay,R01
1170.0,T004,U06,direct,
1170.0,T006,U01,relay,R02
1170.0,T009,U02,relay,R01
1170.0,T010,U03,relay,R01
1170.0,T016,U04,direct,
1171.0,T001,U07,direct,
1171.0,T002,U05,relay,R02
1171.0,T003,U08,relay,R01
1171.0,T004,U06,direct,
1171.0,T006,U01,relay,R02
1171.0,T009,U02,relay,R01
1171.0,T010,U03,relay,R01
1171.0,T016,U04,direct,
1172.0,T001,U07,direct,
1172.0,T002,U05,relay,R02
1172.0,T003,U08,relay,R01
1172.0,T004,U06,direct,
1172.0,T006,U01,relay,R02
1172.0,T009,U02,relay,R01
1172.0,T010,U03,relay,R01
1172.0,T016,U04,direct,
1173.0,T001,U07,direct,
1173.0,T002,U05,relay,R02
1173.0,T003,U08,relay,R01
1173.0,T004,U06,direct,
1173.0,T006,U01,relay,R02
1173.0,T009,U02,relay,R01
1173.0,T010,U03,relay,R01
1173.0,T016,U04,direct,
1174.0,T001,U07,direct,
1174.0,T002,U05,relay,R02
1174.0,T003,U08,relay,R01
1174.0,T004,U06,direct,
1174.0,T006,U01,relay,R02
1174.0,T009,U02,relay,R01
1174.0,T010,U03,relay,R01
1174.0,T016,U04,direct,
1175.0,T001,U07,direct,
1175.0,T002,U05,relay,R02
1175.0,T003,U08,relay,R01
1175.0,T004,U06,direct,
1175.0,T006,U01,relay,R02
1175.0,T009,U02,relay,R01
1175.0,T010,U03,relay,R01
1175.0,T016,U04,direct,
1176.0,T001,U07,direct,
1176.0,T002,U05,relay,R02
1176.0,T003,U08,relay,R01
1176.0,T004,U06,direct,
1176.0,T006,U01,relay,R02
1176.0,T009,U02,relay,R01
1176.0,T010,U03,relay,R01
1176.0,T016,U04,direct,
1177.0,T001,U07,direct,
1177.0,T002,U05,relay,R02
1177.0,T003,U08,relay,R01
1177.0,T004,U06,direct,
1177.0,T006,U01,relay,R02
1177.0,T009,U02,relay,R01
1177.0,T010,U03,relay,R01
1177.0,T016,U04,direct,
1178.0,T001,U07,direct,
1178.0,T002,U05,relay,R02
1178.0,T003,U08,relay,R01
1178.0,T004,U06,direct,
1178.0,T006,U01,relay,R02
1178.0,T009,U02,relay,R01
1178.0,T010,U03,relay,R01
1178.0,T016,U04,direct,
1179.0,T001,U07,direct,
1179.0,T002,U05,relay,R02
1179.0,T003,U08,relay,R01
1179.0,T004,U06,direct,
1179.0,T006,U01,relay,R02
1179.0,T009,U02,relay,R01
1179.0,T010,U03,relay,R01
1179.0,T016,U04,direct,
1180.0,T001,U07,direct,
1180.0,T002,U05,relay,R02
1180.0,T003,U08,relay,R01
1180.0,T004,U06,direct,
1180.0,T006,U01,relay,R02
1180.0,T009,U02,relay,R01
1180.0,T010,U03,relay,R01
1180.0,T016,U04,direct,
1181.0,T001,U07,direct,
1181.0,T002,U05,relay,R02
1181.0,T003,U08,relay,R01
1181.0,T004,U06,direct,
1181.0,T006,U01,relay,R02
1181.0,T009,U02,relay,R01
1181.0,T010,U03,relay,R01
1181.0,T016,U04,direct,
1182.0,T001,U07,direct,
1182.0,T002,U05,relay,R02
1182.0,T003,U08,relay,R01
1182.0,T004,U06,direct,
1182.0,T006,U01,relay,R02
1182.0,T009,U02,relay,R01
1182.0,T010,U03,relay,R01
1182.0,T016,U04,direct,
1183.0,T001,U07,direct,
1183.0,T002,U05,relay,R02
1183.0,T003,U08,relay,R01
1183.0,T004,U06,direct,
1183.0,T006,U01,relay,R02
1183.0,T009,U02,relay,R01
1183.0,T010,U03,relay,R01
1183.0,T016,U04,direct,
1184.0,T001,U07,direct,
1184.0,T002,U05,relay,R02
1184.0,T003,U08,relay,R01
1184.0,T004,U06,direct,
1184.0,T006,U01,relay,R02
1184.0,T009,U02,relay,R01
1184.0,T010,U03,relay,R01
1184.0,T016,U04,direct,
1185.0,T001,U07,direct,
1185.0,T002,U05,relay,R02
1185.0,T003,U08,relay,R01
1185.0,T004,U06,direct,
1185.0,T006,U01,relay,R02
1185.0,T009,U02,relay,R01
1185.0,T010,U03,relay,R01
1185.0,T016,U04,direct,
1186.0,T001,U07,direct,
1186.0,T002,U05,relay,R02
1186.0,T003,U08,relay,R01
1186.0,T004,U06,direct,
1186.0,T006,U01,relay,R02
1186.0,T009,U02,relay,R01
1186.0,T010,U03,relay,R01
1186.0,T016,U04,direct,
1187.0,T001,U07,direct,
1187.0,T002,U05,relay,R02
1187.0,T003,U08,relay,R01
1187.0,T004,U06,direct,
1187.0,T006,U01,relay,R02
1187.0,T009,U02,relay,R01
1187.0,T010,U03,relay,R01
1187.0,T016,U04,direct,
1188.0,T001,U07,direct,
1188.0,T002,U05,relay,R02
1188.0,T003,U08,relay,R01
1188.0,T004,U06,direct,
1188.0,T006,U01,relay,R02
1188.0,T009,U02,relay,R01
1188.0,T010,U03,relay,R01
1188.0,T016,U04,direct,
1189.0,T001,U07,direct,
1189.0,T002,U05,relay,R02
1189.0,T003,U08,relay,R01
1189.0,T004,U06,direct,
1189.0,T006,U01,relay,R02
1189.0,T009,U02,relay,R01
1189.0,T010,U03,relay,R01
1189.0,T016,U04,direct,
1190.0,T001,U07,direct,
1190.0,T002,U05,relay,R02
1190.0,T003,U08,relay,R01
1190.0,T004,U06,direct,
1190.0,T006,U01,relay,R02
1190.0,T009,U02,relay,R01
1190.0,T010,U03,relay,R01
1190.0,T016,U04,direct,
1191.0,T001,U07,direct,
1191.0,T002,U05,relay,R02
1191.0,T003,U08,relay,R01
1191.0,T004,U06,direct,
1191.0,T006,U01,relay,R02
1191.0,T009,U02,relay,R01
1191.0,T010,U03,relay,R01
1191.0,T016,U04,direct,
1192.0,T001,U07,direct,
1192.0,T002,U05,relay,R02
1192.0,T003,U08,relay,R01
1192.0,T004,U06,direct,
1192.0,T006,U01,relay,R02
1192.0,T009,U02,relay,R01
1192.0,T010,U03,relay,R01
1192.0,T016,U04,direct,
1193.0,T001,U07,direct,
1193.0,T002,U05,relay,R02
1193.0,T003,U08,relay,R01
1193.0,T004,U06,direct,
1193.0,T006,U01,relay,R02
1193.0,T009,U02,relay,R01
1193.0,T010,U03,relay,R01
1193.0,T016,U04,direct,
1194.0,T001,U07,direct,
1194.0,T002,U05,relay,R02
1194.0,T003,U08,relay,R01
1194.0,T004,U06,direct,
1194.0,T006,U01,relay,R02
1194.0,T009,U02,relay,R01
1194.0,T010,U03,relay,R01
1194.0,T016,U04,direct,
1195.0,T001,U07,direct,
1195.0,T002,U05,relay,R02
1195.0,T003,U08,relay,R01
1195.0,T004,U06,direct,
1195.0,T006,U01,relay,R02
1195.0,T009,U02,relay,R01
1195.0,T010,U03,relay,R01
1195.0,T016,U04,direct,
1196.0,T001,U07,direct,
1196.0,T002,U05,relay,R02
1196.0,T003,U08,relay,R01
1196.0,T004,U06,direct,
1196.0,T006,U01,relay,R02
1196.0,T009,U02,relay,R01
1196.0,T010,U03,relay,R01
1196.0,T016,U04,direct,
1197.0,T001,U07,direct,
1197.0,T002,U05,relay,R02
1197.0,T003,U08,relay,R01
1197.0,T004,U06,direct,
1197.0,T006,U01,relay,R02
1197.0,T009,U02,relay,R01
1197.0,T010,U03,relay,R01
1197.0,T016,U04,direct,
1198.0,T001,U07,direct,
1198.0,T002,U05,relay,R02
1198.0,T003,U08,relay,R01
1198.0,T004,U06,direct,
1198.0,T006,U01,relay,R02
1198.0,T009,U02,relay,R01
1198.0,T010,U03,relay,R01
1198.0,T016,U04,direct,
1199.0,T001,U07,direct,
1199.0,T002,U05,relay,R02
1199.0,T003,U08,relay,R01
1199.0,T004,U06,direct,
1199.0,T006,U01,relay,R02
1199.0,T009,U02,relay,R01
1199.0,T010,U03,relay,R01
1199.0,T016,U04,direct,
1200.0,T001,U07,direct,
1200.0,T002,U05,relay,R02
1200.0,T003,U08,relay,R01
1200.0,T004,U06,direct,
1200.0,T006,U01,relay,R02
1200.0,T009,U02,relay,R01
1200.0,T010,U03,relay,R01
1200.0,T016,U04,direct,
1201.0,T001,U07,direct,
1201.0,T002,U05,relay,R02
1201.0,T003,U08,relay,R01
1201.0,T004,U06,direct,
1201.0,T006,U01,relay,R02
1201.0,T009,U02,relay,R01
1201.0,T010,U03,relay,R01
1201.0,T016,U04,direct,
1202.0,T001,U07,direct,
1202.0,T002,U05,relay,R02
1202.0,T003,U08,relay,R01
1202.0,T004,U06,direct,
1202.0,T006,U01,relay,R02
1202.0,T009,U02,relay,R01
1202.0,T010,U03,relay,R01
1202.0,T016,U04,direct,
1203.0,T001,U07,direct,
1203.0,T002,U05,relay,R02
1203.0,T003,U08,relay,R01
1203.0,T004,U06,direct,
1203.0,T006,U01,direct,
1203.0,T009,U02,relay,R01
1203.0,T010,U03,relay,R01
1203.0,T016,U04,direct,
1204.0,T001,U07,direct,
1204.0,T002,U05,relay,R02
1204.0,T003,U08,relay,R01
1204.0,T004,U06,direct,
1204.0,T006,U01,direct,
1204.0,T009,U02,relay,R01
1204.0,T010,U03,relay,R01
1204.0,T016,U04,direct,
1205.0,T001,U07,direct,
1205.0,T002,U05,relay,R02
1205.0,T003,U08,relay,R01
1205.0,T004,U06,direct,
1205.0,T006,U01,direct,
1205.0,T009,U02,relay,R01
1205.0,T010,U03,relay,R01
1205.0,T016,U04,direct,
1206.0,T001,U07,direct,
1206.0,T002,U05,relay,R02
1206.0,T003,U08,relay,R01
1206.0,T004,U06,direct,
1206.0,T006,U01,direct,
1206.0,T009,U02,relay,R01
1206.0,T010,U03,relay,R01
1206.0,T016,U04,direct,
1207.0,T001,U07,direct,
1207.0,T002,U05,relay,R02
1207.0,T003,U08,relay,R01
1207.0,T004,U06,direct,
1207.0,T006,U01,direct,
1207.0,T009,U02,relay,R01
1207.0,T010,U03,relay,R01
1207.0,T016,U04,direct,
1208.0,T001,U07,direct,
1208.0,T002,U05,relay,R02
1208.0,T003,U08,relay,R01
1208.0,T004,U06,direct,
1208.0,T006,U01,direct,
1208.0,T009,U02,relay,R01
1208.0,T010,U03,relay,R01
1208.0,T016,U04,direct,
1209.0,T001,U07,direct,
1209.0,T002,U05,relay,R02
1209.0,T003,U08,relay,R01
1209.0,T004,U06,direct,
1209.0,T006,U01,direct,
1209.0,T009,U02,relay,R01
1209.0,T010,U03,relay,R01
1209.0,T016,U04,direct,
1210.0,T001,U07,direct,
1210.0,T002,U05,relay,R02
1210.0,T003,U08,relay,R01
1210.0,T004,U06,direct,
1210.0,T006,U01,direct,
1210.0,T009,U02,relay,R01
1210.0,T010,U03,relay,R01
1210.0,T016,U04,direct,
1211.0,T001,U07,direct,
1211.0,T002,U05,relay,R02
1211.0,T003,U08,relay,R01
1211.0,T004,U06,direct,
1211.0,T006,U01,direct,
1211.0,T009,U02,relay,R01
1211.0,T010,U03,relay,R01
1211.0,T016,U04,direct,
1212.0,T001,U07,direct,
1212.0,T002,U05,relay,R02
1212.0,T003,U08,relay,R01
1212.0,T004,U06,direct,
1212.0,T006,U01,direct,
1212.0,T009,U02,relay,R01
1212.0,T010,U03,relay,R01
1212.0,T016,U04,direct,
1213.0,T001,U07,direct,
1213.0,T002,U05,relay,R02
1213.0,T003,U08,relay,R01
1213.0,T004,U06,direct,
1213.0,T006,U01,direct,
1213.0,T009,U02,relay,R01
1213.0,T010,U03,relay,R01
1213.0,T016,U04,direct,
1214.0,T001,U07,direct,
1214.0,T002,U05,relay,R02
1214.0,T003,U08,relay,R01
1214.0,T004,U06,direct,
1214.0,T006,U01,direct,
1214.0,T009,U02,relay,R01
1214.0,T010,U03,relay,R01
1214.0,T016,U04,direct,
1215.0,T001,U07,direct,
1215.0,T002,U05,relay,R02
1215.0,T003,U08,relay,R01
1215.0,T004,U06,direct,
1215.0,T006,U01,direct,
1215.0,T009,U02,relay,R01
1215.0,T010,U03,relay,R01
1215.0,T016,U04,direct,
1216.0,T001,U07,direct,
1216.0,T002,U05,relay,R02
1216.0,T003,U08,relay,R01
1216.0,T004,U06,direct,
1216.0,T006,U01,direct,
1216.0,T009,U02,relay,R01
1216.0,T010,U03,relay,R01
1216.0,T016,U04,direct,
1217.0,T001,U07,direct,
1217.0,T002,U05,relay,R02
1217.0,T003,U08,relay,R01
1217.0,T004,U06,direct,
1217.0,T006,U01,direct,
1217.0,T009,U02,relay,R01
1217.0,T010,U03,relay,R01
1217.0,T016,U04,direct,
1218.0,T001,U07,direct,
1218.0,T002,U05,relay,R02
1218.0,T003,U08,relay,R01
1218.0,T004,U06,direct,
1218.0,T006,U01,direct,
1218.0,T009,U02,relay,R01
1218.0,T010,U03,relay,R01
1218.0,T016,U04,direct,
1219.0,T001,U07,direct,
1219.0,T002,U05,relay,R02
1219.0,T003,U08,relay,R01
1219.0,T004,U06,direct,
1219.0,T006,U01,direct,
1219.0,T009,U02,relay,R01
1219.0,T010,U03,relay,R01
1219.0,T016,U04,direct,
1220.0,T001,U07,direct,
1220.0,T002,U05,relay,R02
1220.0,T003,U08,relay,R01
1220.0,T004,U06,direct,
1220.0,T006,U01,direct,
1220.0,T009,U02,relay,R01
1220.0,T010,U03,relay,R01
1220.0,T016,U04,direct,
1221.0,T001,U07,direct,
1221.0,T002,U05,relay,R02
1221.0,T003,U08,relay,R01
1221.0,T004,U06,direct,
1221.0,T006,U01,direct,
1221.0,T009,U02,relay,R01
1221.0,T010,U03,relay,R01
1221.0,T016,U04,direct,
1222.0,T001,U07,direct,
1222.0,T002,U05,relay,R02
1222.0,T003,U08,relay,R01
1222.0,T004,U06,direct,
1222.0,T006,U01,direct,
1222.0,T009,U02,relay,R01
1222.0,T010,U03,relay,R01
1222.0,T016,U04,direct,
1223.0,T001,U07,direct,
1223.0,T002,U05,relay,R02
1223.0,T003,U08,relay,R01
1223.0,T004,U06,direct,
1223.0,T006,U01,direct,
1223.0,T009,U02,relay,R01
1223.0,T010,U03,relay,R01
1223.0,T016,U04,direct,
1224.0,T001,U07,direct,
1224.0,T002,U05,relay,R02
1224.0,T003,U08,relay,R01
1224.0,T004,U06,direct,
1224.0,T006,U01,direct,
1224.0,T009,U02,relay,R01
1224.0,T010,U03,relay,R01
1224.0,T016,U04,direct,
1225.0,T001,U07,direct,
1225.0,T002,U05,relay,R02
1225.0,T003,U08,relay,R01
1225.0,T004,U06,direct,
1225.0,T006,U01,direct,
1225.0,T009,U02,relay,R01
1225.0,T010,U03,relay,R01
1225.0,T016,U04,direct,
1226.0,T001,U07,direct,
1226.0,T002,U05,relay,R02
1226.0,T003,U08,relay,R01
1226.0,T004,U06,direct,
1226.0,T006,U01,direct,
1226.0,T009,U02,relay,R01
1226.0,T010,U03,relay,R01
1226.0,T016,U04,direct,
1227.0,T001,U07,direct,
1227.0,T002,U05,relay,R02
1227.0,T003,U08,relay,R01
1227.0,T004,U06,direct,
1227.0,T006,U01,direct,
1227.0,T009,U02,relay,R01
1227.0,T010,U03,relay,R01
1227.0,T016,U04,direct,
1228.0,T001,U07,direct,
1228.0,T002,U05,relay,R02
1228.0,T003,U08,relay,R01
1228.0,T004,U06,direct,
1228.0,T006,U01,direct,
1228.0,T009,U02,relay,R01
1228.0,T010,U03,relay,R01
1228.0,T016,U04,direct,
1229.0,T001,U07,direct,
1229.0,T002,U05,relay,R02
1229.0,T003,U08,relay,R01
1229.0,T004,U06,direct,
1229.0,T006,U01,direct,
1229.0,T009,U02,relay,R01
1229.0,T010,U03,relay,R01
1229.0,T016,U04,direct,
1230.0,T001,U07,direct,
1230.0,T002,U05,relay,R02
1230.0,T003,U08,relay,R01
1230.0,T004,U06,direct,
1230.0,T006,U01,direct,
1230.0,T009,U02,relay,R01
1230.0,T010,U03,relay,R01
1230.0,T016,U04,direct,
1231.0,T001,U07,direct,
1231.0,T002,U05,relay,R02
1231.0,T003,U08,relay,R01
1231.0,T004,U06,direct,
1231.0,T006,U01,direct,
1231.0,T009,U02,relay,R01
1231.0,T010,U03,relay,R01
1231.0,T016,U04,direct,
1232.0,T001,U07,direct,
1232.0,T002,U05,relay,R02
1232.0,T003,U08,relay,R01
1232.0,T004,U06,direct,
1232.0,T006,U01,direct,
1232.0,T009,U02,relay,R01
1232.0,T010,U03,relay,R01
1232.0,T016,U04,direct,
1233.0,T001,U07,direct,
1233.0,T002,U05,relay,R02
1233.0,T003,U08,relay,R01
1233.0,T004,U06,direct,
1233.0,T006,U01,direct,
1233.0,T009,U02,relay,R01
1233.0,T010,U03,relay,R01
1233.0,T016,U04,direct,
1234.0,T001,U07,direct,
1234.0,T002,U05,relay,R02
1234.0,T003,U08,relay,R01
1234.0,T004,U06,direct,
1234.0,T006,U01,direct,
1234.0,T009,U02,relay,R01
1234.0,T010,U03,relay,R01
1234.0,T016,U04,direct,
1235.0,T001,U07,direct,
1235.0,T002,U05,relay,R02
1235.0,T003,U08,relay,R01
1235.0,T004,U06,direct,
1235.0,T006,U01,direct,
1235.0,T009,U02,relay,R01
1235.0,T010,U03,relay,R01
1235.0,T016,U04,direct,
1236.0,T001,U07,direct,
1236.0,T002,U05,relay,R02
1236.0,T003,U08,relay,R01
1236.0,T004,U06,direct,
1236.0,T006,U01,direct,
1236.0,T009,U02,relay,R01
1236.0,T010,U03,relay,R01
1236.0,T016,U04,direct,
1237.0,T001,U07,direct,
1237.0,T002,U05,relay,R02
1237.0,T003,U08,relay,R01
1237.0,T004,U06,direct,
1237.0,T006,U01,direct,
1237.0,T009,U02,relay,R01
1237.0,T010,U03,relay,R01
1237.0,T016,U04,direct,
1238.0,T001,U07,direct,
1238.0,T002,U05,relay,R02
1238.0,T003,U08,relay,R01
1238.0,T004,U06,direct,
1238.0,T006,U01,direct,
1238.0,T009,U02,relay,R01
1238.0,T010,U03,relay,R01
1238.0,T016,U04,direct,
1239.0,T001,U07,direct,
1239.0,T002,U05,relay,R02
1239.0,T003,U08,relay,R01
1239.0,T004,U06,direct,
1239.0,T006,U01,direct,
1239.0,T009,U02,relay,R01
1239.0,T010,U03,relay,R01
1239.0,T016,U04,direct,
1240.0,T001,U07,direct,
1240.0,T002,U05,relay,R02
1240.0,T003,U08,relay,R01
1240.0,T004,U06,direct,
1240.0,T006,U01,direct,
1240.0,T009,U02,relay,R01
1240.0,T010,U03,relay,R01
1240.0,T016,U04,direct,
1241.0,T001,U07,direct,
1241.0,T002,U05,relay,R02
1241.0,T003,U08,relay,R01
1241.0,T004,U06,direct,
1241.0,T006,U01,direct,
1241.0,T009,U02,relay,R01
1241.0,T010,U03,relay,R01
1241.0,T016,U04,direct,
1242.0,T001,U07,direct,
1242.0,T002,U05,relay,R02
1242.0,T003,U08,relay,R01
1242.0,T004,U06,direct,
1242.0,T006,U01,direct,
1242.0,T009,U02,relay,R01
1242.0,T010,U03,relay,R01
1242.0,T016,U04,direct,
1243.0,T001,U07,direct,
1243.0,T002,U05,relay,R02
1243.0,T003,U08,relay,R01
1243.0,T004,U06,direct,
1243.0,T006,U01,direct,
1243.0,T009,U02,relay,R01
1243.0,T010,U03,relay,R01
1243.0,T016,U04,direct,
1244.0,T001,U07,direct,
1244.0,T002,U05,relay,R02
1244.0,T003,U08,relay,R01
1244.0,T004,U06,direct,
1244.0,T006,U01,direct,
1244.0,T009,U02,relay,R01
1244.0,T010,U03,relay,R01
1244.0,T016,U04,direct,
1245.0,T001,U07,direct,
1245.0,T002,U05,relay,R02
1245.0,T003,U08,relay,R01
1245.0,T004,U06,direct,
1245.0,T006,U01,direct,
1245.0,T009,U02,relay,R01
1245.0,T010,U03,relay,R01
1245.0,T016,U04,direct,
1246.0,T001,U07,direct,
1246.0,T002,U05,relay,R02
1246.0,T003,U08,relay,R01
1246.0,T004,U06,direct,
1246.0,T006,U01,direct,
1246.0,T009,U02,relay,R01
1246.0,T010,U03,relay,R01
1246.0,T016,U04,direct,
1247.0,T001,U07,direct,
1247.0,T002,U05,relay,R02
1247.0,T003,U08,relay,R01
1247.0,T004,U06,direct,
1247.0,T006,U01,direct,
1247.0,T009,U02,relay,R01
1247.0,T010,U03,relay,R01
1247.0,T016,U04,direct,
1248.0,T001,U07,direct,
1248.0,T002,U05,relay,R02
1248.0,T003,U08,relay,R01
1248.0,T004,U06,direct,
1248.0,T006,U01,direct,
1248.0,T009,U02,relay,R01
1248.0,T010,U03,relay,R01
1248.0,T016,U04,direct,
1249.0,T001,U07,direct,
1249.0,T002,U05,relay,R02
1249.0,T003,U08,relay,R01
1249.0,T004,U06,direct,
1249.0,T006,U01,direct,
1249.0,T009,U02,relay,R01
1249.0,T010,U03,relay,R01
1249.0,T016,U04,direct,
1250.0,T001,U07,direct,
1250.0,T002,U05,relay,R02
1250.0,T003,U08,relay,R01
1250.0,T004,U06,direct,
1250.0,T006,U01,direct,
1250.0,T009,U02,relay,R01
1250.0,T010,U03,relay,R01
1250.0,T016,U04,direct,
1251.0,T001,U07,direct,
1251.0,T002,U05,relay,R02
1251.0,T003,U08,relay,R01
1251.0,T004,U06,direct,
1251.0,T006,U01,direct,
1251.0,T009,U02,relay,R01
1251.0,T010,U03,relay,R01
1252.0,T001,U07,direct,
1252.0,T002,U05,relay,R02
1252.0,T003,U08,relay,R01
1252.0,T004,U06,direct,
1252.0,T006,U01,direct,
1252.0,T009,U02,relay,R01
1252.0,T010,U03,relay,R01
1253.0,T001,U07,direct,
1253.0,T002,U05,relay,R02
1253.0,T003,U08,relay,R01
1253.0,T004,U06,direct,
1253.0,T006,U01,direct,
1253.0,T009,U02,relay,R01
1253.0,T010,U03,relay,R01
1254.0,T001,U07,direct,
1254.0,T002,U05,relay,R02
1254.0,T003,U08,relay,R01
1254.0,T004,U06,direct,
1254.0,T006,U01,direct,
1254.0,T009,U02,relay,R01
1254.0,T010,U03,relay,R01
1255.0,T001,U07,direct,
1255.0,T002,U05,relay,R02
1255.0,T003,U08,relay,R01
1255.0,T004,U06,direct,
1255.0,T006,U01,direct,
1255.0,T009,U02,relay,R01
1255.0,T010,U03,relay,R01
1256.0,T001,U07,direct,
1256.0,T002,U05,relay,R02
1256.0,T003,U08,relay,R01
1256.0,T004,U06,direct,
1256.0,T006,U01,direct,
1256.0,T009,U02,relay,R01
1256.0,T010,U03,relay,R01
1257.0,T001,U07,direct,
1257.0,T002,U05,relay,R02
1257.0,T003,U08,relay,R01
1257.0,T004,U06,direct,
1257.0,T006,U01,direct,
1257.0,T009,U02,relay,R01
1257.0,T010,U03,relay,R01
1258.0,T001,U07,direct,
1258.0,T002,U05,relay,R02
1258.0,T003,U08,relay,R01
1258.0,T004,U06,direct,
1258.0,T006,U01,direct,
1258.0,T009,U02,relay,R01
1258.0,T010,U03,relay,R01
1259.0,T001,U07,direct,
1259.0,T002,U05,relay,R02
1259.0,T003,U08,relay,R01
1259.0,T004,U06,direct,
1259.0,T006,U01,direct,
1259.0,T009,U02,relay,R01
1259.0,T010,U03,relay,R01
1260.0,T001,U07,direct,
1260.0,T002,U05,relay,R02
1260.0,T003,U08,relay,R01
1260.0,T004,U06,direct,
1260.0,T006,U01,direct,
1260.0,T009,U02,relay,R01
1260.0,T010,U03,relay,R01
1261.0,T001,U07,direct,
1261.0,T002,U05,relay,R02
1261.0,T003,U08,relay,R01
1261.0,T004,U06,direct,
1261.0,T006,U01,direct,
1261.0,T009,U02,relay,R01
1261.0,T010,U03,relay,R01
1262.0,T001,U07,direct,
1262.0,T002,U05,relay,R02
1262.0,T003,U08,relay,R01
1262.0,T004,U06,direct,
1262.0,T006,U01,direct,
1262.0,T009,U02,relay,R01
1262.0,T010,U03,relay,R01
1263.0,T001,U07,direct,
1263.0,T002,U05,relay,R02
1263.0,T003,U08,relay,R01
1263.0,T004,U06,direct,
1263.0,T006,U01,direct,
1263.0,T009,U02,relay,R01
1263.0,T010,U03,relay,R01
1264.0,T001,U07,direct,
1264.0,T002,U05,relay,R02
1264.0,T003,U08,relay,R01
1264.0,T004,U06,direct,
1264.0,T006,U01,direct,
1264.0,T009,U02,relay,R01
1264.0,T010,U03,relay,R01
1265.0,T001,U07,direct,
1265.0,T002,U05,relay,R02
1265.0,T003,U08,relay,R01
1265.0,T004,U06,direct,
1265.0,T006,U01,direct,
1265.0,T009,U02,relay,R01
1265.0,T010,U03,relay,R01
1266.0,T001,U07,direct,
1266.0,T002,U05,relay,R02
1266.0,T003,U08,relay,R01
1266.0,T004,U06,direct,
1266.0,T006,U01,direct,
1266.0,T009,U02,relay,R01
1266.0,T010,U03,relay,R01
1267.0,T001,U07,direct,
1267.0,T002,U05,relay,R02
1267.0,T003,U08,relay,R01
1267.0,T004,U06,direct,
1267.0,T006,U01,direct,
1267.0,T009,U02,relay,R01
1267.0,T010,U03,relay,R01
1268.0,T001,U07,direct,
1268.0,T002,U05,relay,R02
1268.0,T003,U08,relay,R01
1268.0,T004,U06,direct,
1268.0,T006,U01,direct,
1268.0,T009,U02,relay,R01
1268.0,T010,U03,relay,R01
1269.0,T001,U07,direct,
1269.0,T002,U05,relay,R02
1269.0,T003,U08,relay,R01
1269.0,T004,U06,direct,
1269.0,T006,U01,direct,
1269.0,T009,U02,relay,R01
1269.0,T010,U03,relay,R01
1270.0,T001,U07,direct,
1270.0,T002,U05,relay,R02
1270.0,T003,U08,relay,R01
1270.0,T004,U06,direct,
1270.0,T006,U01,direct,
1270.0,T009,U02,relay,R01
1270.0,T010,U03,relay,R01
1271.0,T001,U07,direct,
1271.0,T002,U05,relay,R02
1271.0,T003,U08,relay,R01
1271.0,T004,U06,direct,
1271.0,T006,U01,direct,
1271.0,T009,U02,relay,R01
1271.0,T010,U03,relay,R01
1272.0,T001,U07,direct,
1272.0,T002,U05,relay,R02
1272.0,T003,U08,relay,R01
1272.0,T004,U06,direct,
1272.0,T006,U01,direct,
1272.0,T009,U02,relay,R01
1272.0,T010,U03,relay,R01
1273.0,T001,U07,direct,
1273.0,T002,U05,relay,R02
1273.0,T003,U08,relay,R01
1273.0,T004,U06,direct,
1273.0,T006,U01,direct,
1273.0,T009,U02,relay,R01
1273.0,T010,U03,relay,R01
1274.0,T001,U07,direct,
1274.0,T002,U05,relay,R02
1274.0,T003,U08,relay,R01
1274.0,T004,U06,direct,
1274.0,T006,U01,direct,
1274.0,T009,U02,relay,R01
1274.0,T010,U03,relay,R01
1275.0,T001,U07,direct,
1275.0,T002,U05,relay,R02
1275.0,T003,U08,relay,R01
1275.0,T004,U06,direct,
1275.0,T006,U01,direct,
1275.0,T009,U02,relay,R01
1275.0,T010,U03,relay,R01
1276.0,T001,U07,direct,
1276.0,T002,U05,relay,R02
1276.0,T003,U08,relay,R01
1276.0,T004,U06,direct,
1276.0,T006,U01,direct,
1276.0,T009,U02,relay,R01
1276.0,T010,U03,relay,R01
1277.0,T001,U07,direct,
1277.0,T002,U05,relay,R02
1277.0,T003,U08,relay,R01
1277.0,T004,U06,direct,
1277.0,T006,U01,direct,
1277.0,T009,U02,relay,R01
1277.0,T010,U03,relay,R01
1278.0,T001,U07,direct,
1278.0,T002,U05,relay,R02
1278.0,T003,U08,relay,R01
1278.0,T004,U06,direct,
1278.0,T006,U01,direct,
1278.0,T009,U02,relay,R01
1278.0,T010,U03,relay,R01
1279.0,T001,U07,direct,
1279.0,T002,U05,relay,R02
1279.0,T003,U08,relay,R01
1279.0,T004,U06,direct,
1279.0,T006,U01,direct,
1279.0,T009,U02,relay,R01
1279.0,T010,U03,relay,R01
1280.0,T001,U07,direct,
1280.0,T002,U05,relay,R02
1280.0,T003,U08,relay,R01
1280.0,T004,U06,direct,
1280.0,T006,U01,direct,
1280.0,T009,U02,relay,R01
1280.0,T010,U03,relay,R01
1281.0,T001,U07,direct,
1281.0,T002,U05,relay,R02
1281.0,T003,U08,relay,R01
1281.0,T004,U06,direct,
1281.0,T006,U01,direct,
1281.0,T009,U02,relay,R01
1281.0,T010,U03,relay,R01
1282.0,T001,U07,direct,
1282.0,T002,U05,relay,R02
1282.0,T003,U08,relay,R01
1282.0,T004,U06,direct,
1282.0,T006,U01,direct,
1282.0,T009,U02,relay,R01
1282.0,T010,U03,relay,R01
1283.0,T001,U07,direct,
1283.0,T002,U05,relay,R02
1283.0,T003,U08,relay,R01
1283.0,T004,U06,direct,
1283.0,T006,U01,direct,
1283.0,T009,U02,relay,R01
1283.0,T010,U03,relay,R01
1284.0,T001,U07,direct,
1284.0,T002,U05,relay,R02
1284.0,T003,U08,relay,R01
1284.0,T004,U06,direct,
1284.0,T006,U01,direct,
1284.0,T009,U02,relay,R01
1284.0,T010,U03,relay,R01
1285.0,T001,U07,direct,
1285.0,T002,U05,relay,R02
1285.0,T003,U08,relay,R01
1285.0,T004,U06,direct,
1285.0,T006,U01,direct,
1285.0,T009,U02,relay,R01
1285.0,T010,U03,relay,R01
1286.0,T001,U07,direct,
1286.0,T002,U05,relay,R02
1286.0,T003,U08,relay,R01
1286.0,T004,U06,direct,
1286.0,T006,U01,direct,
1286.0,T009,U02,relay,R01
1286.0,T010,U03,relay,R01
1287.0,T001,U07,direct,
1287.0,T002,U05,relay,R02
1287.0,T003,U08,relay,R01
1287.0,T004,U06,direct,
1287.0,T006,U01,direct,
1287.0,T009,U02,relay,R01
1287.0,T010,U03,relay,R01
1288.0,T001,U07,direct,
1288.0,T002,U05,relay,R02
1288.0,T003,U08,relay,R01
1288.0,T004,U06,direct,
1288.0,T006,U01,direct,
1288.0,T009,U02,relay,R01
1288.0,T010,U03,relay,R01
1289.0,T001,U07,direct,
1289.0,T002,U05,relay,R02
1289.0,T003,U08,relay,R01
1289.0,T004,U06,direct,
1289.0,T006,U01,direct,
1289.0,T009,U02,relay,R01
1289.0,T010,U03,relay,R01
1290.0,T001,U07,direct,
1290.0,T002,U05,relay,R02
1290.0,T003,U08,relay,R01
1290.0,T004,U06,direct,
1290.0,T006,U01,direct,
1290.0,T009,U02,relay,R01
1290.0,T010,U03,relay,R01
1291.0,T001,U07,direct,
1291.0,T002,U05,relay,R02
1291.0,T003,U08,relay,R01
1291.0,T004,U06,direct,
1291.0,T006,U01,direct,
1291.0,T009,U02,relay,R01
1291.0,T010,U03,relay,R01
1292.0,T001,U07,direct,
1292.0,T002,U05,relay,R02
1292.0,T003,U08,relay,R01
1292.0,T004,U06,direct,
1292.0,T006,U01,direct,
1292.0,T009,U02,relay,R01
1292.0,T010,U03,relay,R01
1293.0,T001,U07,direct,
1293.0,T002,U05,relay,R02
1293.0,T003,U08,relay,R01
1293.0,T004,U06,direct,
1293.0,T006,U01,direct,
1293.0,T009,U02,relay,R01
1293.0,T010,U03,relay,R01
1294.0,T001,U07,direct,
1294.0,T002,U05,relay,R02
1294.0,T003,U08,relay,R01
1294.0,T004,U06,direct,
1294.0,T006,U01,direct,
1294.0,T009,U02,relay,R01
1294.0,T010,U03,relay,R01
1295.0,T001,U07,direct,
1295.0,T002,U05,relay,R02
1295.0,T003,U08,relay,R01
1295.0,T004,U06,direct,
1295.0,T006,U01,direct,
1295.0,T009,U02,relay,R01
1295.0,T010,U03,relay,R01
1296.0,T001,U07,direct,
1296.0,T002,U05,relay,R02
1296.0,T003,U08,relay,R01
1296.0,T004,U06,direct,
1296.0,T006,U01,direct,
1296.0,T009,U02,relay,R01
1296.0,T010,U03,relay,R01
1297.0,T001,U07,direct,
1297.0,T002,U05,relay,R02
1297.0,T003,U08,relay,R01
1297.0,T004,U06,direct,
1297.0,T006,U01,direct,
1297.0,T009,U02,relay,R01
1297.0,T010,U03,relay,R01
1298.0,T001,U07,direct,
1298.0,T002,U05,relay,R02
1298.0,T003,U08,relay,R01
1298.0,T004,U06,direct,
1298.0,T006,U01,direct,
1298.0,T009,U02,relay,R01
1298.0,T010,U03,relay,R01
1299.0,T001,U07,direct,
1299.0,T002,U05,relay,R02
1299.0,T003,U08,relay,R01
1299.0,T004,U06,direct,
1299.0,T006,U01,direct,
1299.0,T009,U02,relay,R01
1299.0,T010,U03,relay,R01
1300.0,T001,U07,direct,
1300.0,T002,U05,relay,R02
1300.0,T003,U08,relay,R01
1300.0,T004,U06,direct,
1300.0,T006,U01,direct,
1300.0,T009,U02,relay,R01
1300.0,T010,U03,relay,R01
1301.0,T001,U07,direct,
1301.0,T002,U05,relay,R02
1301.0,T003,U08,relay,R01
1301.0,T004,U06,direct,
1301.0,T006,U01,direct,
1301.0,T009,U02,relay,R01
1301.0,T010,U03,relay,R01
1302.0,T001,U07,direct,
1302.0,T002,U05,relay,R02
1302.0,T003,U08,relay,R01
1302.0,T004,U06,direct,
1302.0,T006,U01,direct,
1302.0,T009,U02,relay,R01
1302.0,T010,U03,relay,R01
1303.0,T001,U07,direct,
1303.0,T002,U05,relay,R02
1303.0,T003,U08,relay,R01
1303.0,T004,U06,direct,
1303.0,T006,U01,direct,
1303.0,T009,U02,relay,R01
1303.0,T010,U03,relay,R01
1304.0,T001,U07,direct,
1304.0,T002,U05,relay,R02
1304.0,T003,U08,relay,R01
1304.0,T004,U06,direct,
1304.0,T006,U01,direct,
1304.0,T009,U02,relay,R01
1304.0,T010,U03,relay,R01
1305.0,T001,U07,direct,
1305.0,T002,U05,relay,R02
1305.0,T003,U08,relay,R01
1305.0,T004,U06,direct,
1305.0,T006,U01,direct,
1305.0,T009,U02,relay,R01
1305.0,T010,U03,relay,R01
1306.0,T001,U07,direct,
1306.0,T002,U05,relay,R02
1306.0,T003,U08,relay,R01
1306.0,T004,U06,direct,
1306.0,T006,U01,direct,
1306.0,T009,U02,relay,R01
1306.0,T010,U03,relay,R01
1307.0,T001,U07,direct,
1307.0,T002,U05,relay,R02
1307.0,T003,U08,relay,R01
1307.0,T004,U06,direct,
1307.0,T006,U01,direct,
1307.0,T009,U02,relay,R01
1307.0,T010,U03,relay,R01
1308.0,T001,U07,direct,
1308.0,T002,U05,relay,R02
1308.0,T003,U08,relay,R01
1308.0,T004,U06,direct,
1308.0,T006,U01,direct,
1308.0,T009,U02,relay,R01
1308.0,T010,U03,relay,R01
1309.0,T001,U07,direct,
1309.0,T002,U05,relay,R02
1309.0,T003,U08,relay,R01
1309.0,T004,U06,direct,
1309.0,T006,U01,direct,
1309.0,T009,U02,relay,R01
1309.0,T010,U03,relay,R01
1310.0,T001,U07,direct,
1310.0,T002,U05,relay,R02
1310.0,T003,U08,relay,R01
1310.0,T004,U06,direct,
1310.0,T006,U01,direct,
1310.0,T009,U02,relay,R01
1310.0,T010,U03,relay,R01
1311.0,T001,U07,direct,
1311.0,T002,U05,relay,R02
1311.0,T003,U08,relay,R01
1311.0,T004,U06,direct,
1311.0,T006,U01,direct,
1311.0,T009,U02,relay,R01
1311.0,T010,U03,relay,R01
1312.0,T001,U07,direct,
1312.0,T002,U05,relay,R02
1312.0,T003,U08,relay,R01
1312.0,T004,U06,direct,
1312.0,T006,U01,direct,
1312.0,T009,U02,relay,R01
1312.0,T010,U03,relay,R01
1313.0,T001,U07,direct,
1313.0,T002,U05,relay,R02
1313.0,T003,U08,relay,R01
1313.0,T004,U06,direct,
1313.0,T006,U01,direct,
1313.0,T009,U02,relay,R01
1313.0,T010,U03,relay,R01
1314.0,T001,U07,direct,
1314.0,T002,U05,relay,R02
1314.0,T003,U08,relay,R01
1314.0,T004,U06,direct,
1314.0,T006,U01,direct,
1314.0,T009,U02,relay,R01
1314.0,T010,U03,relay,R01
1315.0,T001,U07,direct,
1315.0,T002,U05,relay,R02
1315.0,T003,U08,relay,R01
1315.0,T004,U06,direct,
1315.0,T006,U01,direct,
1315.0,T009,U02,relay,R01
1315.0,T010,U03,relay,R01
1316.0,T001,U07,direct,
1316.0,T002,U05,relay,R02
1316.0,T003,U08,relay,R01
1316.0,T004,U06,direct,
1316.0,T006,U01,direct,
1316.0,T009,U02,relay,R01
1316.0,T010,U03,relay,R01
1317.0,T001,U07,direct,
1317.0,T002,U05,relay,R02
1317.0,T003,U08,relay,R01
1317.0,T004,U06,direct,
1317.0,T006,U01,direct,
1317.0,T009,U02,relay,R01
1317.0,T010,U03,relay,R01
1318.0,T001,U07,direct,
1318.0,T002,U05,relay,R02
1318.0,T003,U08,relay,R01
1318.0,T004,U06,direct,
1318.0,T006,U01,direct,
1318.0,T009,U02,relay,R01
1318.0,T010,U03,relay,R01
1319.0,T001,U07,direct,
1319.0,T002,U05,relay,R02
1319.0,T003,U08,relay,R01
1319.0,T004,U06,direct,
1319.0,T006,U01,direct,
1319.0,T009,U02,relay,R01
1319.0,T010,U03,relay,R01
1320.0,T001,U07,direct,
1320.0,T002,U05,relay,R02
1320.0,T003,U08,relay,R01
1320.0,T004,U06,direct,
1320.0,T006,U01,direct,
1320.0,T009,U02,relay,R01
1320.0,T010,U03,relay,R01
1321.0,T001,U07,direct,
1321.0,T002,U05,relay,R02
1321.0,T003,U08,relay,R01
1321.0,T004,U06,direct,
1321.0,T006,U01,direct,
1321.0,T009,U02,relay,R01
1321.0,T010,U03,relay,R01
1322.0,T001,U07,direct,
1322.0,T002,U05,relay,R02
1322.0,T003,U08,relay,R01
1322.0,T004,U06,direct,
1322.0,T006,U01,direct,
1322.0,T009,U02,relay,R01
1322.0,T010,U03,relay,R01
1323.0,T001,U07,direct,
1323.0,T002,U05,relay,R02
1323.0,T003,U08,relay,R01
1323.0,T004,U06,direct,
1323.0,T006,U01,direct,
1323.0,T009,U02,relay,R01
1323.0,T010,U03,relay,R01
1324.0,T001,U07,direct,
1324.0,T002,U05,relay,R02
1324.0,T003,U08,relay,R01
1324.0,T004,U06,direct,
1324.0,T006,U01,direct,
1324.0,T009,U02,relay,R01
1324.0,T010,U03,relay,R01
1325.0,T001,U07,direct,
1325.0,T002,U05,relay,R02
1325.0,T003,U08,relay,R01
1325.0,T004,U06,direct,
1325.0,T006,U01,direct,
1325.0,T009,U02,relay,R01
1325.0,T010,U03,relay,R01
1326.0,T001,U07,direct,
1326.0,T002,U05,relay,R02
1326.0,T003,U08,relay,R01
1326.0,T004,U06,direct,
1326.0,T006,U01,direct,
1326.0,T009,U02,relay,R01
1326.0,T010,U03,relay,R01
1327.0,T001,U07,direct,
1327.0,T002,U05,relay,R02
1327.0,T003,U08,relay,R01
1327.0,T004,U06,direct,
1327.0,T006,U01,direct,
1327.0,T009,U02,relay,R01
1327.0,T010,U03,relay,R01
1328.0,T001,U07,direct,
1328.0,T002,U05,relay,R02
1328.0,T003,U08,relay,R01
1328.0,T004,U06,direct,
1328.0,T006,U01,direct,
1328.0,T009,U02,relay,R01
1328.0,T010,U03,relay,R01
1329.0,T001,U07,direct,
1329.0,T002,U05,relay,R02
1329.0,T003,U08,relay,R01
1329.0,T004,U06,direct,
1329.0,T006,U01,direct,
1329.0,T009,U02,relay,R01
1329.0,T010,U03,relay,R01
1330.0,T001,U07,direct,
1330.0,T002,U05,relay,R02
1330.0,T003,U08,relay,R01
1330.0,T004,U06,direct,
1330.0,T006,U01,direct,
1330.0,T009,U02,relay,R01
1330.0,T010,U03,relay,R01
1331.0,T001,U07,direct,
1331.0,T002,U05,relay,R02
1331.0,T003,U08,relay,R01
1331.0,T004,U06,direct,
1331.0,T006,U01,direct,
1331.0,T009,U02,relay,R01
1331.0,T010,U03,relay,R01
1332.0,T001,U07,direct,
1332.0,T002,U05,relay,R02
1332.0,T003,U08,relay,R01
1332.0,T004,U06,direct,
1332.0,T006,U01,direct,
1332.0,T009,U02,relay,R01
1332.0,T010,U03,relay,R01
1333.0,T001,U07,direct,
1333.0,T002,U05,relay,R02
1333.0,T003,U08,relay,R01
1333.0,T004,U06,direct,
1333.0,T006,U01,direct,
1333.0,T009,U02,relay,R01
1333.0,T010,U03,relay,R01
1334.0,T001,U07,direct,
1334.0,T002,U05,relay,R02
1334.0,T003,U08,relay,R01
1334.0,T004,U06,direct,
1334.0,T006,U01,direct,
1334.0,T009,U02,relay,R01
1334.0,T010,U03,relay,R01
1335.0,T001,U07,direct,
1335.0,T002,U05,relay,R02
1335.0,T003,U08,relay,R01
1335.0,T004,U06,direct,
1335.0,T006,U01,direct,
1335.0,T009,U02,relay,R01
1335.0,T010,U03,relay,R01
1336.0,T001,U07,direct,
1336.0,T002,U05,relay,R02
1336.0,T003,U08,relay,R01
1336.0,T004,U06,direct,
1336.0,T006,U01,direct,
1336.0,T009,U02,relay,R01
1336.0,T010,U03,relay,R01
1337.0,T001,U07,direct,
1337.0,T002,U05,relay,R02
1337.0,T003,U08,relay,R01
1337.0,T004,U06,direct,
1337.0,T006,U01,direct,
1337.0,T009,U02,relay,R01
1337.0,T010,U03,relay,R01
1338.0,T001,U07,direct,
1338.0,T002,U05,relay,R02
1338.0,T003,U08,relay,R01
1338.0,T004,U06,direct,
1338.0,T006,U01,direct,
1338.0,T009,U02,relay,R01
1338.0,T010,U03,relay,R01
1339.0,T001,U07,direct,
1339.0,T002,U05,relay,R02
1339.0,T003,U08,relay,R01
1339.0,T004,U06,direct,
1339.0,T006,U01,direct,
1339.0,T009,U02,relay,R01
1339.0,T010,U03,relay,R01
1340.0,T001,U07,direct,
1340.0,T002,U05,relay,R02
1340.0,T003,U08,relay,R01
1340.0,T004,U06,direct,
1340.0,T006,U01,direct,
1340.0,T009,U02,relay,R01
1340.0,T010,U03,relay,R01
1341.0,T001,U07,direct,
1341.0,T002,U05,relay,R02
1341.0,T003,U08,relay,R01
1341.0,T004,U06,direct,
1341.0,T006,U01,direct,
1341.0,T009,U02,relay,R01
1341.0,T010,U03,relay,R01
1342.0,T001,U07,direct,
1342.0,T002,U05,relay,R02
1342.0,T003,U08,relay,R01
1342.0,T004,U06,direct,
1342.0,T006,U01,direct,
1342.0,T009,U02,relay,R01
1342.0,T010,U03,relay,R01
1343.0,T001,U07,direct,
1343.0,T002,U05,relay,R02
1343.0,T003,U08,relay,R01
1343.0,T004,U06,direct,
1343.0,T006,U01,direct,
1343.0,T009,U02,relay,R01
1343.0,T010,U03,relay,R01
1344.0,T001,U07,direct,
1344.0,T002,U05,relay,R02
1344.0,T003,U08,relay,R01
1344.0,T004,U06,direct,
1344.0,T006,U01,direct,
1344.0,T009,U02,relay,R01
1344.0,T010,U03,relay,R01
1345.0,T001,U07,direct,
1345.0,T002,U05,relay,R02
1345.0,T003,U08,relay,R01
1345.0,T004,U06,direct,
1345.0,T006,U01,direct,
1345.0,T009,U02,relay,R01
1345.0,T010,U03,relay,R01
1346.0,T001,U07,direct,
1346.0,T002,U05,relay,R02
1346.0,T003,U08,relay,R01
1346.0,T004,U06,direct,
1346.0,T006,U01,direct,
1346.0,T009,U02,relay,R01
1346.0,T010,U03,relay,R01
1347.0,T001,U07,direct,
1347.0,T002,U05,relay,R02
1347.0,T003,U08,relay,R01
1347.0,T004,U06,direct,
1347.0,T006,U01,direct,
1347.0,T009,U02,relay,R01
1347.0,T010,U03,relay,R01
1348.0,T001,U07,direct,
1348.0,T002,U05,relay,R02
1348.0,T003,U08,relay,R01
1348.0,T004,U06,direct,
1348.0,T006,U01,direct,
1348.0,T009,U02,relay,R01
1348.0,T010,U03,relay,R01
1349.0,T001,U07,direct,
1349.0,T002,U05,relay,R02
1349.0,T003,U08,relay,R01
1349.0,T004,U06,direct,
1349.0,T006,U01,direct,
1349.0,T009,U02,relay,R01
1349.0,T010,U03,relay,R01
1350.0,T001,U07,direct,
1350.0,T002,U05,relay,R02
1350.0,T003,U08,relay,R01
1350.0,T004,U06,direct,
1350.0,T006,U01,direct,
1350.0,T009,U02,relay,R01
1350.0,T010,U03,relay,R01
1351.0,T001,U07,direct,
1351.0,T002,U05,relay,R02
1351.0,T003,U08,relay,R01
1351.0,T004,U06,direct,
1351.0,T006,U01,direct,
1351.0,T009,U02,relay,R01
1351.0,T010,U03,relay,R01
1352.0,T001,U07,direct,
1352.0,T002,U05,relay,R02
1352.0,T003,U08,relay,R01
1352.0,T004,U06,direct,
1352.0,T006,U01,direct,
1352.0,T009,U02,relay,R01
1352.0,T010,U03,relay,R01
1353.0,T001,U07,direct,
1353.0,T002,U05,relay,R02
1353.0,T003,U08,relay,R01
1353.0,T004,U06,direct,
1353.0,T006,U01,direct,
1353.0,T009,U02,relay,R01
1353.0,T010,U03,relay,R01
1354.0,T001,U07,direct,
1354.0,T002,U05,relay,R02
1354.0,T003,U08,relay,R01
1354.0,T004,U06,direct,
1354.0,T006,U01,direct,
1354.0,T009,U02,relay,R01
1354.0,T010,U03,relay,R01
1355.0,T001,U07,direct,
1355.0,T002,U05,relay,R02
1355.0,T003,U08,relay,R01
1355.0,T004,U06,direct,
1355.0,T006,U01,direct,
1355.0,T009,U02,relay,R01
1355.0,T010,U03,relay,R01
1356.0,T001,U07,direct,
1356.0,T002,U05,relay,R02
1356.0,T003,U08,relay,R01
1356.0,T004,U06,direct,
1356.0,T006,U01,direct,
1356.0,T009,U02,relay,R01
1356.0,T010,U03,relay,R01
1357.0,T001,U07,direct,
1357.0,T002,U05,relay,R02
1357.0,T003,U08,relay,R01
1357.0,T004,U06,direct,
1357.0,T006,U01,direct,
1357.0,T009,U02,relay,R01
1357.0,T010,U03,relay,R01
1358.0,T001,U07,direct,
1358.0,T002,U05,relay,R02
1358.0,T003,U08,relay,R01
1358.0,T004,U06,direct,
1358.0,T006,U01,direct,
1358.0,T009,U02,relay,R01
1358.0,T010,U03,relay,R01
1359.0,T001,U07,direct,
1359.0,T002,U05,relay,R02
1359.0,T003,U08,relay,R01
1359.0,T004,U06,direct,
1359.0,T006,U01,direct,
1359.0,T009,U02,relay,R01
1359.0,T010,U03,relay,R01
1360.0,T001,U07,direct,
1360.0,T002,U05,relay,R02
1360.0,T003,U08,relay,R01
1360.0,T004,U06,direct,
1360.0,T006,U01,direct,
1360.0,T009,U02,relay,R01
1360.0,T010,U03,relay,R01
1361.0,T001,U07,direct,
1361.0,T002,U05,relay,R02
1361.0,T003,U08,relay,R01
1361.0,T004,U06,direct,
1361.0,T006,U01,direct,
1361.0,T009,U02,relay,R01
1361.0,T010,U03,relay,R01
1362.0,T001,U07,direct,
1362.0,T002,U05,relay,R02
1362.0,T003,U08,relay,R01
1362.0,T004,U06,direct,
1362.0,T006,U01,direct,
1362.0,T009,U02,relay,R01
1362.0,T010,U03,relay,R01
1363.0,T001,U07,direct,
1363.0,T002,U05,relay,R02
1363.0,T003,U08,relay,R01
1363.0,T004,U06,direct,
1363.0,T006,U01,direct,
1363.0,T009,U02,relay,R01
1363.0,T010,U03,relay,R01
1364.0,T001,U07,direct,
1364.0,T002,U05,relay,R02
1364.0,T003,U08,relay,R01
1364.0,T004,U06,direct,
1364.0,T006,U01,direct,
1364.0,T009,U02,relay,R01
1364.0,T010,U03,relay,R01
1365.0,T001,U07,direct,
1365.0,T002,U05,relay,R02
1365.0,T003,U08,relay,R01
1365.0,T004,U06,direct,
1365.0,T006,U01,direct,
1365.0,T009,U02,relay,R01
1365.0,T010,U03,relay,R01
1366.0,T001,U07,direct,
1366.0,T002,U05,relay,R02
1366.0,T003,U08,relay,R01
1366.0,T004,U06,direct,
1366.0,T006,U01,direct,
1366.0,T009,U02,relay,R01
1366.0,T010,U03,relay,R01
1367.0,T001,U07,direct,
1367.0,T002,U05,relay,R02
1367.0,T003,U08,relay,R01
1367.0,T004,U06,direct,
1367.0,T006,U01,direct,
1367.0,T009,U02,relay,R01
1367.0,T010,U03,relay,R01
1368.0,T001,U07,direct,
1368.0,T002,U05,relay,R02
1368.0,T003,U08,relay,R01
1368.0,T004,U06,direct,
1368.0,T006,U01,direct,
1368.0,T009,U02,relay,R01
1368.0,T010,U03,relay,R01
1369.0,T001,U07,direct,
1369.0,T002,U05,relay,R02
1369.0,T003,U08,relay,R01
1369.0,T004,U06,direct,
1369.0,T006,U01,direct,
1369.0,T009,U02,relay,R01
1369.0,T010,U03,relay,R01
1370.0,T001,U07,direct,
1370.0,T002,U05,relay,R02
1370.0,T003,U08,relay,R01
1370.0,T004,U06,direct,
1370.0,T006,U01,direct,
1370.0,T009,U02,relay,R01
1370.0,T010,U03,relay,R01
1371.0,T001,U07,direct,
1371.0,T002,U05,relay,R02
1371.0,T003,U08,relay,R01
1371.0,T004,U06,direct,
1371.0,T006,U01,direct,
1371.0,T009,U02,relay,R01
1371.0,T010,U03,relay,R01
1372.0,T001,U07,direct,
1372.0,T002,U05,relay,R02
1372.0,T003,U08,relay,R01
1372.0,T004,U06,direct,
1372.0,T006,U01,direct,
1372.0,T009,U02,relay,R01
1372.0,T010,U03,relay,R01
1373.0,T001,U07,direct,
1373.0,T002,U05,relay,R02
1373.0,T003,U08,relay,R01
1373.0,T004,U06,direct,
1373.0,T006,U01,direct,
1373.0,T009,U02,relay,R01
1373.0,T010,U03,relay,R01
1374.0,T001,U07,direct,
1374.0,T002,U05,relay,R02
1374.0,T003,U08,relay,R01
1374.0,T004,U06,direct,
1374.0,T006,U01,direct,
1374.0,T009,U02,relay,R01
1374.0,T010,U03,relay,R01
1375.0,T001,U07,direct,
1375.0,T002,U05,relay,R02
1375.0,T003,U08,relay,R01
1375.0,T004,U06,direct,
1375.0,T006,U01,direct,
1375.0,T009,U02,relay,R01
1375.0,T010,U03,relay,R01
1376.0,T001,U07,direct,
1376.0,T002,U05,relay,R02
1376.0,T003,U08,relay,R01
1376.0,T004,U06,direct,
1376.0,T006,U01,direct,
1376.0,T009,U02,relay,R01
1376.0,T010,U03,relay,R01
1377.0,T001,U07,direct,
1377.0,T002,U05,relay,R02
1377.0,T003,U08,relay,R01
1377.0,T004,U06,direct,
1377.0,T006,U01,direct,
1377.0,T009,U02,relay,R01
1377.0,T010,U03,relay,R01
1378.0,T001,U07,direct,
1378.0,T002,U05,relay,R02
1378.0,T003,U08,relay,R01
1378.0,T004,U06,direct,
1378.0,T006,U01,direct,
1378.0,T009,U02,relay,R01
1378.0,T010,U03,relay,R01
1379.0,T001,U07,direct,
1379.0,T002,U05,relay,R02
1379.0,T003,U08,relay,R01
1379.0,T004,U06,direct,
1379.0,T006,U01,direct,
1379.0,T009,U02,relay,R01
1379.0,T010,U03,relay,R01
1380.0,T001,U07,direct,
1380.0,T002,U05,relay,R02
1380.0,T003,U08,relay,R01
1380.0,T004,U06,direct,
1380.0,T006,U01,direct,
1380.0,T009,U02,relay,R01
1380.0,T010,U03,relay,R01
1381.0,T001,U07,direct,
1381.0,T002,U05,relay,R02
1381.0,T003,U08,relay,R01
1381.0,T004,U06,direct,
1381.0,T006,U01,direct,
1381.0,T009,U02,relay,R01
1381.0,T010,U03,relay,R01
1382.0,T001,U07,direct,
1382.0,T002,U05,relay,R02
1382.0,T003,U08,relay,R01
1382.0,T004,U06,direct,
1382.0,T006,U01,direct,
1382.0,T009,U02,relay,R01
1382.0,T010,U03,relay,R01
1383.0,T001,U07,direct,
1383.0,T002,U05,relay,R02
1383.0,T003,U08,relay,R01
1383.0,T004,U06,direct,
1383.0,T006,U01,direct,
1383.0,T009,U02,relay,R01
1383.0,T010,U03,relay,R01
1384.0,T001,U07,direct,
1384.0,T002,U05,relay,R02
1384.0,T003,U08,relay,R01
1384.0,T004,U06,direct,
1384.0,T006,U01,direct,
1384.0,T009,U02,relay,R01
1384.0,T010,U03,relay,R01
1385.0,T001,U07,direct,
1385.0,T002,U05,relay,R02
1385.0,T003,U08,relay,R01
1385.0,T004,U06,direct,
1385.0,T006,U01,direct,
1385.0,T009,U02,relay,R01
1385.0,T010,U03,relay,R01
1386.0,T001,U07,direct,
1386.0,T002,U05,relay,R02
1386.0,T003,U08,relay,R01
1386.0,T004,U06,direct,
1386.0,T006,U01,direct,
1386.0,T009,U02,relay,R01
1386.0,T010,U03,relay,R01
1387.0,T001,U07,direct,
1387.0,T002,U05,relay,R02
1387.0,T003,U08,relay,R01
1387.0,T004,U06,direct,
1387.0,T006,U01,direct,
1387.0,T009,U02,relay,R01
1387.0,T010,U03,relay,R01
1388.0,T001,U07,direct,
1388.0,T002,U05,relay,R02
1388.0,T003,U08,relay,R01
1388.0,T004,U06,direct,
1388.0,T006,U01,direct,
1388.0,T009,U02,relay,R01
1388.0,T010,U03,relay,R01
1389.0,T001,U07,direct,
1389.0,T002,U05,relay,R02
1389.0,T003,U08,relay,R01
1389.0,T004,U06,direct,
1389.0,T006,U01,direct,
1389.0,T009,U02,relay,R01
1389.0,T010,U03,relay,R01
1390.0,T001,U07,direct,
1390.0,T002,U05,relay,R02
1390.0,T003,U08,relay,R01
1390.0,T004,U06,direct,
1390.0,T006,U01,direct,
1390.0,T009,U02,relay,R01
1390.0,T010,U03,relay,R01
1391.0,T001,U07,direct,
1391.0,T002,U05,relay,R02
1391.0,T003,U08,relay,R01
1391.0,T004,U06,direct,
1391.0,T006,U01,direct,
1391.0,T009,U02,relay,R01
1391.0,T010,U03,relay,R01
1392.0,T001,U07,direct,
1392.0,T002,U05,relay,R02
1392.0,T003,U08,relay,R01
1392.0,T004,U06,direct,
1392.0,T006,U01,direct,
1392.0,T009,U02,relay,R01
1392.0,T010,U03,relay,R01
1393.0,T001,U07,direct,
1393.0,T002,U05,relay,R02
1393.0,T003,U08,relay,R01
1393.0,T004,U06,direct,
1393.0,T006,U01,direct,
1393.0,T009,U02,relay,R01
1393.0,T010,U03,relay,R01
1394.0,T001,U07,direct,
1394.0,T002,U05,relay,R02
1394.0,T003,U08,relay,R01
1394.0,T004,U06,direct,
1394.0,T006,U01,direct,
1394.0,T009,U02,relay,R01
1394.0,T010,U03,relay,R01
1395.0,T001,U07,direct,
1395.0,T002,U05,relay,R02
1395.0,T003,U08,relay,R01
1395.0,T004,U06,direct,
1395.0,T006,U01,direct,
1395.0,T009,U02,relay,R01
1395.0,T010,U03,relay,R01
1396.0,T001,U07,direct,
1396.0,T002,U05,relay,R02
1396.0,T003,U08,relay,R01
1396.0,T004,U06,direct,
1396.0,T006,U01,direct,
1396.0,T009,U02,relay,R01
1396.0,T010,U03,relay,R01
1397.0,T001,U07,direct,
1397.0,T002,U05,relay,R02
1397.0,T003,U08,relay,R01
1397.0,T004,U06,direct,
1397.0,T006,U01,direct,
1397.0,T009,U02,relay,R01
1397.0,T010,U03,relay,R01
1398.0,T001,U07,direct,
1398.0,T002,U05,relay,R02
1398.0,T003,U08,relay,R01
1398.0,T004,U06,direct,
1398.0,T006,U01,direct,
1398.0,T009,U02,relay,R01
1398.0,T010,U03,relay,R01
1399.0,T001,U07,direct,
1399.0,T002,U05,relay,R02
1399.0,T003,U08,relay,R01
1399.0,T004,U06,direct,
1399.0,T006,U01,direct,
1399.0,T009,U02,relay,R01
1399.0,T010,U03,relay,R01
1400.0,T001,U07,direct,
1400.0,T002,U05,relay,R02
1400.0,T003,U08,relay,R01
1400.0,T004,U06,direct,
1400.0,T006,U01,direct,
1400.0,T009,U02,relay,R01
1400.0,T010,U03,relay,R01
1401.0,T001,U07,direct,
1401.0,T002,U05,relay,R02
1401.0,T003,U08,relay,R01
1401.0,T004,U06,direct,
1401.0,T006,U01,direct,
1401.0,T009,U02,relay,R01
1401.0,T010,U03,relay,R01
1402.0,T001,U07,direct,
1402.0,T002,U05,relay,R02
1402.0,T003,U08,relay,R01
1402.0,T004,U06,direct,
1402.0,T006,U01,direct,
1402.0,T009,U02,relay,R01
1402.0,T010,U03,relay,R01
1403.0,T001,U07,direct,
1403.0,T002,U05,relay,R02
1403.0,T003,U08,relay,R01
1403.0,T004,U06,direct,
1403.0,T006,U01,direct,
1403.0,T009,U02,relay,R01
1403.0,T010,U03,relay,R01
1404.0,T001,U07,direct,
1404.0,T002,U05,relay,R02
1404.0,T003,U08,relay,R01
1404.0,T004,U06,direct,
1404.0,T006,U01,direct,
1404.0,T009,U02,relay,R01
1404.0,T010,U03,relay,R01
1405.0,T001,U07,direct,
1405.0,T002,U05,relay,R02
1405.0,T003,U08,relay,R01
1405.0,T004,U06,direct,
1405.0,T006,U01,direct,
1405.0,T009,U02,relay,R01
1405.0,T010,U03,relay,R01
1406.0,T001,U07,direct,
1406.0,T002,U05,relay,R02
1406.0,T003,U08,relay,R01
1406.0,T004,U06,direct,
1406.0,T006,U01,direct,
1406.0,T009,U02,relay,R01
1406.0,T010,U03,relay,R01
1407.0,T001,U07,direct,
1407.0,T002,U05,relay,R02
1407.0,T003,U08,relay,R01
1407.0,T004,U06,direct,
1407.0,T006,U01,direct,
1407.0,T009,U02,relay,R01
1407.0,T010,U03,relay,R01
1408.0,T001,U07,direct,
1408.0,T002,U05,relay,R02
1408.0,T003,U08,relay,R01
1408.0,T004,U06,direct,
1408.0,T006,U01,direct,
1408.0,T009,U02,relay,R01
1408.0,T010,U03,relay,R01
1409.0,T001,U07,direct,
1409.0,T002,U05,relay,R02
1409.0,T003,U08,relay,R01
1409.0,T004,U06,direct,
1409.0,T006,U01,direct,
1409.0,T009,U02,relay,R01
1409.0,T010,U03,relay,R01
1410.0,T001,U07,direct,
1410.0,T002,U05,relay,R02
1410.0,T003,U08,relay,R01
1410.0,T004,U06,direct,
1410.0,T006,U01,direct,
1410.0,T009,U02,relay,R01
1410.0,T010,U03,relay,R01
1411.0,T001,U07,direct,
1411.0,T002,U05,relay,R02
1411.0,T003,U08,relay,R01
1411.0,T004,U06,direct,
1411.0,T006,U01,direct,
1411.0,T009,U02,relay,R01
1411.0,T010,U03,relay,R01
1412.0,T001,U07,direct,
1412.0,T002,U05,relay,R02
1412.0,T003,U08,relay,R01
1412.0,T004,U06,direct,
1412.0,T006,U01,direct,
1412.0,T009,U02,relay,R01
1412.0,T010,U03,relay,R01
1413.0,T001,U07,direct,
1413.0,T002,U05,relay,R02
1413.0,T003,U08,relay,R01
1413.0,T004,U06,direct,
1413.0,T006,U01,direct,
1413.0,T009,U02,relay,R01
1413.0,T010,U03,relay,R01
1414.0,T001,U07,direct,
1414.0,T002,U05,relay,R02
1414.0,T003,U08,relay,R01
1414.0,T004,U06,direct,
1414.0,T006,U01,direct,
1414.0,T009,U02,relay,R01
1414.0,T010,U03,relay,R01
1415.0,T001,U07,direct,
1415.0,T002,U05,relay,R02
1415.0,T003,U08,relay,R01
1415.0,T004,U06,direct,
1415.0,T006,U01,direct,
1415.0,T009,U02,relay,R01
1415.0,T010,U03,relay,R01
1416.0,T001,U07,direct,
1416.0,T002,U05,relay,R02
1416.0,T003,U08,relay,R01
1416.0,T004,U06,direct,
1416.0,T006,U01,direct,
1416.0,T009,U02,relay,R01
1416.0,T010,U03,relay,R01
1417.0,T001,U07,direct,
1417.0,T002,U05,relay,R02
1417.0,T003,U08,relay,R01
1417.0,T004,U06,direct,
1417.0,T006,U01,direct,
1417.0,T009,U02,relay,R01
1417.0,T010,U03,relay,R01
1418.0,T001,U07,direct,
1418.0,T002,U05,relay,R02
1418.0,T003,U08,relay,R01
1418.0,T004,U06,direct,
1418.0,T006,U01,direct,
1418.0,T009,U02,relay,R01
1418.0,T010,U03,relay,R01
1419.0,T001,U07,direct,
1419.0,T002,U05,relay,R02
1419.0,T003,U08,relay,R01
1419.0,T004,U06,direct,
1419.0,T006,U01,direct,
1419.0,T009,U02,relay,R01
1419.0,T010,U03,relay,R01
1420.0,T001,U07,direct,
1420.0,T002,U05,relay,R02
1420.0,T003,U08,relay,R01
1420.0,T004,U06,direct,
1420.0,T006,U01,direct,
1420.0,T009,U02,relay,R01
1420.0,T010,U03,relay,R01
1421.0,T001,U07,direct,
1421.0,T002,U05,relay,R02
1421.0,T003,U08,relay,R01
1421.0,T004,U06,direct,
1421.0,T006,U01,direct,
1421.0,T009,U02,relay,R01
1421.0,T010,U03,relay,R01
1422.0,T001,U07,direct,
1422.0,T002,U05,direct,
1422.0,T003,U08,relay,R01
1422.0,T004,U06,direct,
1422.0,T006,U01,direct,
1422.0,T009,U02,relay,R01
1422.0,T010,U03,relay,R01
1423.0,T001,U07,direct,
1423.0,T002,U05,direct,
1423.0,T003,U08,relay,R01
1423.0,T004,U06,direct,
1423.0,T006,U01,direct,
1423.0,T009,U02,relay,R01
1423.0,T010,U03,relay,R01
1424.0,T001,U07,direct,
1424.0,T002,U05,direct,
1424.0,T003,U08,relay,R01
1424.0,T004,U06,direct,
1424.0,T006,U01,direct,
1424.0,T009,U02,relay,R01
1424.0,T010,U03,relay,R01
1425.0,T001,U07,direct,
1425.0,T002,U05,direct,
1425.0,T003,U08,relay,R01
1425.0,T004,U06,direct,
1425.0,T006,U01,direct,
1425.0,T009,U02,relay,R01
1425.0,T010,U03,relay,R01
1426.0,T001,U07,direct,
1426.0,T002,U05,direct,
1426.0,T003,U08,relay,R01
1426.0,T004,U06,direct,
1426.0,T006,U01,direct,
1426.0,T009,U02,relay,R01
1426.0,T010,U03,relay,R01
1427.0,T001,U07,direct,
1427.0,T002,U05,direct,
1427.0,T003,U08,relay,R01
1427.0,T004,U06,direct,
1427.0,T006,U01,direct,
1427.0,T009,U02,relay,R01
1427.0,T010,U03,relay,R01
1428.0,T001,U07,direct,
1428.0,T002,U05,direct,
1428.0,T003,U08,relay,R01
1428.0,T004,U06,direct,
1428.0,T006,U01,direct,
1428.0,T009,U02,relay,R01
1428.0,T010,U03,relay,R01
1429.0,T001,U07,direct,
1429.0,T002,U05,direct,
1429.0,T003,U08,relay,R01
1429.0,T004,U06,direct,
1429.0,T006,U01,direct,
1429.0,T009,U02,relay,R01
1429.0,T010,U03,relay,R01
1430.0,T001,U07,direct,
1430.0,T002,U05,direct,
1430.0,T003,U08,relay,R01
1430.0,T004,U06,direct,
1430.0,T006,U01,direct,
1430.0,T009,U02,relay,R01
1430.0,T010,U03,relay,R01
1431.0,T001,U07,direct,
1431.0,T002,U05,direct,
1431.0,T003,U08,relay,R01
1431.0,T004,U06,direct,
1431.0,T006,U01,direct,
1431.0,T009,U02,relay,R01
1431.0,T010,U03,relay,R01
1432.0,T001,U07,direct,
1432.0,T002,U05,direct,
1432.0,T003,U08,relay,R01
1432.0,T004,U06,direct,
1432.0,T006,U01,direct,
1432.0,T009,U02,relay,R01
1432.0,T010,U03,relay,R01
1433.0,T001,U07,direct,
1433.0,T002,U05,direct,
1433.0,T003,U08,relay,R01
1433.0,T004,U06,direct,
1433.0,T006,U01,direct,
1433.0,T009,U02,relay,R01
1433.0,T010,U03,relay,R01
1434.0,T001,U07,direct,
1434.0,T002,U05,direct,
1434.0,T003,U08,relay,R01
1434.0,T004,U06,direct,
1434.0,T006,U01,direct,
1434.0,T009,U02,relay,R01
1434.0,T010,U03,relay,R01
1435.0,T001,U07,direct,
1435.0,T002,U05,direct,
1435.0,T003,U08,relay,R01
1435.0,T004,U06,direct,
1435.0,T006,U01,direct,
1435.0,T009,U02,relay,R01
1435.0,T010,U03,relay,R01
1436.0,T001,U07,direct,
1436.0,T002,U05,direct,
1436.0,T003,U08,relay,R01
1436.0,T004,U06,direct,
1436.0,T006,U01,direct,
1436.0,T009,U02,relay,R01
1436.0,T010,U03,relay,R01
1437.0,T001,U07,direct,
1437.0,T002,U05,direct,
1437.0,T003,U08,relay,R01
1437.0,T004,U06,direct,
1437.0,T006,U01,direct,
1437.0,T009,U02,relay,R01
1437.0,T010,U03,relay,R01
1438.0,T001,U07,direct,
1438.0,T002,U05,direct,
1438.0,T003,U08,relay,R01
1438.0,T004,U06,direct,
1438.0,T006,U01,direct,
1438.0,T009,U02,relay,R01
1438.0,T010,U03,relay,R01
1439.0,T001,U07,direct,
1439.0,T002,U05,direct,
1439.0,T003,U08,relay,R01
1439.0,T004,U06,direct,
1439.0,T006,U01,direct,
1439.0,T009,U02,relay,R01
1439.0,T010,U03,relay,R01
1440.0,T001,U07,direct,
1440.0,T002,U05,direct,
1440.0,T003,U08,relay,R01
1440.0,T004,U06,direct,
1440.0,T006,U01,direct,
1440.0,T009,U02,relay,R01
1440.0,T010,U03,relay,R01
1441.0,T001,U07,direct,
1441.0,T002,U05,direct,
1441.0,T003,U08,relay,R01
1441.0,T004,U06,direct,
1441.0,T006,U01,direct,
1441.0,T009,U02,relay,R01
1441.0,T010,U03,relay,R01
1442.0,T001,U07,direct,
1442.0,T002,U05,direct,
1442.0,T003,U08,relay,R01
1442.0,T004,U06,direct,
1442.0,T006,U01,direct,
1442.0,T009,U02,relay,R01
1442.0,T010,U03,relay,R01
1443.0,T001,U07,direct,
1443.0,T002,U05,direct,
1443.0,T003,U08,relay,R01
1443.0,T004,U06,direct,
1443.0,T006,U01,direct,
1443.0,T009,U02,relay,R01
1443.0,T010,U03,relay,R01
1444.0,T001,U07,direct,
1444.0,T002,U05,direct,
1444.0,T003,U08,relay,R01
1444.0,T004,U06,direct,
1444.0,T006,U01,direct,
1444.0,T009,U02,relay,R01
1444.0,T010,U03,relay,R01
1445.0,T001,U07,direct,
1445.0,T002,U05,direct,
1445.0,T003,U08,relay,R01
1445.0,T004,U06,direct,
1445.0,T006,U01,direct,
1445.0,T009,U02,relay,R01
1445.0,T010,U03,relay,R01
1446.0,T001,U07,direct,
1446.0,T002,U05,direct,
1446.0,T003,U08,relay,R01
1446.0,T004,U06,direct,
1446.0,T006,U01,direct,
1446.0,T009,U02,relay,R01
1446.0,T010,U03,relay,R01
1447.0,T001,U07,direct,
1447.0,T002,U05,direct,
1447.0,T003,U08,relay,R01
1447.0,T004,U06,direct,
1447.0,T006,U01,direct,
1447.0,T009,U02,relay,R01
1447.0,T010,U03,relay,R01
1448.0,T001,U07,direct,
1448.0,T002,U05,direct,
1448.0,T003,U08,direct,
1448.0,T004,U06,direct,
1448.0,T006,U01,direct,
1448.0,T009,U02,relay,R01
1448.0,T010,U03,relay,R01
1449.0,T001,U07,direct,
1449.0,T002,U05,direct,
1449.0,T003,U08,direct,
1449.0,T004,U06,direct,
1449.0,T006,U01,direct,
1449.0,T009,U02,relay,R01
1449.0,T010,U03,relay,R01
1450.0,T001,U07,direct,
1450.0,T002,U05,direct,
1450.0,T003,U08,direct,
1450.0,T004,U06,direct,
1450.0,T006,U01,direct,
1450.0,T009,U02,relay,R01
1450.0,T010,U03,relay,R01
1451.0,T001,U07,direct,
1451.0,T002,U05,direct,
1451.0,T003,U08,direct,
1451.0,T004,U06,direct,
1451.0,T006,U01,direct,
1451.0,T009,U02,relay,R01
1451.0,T010,U03,relay,R01
1452.0,T001,U07,direct,
1452.0,T002,U05,direct,
1452.0,T003,U08,direct,
1452.0,T004,U06,direct,
1452.0,T006,U01,direct,
1452.0,T009,U02,relay,R01
1452.0,T010,U03,relay,R01
1453.0,T001,U07,direct,
1453.0,T002,U05,direct,
1453.0,T003,U08,direct,
1453.0,T004,U06,direct,
1453.0,T006,U01,direct,
1453.0,T009,U02,relay,R01
1453.0,T010,U03,relay,R01
1454.0,T001,U07,direct,
1454.0,T002,U05,direct,
1454.0,T003,U08,direct,
1454.0,T004,U06,direct,
1454.0,T006,U01,direct,
1454.0,T009,U02,relay,R01
1454.0,T010,U03,relay,R01
1455.0,T001,U07,direct,
1455.0,T002,U05,direct,
1455.0,T003,U08,direct,
1455.0,T004,U06,direct,
1455.0,T006,U01,direct,
1455.0,T009,U02,relay,R01
1455.0,T010,U03,relay,R01
1456.0,T001,U07,direct,
1456.0,T002,U05,direct,
1456.0,T003,U08,direct,
1456.0,T004,U06,direct,
1456.0,T006,U01,direct,
1456.0,T009,U02,relay,R01
1456.0,T010,U03,relay,R01
1457.0,T001,U07,direct,
1457.0,T002,U05,direct,
1457.0,T003,U08,direct,
1457.0,T004,U06,direct,
1457.0,T006,U01,direct,
1457.0,T009,U02,relay,R01
1457.0,T010,U03,relay,R01
1458.0,T001,U07,direct,
1458.0,T002,U05,direct,
1458.0,T003,U08,direct,
1458.0,T004,U06,direct,
1458.0,T006,U01,direct,
1458.0,T009,U02,relay,R01
1458.0,T010,U03,relay,R01
1459.0,T001,U07,direct,
1459.0,T002,U05,direct,
1459.0,T003,U08,direct,
1459.0,T004,U06,direct,
1459.0,T006,U01,direct,
1459.0,T009,U02,relay,R01
1459.0,T010,U03,relay,R01
1460.0,T001,U07,direct,
1460.0,T002,U05,direct,
1460.0,T003,U08,direct,
1460.0,T004,U06,direct,
1460.0,T006,U01,direct,
1460.0,T009,U02,relay,R01
1460.0,T010,U03,relay,R01
1461.0,T001,U07,direct,
1461.0,T002,U05,direct,
1461.0,T003,U08,direct,
1461.0,T004,U06,direct,
1461.0,T006,U01,direct,
1461.0,T009,U02,relay,R01
1461.0,T010,U03,relay,R01
1462.0,T001,U07,direct,
1462.0,T002,U05,direct,
1462.0,T003,U08,direct,
1462.0,T004,U06,direct,
1462.0,T006,U01,direct,
1462.0,T009,U02,relay,R01
1462.0,T010,U03,relay,R01
1463.0,T001,U07,direct,
1463.0,T002,U05,direct,
1463.0,T003,U08,direct,
1463.0,T004,U06,direct,
1463.0,T006,U01,direct,
1463.0,T009,U02,direct,
1463.0,T010,U03,relay,R01
1464.0,T001,U07,direct,
1464.0,T002,U05,direct,
1464.0,T003,U08,direct,
1464.0,T004,U06,direct,
1464.0,T006,U01,direct,
1464.0,T009,U02,direct,
1464.0,T010,U03,relay,R01
1465.0,T001,U07,direct,
1465.0,T002,U05,direct,
1465.0,T003,U08,direct,
1465.0,T004,U06,direct,
1465.0,T006,U01,direct,
1465.0,T009,U02,direct,
1465.0,T010,U03,relay,R01
1466.0,T001,U07,direct,
1466.0,T002,U05,direct,
1466.0,T003,U08,direct,
1466.0,T004,U06,direct,
1466.0,T006,U01,direct,
1466.0,T009,U02,direct,
1466.0,T010,U03,relay,R01
1467.0,T001,U07,direct,
1467.0,T002,U05,direct,
1467.0,T003,U08,direct,
1467.0,T004,U06,direct,
1467.0,T006,U01,direct,
1467.0,T009,U02,direct,
1467.0,T010,U03,relay,R01
1468.0,T001,U07,direct,
1468.0,T002,U05,direct,
1468.0,T003,U08,direct,
1468.0,T004,U06,direct,
1468.0,T006,U01,direct,
1468.0,T009,U02,direct,
1468.0,T010,U03,relay,R01
1469.0,T001,U07,direct,
1469.0,T002,U05,direct,
1469.0,T003,U08,direct,
1469.0,T004,U06,direct,
1469.0,T006,U01,direct,
1469.0,T009,U02,direct,
1469.0,T010,U03,relay,R01
1470.0,T001,U07,direct,
1470.0,T002,U05,direct,
1470.0,T003,U08,direct,
1470.0,T004,U06,direct,
1470.0,T006,U01,direct,
1470.0,T009,U02,direct,
1470.0,T010,U03,relay,R01
1471.0,T001,U07,direct,
1471.0,T002,U05,direct,
1471.0,T003,U08,direct,
1471.0,T004,U06,direct,
1471.0,T006,U01,direct,
1471.0,T009,U02,direct,
1471.0,T010,U03,relay,R01
1472.0,T001,U07,direct,
1472.0,T002,U05,direct,
1472.0,T003,U08,direct,
1472.0,T004,U06,direct,
1472.0,T006,U01,direct,
1472.0,T009,U02,direct,
1472.0,T010,U03,relay,R01
1473.0,T001,U07,direct,
1473.0,T002,U05,direct,
1473.0,T003,U08,direct,
1473.0,T004,U06,direct,
1473.0,T006,U01,direct,
1473.0,T009,U02,direct,
1473.0,T010,U03,relay,R01
1474.0,T001,U07,direct,
1474.0,T002,U05,direct,
1474.0,T003,U08,direct,
1474.0,T004,U06,direct,
1474.0,T006,U01,direct,
1474.0,T009,U02,direct,
1474.0,T010,U03,relay,R01
1475.0,T001,U07,direct,
1475.0,T002,U05,direct,
1475.0,T003,U08,direct,
1475.0,T004,U06,direct,
1475.0,T006,U01,direct,
1475.0,T009,U02,direct,
1475.0,T010,U03,relay,R01
1476.0,T001,U07,direct,
1476.0,T002,U05,direct,
1476.0,T003,U08,direct,
1476.0,T004,U06,direct,
1476.0,T006,U01,direct,
1476.0,T009,U02,direct,
1476.0,T010,U03,relay,R01
1477.0,T001,U07,direct,
1477.0,T002,U05,direct,
1477.0,T003,U08,direct,
1477.0,T004,U06,direct,
1477.0,T006,U01,direct,
1477.0,T009,U02,direct,
1477.0,T010,U03,relay,R01
1478.0,T001,U07,direct,
1478.0,T002,U05,direct,
1478.0,T003,U08,direct,
1478.0,T004,U06,direct,
1478.0,T006,U01,direct,
1478.0,T009,U02,direct,
1478.0,T010,U03,relay,R01
1479.0,T001,U07,direct,
1479.0,T002,U05,direct,
1479.0,T003,U08,direct,
1479.0,T004,U06,direct,
1479.0,T006,U01,direct,
1479.0,T009,U02,direct,
1479.0,T010,U03,relay,R01
1480.0,T001,U07,direct,
1480.0,T002,U05,direct,
1480.0,T003,U08,direct,
1480.0,T004,U06,direct,
1480.0,T006,U01,direct,
1480.0,T009,U02,direct,
1480.0,T010,U03,relay,R01
1481.0,T001,U07,direct,
1481.0,T002,U05,direct,
1481.0,T003,U08,direct,
1481.0,T004,U06,direct,
1481.0,T006,U01,direct,
1481.0,T009,U02,direct,
1481.0,T010,U03,relay,R01
1482.0,T001,U07,direct,
1482.0,T002,U05,direct,
1482.0,T003,U08,direct,
1482.0,T004,U06,direct,
1482.0,T006,U01,direct,
1482.0,T009,U02,direct,
1482.0,T010,U03,relay,R01
1483.0,T001,U07,direct,
1483.0,T002,U05,direct,
1483.0,T003,U08,direct,
1483.0,T004,U06,direct,
1483.0,T006,U01,direct,
1483.0,T009,U02,direct,
1483.0,T010,U03,relay,R01
1484.0,T001,U07,direct,
1484.0,T002,U05,direct,
1484.0,T003,U08,direct,
1484.0,T004,U06,direct,
1484.0,T006,U01,direct,
1484.0,T009,U02,direct,
1484.0,T010,U03,relay,R01
1485.0,T001,U07,direct,
1485.0,T002,U05,direct,
1485.0,T003,U08,direct,
1485.0,T004,U06,direct,
1485.0,T006,U01,direct,
1485.0,T009,U02,direct,
1485.0,T010,U03,relay,R01
1486.0,T001,U07,direct,
1486.0,T002,U05,direct,
1486.0,T003,U08,direct,
1486.0,T004,U06,direct,
1486.0,T006,U01,direct,
1486.0,T009,U02,direct,
1486.0,T010,U03,relay,R01
1487.0,T001,U07,direct,
1487.0,T002,U05,direct,
1487.0,T003,U08,direct,
1487.0,T004,U06,direct,
1487.0,T006,U01,direct,
1487.0,T009,U02,direct,
1487.0,T010,U03,relay,R01
1488.0,T001,U07,direct,
1488.0,T002,U05,direct,
1488.0,T003,U08,direct,
1488.0,T004,U06,direct,
1488.0,T006,U01,direct,
1488.0,T009,U02,direct,
1488.0,T010,U03,relay,R01
1489.0,T001,U07,direct,
1489.0,T002,U05,direct,
1489.0,T003,U08,direct,
1489.0,T004,U06,direct,
1489.0,T006,U01,direct,
1489.0,T009,U02,direct,
1489.0,T010,U03,relay,R01
1490.0,T001,U07,direct,
1490.0,T002,U05,direct,
1490.0,T003,U08,direct,
1490.0,T004,U06,direct,
1490.0,T006,U01,direct,
1490.0,T009,U02,direct,
1490.0,T010,U03,relay,R01
1491.0,T001,U07,direct,
1491.0,T002,U05,direct,
1491.0,T003,U08,direct,
1491.0,T004,U06,direct,
1491.0,T006,U01,direct,
1491.0,T009,U02,direct,
1491.0,T010,U03,relay,R01
1492.0,T001,U07,direct,
1492.0,T002,U05,direct,
1492.0,T003,U08,direct,
1492.0,T004,U06,direct,
1492.0,T006,U01,direct,
1492.0,T009,U02,direct,
1492.0,T010,U03,relay,R01
1493.0,T001,U07,direct,
1493.0,T002,U05,direct,
1493.0,T003,U08,direct,
1493.0,T004,U06,direct,
1493.0,T006,U01,direct,
1493.0,T009,U02,direct,
1493.0,T010,U03,relay,R01
1494.0,T001,U07,direct,
1494.0,T002,U05,direct,
1494.0,T003,U08,direct,
1494.0,T004,U06,direct,
1494.0,T006,U01,direct,
1494.0,T009,U02,direct,
1494.0,T010,U03,relay,R01
1495.0,T001,U07,direct,
1495.0,T002,U05,direct,
1495.0,T003,U08,direct,
1495.0,T004,U06,direct,
1495.0,T006,U01,direct,
1495.0,T009,U02,direct,
1495.0,T010,U03,relay,R01
1496.0,T002,U05,direct,
1496.0,T003,U08,direct,
1496.0,T004,U06,direct,
1496.0,T006,U01,direct,
1496.0,T009,U02,direct,
1496.0,T010,U03,relay,R01
1497.0,T002,U05,direct,
1497.0,T003,U08,direct,
1497.0,T004,U06,direct,
1497.0,T006,U01,direct,
1497.0,T009,U02,direct,
1497.0,T010,U03,relay,R01
1498.0,T002,U05,direct,
1498.0,T003,U08,direct,
1498.0,T004,U06,direct,
1498.0,T006,U01,direct,
1498.0,T009,U02,direct,
1498.0,T010,U03,relay,R01
1499.0,T002,U05,direct,
1499.0,T003,U08,direct,
1499.0,T004,U06,direct,
1499.0,T006,U01,direct,
1499.0,T009,U02,direct,
1499.0,T010,U03,relay,R01
1500.0,T002,U05,direct,
1500.0,T003,U08,direct,
1500.0,T004,U06,direct,
1500.0,T006,U01,direct,
1500.0,T009,U02,direct,
1500.0,T010,U03,relay,R01
1501.0,T002,U05,direct,
1501.0,T003,U08,direct,
1501.0,T004,U06,direct,
1501.0,T006,U01,direct,
1501.0,T009,U02,direct,
1501.0,T010,U03,relay,R01
1502.0,T002,U05,direct,
1502.0,T003,U08,direct,
1502.0,T004,U06,direct,
1502.0,T006,U01,direct,
1502.0,T009,U02,direct,
1502.0,T010,U03,relay,R01
1503.0,T002,U05,direct,
1503.0,T003,U08,direct,
1503.0,T004,U06,direct,
1503.0,T006,U01,direct,
1503.0,T009,U02,direct,
1503.0,T010,U03,relay,R01
1504.0,T002,U05,direct,
1504.0,T003,U08,direct,
1504.0,T004,U06,direct,
1504.0,T006,U01,direct,
1504.0,T009,U02,direct,
1504.0,T010,U03,relay,R01
1505.0,T002,U05,direct,
1505.0,T003,U08,direct,
1505.0,T004,U06,direct,
1505.0,T006,U01,direct,
1505.0,T009,U02,direct,
1505.0,T010,U03,relay,R01
1506.0,T002,U05,direct,
1506.0,T003,U08,direct,
1506.0,T004,U06,direct,
1506.0,T006,U01,direct,
1506.0,T009,U02,direct,
1506.0,T010,U03,relay,R01
1507.0,T002,U05,direct,
1507.0,T003,U08,direct,
1507.0,T004,U06,direct,
1507.0,T006,U01,direct,
1507.0,T009,U02,direct,
1507.0,T010,U03,relay,R01
1508.0,T002,U05,direct,
1508.0,T003,U08,direct,
1508.0,T004,U06,direct,
1508.0,T006,U01,direct,
1508.0,T009,U02,direct,
1508.0,T010,U03,relay,R01
1509.0,T002,U05,direct,
1509.0,T003,U08,direct,
1509.0,T004,U06,direct,
1509.0,T006,U01,direct,
1509.0,T009,U02,direct,
1509.0,T010,U03,relay,R01
1510.0,T002,U05,direct,
1510.0,T003,U08,direct,
1510.0,T004,U06,direct,
1510.0,T006,U01,direct,
1510.0,T009,U02,direct,
1510.0,T010,U03,relay,R01
1511.0,T002,U05,direct,
1511.0,T003,U08,direct,
1511.0,T006,U01,direct,
1511.0,T009,U02,direct,
1511.0,T010,U03,relay,R01
1512.0,T002,U05,direct,
1512.0,T003,U08,direct,
1512.0,T006,U01,direct,
1512.0,T009,U02,direct,
1512.0,T010,U03,relay,R01
1513.0,T002,U05,direct,
1513.0,T003,U08,direct,
1513.0,T006,U01,direct,
1513.0,T009,U02,direct,
1513.0,T010,U03,relay,R01
1514.0,T002,U05,direct,
1514.0,T003,U08,direct,
1514.0,T006,U01,direct,
1514.0,T009,U02,direct,
1514.0,T010,U03,relay,R01
1515.0,T002,U05,direct,
1515.0,T003,U08,direct,
1515.0,T006,U01,direct,
1515.0,T009,U02,direct,
1515.0,T010,U03,relay,R01
1516.0,T002,U05,direct,
1516.0,T003,U08,direct,
1516.0,T006,U01,direct,
1516.0,T009,U02,direct,
1516.0,T010,U03,relay,R01
1517.0,T002,U05,direct,
1517.0,T003,U08,direct,
1517.0,T006,U01,direct,
1517.0,T009,U02,direct,
1517.0,T010,U03,relay,R01
1518.0,T002,U05,direct,
1518.0,T003,U08,direct,
1518.0,T006,U01,direct,
1518.0,T009,U02,direct,
1518.0,T010,U03,relay,R01
1519.0,T002,U05,direct,
1519.0,T003,U08,direct,
1519.0,T006,U01,direct,
1519.0,T009,U02,direct,
1519.0,T010,U03,relay,R01
1520.0,T002,U05,direct,
1520.0,T003,U08,direct,
1520.0,T006,U01,direct,
1520.0,T009,U02,direct,
1520.0,T010,U03,relay,R01
1521.0,T002,U05,direct,
1521.0,T003,U08,direct,
1521.0,T006,U01,direct,
1521.0,T009,U02,direct,
1521.0,T010,U03,relay,R01
1522.0,T002,U05,direct,
1522.0,T003,U08,direct,
1522.0,T006,U01,direct,
1522.0,T009,U02,direct,
1522.0,T010,U03,relay,R01
1523.0,T002,U05,direct,
1523.0,T003,U08,direct,
1523.0,T006,U01,direct,
1523.0,T009,U02,direct,
1523.0,T010,U03,relay,R01
1524.0,T002,U05,direct,
1524.0,T003,U08,direct,
1524.0,T006,U01,direct,
1524.0,T009,U02,direct,
1524.0,T010,U03,relay,R01
1525.0,T002,U05,direct,
1525.0,T003,U08,direct,
1525.0,T006,U01,direct,
1525.0,T009,U02,direct,
1525.0,T010,U03,relay,R01
1526.0,T002,U05,direct,
1526.0,T003,U08,direct,
1526.0,T006,U01,direct,
1526.0,T009,U02,direct,
1526.0,T010,U03,relay,R01
1527.0,T002,U05,direct,
1527.0,T003,U08,direct,
1527.0,T006,U01,direct,
1527.0,T009,U02,direct,
1527.0,T010,U03,relay,R01
1528.0,T002,U05,direct,
1528.0,T003,U08,direct,
1528.0,T006,U01,direct,
1528.0,T009,U02,direct,
1528.0,T010,U03,relay,R01
1529.0,T002,U05,direct,
1529.0,T003,U08,direct,
1529.0,T006,U01,direct,
1529.0,T009,U02,direct,
1529.0,T010,U03,relay,R01
1530.0,T002,U05,direct,
1530.0,T003,U08,direct,
1530.0,T006,U01,direct,
1530.0,T009,U02,direct,
1530.0,T010,U03,relay,R01
1531.0,T002,U05,direct,
1531.0,T003,U08,direct,
1531.0,T006,U01,direct,
1531.0,T009,U02,direct,
1531.0,T010,U03,relay,R01
1532.0,T002,U05,direct,
1532.0,T003,U08,direct,
1532.0,T006,U01,direct,
1532.0,T009,U02,direct,
1532.0,T010,U03,relay,R01
1533.0,T002,U05,direct,
1533.0,T003,U08,direct,
1533.0,T006,U01,direct,
1533.0,T009,U02,direct,
1533.0,T010,U03,relay,R01
1534.0,T002,U05,direct,
1534.0,T003,U08,direct,
1534.0,T006,U01,direct,
1534.0,T009,U02,direct,
1534.0,T010,U03,relay,R01
1535.0,T002,U05,direct,
1535.0,T003,U08,direct,
1535.0,T006,U01,direct,
1535.0,T009,U02,direct,
1535.0,T010,U03,relay,R01
1536.0,T002,U05,direct,
1536.0,T003,U08,direct,
1536.0,T006,U01,direct,
1536.0,T009,U02,direct,
1536.0,T010,U03,relay,R01
1537.0,T002,U05,direct,
1537.0,T003,U08,direct,
1537.0,T006,U01,direct,
1537.0,T009,U02,direct,
1537.0,T010,U03,relay,R01
1538.0,T002,U05,direct,
1538.0,T003,U08,direct,
1538.0,T006,U01,direct,
1538.0,T009,U02,direct,
1538.0,T010,U03,relay,R01
1539.0,T002,U05,direct,
1539.0,T003,U08,direct,
1539.0,T006,U01,direct,
1539.0,T009,U02,direct,
1539.0,T010,U03,relay,R01
1540.0,T002,U05,direct,
1540.0,T003,U08,direct,
1540.0,T006,U01,direct,
1540.0,T009,U02,direct,
1540.0,T010,U03,relay,R01
1541.0,T002,U05,direct,
1541.0,T003,U08,direct,
1541.0,T006,U01,direct,
1541.0,T009,U02,direct,
1541.0,T010,U03,relay,R01
1542.0,T002,U05,direct,
1542.0,T003,U08,direct,
1542.0,T006,U01,direct,
1542.0,T009,U02,direct,
1542.0,T010,U03,relay,R01
1543.0,T002,U05,direct,
1543.0,T003,U08,direct,
1543.0,T006,U01,direct,
1543.0,T009,U02,direct,
1543.0,T010,U03,relay,R01
1544.0,T002,U05,direct,
1544.0,T003,U08,direct,
1544.0,T006,U01,direct,
1544.0,T009,U02,direct,
1544.0,T010,U03,relay,R01
1545.0,T002,U05,direct,
1545.0,T003,U08,direct,
1545.0,T006,U01,direct,
1545.0,T009,U02,direct,
1545.0,T010,U03,relay,R01
1546.0,T002,U05,direct,
1546.0,T003,U08,direct,
1546.0,T006,U01,direct,
1546.0,T009,U02,direct,
1546.0,T010,U03,relay,R01
1547.0,T002,U05,direct,
1547.0,T003,U08,direct,
1547.0,T006,U01,direct,
1547.0,T009,U02,direct,
1547.0,T010,U03,relay,R01
1548.0,T002,U05,direct,
1548.0,T003,U08,direct,
1548.0,T006,U01,direct,
1548.0,T009,U02,direct,
1548.0,T010,U03,relay,R01
1549.0,T002,U05,direct,
1549.0,T003,U08,direct,
1549.0,T006,U01,direct,
1549.0,T009,U02,direct,
1549.0,T010,U03,relay,R01
1550.0,T002,U05,direct,
1550.0,T003,U08,direct,
1550.0,T006,U01,direct,
1550.0,T009,U02,direct,
1550.0,T010,U03,relay,R01
1551.0,T002,U05,direct,
1551.0,T003,U08,direct,
1551.0,T006,U01,direct,
1551.0,T009,U02,direct,
1551.0,T010,U03,relay,R01
1552.0,T002,U05,direct,
1552.0,T003,U08,direct,
1552.0,T006,U01,direct,
1552.0,T009,U02,direct,
1552.0,T010,U03,relay,R01
1553.0,T002,U05,direct,
1553.0,T003,U08,direct,
1553.0,T006,U01,direct,
1553.0,T009,U02,direct,
1553.0,T010,U03,relay,R01
1554.0,T002,U05,direct,
1554.0,T003,U08,direct,
1554.0,T006,U01,direct,
1554.0,T009,U02,direct,
1554.0,T010,U03,relay,R01
1555.0,T002,U05,direct,
1555.0,T003,U08,direct,
1555.0,T006,U01,direct,
1555.0,T009,U02,direct,
1555.0,T010,U03,relay,R01
1556.0,T002,U05,direct,
1556.0,T003,U08,direct,
1556.0,T006,U01,direct,
1556.0,T009,U02,direct,
1556.0,T010,U03,relay,R01
1557.0,T002,U05,direct,
1557.0,T003,U08,direct,
1557.0,T006,U01,direct,
1557.0,T009,U02,direct,
1557.0,T010,U03,relay,R01
1558.0,T002,U05,direct,
1558.0,T003,U08,direct,
1558.0,T006,U01,direct,
1558.0,T009,U02,direct,
1558.0,T010,U03,relay,R01
1559.0,T002,U05,direct,
1559.0,T003,U08,direct,
1559.0,T006,U01,direct,
1559.0,T009,U02,direct,
1559.0,T010,U03,relay,R01
1560.0,T002,U05,direct,
1560.0,T003,U08,direct,
1560.0,T006,U01,direct,
1560.0,T009,U02,direct,
1560.0,T010,U03,relay,R01
1561.0,T002,U05,direct,
1561.0,T003,U08,direct,
1561.0,T006,U01,direct,
1561.0,T009,U02,direct,
1561.0,T010,U03,relay,R01
1562.0,T002,U05,direct,
1562.0,T003,U08,direct,
1562.0,T006,U01,direct,
1562.0,T009,U02,direct,
1562.0,T010,U03,relay,R01
1563.0,T002,U05,direct,
1563.0,T003,U08,direct,
1563.0,T006,U01,direct,
1563.0,T009,U02,direct,
1563.0,T010,U03,relay,R01
1564.0,T002,U05,direct,
1564.0,T003,U08,direct,
1564.0,T006,U01,direct,
1564.0,T009,U02,direct,
1564.0,T010,U03,relay,R01
1565.0,T002,U05,direct,
1565.0,T003,U08,direct,
1565.0,T006,U01,direct,
1565.0,T009,U02,direct,
1565.0,T010,U03,relay,R01
1566.0,T002,U05,direct,
1566.0,T003,U08,direct,
1566.0,T006,U01,direct,
1566.0,T009,U02,direct,
1566.0,T010,U03,relay,R01
1567.0,T002,U05,direct,
1567.0,T003,U08,direct,
1567.0,T006,U01,direct,
1567.0,T009,U02,direct,
1567.0,T010,U03,relay,R01
1568.0,T002,U05,direct,
1568.0,T003,U08,direct,
1568.0,T006,U01,direct,
1568.0,T009,U02,direct,
1568.0,T010,U03,relay,R01
1569.0,T002,U05,direct,
1569.0,T003,U08,direct,
1569.0,T006,U01,direct,
1569.0,T009,U02,direct,
1569.0,T010,U03,relay,R01
1570.0,T002,U05,direct,
1570.0,T003,U08,direct,
1570.0,T006,U01,direct,
1570.0,T009,U02,direct,
1570.0,T010,U03,relay,R01
1571.0,T002,U05,direct,
1571.0,T003,U08,direct,
1571.0,T006,U01,direct,
1571.0,T009,U02,direct,
1571.0,T010,U03,relay,R01
1572.0,T002,U05,direct,
1572.0,T003,U08,direct,
1572.0,T006,U01,direct,
1572.0,T009,U02,direct,
1572.0,T010,U03,relay,R01
1573.0,T002,U05,direct,
1573.0,T003,U08,direct,
1573.0,T006,U01,direct,
1573.0,T009,U02,direct,
1573.0,T010,U03,relay,R01
1574.0,T002,U05,direct,
1574.0,T003,U08,direct,
1574.0,T006,U01,direct,
1574.0,T009,U02,direct,
1574.0,T010,U03,relay,R01
1575.0,T002,U05,direct,
1575.0,T003,U08,direct,
1575.0,T006,U01,direct,
1575.0,T009,U02,direct,
1575.0,T010,U03,relay,R01
1576.0,T002,U05,direct,
1576.0,T003,U08,direct,
1576.0,T006,U01,direct,
1576.0,T009,U02,direct,
1576.0,T010,U03,relay,R01
1577.0,T002,U05,direct,
1577.0,T003,U08,direct,
1577.0,T006,U01,direct,
1577.0,T009,U02,direct,
1577.0,T010,U03,relay,R01
1578.0,T002,U05,direct,
1578.0,T003,U08,direct,
1578.0,T006,U01,direct,
1578.0,T009,U02,direct,
1578.0,T010,U03,relay,R01
1579.0,T002,U05,direct,
1579.0,T003,U08,direct,
1579.0,T006,U01,direct,
1579.0,T009,U02,direct,
1579.0,T010,U03,relay,R01
1580.0,T002,U05,direct,
1580.0,T003,U08,direct,
1580.0,T006,U01,direct,
1580.0,T009,U02,direct,
1580.0,T010,U03,relay,R01
1581.0,T002,U05,direct,
1581.0,T003,U08,direct,
1581.0,T006,U01,direct,
1581.0,T009,U02,direct,
1581.0,T010,U03,relay,R01
1582.0,T002,U05,direct,
1582.0,T003,U08,direct,
1582.0,T006,U01,direct,
1582.0,T009,U02,direct,
1582.0,T010,U03,relay,R01
1583.0,T002,U05,direct,
1583.0,T003,U08,direct,
1583.0,T006,U01,direct,
1583.0,T009,U02,direct,
1583.0,T010,U03,relay,R01
1584.0,T002,U05,direct,
1584.0,T003,U08,direct,
1584.0,T006,U01,direct,
1584.0,T009,U02,direct,
1584.0,T010,U03,relay,R01
1585.0,T002,U05,direct,
1585.0,T003,U08,direct,
1585.0,T006,U01,direct,
1585.0,T009,U02,direct,
1585.0,T010,U03,relay,R01
1586.0,T002,U05,direct,
1586.0,T003,U08,direct,
1586.0,T006,U01,direct,
1586.0,T009,U02,direct,
1586.0,T010,U03,relay,R01
1587.0,T002,U05,direct,
1587.0,T003,U08,direct,
1587.0,T006,U01,direct,
1587.0,T009,U02,direct,
1587.0,T010,U03,relay,R01
1588.0,T002,U05,direct,
1588.0,T003,U08,direct,
1588.0,T006,U01,direct,
1588.0,T009,U02,direct,
1588.0,T010,U03,relay,R01
1589.0,T002,U05,direct,
1589.0,T003,U08,direct,
1589.0,T006,U01,direct,
1589.0,T009,U02,direct,
1589.0,T010,U03,relay,R01
1590.0,T002,U05,direct,
1590.0,T003,U08,direct,
1590.0,T006,U01,direct,
1590.0,T009,U02,direct,
1590.0,T010,U03,relay,R01
1591.0,T002,U05,direct,
1591.0,T003,U08,direct,
1591.0,T006,U01,direct,
1591.0,T009,U02,direct,
1591.0,T010,U03,relay,R01
1592.0,T002,U05,direct,
1592.0,T003,U08,direct,
1592.0,T006,U01,direct,
1592.0,T009,U02,direct,
1592.0,T010,U03,relay,R01
1593.0,T002,U05,direct,
1593.0,T003,U08,direct,
1593.0,T006,U01,direct,
1593.0,T009,U02,direct,
1593.0,T010,U03,relay,R01
1594.0,T002,U05,direct,
1594.0,T003,U08,direct,
1594.0,T006,U01,direct,
1594.0,T009,U02,direct,
1594.0,T010,U03,relay,R01
1595.0,T002,U05,direct,
1595.0,T003,U08,direct,
1595.0,T006,U01,direct,
1595.0,T009,U02,direct,
1595.0,T010,U03,relay,R01
1596.0,T002,U05,direct,
1596.0,T003,U08,direct,
1596.0,T006,U01,direct,
1596.0,T009,U02,direct,
1596.0,T010,U03,relay,R01
1597.0,T002,U05,direct,
1597.0,T003,U08,direct,
1597.0,T006,U01,direct,
1597.0,T009,U02,direct,
1597.0,T010,U03,relay,R01
1598.0,T002,U05,direct,
1598.0,T003,U08,direct,
1598.0,T006,U01,direct,
1598.0,T009,U02,direct,
1598.0,T010,U03,relay,R01
1599.0,T002,U05,direct,
1599.0,T003,U08,direct,
1599.0,T006,U01,direct,
1599.0,T009,U02,direct,
1599.0,T010,U03,relay,R01
1600.0,T002,U05,direct,
1600.0,T003,U08,direct,
1600.0,T006,U01,direct,
1600.0,T009,U02,direct,
1600.0,T010,U03,relay,R01
1601.0,T002,U05,direct,
1601.0,T003,U08,direct,
1601.0,T006,U01,direct,
1601.0,T009,U02,direct,
1601.0,T010,U03,relay,R01
1602.0,T002,U05,direct,
1602.0,T003,U08,direct,
1602.0,T006,U01,direct,
1602.0,T009,U02,direct,
1602.0,T010,U03,relay,R01
1603.0,T002,U05,direct,
1603.0,T003,U08,direct,
1603.0,T006,U01,direct,
1603.0,T009,U02,direct,
1603.0,T010,U03,relay,R01
1604.0,T002,U05,direct,
1604.0,T003,U08,direct,
1604.0,T006,U01,direct,
1604.0,T009,U02,direct,
1604.0,T010,U03,relay,R01
1605.0,T002,U05,direct,
1605.0,T003,U08,direct,
1605.0,T006,U01,direct,
1605.0,T009,U02,direct,
1605.0,T010,U03,relay,R01
1606.0,T002,U05,direct,
1606.0,T003,U08,direct,
1606.0,T006,U01,direct,
1606.0,T009,U02,direct,
1606.0,T010,U03,relay,R01
1607.0,T002,U05,direct,
1607.0,T003,U08,direct,
1607.0,T006,U01,direct,
1607.0,T009,U02,direct,
1607.0,T010,U03,relay,R01
1608.0,T002,U05,direct,
1608.0,T003,U08,direct,
1608.0,T006,U01,direct,
1608.0,T009,U02,direct,
1608.0,T010,U03,relay,R01
1609.0,T002,U05,direct,
1609.0,T003,U08,direct,
1609.0,T006,U01,direct,
1609.0,T009,U02,direct,
1609.0,T010,U03,relay,R01
1610.0,T002,U05,direct,
1610.0,T003,U08,direct,
1610.0,T006,U01,direct,
1610.0,T009,U02,direct,
1610.0,T010,U03,relay,R01
1610.9,T018,U04,direct,
1611.0,T002,U05,direct,
1611.0,T003,U08,direct,
1611.0,T006,U01,direct,
1611.0,T009,U02,direct,
1611.0,T010,U03,relay,R01
1611.9,T018,U04,direct,
1612.0,T002,U05,direct,
1612.0,T003,U08,direct,
1612.0,T006,U01,direct,
1612.0,T009,U02,direct,
1612.0,T010,U03,relay,R01
1612.9,T018,U04,direct,
1613.0,T002,U05,direct,
1613.0,T003,U08,direct,
1613.0,T006,U01,direct,
1613.0,T009,U02,direct,
1613.0,T010,U03,relay,R01
1613.9,T018,U04,direct,
1614.0,T002,U05,direct,
1614.0,T003,U08,direct,
1614.0,T006,U01,direct,
1614.0,T009,U02,direct,
1614.0,T010,U03,relay,R01
1614.9,T018,U04,direct,
1615.0,T002,U05,direct,
1615.0,T003,U08,direct,
1615.0,T006,U01,direct,
1615.0,T009,U02,direct,
1615.0,T010,U03,relay,R01
1615.9,T018,U04,direct,
1616.0,T002,U05,direct,
1616.0,T003,U08,direct,
1616.0,T006,U01,direct,
1616.0,T009,U02,direct,
1616.0,T010,U03,relay,R01
1616.9,T018,U04,direct,
1617.0,T002,U05,direct,
1617.0,T003,U08,direct,
1617.0,T006,U01,direct,
1617.0,T009,U02,direct,
1617.0,T010,U03,relay,R01
1617.9,T018,U04,direct,
1618.0,T002,U05,direct,
1618.0,T003,U08,direct,
1618.0,T006,U01,direct,
1618.0,T009,U02,direct,
1618.0,T010,U03,relay,R01
1618.9,T018,U04,direct,
1619.0,T002,U05,direct,
1619.0,T003,U08,direct,
1619.0,T006,U01,direct,
1619.0,T009,U02,direct,
1619.0,T010,U03,relay,R01
1619.9,T018,U04,direct,
1620.0,T002,U05,direct,
1620.0,T003,U08,direct,
1620.0,T006,U01,direct,
1620.0,T009,U02,direct,
1620.0,T010,U03,relay,R01
1620.9,T018,U04,direct,
1621.0,T002,U05,direct,
1621.0,T003,U08,direct,
1621.0,T006,U01,direct,
1621.0,T009,U02,direct,
1621.0,T010,U03,relay,R01
1621.9,T018,U04,direct,
1622.0,T002,U05,direct,
1622.0,T003,U08,direct,
1622.0,T006,U01,direct,
1622.0,T009,U02,direct,
1622.0,T010,U03,relay,R01
1622.9,T018,U04,direct,
1623.0,T002,U05,direct,
1623.0,T003,U08,direct,
1623.0,T006,U01,direct,
1623.0,T009,U02,direct,
1623.0,T010,U03,relay,R01
1623.9,T018,U04,direct,
1624.0,T002,U05,direct,
1624.0,T003,U08,direct,
1624.0,T006,U01,direct,
1624.0,T009,U02,direct,
1624.0,T010,U03,relay,R01
1624.9,T018,U04,direct,
1625.0,T002,U05,direct,
1625.0,T003,U08,direct,
1625.0,T006,U01,direct,
1625.0,T009,U02,direct,
1625.0,T010,U03,relay,R01
1625.9,T018,U04,direct,
1626.0,T002,U05,direct,
1626.0,T003,U08,direct,
1626.0,T006,U01,direct,
1626.0,T009,U02,direct,
1626.0,T010,U03,relay,R01
1626.9,T018,U04,direct,
1627.0,T002,U05,direct,
1627.0,T003,U08,direct,
1627.0,T006,U01,direct,
1627.0,T009,U02,direct,
1627.0,T010,U03,relay,R01
1627.9,T018,U04,direct,
1628.0,T002,U05,direct,
1628.0,T003,U08,direct,
1628.0,T006,U01,direct,
1628.0,T009,U02,direct,
1628.0,T010,U03,relay,R01
1628.9,T018,U04,direct,
1629.0,T002,U05,direct,
1629.0,T003,U08,direct,
1629.0,T006,U01,direct,
1629.0,T009,U02,direct,
1629.0,T010,U03,relay,R01
1629.9,T018,U04,direct,
1630.0,T002,U05,direct,
1630.0,T003,U08,direct,
1630.0,T006,U01,direct,
1630.0,T009,U02,direct,
1630.0,T010,U03,relay,R01
1630.9,T018,U04,direct,
1631.0,T002,U05,direct,
1631.0,T003,U08,direct,
1631.0,T006,U01,direct,
1631.0,T009,U02,direct,
1631.0,T010,U03,relay,R01
1631.9,T018,U04,direct,
1632.0,T002,U05,direct,
1632.0,T003,U08,direct,
1632.0,T006,U01,direct,
1632.0,T009,U02,direct,
1632.0,T010,U03,relay,R01
1632.9,T018,U04,direct,
1633.0,T002,U05,direct,
1633.0,T003,U08,direct,
1633.0,T006,U01,direct,
1633.0,T009,U02,direct,
1633.0,T010,U03,relay,R01
1633.9,T018,U04,direct,
1634.0,T002,U05,direct,
1634.0,T003,U08,direct,
1634.0,T006,U01,direct,
1634.0,T009,U02,direct,
1634.0,T010,U03,relay,R01
1634.9,T018,U04,direct,
1635.0,T002,U05,direct,
1635.0,T003,U08,direct,
1635.0,T006,U01,direct,
1635.0,T009,U02,direct,
1635.0,T010,U03,relay,R01
1635.9,T018,U04,direct,
1636.0,T002,U05,direct,
1636.0,T003,U08,direct,
1636.0,T006,U01,direct,
1636.0,T009,U02,direct,
1636.0,T010,U03,relay,R01
1636.9,T018,U04,direct,
1637.0,T002,U05,direct,
1637.0,T003,U08,direct,
1637.0,T006,U01,direct,
1637.0,T009,U02,direct,
1637.0,T010,U03,relay,R01
1637.9,T018,U04,direct,
1638.0,T002,U05,direct,
1638.0,T003,U08,direct,
1638.0,T006,U01,direct,
1638.0,T009,U02,direct,
1638.0,T010,U03,relay,R01
1638.9,T018,U04,direct,
1639.0,T002,U05,direct,
1639.0,T003,U08,direct,
1639.0,T006,U01,direct,
1639.0,T009,U02,direct,
1639.0,T010,U03,relay,R01
1639.9,T018,U04,direct,
1640.0,T002,U05,direct,
1640.0,T003,U08,direct,
1640.0,T006,U01,direct,
1640.0,T009,U02,direct,
1640.0,T010,U03,relay,R01
1640.9,T018,U04,direct,
1641.0,T002,U05,direct,
1641.0,T003,U08,direct,
1641.0,T006,U01,direct,
1641.0,T009,U02,direct,
1641.0,T010,U03,relay,R01
1641.9,T018,U04,direct,
1642.0,T002,U05,direct,
1642.0,T003,U08,direct,
1642.0,T006,U01,direct,
1642.0,T009,U02,direct,
1642.0,T010,U03,relay,R01
1642.9,T018,U04,direct,
1643.0,T002,U05,direct,
1643.0,T003,U08,direct,
1643.0,T006,U01,direct,
1643.0,T009,U02,direct,
1643.0,T010,U03,relay,R01
1643.9,T018,U04,direct,
1644.0,T002,U05,direct,
1644.0,T003,U08,direct,
1644.0,T006,U01,direct,
1644.0,T009,U02,direct,
1644.0,T010,U03,relay,R01
1644.9,T018,U04,direct,
1645.0,T002,U05,direct,
1645.0,T003,U08,direct,
1645.0,T006,U01,direct,
1645.0,T009,U02,direct,
1645.0,T010,U03,relay,R01
1645.9,T018,U04,direct,
1646.0,T002,U05,direct,
1646.0,T003,U08,direct,
1646.0,T006,U01,direct,
1646.0,T009,U02,direct,
1646.0,T010,U03,relay,R01
1646.9,T018,U04,direct,
1647.0,T002,U05,direct,
1647.0,T003,U08,direct,
1647.0,T006,U01,direct,
1647.0,T009,U02,direct,
1647.0,T010,U03,relay,R01
1647.9,T018,U04,direct,
1648.0,T002,U05,direct,
1648.0,T003,U08,direct,
1648.0,T006,U01,direct,
1648.0,T009,U02,direct,
1648.0,T010,U03,relay,R01
1648.9,T018,U04,direct,
1649.0,T002,U05,direct,
1649.0,T003,U08,direct,
1649.0,T006,U01,direct,
1649.0,T009,U02,direct,
1649.0,T010,U03,relay,R01
1649.9,T018,U04,direct,
1650.0,T002,U05,direct,
1650.0,T003,U08,direct,
1650.0,T006,U01,direct,
1650.0,T009,U02,direct,
1650.0,T010,U03,relay,R01
1650.9,T018,U04,direct,
1651.0,T002,U05,direct,
1651.0,T003,U08,direct,
1651.0,T006,U01,direct,
1651.0,T009,U02,direct,
1651.0,T010,U03,relay,R01
1651.9,T018,U04,direct,
1652.0,T002,U05,direct,
1652.0,T003,U08,direct,
1652.0,T006,U01,direct,
1652.0,T009,U02,direct,
1652.0,T010,U03,relay,R01
1652.9,T018,U04,direct,
1653.0,T002,U05,direct,
1653.0,T003,U08,direct,
1653.0,T006,U01,direct,
1653.0,T009,U02,direct,
1653.0,T010,U03,relay,R01
1653.9,T018,U04,direct,
1654.0,T002,U05,direct,
1654.0,T003,U08,direct,
1654.0,T006,U01,direct,
1654.0,T009,U02,direct,
1654.0,T010,U03,relay,R01
1654.9,T018,U04,direct,
1655.0,T002,U05,direct,
1655.0,T003,U08,direct,
1655.0,T009,U02,direct,
1655.0,T010,U03,relay,R01
1655.9,T018,U04,direct,
1656.0,T002,U05,direct,
1656.0,T003,U08,direct,
1656.0,T009,U02,direct,
1656.0,T010,U03,relay,R01
1656.9,T018,U04,direct,
1657.0,T002,U05,direct,
1657.0,T003,U08,direct,
1657.0,T009,U02,direct,
1657.0,T010,U03,relay,R01
1657.9,T018,U04,direct,
1658.0,T002,U05,direct,
1658.0,T003,U08,direct,
1658.0,T009,U02,direct,
1658.0,T010,U03,relay,R01
1658.9,T018,U04,direct,
1659.0,T002,U05,direct,
1659.0,T003,U08,direct,
1659.0,T009,U02,direct,
1659.0,T010,U03,relay,R01
1659.9,T018,U04,direct,
1660.0,T002,U05,direct,
1660.0,T003,U08,direct,
1660.0,T009,U02,direct,
1660.0,T010,U03,relay,R01
1660.9,T018,U04,direct,
1661.0,T002,U05,direct,
1661.0,T003,U08,direct,
1661.0,T009,U02,direct,
1661.0,T010,U03,relay,R01
1661.9,T018,U04,direct,
1662.0,T002,U05,direct,
1662.0,T003,U08,direct,
1662.0,T009,U02,direct,
1662.0,T010,U03,relay,R01
1662.9,T018,U04,direct,
1663.0,T002,U05,direct,
1663.0,T003,U08,direct,
1663.0,T009,U02,direct,
1663.0,T010,U03,relay,R01
1663.9,T018,U04,direct,
1664.0,T002,U05,direct,
1664.0,T003,U08,direct,
1664.0,T009,U02,direct,
1664.0,T010,U03,relay,R01
1664.9,T018,U04,direct,
1665.0,T002,U05,direct,
1665.0,T003,U08,direct,
1665.0,T009,U02,direct,
1665.0,T010,U03,relay,R01
1665.9,T018,U04,direct,
1666.0,T002,U05,direct,
1666.0,T003,U08,direct,
1666.0,T009,U02,direct,
1666.0,T010,U03,relay,R01
1666.9,T018,U04,direct,
1667.0,T002,U05,direct,
1667.0,T003,U08,direct,
1667.0,T009,U02,direct,
1667.0,T010,U03,relay,R01
1667.9,T018,U04,direct,
1668.0,T002,U05,direct,
1668.0,T003,U08,direct,
1668.0,T009,U02,direct,
1668.0,T010,U03,relay,R01
1668.9,T018,U04,direct,
1669.0,T002,U05,direct,
1669.0,T003,U08,direct,
1669.0,T009,U02,direct,
1669.0,T010,U03,relay,R01
1669.9,T018,U04,direct,
1670.0,T002,U05,direct,
1670.0,T003,U08,direct,
1670.0,T009,U02,direct,
1670.0,T010,U03,relay,R01
1670.9,T018,U04,direct,
1671.0,T002,U05,direct,
1671.0,T003,U08,direct,
1671.0,T009,U02,direct,
1671.0,T010,U03,relay,R01
1671.9,T018,U04,direct,
1672.0,T002,U05,direct,
1672.0,T003,U08,direct,
1672.0,T009,U02,direct,
1672.0,T010,U03,relay,R01
1672.9,T018,U04,direct,
1673.0,T002,U05,direct,
1673.0,T003,U08,direct,
1673.0,T009,U02,direct,
1673.0,T010,U03,relay,R01
1673.9,T018,U04,direct,
1674.0,T002,U05,direct,
1674.0,T003,U08,direct,
1674.0,T009,U02,direct,
1674.0,T010,U03,relay,R01
1674.9,T018,U04,direct,
1675.0,T002,U05,direct,
1675.0,T003,U08,direct,
1675.0,T009,U02,direct,
1675.0,T010,U03,relay,R01
1675.9,T018,U04,direct,
1676.0,T002,U05,direct,
1676.0,T003,U08,direct,
1676.0,T009,U02,direct,
1676.0,T010,U03,relay,R01
1676.9,T018,U04,direct,
1677.0,T002,U05,direct,
1677.0,T003,U08,direct,
1677.0,T009,U02,direct,
1677.0,T010,U03,relay,R01
1677.9,T018,U04,direct,
1678.0,T002,U05,direct,
1678.0,T003,U08,direct,
1678.0,T009,U02,direct,
1678.0,T010,U03,relay,R01
1678.9,T018,U04,direct,
1679.0,T002,U05,direct,
1679.0,T003,U08,direct,
1679.0,T009,U02,direct,
1679.0,T010,U03,relay,R01
1679.9,T018,U04,direct,
1680.0,T002,U05,direct,
1680.0,T003,U08,direct,
1680.0,T009,U02,direct,
1680.0,T010,U03,relay,R01
1680.9,T018,U04,direct,
1681.0,T002,U05,direct,
1681.0,T003,U08,direct,
1681.0,T009,U02,direct,
1681.0,T010,U03,relay,R01
1681.9,T018,U04,direct,
1682.0,T002,U05,direct,
1682.0,T003,U08,direct,
1682.0,T009,U02,direct,
1682.0,T010,U03,relay,R01
1682.9,T018,U04,direct,
1683.0,T002,U05,direct,
1683.0,T003,U08,direct,
1683.0,T009,U02,direct,
1683.0,T010,U03,relay,R01
1683.9,T018,U04,direct,
1684.0,T002,U05,direct,
1684.0,T003,U08,direct,
1684.0,T009,U02,direct,
1684.0,T010,U03,relay,R01
1684.9,T018,U04,direct,
1685.0,T002,U05,direct,
1685.0,T003,U08,direct,
1685.0,T009,U02,direct,
1685.0,T010,U03,relay,R01
1685.9,T018,U04,direct,
1686.0,T002,U05,direct,
1686.0,T003,U08,direct,
1686.0,T009,U02,direct,
1686.0,T010,U03,relay,R01
1686.9,T018,U04,direct,
1687.0,T002,U05,direct,
1687.0,T003,U08,direct,
1687.0,T009,U02,direct,
1687.0,T010,U03,relay,R01
1687.9,T018,U04,direct,
1688.0,T002,U05,direct,
1688.0,T003,U08,direct,
1688.0,T009,U02,direct,
1688.0,T010,U03,relay,R01
1688.9,T018,U04,direct,
1689.0,T002,U05,direct,
1689.0,T003,U08,direct,
1689.0,T009,U02,direct,
1689.0,T010,U03,relay,R01
1689.9,T018,U04,direct,
1690.0,T002,U05,direct,
1690.0,T003,U08,direct,
1690.0,T009,U02,direct,
1690.0,T010,U03,relay,R01
1690.9,T018,U04,direct,
1691.0,T002,U05,direct,
1691.0,T003,U08,direct,
1691.0,T009,U02,direct,
1691.0,T010,U03,relay,R01
1691.9,T018,U04,direct,
1692.0,T002,U05,direct,
1692.0,T003,U08,direct,
1692.0,T009,U02,direct,
1692.0,T010,U03,relay,R01
1692.9,T018,U04,direct,
1693.0,T002,U05,direct,
1693.0,T003,U08,direct,
1693.0,T009,U02,direct,
1693.0,T010,U03,relay,R01
1693.9,T018,U04,direct,
1694.0,T002,U05,direct,
1694.0,T003,U08,direct,
1694.0,T009,U02,direct,
1694.0,T010,U03,relay,R01
1694.9,T018,U04,direct,
1695.0,T002,U05,direct,
1695.0,T003,U08,direct,
1695.0,T009,U02,direct,
1695.0,T010,U03,relay,R01
1695.9,T018,U04,direct,
1696.0,T002,U05,direct,
1696.0,T003,U08,direct,
1696.0,T009,U02,direct,
1696.0,T010,U03,relay,R01
1696.9,T018,U04,direct,
1697.0,T002,U05,direct,
1697.0,T003,U08,direct,
1697.0,T009,U02,direct,
1697.0,T010,U03,relay,R01
1697.9,T018,U04,direct,
1698.0,T002,U05,direct,
1698.0,T003,U08,direct,
1698.0,T009,U02,direct,
1698.0,T010,U03,relay,R01
1698.9,T018,U04,direct,
1699.0,T002,U05,direct,
1699.0,T003,U08,direct,
1699.0,T009,U02,direct,
1699.0,T010,U03,relay,R01
1699.9,T018,U04,direct,
1700.0,T002,U05,direct,
1700.0,T003,U08,direct,
1700.0,T009,U02,direct,
1700.0,T010,U03,relay,R01
1700.9,T018,U04,direct,
1701.0,T002,U05,direct,
1701.0,T003,U08,direct,
1701.0,T009,U02,direct,
1701.0,T010,U03,relay,R01
1701.9,T018,U04,direct,
1702.0,T002,U05,direct,
1702.0,T003,U08,direct,
1702.0,T009,U02,direct,
1702.0,T010,U03,relay,R01
1702.9,T018,U04,direct,
1703.0,T002,U05,direct,
1703.0,T003,U08,direct,
1703.0,T009,U02,direct,
1703.0,T010,U03,relay,R01
1703.9,T018,U04,direct,
1704.0,T002,U05,direct,
1704.0,T003,U08,direct,
1704.0,T009,U02,direct,
1704.0,T010,U03,relay,R01
1704.9,T018,U04,direct,
1705.0,T002,U05,direct,
1705.0,T003,U08,direct,
1705.0,T009,U02,direct,
1705.0,T010,U03,relay,R01
1705.9,T018,U04,direct,
1706.0,T002,U05,direct,
1706.0,T003,U08,direct,
1706.0,T009,U02,direct,
1706.0,T010,U03,direct,
1706.9,T018,U04,direct,
1707.0,T002,U05,direct,
1707.0,T003,U08,direct,
1707.0,T009,U02,direct,
1707.0,T010,U03,direct,
1707.9,T018,U04,direct,
1708.0,T002,U05,direct,
1708.0,T003,U08,direct,
1708.0,T009,U02,direct,
1708.0,T010,U03,direct,
1708.9,T018,U04,direct,
1709.0,T002,U05,direct,
1709.0,T003,U08,direct,
1709.0,T009,U02,direct,
1709.0,T010,U03,direct,
1709.9,T018,U04,direct,
1710.0,T002,U05,direct,
1710.0,T003,U08,direct,
1710.0,T009,U02,direct,
1710.0,T010,U03,direct,
1710.9,T018,U04,direct,
1711.0,T002,U05,direct,
1711.0,T003,U08,direct,
1711.0,T009,U02,direct,
1711.0,T010,U03,direct,
1711.9,T018,U04,direct,
1712.0,T002,U05,direct,
1712.0,T003,U08,direct,
1712.0,T009,U02,direct,
1712.0,T010,U03,direct,
1712.9,T018,U04,direct,
1713.0,T002,U05,direct,
1713.0,T003,U08,direct,
1713.0,T009,U02,direct,
1713.0,T010,U03,direct,
1713.9,T018,U04,direct,
1714.0,T002,U05,direct,
1714.0,T003,U08,direct,
1714.0,T009,U02,direct,
1714.0,T010,U03,direct,
1714.9,T018,U04,direct,
1715.0,T002,U05,direct,
1715.0,T003,U08,direct,
1715.0,T009,U02,direct,
1715.0,T010,U03,direct,
1715.9,T018,U04,direct,
1716.0,T002,U05,direct,
1716.0,T003,U08,direct,
1716.0,T009,U02,direct,
1716.0,T010,U03,direct,
1716.9,T018,U04,direct,
1717.0,T002,U05,direct,
1717.0,T003,U08,direct,
1717.0,T009,U02,direct,
1717.0,T010,U03,direct,
1717.9,T018,U04,direct,
1718.0,T002,U05,direct,
1718.0,T003,U08,direct,
1718.0,T009,U02,direct,
1718.0,T010,U03,direct,
1718.9,T018,U04,direct,
1719.0,T002,U05,direct,
1719.0,T003,U08,direct,
1719.0,T009,U02,direct,
1719.0,T010,U03,direct,
1719.9,T018,U04,direct,
1720.0,T002,U05,direct,
1720.0,T003,U08,direct,
1720.0,T009,U02,direct,
1720.0,T010,U03,direct,
1720.9,T018,U04,direct,
1721.0,T002,U05,direct,
1721.0,T003,U08,direct,
1721.0,T009,U02,direct,
1721.0,T010,U03,direct,
1721.9,T018,U04,direct,
1722.0,T002,U05,direct,
1722.0,T003,U08,direct,
1722.0,T009,U02,direct,
1722.0,T010,U03,direct,
1722.9,T018,U04,direct,
1723.0,T002,U05,direct,
1723.0,T003,U08,direct,
1723.0,T009,U02,direct,
1723.0,T010,U03,direct,
1723.9,T018,U04,direct,
1724.0,T002,U05,direct,
1724.0,T003,U08,direct,
1724.0,T009,U02,direct,
1724.0,T010,U03,direct,
1724.9,T018,U04,direct,
1725.0,T002,U05,direct,
1725.0,T003,U08,direct,
1725.0,T009,U02,direct,
1725.0,T010,U03,direct,
1725.9,T018,U04,direct,
1726.0,T002,U05,direct,
1726.0,T003,U08,direct,
1726.0,T009,U02,direct,
1726.0,T010,U03,direct,
1726.9,T018,U04,direct,
1727.0,T002,U05,direct,
1727.0,T003,U08,direct,
1727.0,T009,U02,direct,
1727.0,T010,U03,direct,
1727.9,T018,U04,direct,
1728.0,T002,U05,direct,
1728.0,T003,U08,direct,
1728.0,T009,U02,direct,
1728.0,T010,U03,direct,
1728.9,T018,U04,direct,
1729.0,T002,U05,direct,
1729.0,T003,U08,direct,
1729.0,T009,U02,direct,
1729.0,T010,U03,direct,
1729.9,T018,U04,direct,
1730.0,T002,U05,direct,
1730.0,T003,U08,direct,
1730.0,T009,U02,direct,
1730.0,T010,U03,direct,
1730.9,T018,U04,direct,
1731.0,T002,U05,direct,
1731.0,T003,U08,direct,
1731.0,T009,U02,direct,
1731.0,T010,U03,direct,
1731.9,T018,U04,direct,
1732.0,T002,U05,direct,
1732.0,T003,U08,direct,
1732.0,T009,U02,direct,
1732.0,T010,U03,direct,
1732.9,T018,U04,direct,
1733.0,T002,U05,direct,
1733.0,T003,U08,direct,
1733.0,T009,U02,direct,
1733.0,T010,U03,direct,
1733.9,T018,U04,direct,
1734.0,T002,U05,direct,
1734.0,T003,U08,direct,
1734.0,T009,U02,direct,
1734.0,T010,U03,direct,
1734.9,T018,U04,direct,
1735.0,T002,U05,direct,
1735.0,T003,U08,direct,
1735.0,T009,U02,direct,
1735.0,T010,U03,direct,
1735.9,T018,U04,direct,
1736.0,T002,U05,direct,
1736.0,T003,U08,direct,
1736.0,T009,U02,direct,
1736.0,T010,U03,direct,
1736.9,T018,U04,direct,
1737.0,T002,U05,direct,
1737.0,T003,U08,direct,
1737.0,T009,U02,direct,
1737.0,T010,U03,direct,
1737.9,T018,U04,direct,
1738.0,T002,U05,direct,
1738.0,T003,U08,direct,
1738.0,T009,U02,direct,
1738.0,T010,U03,direct,
1738.9,T018,U04,direct,
1739.0,T002,U05,direct,
1739.0,T003,U08,direct,
1739.0,T009,U02,direct,
1739.0,T010,U03,direct,
1739.9,T018,U04,direct,
1740.0,T002,U05,direct,
1740.0,T003,U08,direct,
1740.0,T009,U02,direct,
1740.0,T010,U03,direct,
1740.9,T018,U04,direct,
1741.0,T002,U05,direct,
1741.0,T003,U08,direct,
1741.0,T009,U02,direct,
1741.0,T010,U03,direct,
1741.9,T018,U04,direct,
1742.0,T002,U05,direct,
1742.0,T003,U08,direct,
1742.0,T009,U02,direct,
1742.0,T010,U03,direct,
1742.9,T018,U04,direct,
1743.0,T002,U05,direct,
1743.0,T003,U08,direct,
1743.0,T009,U02,direct,
1743.0,T010,U03,direct,
1743.9,T018,U04,direct,
1744.0,T002,U05,direct,
1744.0,T003,U08,direct,
1744.0,T009,U02,direct,
1744.0,T010,U03,direct,
1744.9,T018,U04,direct,
1745.0,T002,U05,direct,
1745.0,T003,U08,direct,
1745.0,T009,U02,direct,
1745.0,T010,U03,direct,
1745.9,T018,U04,direct,
1746.0,T002,U05,direct,
1746.0,T003,U08,direct,
1746.0,T009,U02,direct,
1746.0,T010,U03,direct,
1746.9,T018,U04,direct,
1747.0,T002,U05,direct,
1747.0,T003,U08,direct,
1747.0,T009,U02,direct,
1747.0,T010,U03,direct,
1747.9,T018,U04,direct,
1748.0,T002,U05,direct,
1748.0,T003,U08,direct,
1748.0,T009,U02,direct,
1748.0,T010,U03,direct,
1748.9,T018,U04,direct,
1749.0,T002,U05,direct,
1749.0,T003,U08,direct,
1749.0,T009,U02,direct,
1749.0,T010,U03,direct,
1749.9,T018,U04,direct,
1750.0,T002,U05,direct,
1750.0,T003,U08,direct,
1750.0,T009,U02,direct,
1750.0,T010,U03,direct,
1750.9,T018,U04,direct,
1751.0,T002,U05,direct,
1751.0,T003,U08,direct,
1751.0,T009,U02,direct,
1751.0,T010,U03,direct,
1751.9,T018,U04,direct,
1752.0,T002,U05,direct,
1752.0,T003,U08,direct,
1752.0,T009,U02,direct,
1752.0,T010,U03,direct,
1752.9,T018,U04,direct,
1753.0,T002,U05,direct,
1753.0,T003,U08,direct,
1753.0,T009,U02,direct,
1753.0,T010,U03,direct,
1753.9,T018,U04,direct,
1754.0,T002,U05,direct,
1754.0,T003,U08,direct,
1754.0,T009,U02,direct,
1754.0,T010,U03,direct,
1754.9,T018,U04,direct,
1755.0,T002,U05,direct,
1755.0,T003,U08,direct,
1755.0,T009,U02,direct,
1755.0,T010,U03,direct,
1755.9,T018,U04,direct,
1756.0,T002,U05,direct,
1756.0,T003,U08,direct,
1756.0,T009,U02,direct,
1756.0,T010,U03,direct,
1756.9,T018,U04,direct,
1757.0,T002,U05,direct,
1757.0,T003,U08,direct,
1757.0,T009,U02,direct,
1757.0,T010,U03,direct,
1757.9,T018,U04,direct,
1758.0,T002,U05,direct,
1758.0,T003,U08,direct,
1758.0,T009,U02,direct,
1758.0,T010,U03,direct,
1758.9,T018,U04,direct,
1759.0,T002,U05,direct,
1759.0,T003,U08,direct,
1759.0,T009,U02,direct,
1759.0,T010,U03,direct,
1759.9,T018,U04,direct,
1760.0,T002,U05,direct,
1760.0,T003,U08,direct,
1760.0,T009,U02,direct,
1760.0,T010,U03,direct,
1760.9,T018,U04,direct,
1761.0,T002,U05,direct,
1761.0,T003,U08,direct,
1761.0,T009,U02,direct,
1761.0,T010,U03,direct,
1761.9,T018,U04,direct,
1762.0,T002,U05,direct,
1762.0,T003,U08,direct,
1762.0,T009,U02,direct,
1762.0,T010,U03,direct,
1762.9,T018,U04,direct,
1763.0,T002,U05,direct,
1763.0,T003,U08,direct,
1763.0,T009,U02,direct,
1763.0,T010,U03,direct,
1763.9,T018,U04,direct,
1764.0,T002,U05,direct,
1764.0,T003,U08,direct,
1764.0,T009,U02,direct,
1764.0,T010,U03,direct,
1764.9,T018,U04,direct,
1765.0,T002,U05,direct,
1765.0,T003,U08,direct,
1765.0,T009,U02,direct,
1765.0,T010,U03,direct,
1765.9,T018,U04,direct,
1766.0,T002,U05,direct,
1766.0,T003,U08,direct,
1766.0,T009,U02,direct,
1766.0,T010,U03,direct,
1766.9,T018,U04,direct,
1767.0,T002,U05,direct,
1767.0,T003,U08,direct,
1767.0,T009,U02,direct,
1767.0,T010,U03,direct,
1767.9,T018,U04,direct,
1768.0,T002,U05,direct,
1768.0,T003,U08,direct,
1768.0,T009,U02,direct,
1768.0,T010,U03,direct,
1768.9,T018,U04,direct,
1769.0,T002,U05,direct,
1769.0,T003,U08,direct,
1769.0,T009,U02,direct,
1769.0,T010,U03,direct,
1769.9,T018,U04,direct,
1770.0,T002,U05,direct,
1770.0,T003,U08,direct,
1770.0,T009,U02,direct,
1770.0,T010,U03,direct,
1770.9,T018,U04,direct,
1771.0,T002,U05,direct,
1771.0,T003,U08,direct,
1771.0,T009,U02,direct,
1771.0,T010,U03,direct,
1771.9,T018,U04,direct,
1772.0,T002,U05,direct,
1772.0,T003,U08,direct,
1772.0,T009,U02,direct,
1772.0,T010,U03,direct,
1772.9,T018,U04,direct,
1773.0,T002,U05,direct,
1773.0,T003,U08,direct,
1773.0,T009,U02,direct,
1773.0,T010,U03,direct,
1773.9,T018,U04,direct,
1774.0,T002,U05,direct,
1774.0,T003,U08,direct,
1774.0,T009,U02,direct,
1774.0,T010,U03,direct,
1774.9,T018,U04,direct,
1775.0,T002,U05,direct,
1775.0,T003,U08,direct,
1775.0,T009,U02,direct,
1775.0,T010,U03,direct,
1775.9,T018,U04,direct,
1776.0,T002,U05,direct,
1776.0,T003,U08,direct,
1776.0,T009,U02,direct,
1776.0,T010,U03,direct,
1776.9,T018,U04,direct,
1777.0,T002,U05,direct,
1777.0,T003,U08,direct,
1777.0,T009,U02,direct,
1777.0,T010,U03,direct,
1777.9,T018,U04,direct,
1778.0,T002,U05,direct,
1778.0,T003,U08,direct,
1778.0,T009,U02,direct,
1778.0,T010,U03,direct,
1778.9,T018,U04,direct,
1779.0,T002,U05,direct,
1779.0,T003,U08,direct,
1779.0,T009,U02,direct,
1779.0,T010,U03,direct,
1779.9,T018,U04,direct,
1780.0,T002,U05,direct,
1780.0,T003,U08,direct,
1780.0,T009,U02,direct,
1780.0,T010,U03,direct,
1780.9,T018,U04,direct,
1781.0,T002,U05,direct,
1781.0,T003,U08,direct,
1781.0,T009,U02,direct,
1781.0,T010,U03,direct,
1781.9,T018,U04,direct,
1782.0,T002,U05,direct,
1782.0,T003,U08,direct,
1782.0,T009,U02,direct,
1782.0,T010,U03,direct,
1782.9,T018,U04,direct,
1783.0,T002,U05,direct,
1783.0,T003,U08,direct,
1783.0,T009,U02,direct,
1783.0,T010,U03,direct,
1783.9,T018,U04,direct,
1784.0,T002,U05,direct,
1784.0,T003,U08,direct,
1784.0,T009,U02,direct,
1784.0,T010,U03,direct,
1784.9,T018,U04,direct,
1785.0,T002,U05,direct,
1785.0,T003,U08,direct,
1785.0,T009,U02,direct,
1785.0,T010,U03,direct,
1785.9,T018,U04,direct,
1786.0,T002,U05,direct,
1786.0,T003,U08,direct,
1786.0,T009,U02,direct,
1786.0,T010,U03,direct,
1786.9,T018,U04,direct,
1787.0,T002,U05,direct,
1787.0,T003,U08,direct,
1787.0,T009,U02,direct,
1787.0,T010,U03,direct,
1787.9,T018,U04,direct,
1788.0,T002,U05,direct,
1788.0,T003,U08,direct,
1788.0,T009,U02,direct,
1788.0,T010,U03,direct,
1788.9,T018,U04,direct,
1789.0,T002,U05,direct,
1789.0,T003,U08,direct,
1789.0,T009,U02,direct,
1789.0,T010,U03,direct,
1789.9,T018,U04,direct,
1790.0,T002,U05,direct,
1790.0,T003,U08,direct,
1790.0,T009,U02,direct,
1790.0,T010,U03,direct,
1790.9,T018,U04,direct,
1791.0,T002,U05,direct,
1791.0,T003,U08,direct,
1791.0,T009,U02,direct,
1791.0,T010,U03,direct,
1791.9,T018,U04,direct,
1792.0,T002,U05,direct,
1792.0,T003,U08,direct,
1792.0,T009,U02,direct,
1792.0,T010,U03,direct,
1792.9,T018,U04,direct,
1793.0,T002,U05,direct,
1793.0,T003,U08,direct,
1793.0,T009,U02,direct,
1793.0,T010,U03,direct,
1793.9,T018,U04,direct,
1794.0,T002,U05,direct,
1794.0,T003,U08,direct,
1794.0,T009,U02,direct,
1794.0,T010,U03,direct,
1794.9,T018,U04,direct,
1795.0,T002,U05,direct,
1795.0,T003,U08,direct,
1795.0,T009,U02,direct,
1795.0,T010,U03,direct,
1795.9,T018,U04,direct,
1796.0,T002,U05,direct,
1796.0,T003,U08,direct,
1796.0,T009,U02,direct,
1796.0,T010,U03,direct,
1796.9,T018,U04,direct,
1797.0,T002,U05,direct,
1797.0,T003,U08,direct,
1797.0,T009,U02,direct,
1797.0,T010,U03,direct,
1797.9,T018,U04,direct,
1798.0,T002,U05,direct,
1798.0,T003,U08,direct,
1798.0,T009,U02,direct,
1798.0,T010,U03,direct,
1798.9,T018,U04,direct,
1799.0,T002,U05,direct,
1799.0,T003,U08,direct,
1799.0,T009,U02,direct,
1799.0,T010,U03,direct,
1799.9,T018,U04,direct,
1800.0,T002,U05,direct,
1800.0,T003,U08,direct,
1800.0,T009,U02,direct,
1800.0,T010,U03,direct,
1800.9,T018,U04,direct,
1801.0,T002,U05,direct,
1801.0,T003,U08,direct,
1801.0,T009,U02,direct,
1801.0,T010,U03,direct,
1801.9,T018,U04,direct,
1802.0,T002,U05,direct,
1802.0,T003,U08,direct,
1802.0,T009,U02,direct,
1802.0,T010,U03,direct,
1802.9,T018,U04,direct,
1803.0,T002,U05,direct,
1803.0,T003,U08,direct,
1803.0,T009,U02,direct,
1803.0,T010,U03,direct,
1803.9,T018,U04,direct,
1804.0,T002,U05,direct,
1804.0,T003,U08,direct,
1804.0,T009,U02,direct,
1804.0,T010,U03,direct,
1804.9,T018,U04,direct,
1805.0,T002,U05,direct,
1805.0,T003,U08,direct,
1805.0,T009,U02,direct,
1805.0,T010,U03,direct,
1805.9,T018,U04,direct,
1806.0,T002,U05,direct,
1806.0,T003,U08,direct,
1806.0,T009,U02,direct,
1806.0,T010,U03,direct,
1806.9,T018,U04,direct,
1807.0,T002,U05,direct,
1807.0,T003,U08,direct,
1807.0,T009,U02,direct,
1807.0,T010,U03,direct,
1807.9,T018,U04,direct,
1808.0,T002,U05,direct,
1808.0,T003,U08,direct,
1808.0,T009,U02,direct,
1808.0,T010,U03,direct,
1808.9,T018,U04,direct,
1809.0,T002,U05,direct,
1809.0,T003,U08,direct,
1809.0,T009,U02,direct,
1809.0,T010,U03,direct,
1809.9,T018,U04,direct,
1810.0,T002,U05,direct,
1810.0,T003,U08,direct,
1810.0,T009,U02,direct,
1810.0,T010,U03,direct,
1810.9,T018,U04,direct,
1811.0,T002,U05,direct,
1811.0,T003,U08,direct,
1811.0,T009,U02,direct,
1811.0,T010,U03,direct,
1811.9,T018,U04,direct,
1812.0,T002,U05,direct,
1812.0,T003,U08,direct,
1812.0,T009,U02,direct,
1812.0,T010,U03,direct,
1812.9,T018,U04,direct,
1813.0,T002,U05,direct,
1813.0,T003,U08,direct,
1813.0,T009,U02,direct,
1813.0,T010,U03,direct,
1813.9,T018,U04,direct,
1814.0,T002,U05,direct,
1814.0,T003,U08,direct,
1814.0,T009,U02,direct,
1814.0,T010,U03,direct,
1814.9,T018,U04,direct,
1815.0,T002,U05,direct,
1815.0,T003,U08,direct,
1815.0,T009,U02,direct,
1815.0,T010,U03,direct,
1815.9,T018,U04,direct,
1816.0,T002,U05,direct,
1816.0,T003,U08,direct,
1816.0,T009,U02,direct,
1816.0,T010,U03,direct,
1816.9,T018,U04,direct,
1817.0,T002,U05,direct,
1817.0,T003,U08,direct,
1817.0,T009,U02,direct,
1817.0,T010,U03,direct,
1817.9,T018,U04,direct,
1818.0,T002,U05,direct,
1818.0,T003,U08,direct,
1818.0,T009,U02,direct,
1818.0,T010,U03,direct,
1818.9,T018,U04,direct,
1819.0,T002,U05,direct,
1819.0,T003,U08,direct,
1819.0,T009,U02,direct,
1819.0,T010,U03,direct,
1819.9,T018,U04,direct,
1820.0,T002,U05,direct,
1820.0,T003,U08,direct,
1820.0,T009,U02,direct,
1820.0,T010,U03,direct,
1820.9,T018,U04,direct,
1821.0,T002,U05,direct,
1821.0,T003,U08,direct,
1821.0,T009,U02,direct,
1821.0,T010,U03,direct,
1821.9,T018,U04,direct,
1822.0,T002,U05,direct,
1822.0,T003,U08,direct,
1822.0,T009,U02,direct,
1822.0,T010,U03,direct,
1822.9,T018,U04,direct,
1823.0,T002,U05,direct,
1823.0,T003,U08,direct,
1823.0,T009,U02,direct,
1823.0,T010,U03,direct,
1823.9,T018,U04,direct,
1824.0,T002,U05,direct,
1824.0,T003,U08,direct,
1824.0,T009,U02,direct,
1824.0,T010,U03,direct,
1824.9,T018,U04,direct,
1825.0,T002,U05,direct,
1825.0,T003,U08,direct,
1825.0,T009,U02,direct,
1825.0,T010,U03,direct,
1825.9,T018,U04,direct,
1826.0,T002,U05,direct,
1826.0,T003,U08,direct,
1826.0,T009,U02,direct,
1826.0,T010,U03,direct,
1826.9,T018,U04,direct,
1827.0,T002,U05,direct,
1827.0,T003,U08,direct,
1827.0,T009,U02,direct,
1827.0,T010,U03,direct,
1827.9,T018,U04,direct,
1828.0,T002,U05,direct,
1828.0,T003,U08,direct,
1828.0,T009,U02,direct,
1828.0,T010,U03,direct,
1828.9,T018,U04,direct,
1829.0,T002,U05,direct,
1829.0,T003,U08,direct,
1829.0,T009,U02,direct,
1829.0,T010,U03,direct,
1829.9,T018,U04,direct,
1830.0,T002,U05,direct,
1830.0,T003,U08,direct,
1830.0,T009,U02,direct,
1830.0,T010,U03,direct,
1830.9,T018,U04,direct,
1831.0,T002,U05,direct,
1831.0,T003,U08,direct,
1831.0,T009,U02,direct,
1831.0,T010,U03,direct,
1831.9,T018,U04,direct,
1832.0,T002,U05,direct,
1832.0,T003,U08,direct,
1832.0,T009,U02,direct,
1832.0,T010,U03,direct,
1832.9,T018,U04,direct,
1833.0,T002,U05,direct,
1833.0,T003,U08,direct,
1833.0,T009,U02,direct,
1833.0,T010,U03,direct,
1833.9,T018,U04,direct,
1834.0,T002,U05,direct,
1834.0,T003,U08,direct,
1834.0,T009,U02,direct,
1834.0,T010,U03,direct,
1834.9,T018,U04,direct,
1835.0,T002,U05,direct,
1835.0,T003,U08,direct,
1835.0,T009,U02,direct,
1835.0,T010,U03,direct,
1835.9,T018,U04,direct,
1836.0,T002,U05,direct,
1836.0,T003,U08,direct,
1836.0,T009,U02,direct,
1836.0,T010,U03,direct,
1836.9,T018,U04,direct,
1837.0,T002,U05,direct,
1837.0,T003,U08,direct,
1837.0,T009,U02,direct,
1837.0,T010,U03,direct,
1837.9,T018,U04,direct,
1838.0,T002,U05,direct,
1838.0,T003,U08,direct,
1838.0,T009,U02,direct,
1838.0,T010,U03,direct,
1838.9,T018,U04,direct,
1839.0,T002,U05,direct,
1839.0,T003,U08,direct,
1839.0,T009,U02,direct,
1839.0,T010,U03,direct,
1839.9,T018,U04,direct,
1840.0,T002,U05,direct,
1840.0,T003,U08,direct,
1840.0,T009,U02,direct,
1840.0,T010,U03,direct,
1840.9,T018,U04,direct,
1841.0,T002,U05,direct,
1841.0,T003,U08,direct,
1841.0,T009,U02,direct,
1841.0,T010,U03,direct,
1841.9,T018,U04,direct,
1842.0,T002,U05,direct,
1842.0,T003,U08,direct,
1842.0,T009,U02,direct,
1842.0,T010,U03,direct,
1842.9,T018,U04,direct,
1843.0,T002,U05,direct,
1843.0,T003,U08,direct,
1843.0,T009,U02,direct,
1843.0,T010,U03,direct,
1843.9,T018,U04,direct,
1844.0,T002,U05,direct,
1844.0,T003,U08,direct,
1844.0,T009,U02,direct,
1844.0,T010,U03,direct,
1844.9,T018,U04,direct,
1845.0,T002,U05,direct,
1845.0,T003,U08,direct,
1845.0,T009,U02,direct,
1845.0,T010,U03,direct,
1845.9,T018,U04,direct,
1846.0,T002,U05,direct,
1846.0,T003,U08,direct,
1846.0,T009,U02,direct,
1846.0,T010,U03,direct,
1846.9,T018,U04,direct,
1847.0,T002,U05,direct,
1847.0,T003,U08,direct,
1847.0,T009,U02,direct,
1847.0,T010,U03,direct,
1847.9,T018,U04,direct,
1848.0,T002,U05,direct,
1848.0,T003,U08,direct,
1848.0,T009,U02,direct,
1848.0,T010,U03,direct,
1848.9,T018,U04,direct,
1849.0,T002,U05,direct,
1849.0,T003,U08,direct,
1849.0,T009,U02,direct,
1849.0,T010,U03,direct,
1849.9,T018,U04,direct,
1850.0,T002,U05,direct,
1850.0,T003,U08,direct,
1850.0,T009,U02,direct,
1850.0,T010,U03,direct,
1850.9,T018,U04,direct,
1851.0,T002,U05,direct,
1851.0,T003,U08,direct,
1851.0,T009,U02,direct,
1851.0,T010,U03,direct,
1851.9,T018,U04,direct,
1852.0,T002,U05,direct,
1852.0,T003,U08,direct,
1852.0,T009,U02,direct,
1852.0,T010,U03,direct,
1852.9,T018,U04,direct,
1853.0,T002,U05,direct,
1853.0,T003,U08,direct,
1853.0,T009,U02,direct,
1853.0,T010,U03,direct,
1853.9,T018,U04,direct,
1854.0,T002,U05,direct,
1854.0,T003,U08,direct,
1854.0,T009,U02,direct,
1854.0,T010,U03,direct,
1854.9,T018,U04,direct,
1855.0,T002,U05,direct,
1855.0,T003,U08,direct,
1855.0,T009,U02,direct,
1855.0,T010,U03,direct,
1855.9,T018,U04,direct,
1856.0,T002,U05,direct,
1856.0,T003,U08,direct,
1856.0,T009,U02,direct,
1856.0,T010,U03,direct,
1856.9,T018,U04,direct,
1857.0,T002,U05,direct,
1857.0,T003,U08,direct,
1857.0,T009,U02,direct,
1857.0,T010,U03,direct,
1857.9,T018,U04,direct,
1858.0,T002,U05,direct,
1858.0,T003,U08,direct,
1858.0,T009,U02,direct,
1858.0,T010,U03,direct,
1858.9,T018,U04,direct,
1859.0,T002,U05,direct,
1859.0,T003,U08,direct,
1859.0,T009,U02,direct,
1859.0,T010,U03,direct,
1859.9,T018,U04,direct,
1860.0,T002,U05,direct,
1860.0,T003,U08,direct,
1860.0,T009,U02,direct,
1860.0,T010,U03,direct,
1860.9,T018,U04,direct,
1861.0,T002,U05,direct,
1861.0,T003,U08,direct,
1861.0,T009,U02,direct,
1861.0,T010,U03,direct,
1861.9,T018,U04,direct,
1862.0,T002,U05,direct,
1862.0,T003,U08,direct,
1862.0,T009,U02,direct,
1862.0,T010,U03,direct,
1862.9,T018,U04,direct,
1863.0,T002,U05,direct,
1863.0,T003,U08,direct,
1863.0,T009,U02,direct,
1863.0,T010,U03,direct,
1863.9,T018,U04,direct,
1864.0,T002,U05,direct,
1864.0,T003,U08,direct,
1864.0,T009,U02,direct,
1864.0,T010,U03,direct,
1864.9,T018,U04,direct,
1865.0,T002,U05,direct,
1865.0,T003,U08,direct,
1865.0,T009,U02,direct,
1865.0,T010,U03,direct,
1865.9,T018,U04,direct,
1866.0,T002,U05,direct,
1866.0,T003,U08,direct,
1866.0,T009,U02,direct,
1866.0,T010,U03,direct,
1866.9,T018,U04,direct,
1867.0,T002,U05,direct,
1867.0,T003,U08,direct,
1867.0,T009,U02,direct,
1867.0,T010,U03,direct,
1867.9,T018,U04,direct,
1868.0,T002,U05,direct,
1868.0,T003,U08,direct,
1868.0,T009,U02,direct,
1868.0,T010,U03,direct,
1868.9,T018,U04,direct,
1869.0,T002,U05,direct,
1869.0,T003,U08,direct,
1869.0,T009,U02,direct,
1869.0,T010,U03,direct,
1869.9,T018,U04,direct,
1870.0,T003,U08,direct,
1870.0,T009,U02,direct,
1870.0,T010,U03,direct,
1870.9,T018,U04,direct,
1871.0,T003,U08,direct,
1871.0,T009,U02,direct,
1871.0,T010,U03,direct,
1871.9,T018,U04,direct,
1872.0,T003,U08,direct,
1872.0,T009,U02,direct,
1872.0,T010,U03,direct,
1872.9,T018,U04,direct,
1873.0,T003,U08,direct,
1873.0,T009,U02,direct,
1873.0,T010,U03,direct,
1873.9,T018,U04,direct,
1874.0,T003,U08,direct,
1874.0,T009,U02,direct,
1874.0,T010,U03,direct,
1874.9,T018,U04,direct,
1875.0,T003,U08,direct,
1875.0,T009,U02,direct,
1875.0,T010,U03,direct,
1875.9,T018,U04,direct,
1876.0,T003,U08,direct,
1876.0,T009,U02,direct,
1876.0,T010,U03,direct,
1876.9,T018,U04,direct,
1877.0,T003,U08,direct,
1877.0,T009,U02,direct,
1877.0,T010,U03,direct,
1877.9,T018,U04,direct,
1878.0,T003,U08,direct,
1878.0,T009,U02,direct,
1878.0,T010,U03,direct,
1878.9,T018,U04,direct,
1879.0,T003,U08,direct,
1879.0,T009,U02,direct,
1879.0,T010,U03,direct,
1879.9,T018,U04,direct,
1880.0,T003,U08,direct,
1880.0,T009,U02,direct,
1880.0,T010,U03,direct,
1880.9,T018,U04,direct,
1881.0,T003,U08,direct,
1881.0,T009,U02,direct,
1881.0,T010,U03,direct,
1881.9,T018,U04,direct,
1882.0,T003,U08,direct,
1882.0,T009,U02,direct,
1882.0,T010,U03,direct,
1882.9,T018,U04,direct,
1883.0,T003,U08,direct,
1883.0,T009,U02,direct,
1883.0,T010,U03,direct,
1883.9,T018,U04,direct,
1884.0,T003,U08,direct,
1884.0,T009,U02,direct,
1884.0,T010,U03,direct,
1884.9,T018,U04,direct,
1885.0,T003,U08,direct,
1885.0,T009,U02,direct,
1885.0,T010,U03,direct,
1885.9,T018,U04,direct,
1886.0,T003,U08,direct,
1886.0,T009,U02,direct,
1886.0,T010,U03,direct,
1886.9,T018,U04,direct,
1887.0,T003,U08,direct,
1887.0,T009,U02,direct,
1887.0,T010,U03,direct,
1887.9,T018,U04,direct,
1888.0,T003,U08,direct,
1888.0,T009,U02,direct,
1888.0,T010,U03,direct,
1888.9,T018,U04,direct,
1889.0,T003,U08,direct,
1889.0,T009,U02,direct,
1889.0,T010,U03,direct,
1889.9,T018,U04,direct,
1890.0,T003,U08,direct,
1890.0,T009,U02,direct,
1890.0,T010,U03,direct,
1890.9,T018,U04,direct,
1891.0,T003,U08,direct,
1891.0,T009,U02,direct,
1891.0,T010,U03,direct,
1891.9,T018,U04,direct,
1892.0,T003,U08,direct,
1892.0,T009,U02,direct,
1892.0,T010,U03,direct,
1892.9,T018,U04,direct,
1893.0,T003,U08,direct,
1893.0,T009,U02,direct,
1893.0,T010,U03,direct,
1893.9,T018,U04,direct,
1894.0,T003,U08,direct,
1894.0,T009,U02,direct,
1894.0,T010,U03,direct,
1894.9,T018,U04,direct,
1895.0,T003,U08,direct,
1895.0,T009,U02,direct,
1895.0,T010,U03,direct,
1895.9,T018,U04,direct,
1896.0,T003,U08,direct,
1896.0,T009,U02,direct,
1896.0,T010,U03,direct,
1896.9,T018,U04,direct,
1897.0,T003,U08,direct,
1897.0,T009,U02,direct,
1897.0,T010,U03,direct,
1897.9,T018,U04,direct,
1898.0,T003,U08,direct,
1898.0,T009,U02,direct,
1898.0,T010,U03,direct,
1898.9,T018,U04,direct,
1899.0,T003,U08,direct,
1899.0,T009,U02,direct,
1899.0,T010,U03,direct,
1899.9,T018,U04,direct,
1900.0,T003,U08,direct,
1900.0,T009,U02,direct,
1900.0,T010,U03,direct,
1900.5,T008,U06,direct,
1900.9,T018,U04,direct,
1901.0,T003,U08,direct,
1901.0,T009,U02,direct,
1901.0,T010,U03,direct,
1901.5,T008,U06,direct,
1901.9,T018,U04,direct,
1902.0,T003,U08,direct,
1902.0,T009,U02,direct,
1902.0,T010,U03,direct,
1902.5,T008,U06,direct,
1902.9,T018,U04,direct,
1903.0,T003,U08,direct,
1903.0,T009,U02,direct,
1903.0,T010,U03,direct,
1903.5,T008,U06,direct,
1903.9,T018,U04,direct,
1904.0,T003,U08,direct,
1904.0,T009,U02,direct,
1904.0,T010,U03,direct,
1904.5,T008,U06,direct,
1904.9,T018,U04,direct,
1905.0,T003,U08,direct,
1905.0,T009,U02,direct,
1905.0,T010,U03,direct,
1905.5,T008,U06,direct,
1905.9,T018,U04,direct,
1906.0,T003,U08,direct,
1906.0,T009,U02,direct,
1906.0,T010,U03,direct,
1906.5,T008,U06,direct,
1906.9,T018,U04,direct,
1907.0,T003,U08,direct,
1907.0,T009,U02,direct,
1907.0,T010,U03,direct,
1907.5,T008,U06,direct,
1907.9,T018,U04,direct,
1908.0,T009,U02,direct,
1908.0,T010,U03,direct,
1908.5,T008,U06,direct,
1908.9,T018,U04,direct,
1909.0,T009,U02,direct,
1909.0,T010,U03,direct,
1909.5,T008,U06,direct,
1909.9,T018,U04,direct,
1910.0,T009,U02,direct,
1910.0,T010,U03,direct,
1910.5,T008,U06,direct,
1910.9,T018,U04,direct,
1911.0,T009,U02,direct,
1911.0,T010,U03,direct,
1911.5,T008,U06,direct,
1911.9,T018,U04,direct,
1912.0,T009,U02,direct,
1912.0,T010,U03,direct,
1912.5,T008,U06,direct,
1912.9,T018,U04,direct,
1913.0,T009,U02,direct,
1913.0,T010,U03,direct,
1913.5,T008,U06,direct,
1913.9,T018,U04,direct,
1914.0,T009,U02,direct,
1914.0,T010,U03,direct,
1914.5,T008,U06,direct,
1914.9,T018,U04,direct,
1915.0,T009,U02,direct,
1915.0,T010,U03,direct,
1915.5,T008,U06,direct,
1915.9,T018,U04,direct,
1916.0,T009,U02,direct,
1916.0,T010,U03,direct,
1916.5,T008,U06,direct,
1916.9,T018,U04,direct,
1917.0,T009,U02,direct,
1917.0,T010,U03,direct,
1917.5,T008,U06,direct,
1917.9,T018,U04,direct,
1918.0,T009,U02,direct,
1918.0,T010,U03,direct,
1918.5,T008,U06,direct,
1918.9,T018,U04,direct,
1919.0,T009,U02,direct,
1919.0,T010,U03,direct,
1919.5,T008,U06,direct,
1919.9,T018,U04,direct,
1920.0,T009,U02,direct,
1920.0,T010,U03,direct,
1920.5,T008,U06,direct,
1920.9,T018,U04,direct,
1921.0,T009,U02,direct,
1921.0,T010,U03,direct,
1921.5,T008,U06,direct,
1921.9,T018,U04,direct,
1922.0,T009,U02,direct,
1922.0,T010,U03,direct,
1922.5,T008,U06,direct,
1922.9,T018,U04,direct,
1923.0,T009,U02,direct,
1923.0,T010,U03,direct,
1923.5,T008,U06,direct,
1923.9,T018,U04,direct,
1924.0,T009,U02,direct,
1924.0,T010,U03,direct,
1924.5,T008,U06,direct,
1924.9,T018,U04,direct,
1925.0,T009,U02,direct,
1925.0,T010,U03,direct,
1925.5,T008,U06,direct,
1925.9,T018,U04,direct,
1926.0,T009,U02,direct,
1926.0,T010,U03,direct,
1926.5,T008,U06,direct,
1926.9,T018,U04,direct,
1927.0,T009,U02,direct,
1927.0,T010,U03,direct,
1927.5,T008,U06,direct,
1927.9,T018,U04,direct,
1928.0,T009,U02,direct,
1928.0,T010,U03,direct,
1928.5,T008,U06,direct,
1928.9,T018,U04,direct,
1929.0,T009,U02,direct,
1929.0,T010,U03,direct,
1929.5,T008,U06,direct,
1929.9,T018,U04,direct,
1930.0,T009,U02,direct,
1930.0,T010,U03,direct,
1930.5,T008,U06,direct,
1930.9,T018,U04,direct,
1931.0,T009,U02,direct,
1931.0,T010,U03,direct,
1931.5,T008,U06,direct,
1931.9,T018,U04,direct,
1932.0,T009,U02,direct,
1932.0,T010,U03,direct,
1932.5,T008,U06,direct,
1932.9,T018,U04,direct,
1933.0,T009,U02,direct,
1933.0,T010,U03,direct,
1933.5,T008,U06,direct,
1933.9,T018,U04,direct,
1934.0,T009,U02,direct,
1934.0,T010,U03,direct,
1934.5,T008,U06,direct,
1934.9,T018,U04,direct,
1935.0,T009,U02,direct,
1935.0,T010,U03,direct,
1935.5,T008,U06,direct,
1935.9,T018,U04,direct,
1936.0,T009,U02,direct,
1936.0,T010,U03,direct,
1936.5,T008,U06,direct,
1936.9,T018,U04,direct,
1937.0,T009,U02,direct,
1937.0,T010,U03,direct,
1937.5,T008,U06,direct,
1937.9,T018,U04,direct,
1938.0,T009,U02,direct,
1938.0,T010,U03,direct,
1938.5,T008,U06,direct,
1938.9,T018,U04,direct,
1939.0,T009,U02,direct,
1939.0,T010,U03,direct,
1939.5,T008,U06,direct,
1939.9,T018,U04,direct,
1940.0,T009,U02,direct,
1940.0,T010,U03,direct,
1940.5,T008,U06,direct,
1940.9,T018,U04,direct,
1941.0,T009,U02,direct,
1941.0,T010,U03,direct,
1941.5,T008,U06,direct,
1941.9,T018,U04,direct,
1942.0,T009,U02,direct,
1942.0,T010,U03,direct,
1942.5,T008,U06,direct,
1942.9,T018,U04,direct,
1943.0,T009,U02,direct,
1943.0,T010,U03,direct,
1943.5,T008,U06,direct,
1943.9,T018,U04,direct,
1944.0,T009,U02,direct,
1944.0,T010,U03,direct,
1944.5,T008,U06,direct,
1944.9,T018,U04,direct,
1945.0,T009,U02,direct,
1945.0,T010,U03,direct,
1945.5,T008,U06,direct,
1945.9,T018,U04,direct,
1946.0,T009,U02,direct,
1946.0,T010,U03,direct,
1946.5,T008,U06,direct,
1946.9,T018,U04,direct,
1947.0,T009,U02,direct,
1947.0,T010,U03,direct,
1947.5,T008,U06,direct,
1947.9,T018,U04,direct,
1948.0,T009,U02,direct,
1948.0,T010,U03,direct,
1948.5,T008,U06,direct,
1948.9,T018,U04,direct,
1949.0,T009,U02,direct,
1949.0,T010,U03,direct,
1949.5,T008,U06,direct,
1949.9,T018,U04,direct,
1950.0,T009,U02,direct,
1950.0,T010,U03,direct,
1950.5,T008,U06,direct,
1950.9,T018,U04,direct,
1951.0,T009,U02,direct,
1951.0,T010,U03,direct,
1951.5,T008,U06,direct,
1951.9,T018,U04,direct,
1952.0,T009,U02,direct,
1952.0,T010,U03,direct,
1952.5,T008,U06,direct,
1952.9,T018,U04,direct,
1953.0,T009,U02,direct,
1953.0,T010,U03,direct,
1953.5,T008,U06,direct,
1953.9,T018,U04,direct,
1954.0,T009,U02,direct,
1954.0,T010,U03,direct,
1954.5,T008,U06,direct,
1954.9,T018,U04,direct,
1955.0,T009,U02,direct,
1955.0,T010,U03,direct,
1955.5,T008,U06,direct,
1955.9,T018,U04,direct,
1956.0,T009,U02,direct,
1956.0,T010,U03,direct,
1956.5,T008,U06,direct,
1956.9,T018,U04,direct,
1957.0,T009,U02,direct,
1957.0,T010,U03,direct,
1957.5,T008,U06,direct,
1957.9,T018,U04,direct,
1958.0,T009,U02,direct,
1958.0,T010,U03,direct,
1958.5,T008,U06,direct,
1958.9,T018,U04,direct,
1959.0,T009,U02,direct,
1959.0,T010,U03,direct,
1959.5,T008,U06,direct,
1959.9,T018,U04,direct,
1960.0,T009,U02,direct,
1960.0,T010,U03,direct,
1960.5,T008,U06,direct,
1960.9,T018,U04,direct,
1961.0,T009,U02,direct,
1961.0,T010,U03,direct,
1961.5,T008,U06,direct,
1961.9,T018,U04,direct,
1962.0,T009,U02,direct,
1962.0,T010,U03,direct,
1962.5,T008,U06,direct,
1962.9,T018,U04,direct,
1963.0,T009,U02,direct,
1963.0,T010,U03,direct,
1963.5,T008,U06,direct,
1963.9,T018,U04,direct,
1964.0,T009,U02,direct,
1964.0,T010,U03,direct,
1964.5,T008,U06,direct,
1964.9,T018,U04,direct,
1965.0,T009,U02,direct,
1965.0,T010,U03,direct,
1965.5,T008,U06,direct,
1965.9,T018,U04,direct,
1966.0,T009,U02,direct,
1966.0,T010,U03,direct,
1966.5,T008,U06,direct,
1966.9,T018,U04,direct,
1967.0,T009,U02,direct,
1967.0,T010,U03,direct,
1967.5,T008,U06,direct,
1967.9,T018,U04,direct,
1968.0,T009,U02,direct,
1968.0,T010,U03,direct,
1968.5,T008,U06,direct,
1968.9,T018,U04,direct,
1969.0,T010,U03,direct,
1969.5,T008,U06,direct,
1969.9,T018,U04,direct,
1970.0,T010,U03,direct,
1970.5,T008,U06,direct,
1970.9,T018,U04,direct,
1971.0,T010,U03,direct,
1971.5,T008,U06,direct,
1971.9,T018,U04,direct,
1972.0,T010,U03,direct,
1972.5,T008,U06,direct,
1972.9,T018,U04,direct,
1973.0,T010,U03,direct,
1973.5,T008,U06,direct,
1973.9,T018,U04,direct,
1974.0,T010,U03,direct,
1974.5,T008,U06,direct,
1974.9,T018,U04,direct,
1975.0,T010,U03,direct,
1975.5,T008,U06,direct,
1975.6,T005,U07,direct,
1975.9,T018,U04,direct,
1976.0,T010,U03,direct,
1976.5,T008,U06,direct,
1976.6,T005,U07,direct,
1976.9,T018,U04,direct,
1977.0,T010,U03,direct,
1977.5,T008,U06,direct,
1977.6,T005,U07,direct,
1977.9,T018,U04,direct,
1978.0,T010,U03,direct,
1978.5,T008,U06,direct,
1978.6,T005,U07,direct,
1978.9,T018,U04,direct,
1979.0,T010,U03,direct,
1979.5,T008,U06,direct,
1979.6,T005,U07,direct,
1979.9,T018,U04,direct,
1980.0,T010,U03,direct,
1980.5,T008,U06,direct,
1980.6,T005,U07,direct,
1980.9,T018,U04,direct,
1981.0,T010,U03,direct,
1981.5,T008,U06,direct,
1981.6,T005,U07,direct,
1981.9,T018,U04,direct,
1982.0,T010,U03,direct,
1982.5,T008,U06,direct,
1982.6,T005,U07,direct,
1982.9,T018,U04,direct,
1983.0,T010,U03,direct,
1983.5,T008,U06,direct,
1983.6,T005,U07,direct,
1983.9,T018,U04,direct,
1984.0,T010,U03,direct,
1984.5,T008,U06,direct,
1984.6,T005,U07,direct,
1984.9,T018,U04,direct,
1985.0,T010,U03,direct,
1985.5,T008,U06,direct,
1985.6,T005,U07,direct,
1985.9,T018,U04,direct,
1986.0,T010,U03,direct,
1986.5,T008,U06,direct,
1986.6,T005,U07,direct,
1986.9,T018,U04,direct,
1987.0,T010,U03,direct,
1987.5,T008,U06,direct,
1987.6,T005,U07,direct,
1987.9,T018,U04,direct,
1988.0,T010,U03,direct,
1988.5,T008,U06,direct,
1988.6,T005,U07,direct,
1988.9,T018,U04,direct,
1989.0,T010,U03,direct,
1989.5,T008,U06,direct,
1989.6,T005,U07,direct,
1989.9,T018,U04,direct,
1990.0,T010,U03,direct,
1990.5,T008,U06,direct,
1990.6,T005,U07,direct,
1990.9,T018,U04,direct,
1991.0,T010,U03,direct,
1991.5,T008,U06,direct,
1991.6,T005,U07,direct,
1991.9,T018,U04,direct,
1992.0,T010,U03,direct,
1992.5,T008,U06,direct,
1992.6,T005,U07,direct,
1992.9,T018,U04,direct,
1993.0,T010,U03,direct,
1993.5,T008,U06,direct,
1993.6,T005,U07,direct,
1993.9,T018,U04,direct,
1994.0,T010,U03,direct,
1994.5,T008,U06,direct,
1994.6,T005,U07,direct,
1994.9,T018,U04,direct,
1995.0,T010,U03,direct,
1995.5,T008,U06,direct,
1995.6,T005,U07,direct,
1995.9,T018,U04,direct,
1996.0,T010,U03,direct,
1996.5,T008,U06,direct,
1996.6,T005,U07,direct,
1996.9,T018,U04,direct,
1997.0,T010,U03,direct,
1997.5,T008,U06,direct,
1997.6,T005,U07,direct,
1997.9,T018,U04,direct,
1998.0,T010,U03,direct,
1998.5,T008,U06,direct,
1998.6,T005,U07,direct,
1998.9,T018,U04,direct,
1999.0,T010,U03,direct,
1999.5,T008,U06,direct,
1999.6,T005,U07,direct,
1999.9,T018,U04,direct,
2000.0,T010,U03,direct,
2000.5,T008,U06,direct,
2000.6,T005,U07,direct,
2000.9,T018,U04,direct,
2001.0,T010,U03,direct,
2001.5,T008,U06,direct,
2001.6,T005,U07,direct,
2001.9,T018,U04,direct,
2002.0,T010,U03,direct,
2002.5,T008,U06,direct,
2002.6,T005,U07,direct,
2002.9,T018,U04,direct,
2003.0,T010,U03,direct,
2003.5,T008,U06,direct,
2003.6,T005,U07,direct,
2003.9,T018,U04,direct,
2004.0,T010,U03,direct,
2004.5,T008,U06,direct,
2004.6,T005,U07,direct,
2004.9,T018,U04,direct,
2005.0,T010,U03,direct,
2005.5,T008,U06,direct,
2005.6,T005,U07,direct,
2005.9,T018,U04,direct,
2006.0,T010,U03,direct,
2006.5,T008,U06,direct,
2006.6,T005,U07,direct,
2006.9,T018,U04,direct,
2007.0,T010,U03,direct,
2007.5,T008,U06,direct,
2007.6,T005,U07,direct,
2007.9,T018,U04,direct,
2008.0,T010,U03,direct,
2008.5,T008,U06,direct,
2008.6,T005,U07,direct,
2008.9,T018,U04,direct,
2009.0,T010,U03,direct,
2009.5,T008,U06,direct,
2009.6,T005,U07,direct,
2009.9,T018,U04,direct,
2010.0,T010,U03,direct,
2010.5,T008,U06,direct,
2010.6,T005,U07,direct,
2010.9,T018,U04,direct,
2011.0,T010,U03,direct,
2011.5,T008,U06,direct,
2011.6,T005,U07,direct,
2011.9,T018,U04,direct,
2012.0,T010,U03,direct,
2012.5,T008,U06,direct,
2012.6,T005,U07,direct,
2012.9,T018,U04,direct,
2013.0,T010,U03,direct,
2013.5,T008,U06,direct,
2013.6,T005,U07,direct,
2013.9,T018,U04,direct,
2014.0,T010,U03,direct,
2014.5,T008,U06,direct,
2014.6,T005,U07,direct,
2014.9,T018,U04,direct,
2014.9,T019,U01,direct,
2015.0,T010,U03,direct,
2015.5,T008,U06,direct,
2015.6,T005,U07,direct,
2015.9,T018,U04,direct,
2015.9,T019,U01,direct,
2016.0,T010,U03,direct,
2016.5,T008,U06,direct,
2016.6,T005,U07,direct,
2016.9,T018,U04,direct,
2016.9,T019,U01,direct,
2017.0,T010,U03,direct,
2017.5,T008,U06,direct,
2017.6,T005,U07,direct,
2017.9,T018,U04,direct,
2017.9,T019,U01,direct,
2018.0,T010,U03,direct,
2018.5,T008,U06,direct,
2018.6,T005,U07,direct,
2018.9,T018,U04,direct,
2018.9,T019,U01,direct,
2019.0,T010,U03,direct,
2019.5,T008,U06,direct,
2019.6,T005,U07,direct,
2019.9,T018,U04,direct,
2019.9,T019,U01,direct,
2020.0,T010,U03,direct,
2020.5,T008,U06,direct,
2020.6,T005,U07,direct,
2020.9,T018,U04,direct,
2020.9,T019,U01,direct,
2021.0,T010,U03,direct,
2021.5,T008,U06,direct,
2021.6,T005,U07,direct,
2021.9,T018,U04,direct,
2021.9,T019,U01,direct,
2022.0,T010,U03,direct,
2022.5,T008,U06,direct,
2022.6,T005,U07,direct,
2022.9,T018,U04,direct,
2022.9,T019,U01,direct,
2023.0,T010,U03,direct,
2023.5,T008,U06,direct,
2023.6,T005,U07,direct,
2023.9,T018,U04,direct,
2023.9,T019,U01,direct,
2024.0,T010,U03,direct,
2024.5,T008,U06,direct,
2024.6,T005,U07,direct,
2024.9,T018,U04,direct,
2024.9,T019,U01,direct,
2025.0,T010,U03,direct,
2025.5,T008,U06,direct,
2025.6,T005,U07,direct,
2025.9,T018,U04,direct,
2025.9,T019,U01,direct,
2026.0,T010,U03,direct,
2026.5,T008,U06,direct,
2026.6,T005,U07,direct,
2026.9,T018,U04,direct,
2026.9,T019,U01,direct,
2027.0,T010,U03,direct,
2027.5,T008,U06,direct,
2027.6,T005,U07,direct,
2027.9,T018,U04,direct,
2027.9,T019,U01,direct,
2028.0,T010,U03,direct,
2028.5,T008,U06,direct,
2028.6,T005,U07,direct,
2028.9,T018,U04,direct,
2028.9,T019,U01,direct,
2029.0,T010,U03,direct,
2029.5,T008,U06,direct,
2029.6,T005,U07,direct,
2029.9,T018,U04,direct,
2029.9,T019,U01,direct,
2030.0,T010,U03,direct,
2030.5,T008,U06,direct,
2030.6,T005,U07,direct,
2030.9,T018,U04,direct,
2030.9,T019,U01,direct,
2031.0,T010,U03,direct,
2031.5,T008,U06,direct,
2031.6,T005,U07,direct,
2031.9,T018,U04,direct,
2031.9,T019,U01,direct,
2032.0,T010,U03,direct,
2032.5,T008,U06,direct,
2032.6,T005,U07,direct,
2032.9,T018,U04,direct,
2032.9,T019,U01,direct,
2033.0,T010,U03,direct,
2033.5,T008,U06,direct,
2033.6,T005,U07,direct,
2033.9,T018,U04,direct,
2033.9,T019,U01,direct,
2034.0,T010,U03,direct,
2034.5,T008,U06,direct,
2034.6,T005,U07,direct,
2034.9,T018,U04,direct,
2034.9,T019,U01,direct,
2035.0,T010,U03,direct,
2035.5,T008,U06,direct,
2035.6,T005,U07,direct,
2035.9,T018,U04,direct,
2035.9,T019,U01,direct,
2036.0,T010,U03,direct,
2036.5,T008,U06,direct,
2036.6,T005,U07,direct,
2036.9,T018,U04,direct,
2036.9,T019,U01,direct,
2037.0,T010,U03,direct,
2037.5,T008,U06,direct,
2037.6,T005,U07,direct,
2037.9,T018,U04,direct,
2037.9,T019,U01,direct,
2038.0,T010,U03,direct,
2038.5,T008,U06,direct,
2038.6,T005,U07,direct,
2038.9,T018,U04,direct,
2038.9,T019,U01,direct,
2039.0,T010,U03,direct,
2039.5,T008,U06,direct,
2039.6,T005,U07,direct,
2039.9,T018,U04,direct,
2039.9,T019,U01,direct,
2040.0,T010,U03,direct,
2040.5,T008,U06,direct,
2040.6,T005,U07,direct,
2040.9,T018,U04,direct,
2040.9,T019,U01,direct,
2041.0,T010,U03,direct,
2041.5,T008,U06,direct,
2041.6,T005,U07,direct,
2041.9,T018,U04,direct,
2041.9,T019,U01,direct,
2042.0,T010,U03,direct,
2042.5,T008,U06,direct,
2042.6,T005,U07,direct,
2042.9,T018,U04,direct,
2042.9,T019,U01,direct,
2043.0,T010,U03,direct,
2043.5,T008,U06,direct,
2043.6,T005,U07,direct,
2043.9,T018,U04,direct,
2043.9,T019,U01,direct,
2044.0,T010,U03,direct,
2044.5,T008,U06,direct,
2044.6,T005,U07,direct,
2044.9,T018,U04,direct,
2044.9,T019,U01,direct,
2045.0,T010,U03,direct,
2045.5,T008,U06,direct,
2045.6,T005,U07,direct,
2045.9,T018,U04,direct,
2045.9,T019,U01,direct,
2046.0,T010,U03,direct,
2046.5,T008,U06,direct,
2046.6,T005,U07,direct,
2046.9,T018,U04,direct,
2046.9,T019,U01,direct,
2047.0,T010,U03,direct,
2047.5,T008,U06,direct,
2047.6,T005,U07,direct,
2047.9,T018,U04,direct,
2047.9,T019,U01,direct,
2048.0,T010,U03,direct,
2048.5,T008,U06,direct,
2048.6,T005,U07,direct,
2048.9,T018,U04,direct,
2048.9,T019,U01,direct,
2049.0,T010,U03,direct,
2049.5,T008,U06,direct,
2049.6,T005,U07,direct,
2049.9,T018,U04,direct,
2049.9,T019,U01,direct,
2050.0,T010,U03,direct,
2050.5,T008,U06,direct,
2050.6,T005,U07,direct,
2050.9,T018,U04,direct,
2050.9,T019,U01,direct,
2051.0,T010,U03,direct,
2051.5,T008,U06,direct,
2051.6,T005,U07,direct,
2051.9,T018,U04,direct,
2051.9,T019,U01,direct,
2052.0,T010,U03,direct,
2052.5,T008,U06,direct,
2052.6,T005,U07,direct,
2052.9,T018,U04,direct,
2052.9,T019,U01,direct,
2053.0,T010,U03,direct,
2053.5,T008,U06,direct,
2053.6,T005,U07,direct,
2053.9,T018,U04,direct,
2053.9,T019,U01,direct,
2054.0,T010,U03,direct,
2054.5,T008,U06,direct,
2054.6,T005,U07,direct,
2054.9,T018,U04,direct,
2054.9,T019,U01,direct,
2055.0,T010,U03,direct,
2055.5,T008,U06,direct,
2055.6,T005,U07,direct,
2055.9,T018,U04,direct,
2055.9,T019,U01,direct,
2056.0,T010,U03,direct,
2056.5,T008,U06,direct,
2056.6,T005,U07,direct,
2056.9,T018,U04,direct,
2056.9,T019,U01,direct,
2057.0,T010,U03,direct,
2057.5,T008,U06,direct,
2057.6,T005,U07,direct,
2057.9,T018,U04,direct,
2057.9,T019,U01,direct,
2058.0,T010,U03,direct,
2058.5,T008,U06,direct,
2058.6,T005,U07,direct,
2058.9,T018,U04,direct,
2058.9,T019,U01,direct,
2059.0,T010,U03,direct,
2059.5,T008,U06,direct,
2059.6,T005,U07,direct,
2059.9,T018,U04,direct,
2059.9,T019,U01,direct,
2060.0,T010,U03,direct,
2060.5,T008,U06,direct,
2060.6,T005,U07,direct,
2060.9,T018,U04,direct,
2060.9,T019,U01,direct,
2061.0,T010,U03,direct,
2061.5,T008,U06,direct,
2061.6,T005,U07,direct,
2061.9,T018,U04,direct,
2061.9,T019,U01,direct,
2062.0,T010,U03,direct,
2062.5,T008,U06,direct,
2062.6,T005,U07,direct,
2062.9,T018,U04,direct,
2062.9,T019,U01,direct,
2063.0,T010,U03,direct,
2063.5,T008,U06,direct,
2063.6,T005,U07,direct,
2063.9,T018,U04,direct,
2063.9,T019,U01,direct,
2064.0,T010,U03,direct,
2064.5,T008,U06,direct,
2064.6,T005,U07,direct,
2064.9,T018,U04,direct,
2064.9,T019,U01,direct,
2065.0,T010,U03,direct,
2065.5,T008,U06,direct,
2065.6,T005,U07,direct,
2065.9,T018,U04,direct,
2065.9,T019,U01,direct,
2066.0,T010,U03,direct,
2066.5,T008,U06,direct,
2066.6,T005,U07,direct,
2066.9,T018,U04,direct,
2066.9,T019,U01,direct,
2067.0,T010,U03,direct,
2067.5,T008,U06,direct,
2067.6,T005,U07,direct,
2067.9,T018,U04,direct,
2067.9,T019,U01,direct,
2068.0,T010,U03,direct,
2068.5,T008,U06,direct,
2068.6,T005,U07,direct,
2068.9,T018,U04,direct,
2068.9,T019,U01,direct,
2069.0,T010,U03,direct,
2069.5,T008,U06,direct,
2069.6,T005,U07,direct,
2069.9,T018,U04,direct,
2069.9,T019,U01,direct,
2070.0,T010,U03,direct,
2070.5,T008,U06,direct,
2070.6,T005,U07,direct,
2070.9,T018,U04,direct,
2070.9,T019,U01,direct,
2071.0,T010,U03,direct,
2071.5,T008,U06,direct,
2071.6,T005,U07,direct,
2071.9,T018,U04,direct,
2071.9,T019,U01,direct,
2072.0,T010,U03,direct,
2072.5,T008,U06,direct,
2072.6,T005,U07,direct,
2072.9,T018,U04,direct,
2072.9,T019,U01,direct,
2073.0,T010,U03,direct,
2073.5,T008,U06,direct,
2073.6,T005,U07,direct,
2073.9,T018,U04,direct,
2073.9,T019,U01,direct,
2074.0,T010,U03,direct,
2074.5,T008,U06,direct,
2074.6,T005,U07,direct,
2074.9,T018,U04,direct,
2074.9,T019,U01,direct,
2075.0,T010,U03,direct,
2075.5,T008,U06,direct,
2075.6,T005,U07,direct,
2075.9,T018,U04,direct,
2075.9,T019,U01,direct,
2076.0,T010,U03,direct,
2076.5,T008,U06,direct,
2076.6,T005,U07,direct,
2076.9,T018,U04,direct,
2076.9,T019,U01,direct,
2077.0,T010,U03,direct,
2077.5,T008,U06,direct,
2077.6,T005,U07,direct,
2077.9,T018,U04,direct,
2077.9,T019,U01,direct,
2078.0,T010,U03,direct,
2078.5,T008,U06,direct,
2078.6,T005,U07,direct,
2078.9,T018,U04,direct,
2078.9,T019,U01,direct,
2079.0,T010,U03,direct,
2079.5,T008,U06,direct,
2079.6,T005,U07,direct,
2079.9,T018,U04,direct,
2079.9,T019,U01,direct,
2080.0,T010,U03,direct,
2080.5,T008,U06,direct,
2080.6,T005,U07,direct,
2080.9,T018,U04,direct,
2080.9,T019,U01,direct,
2081.0,T010,U03,direct,
2081.5,T008,U06,direct,
2081.6,T005,U07,direct,
2081.9,T018,U04,direct,
2081.9,T019,U01,direct,
2082.0,T010,U03,direct,
2082.5,T008,U06,direct,
2082.6,T005,U07,direct,
2082.9,T018,U04,direct,
2082.9,T019,U01,direct,
2083.0,T010,U03,direct,
2083.5,T008,U06,direct,
2083.6,T005,U07,direct,
2083.9,T018,U04,direct,
2083.9,T019,U01,direct,
2084.0,T010,U03,direct,
2084.5,T008,U06,direct,
2084.6,T005,U07,direct,
2084.9,T018,U04,direct,
2084.9,T019,U01,direct,
2085.0,T010,U03,direct,
2085.5,T008,U06,direct,
2085.6,T005,U07,direct,
2085.9,T018,U04,direct,
2085.9,T019,U01,direct,
2086.0,T010,U03,direct,
2086.5,T008,U06,direct,
2086.6,T005,U07,direct,
2086.9,T018,U04,direct,
2086.9,T019,U01,direct,
2087.0,T010,U03,direct,
2087.5,T008,U06,direct,
2087.6,T005,U07,direct,
2087.9,T018,U04,direct,
2087.9,T019,U01,direct,
2088.0,T010,U03,direct,
2088.5,T008,U06,direct,
2088.6,T005,U07,direct,
2088.9,T018,U04,direct,
2088.9,T019,U01,direct,
2089.0,T010,U03,direct,
2089.5,T008,U06,direct,
2089.6,T005,U07,direct,
2089.9,T018,U04,direct,
2089.9,T019,U01,direct,
2090.0,T010,U03,direct,
2090.5,T008,U06,direct,
2090.6,T005,U07,direct,
2090.9,T018,U04,direct,
2090.9,T019,U01,direct,
2091.0,T010,U03,direct,
2091.5,T008,U06,direct,
2091.6,T005,U07,direct,
2091.9,T018,U04,direct,
2091.9,T019,U01,direct,
2092.0,T010,U03,direct,
2092.5,T008,U06,direct,
2092.6,T005,U07,direct,
2092.9,T018,U04,direct,
2092.9,T019,U01,direct,
2093.0,T010,U03,direct,
2093.5,T008,U06,direct,
2093.6,T005,U07,direct,
2093.9,T018,U04,direct,
2093.9,T019,U01,direct,
2094.0,T010,U03,direct,
2094.5,T008,U06,direct,
2094.6,T005,U07,direct,
2094.9,T018,U04,direct,
2094.9,T019,U01,direct,
2095.0,T010,U03,direct,
2095.5,T008,U06,direct,
2095.6,T005,U07,direct,
2095.9,T018,U04,direct,
2095.9,T019,U01,direct,
2096.0,T010,U03,direct,
2096.5,T008,U06,direct,
2096.6,T005,U07,direct,
2096.9,T018,U04,direct,
2096.9,T019,U01,direct,
2097.0,T010,U03,direct,
2097.5,T008,U06,direct,
2097.6,T005,U07,direct,
2097.9,T018,U04,direct,
2097.9,T019,U01,direct,
2098.0,T010,U03,direct,
2098.5,T008,U06,direct,
2098.6,T005,U07,direct,
2098.9,T018,U04,direct,
2098.9,T019,U01,direct,
2099.0,T010,U03,direct,
2099.5,T008,U06,direct,
2099.6,T005,U07,direct,
2099.9,T018,U04,direct,
2099.9,T019,U01,direct,
2100.0,T010,U03,direct,
2100.5,T008,U06,direct,
2100.6,T005,U07,direct,
2100.9,T018,U04,direct,
2100.9,T019,U01,direct,
2101.0,T010,U03,direct,
2101.5,T008,U06,direct,
2101.6,T005,U07,direct,
2101.9,T018,U04,direct,
2101.9,T019,U01,direct,
2102.0,T010,U03,direct,
2102.5,T008,U06,direct,
2102.6,T005,U07,direct,
2102.9,T018,U04,direct,
2102.9,T019,U01,direct,
2103.0,T010,U03,direct,
2103.5,T008,U06,direct,
2103.6,T005,U07,direct,
2103.9,T018,U04,direct,
2103.9,T019,U01,direct,
2104.0,T010,U03,direct,
2104.5,T008,U06,direct,
2104.6,T005,U07,direct,
2104.9,T018,U04,direct,
2104.9,T019,U01,direct,
2105.0,T010,U03,direct,
2105.5,T008,U06,direct,
2105.6,T005,U07,direct,
2105.9,T018,U04,direct,
2105.9,T019,U01,direct,
2106.0,T010,U03,direct,
2106.5,T008,U06,direct,
2106.6,T005,U07,direct,
2106.9,T018,U04,direct,
2106.9,T019,U01,direct,
2107.0,T010,U03,direct,
2107.5,T008,U06,direct,
2107.6,T005,U07,direct,
2107.9,T018,U04,direct,
2107.9,T019,U01,direct,
2108.0,T010,U03,direct,
2108.5,T008,U06,direct,
2108.6,T005,U07,direct,
2108.9,T018,U04,direct,
2108.9,T019,U01,direct,
2109.0,T010,U03,direct,
2109.5,T008,U06,direct,
2109.6,T005,U07,direct,
2109.9,T018,U04,direct,
2109.9,T019,U01,direct,
2110.0,T010,U03,direct,
2110.5,T008,U06,direct,
2110.6,T005,U07,direct,
2110.9,T018,U04,direct,
2110.9,T019,U01,direct,
2111.0,T010,U03,direct,
2111.5,T008,U06,direct,
2111.6,T005,U07,direct,
2111.9,T018,U04,direct,
2111.9,T019,U01,direct,
2112.0,T010,U03,direct,
2112.5,T008,U06,direct,
2112.6,T005,U07,direct,
2112.9,T018,U04,direct,
2112.9,T019,U01,direct,
2113.0,T010,U03,direct,
2113.5,T008,U06,direct,
2113.6,T005,U07,direct,
2113.9,T018,U04,direct,
2113.9,T019,U01,direct,
2114.0,T010,U03,direct,
2114.5,T008,U06,direct,
2114.6,T005,U07,direct,
2114.9,T018,U04,direct,
2114.9,T019,U01,direct,
2115.0,T010,U03,direct,
2115.5,T008,U06,direct,
2115.6,T005,U07,direct,
2115.9,T018,U04,direct,
2115.9,T019,U01,direct,
2116.0,T010,U03,direct,
2116.5,T008,U06,direct,
2116.6,T005,U07,direct,
2116.9,T018,U04,direct,
2116.9,T019,U01,direct,
2117.0,T010,U03,direct,
2117.5,T008,U06,direct,
2117.6,T005,U07,direct,
2117.9,T018,U04,direct,
2117.9,T019,U01,direct,
2118.0,T010,U03,direct,
2118.5,T008,U06,direct,
2118.6,T005,U07,direct,
2118.9,T018,U04,direct,
2118.9,T019,U01,direct,
2119.0,T010,U03,direct,
2119.5,T008,U06,direct,
2119.6,T005,U07,direct,
2119.9,T018,U04,direct,
2119.9,T019,U01,direct,
2120.0,T010,U03,direct,
2120.5,T008,U06,direct,
2120.6,T005,U07,direct,
2120.9,T018,U04,direct,
2120.9,T019,U01,direct,
2121.0,T010,U03,direct,
2121.5,T008,U06,direct,
2121.6,T005,U07,direct,
2121.9,T018,U04,direct,
2121.9,T019,U01,direct,
2122.0,T010,U03,direct,
2122.5,T008,U06,direct,
2122.6,T005,U07,direct,
2122.9,T018,U04,direct,
2122.9,T019,U01,direct,
2123.0,T010,U03,direct,
2123.5,T008,U06,direct,
2123.6,T005,U07,direct,
2123.9,T018,U04,direct,
2123.9,T019,U01,direct,
2124.0,T010,U03,direct,
2124.5,T008,U06,direct,
2124.6,T005,U07,direct,
2124.9,T018,U04,direct,
2124.9,T019,U01,direct,
2125.0,T010,U03,direct,
2125.5,T008,U06,direct,
2125.6,T005,U07,direct,
2125.9,T018,U04,direct,
2125.9,T019,U01,direct,
2126.0,T010,U03,direct,
2126.5,T008,U06,direct,
2126.6,T005,U07,direct,
2126.9,T018,U04,direct,
2126.9,T019,U01,direct,
2127.0,T010,U03,direct,
2127.5,T008,U06,direct,
2127.6,T005,U07,direct,
2127.9,T018,U04,direct,
2127.9,T019,U01,direct,
2128.0,T010,U03,direct,
2128.5,T008,U06,direct,
2128.6,T005,U07,direct,
2128.9,T018,U04,direct,
2128.9,T019,U01,direct,
2129.0,T010,U03,direct,
2129.5,T008,U06,direct,
2129.6,T005,U07,direct,
2129.9,T018,U04,direct,
2129.9,T019,U01,direct,
2130.0,T010,U03,direct,
2130.5,T008,U06,direct,
2130.6,T005,U07,direct,
2130.9,T018,U04,direct,
2130.9,T019,U01,direct,
2131.0,T010,U03,direct,
2131.5,T008,U06,direct,
2131.6,T005,U07,direct,
2131.9,T018,U04,direct,
2131.9,T019,U01,direct,
2132.0,T010,U03,direct,
2132.5,T008,U06,direct,
2132.6,T005,U07,direct,
2132.9,T018,U04,direct,
2132.9,T019,U01,direct,
2133.0,T010,U03,direct,
2133.5,T008,U06,direct,
2133.6,T005,U07,direct,
2133.9,T018,U04,direct,
2133.9,T019,U01,direct,
2134.0,T010,U03,direct,
2134.5,T008,U06,direct,
2134.6,T005,U07,direct,
2134.9,T018,U04,direct,
2134.9,T019,U01,direct,
2135.0,T010,U03,direct,
2135.5,T008,U06,direct,
2135.6,T005,U07,direct,
2135.9,T018,U04,direct,
2135.9,T019,U01,direct,
2136.0,T010,U03,direct,
2136.5,T008,U06,direct,
2136.6,T005,U07,direct,
2136.9,T018,U04,direct,
2136.9,T019,U01,direct,
2137.0,T010,U03,direct,
2137.5,T008,U06,direct,
2137.6,T005,U07,direct,
2137.9,T018,U04,direct,
2137.9,T019,U01,direct,
2138.0,T010,U03,direct,
2138.5,T008,U06,direct,
2138.6,T005,U07,direct,
2138.9,T018,U04,direct,
2138.9,T019,U01,direct,
2139.0,T010,U03,direct,
2139.5,T008,U06,direct,
2139.6,T005,U07,direct,
2139.9,T018,U04,direct,
2139.9,T019,U01,direct,
2140.0,T010,U03,direct,
2140.5,T008,U06,direct,
2140.6,T005,U07,direct,
2140.9,T018,U04,direct,
2140.9,T019,U01,direct,
2141.0,T010,U03,direct,
2141.5,T008,U06,direct,
2141.6,T005,U07,direct,
2141.9,T018,U04,direct,
2141.9,T019,U01,direct,
2142.0,T010,U03,direct,
2142.5,T008,U06,direct,
2142.6,T005,U07,direct,
2142.9,T018,U04,direct,
2142.9,T019,U01,direct,
2143.0,T010,U03,direct,
2143.5,T008,U06,direct,
2143.6,T005,U07,direct,
2143.9,T018,U04,direct,
2143.9,T019,U01,direct,
2144.0,T010,U03,direct,
2144.5,T008,U06,direct,
2144.6,T005,U07,direct,
2144.9,T018,U04,direct,
2144.9,T019,U01,direct,
2145.0,T010,U03,direct,
2145.5,T008,U06,direct,
2145.6,T005,U07,direct,
2145.9,T018,U04,direct,
2145.9,T019,U01,direct,
2146.0,T010,U03,direct,
2146.5,T008,U06,direct,
2146.6,T005,U07,direct,
2146.9,T018,U04,direct,
2146.9,T019,U01,direct,
2147.0,T010,U03,direct,
2147.5,T008,U06,direct,
2147.6,T005,U07,direct,
2147.9,T018,U04,direct,
2147.9,T019,U01,direct,
2148.0,T010,U03,direct,
2148.5,T008,U06,direct,
2148.6,T005,U07,direct,
2148.9,T018,U04,direct,
2148.9,T019,U01,direct,
2149.0,T010,U03,direct,
2149.5,T008,U06,direct,
2149.6,T005,U07,direct,
2149.9,T018,U04,direct,
2149.9,T019,U01,direct,
2150.0,T010,U03,direct,
2150.5,T008,U06,direct,
2150.6,T005,U07,direct,
2150.9,T018,U04,direct,
2150.9,T019,U01,direct,
2151.0,T010,U03,direct,
2151.5,T008,U06,direct,
2151.6,T005,U07,direct,
2151.9,T018,U04,direct,
2151.9,T019,U01,direct,
2152.0,T010,U03,direct,
2152.5,T008,U06,direct,
2152.6,T005,U07,direct,
2152.9,T018,U04,direct,
2152.9,T019,U01,direct,
2153.0,T010,U03,direct,
2153.5,T008,U06,direct,
2153.6,T005,U07,direct,
2153.9,T018,U04,direct,
2153.9,T019,U01,direct,
2154.0,T010,U03,direct,
2154.5,T008,U06,direct,
2154.6,T005,U07,direct,
2154.9,T018,U04,direct,
2154.9,T019,U01,direct,
2155.0,T010,U03,direct,
2155.5,T008,U06,direct,
2155.6,T005,U07,direct,
2155.9,T018,U04,direct,
2155.9,T019,U01,direct,
2156.0,T010,U03,direct,
2156.5,T008,U06,direct,
2156.6,T005,U07,direct,
2156.9,T018,U04,direct,
2156.9,T019,U01,direct,
2157.0,T010,U03,direct,
2157.5,T008,U06,direct,
2157.6,T005,U07,direct,
2157.9,T018,U04,direct,
2157.9,T019,U01,direct,
2158.0,T010,U03,direct,
2158.5,T008,U06,direct,
2158.6,T005,U07,direct,
2158.9,T018,U04,direct,
2158.9,T019,U01,direct,
2159.0,T010,U03,direct,
2159.5,T008,U06,direct,
2159.6,T005,U07,direct,
2159.9,T018,U04,direct,
2159.9,T019,U01,direct,
2160.0,T010,U03,direct,
2160.5,T008,U06,direct,
2160.6,T005,U07,direct,
2160.9,T018,U04,direct,
2160.9,T019,U01,direct,
2161.0,T010,U03,direct,
2161.5,T008,U06,direct,
2161.6,T005,U07,direct,
2161.9,T018,U04,direct,
2161.9,T019,U01,direct,
2162.0,T010,U03,direct,
2162.5,T008,U06,direct,
2162.6,T005,U07,direct,
2162.9,T018,U04,direct,
2162.9,T019,U01,direct,
2163.0,T010,U03,direct,
2163.5,T008,U06,direct,
2163.6,T005,U07,direct,
2163.9,T018,U04,direct,
2163.9,T019,U01,direct,
2164.0,T010,U03,direct,
2164.5,T008,U06,direct,
2164.6,T005,U07,direct,
2164.9,T018,U04,direct,
2164.9,T019,U01,direct,
2165.0,T010,U03,direct,
2165.5,T008,U06,direct,
2165.6,T005,U07,direct,
2165.9,T018,U04,direct,
2165.9,T019,U01,direct,
2166.0,T010,U03,direct,
2166.5,T008,U06,direct,
2166.6,T005,U07,direct,
2166.9,T018,U04,direct,
2166.9,T019,U01,direct,
2167.0,T010,U03,direct,
2167.5,T008,U06,direct,
2167.6,T005,U07,direct,
2167.9,T018,U04,direct,
2167.9,T019,U01,direct,
2168.0,T010,U03,direct,
2168.5,T008,U06,direct,
2168.6,T005,U07,direct,
2168.9,T018,U04,direct,
2168.9,T019,U01,direct,
2169.0,T010,U03,direct,
2169.5,T008,U06,direct,
2169.6,T005,U07,direct,
2169.9,T018,U04,direct,
2169.9,T019,U01,direct,
2170.0,T010,U03,direct,
2170.5,T008,U06,direct,
2170.6,T005,U07,direct,
2170.9,T018,U04,direct,
2170.9,T019,U01,direct,
2171.0,T010,U03,direct,
2171.5,T008,U06,direct,
2171.6,T005,U07,direct,
2171.9,T018,U04,direct,
2171.9,T019,U01,direct,
2172.5,T008,U06,direct,
2172.6,T005,U07,direct,
2172.9,T018,U04,direct,
2172.9,T019,U01,direct,
2173.5,T008,U06,direct,
2173.6,T005,U07,direct,
2173.9,T018,U04,direct,
2173.9,T019,U01,direct,
2174.5,T008,U06,direct,
2174.6,T005,U07,direct,
2174.9,T018,U04,direct,
2174.9,T019,U01,direct,
2175.5,T008,U06,direct,
2175.6,T005,U07,direct,
2175.9,T018,U04,direct,
2175.9,T019,U01,direct,
2176.5,T008,U06,direct,
2176.6,T005,U07,direct,
2176.9,T018,U04,direct,
2176.9,T019,U01,direct,
2177.5,T008,U06,direct,
2177.6,T005,U07,direct,
2177.9,T018,U04,direct,
2177.9,T019,U01,direct,
2178.5,T008,U06,direct,
2178.6,T005,U07,direct,
2178.9,T018,U04,direct,
2178.9,T019,U01,direct,
2179.5,T008,U06,direct,
2179.6,T005,U07,direct,
2179.9,T018,U04,direct,
2179.9,T019,U01,direct,
2180.5,T008,U06,direct,
2180.6,T005,U07,direct,
2180.9,T018,U04,direct,
2180.9,T019,U01,direct,
2181.5,T008,U06,direct,
2181.6,T005,U07,direct,
2181.9,T018,U04,direct,
2181.9,T019,U01,direct,
2182.5,T008,U06,direct,
2182.6,T005,U07,direct,
2182.9,T018,U04,direct,
2182.9,T019,U01,direct,
2183.5,T008,U06,direct,
2183.6,T005,U07,direct,
2183.9,T018,U04,direct,
2183.9,T019,U01,direct,
2184.5,T008,U06,direct,
2184.6,T005,U07,direct,
2184.9,T018,U04,direct,
2184.9,T019,U01,direct,
2185.5,T008,U06,direct,
2185.6,T005,U07,direct,
2185.9,T018,U04,direct,
2185.9,T019,U01,direct,
2186.5,T008,U06,direct,
2186.6,T005,U07,direct,
2186.9,T018,U04,direct,
2186.9,T019,U01,direct,
2187.5,T008,U06,direct,
2187.6,T005,U07,direct,
2187.9,T018,U04,direct,
2187.9,T019,U01,direct,
2188.5,T008,U06,direct,
2188.6,T005,U07,direct,
2188.9,T018,U04,direct,
2188.9,T019,U01,direct,
2189.5,T008,U06,direct,
2189.6,T005,U07,direct,
2189.9,T018,U04,direct,
2189.9,T019,U01,direct,
2190.5,T008,U06,direct,
2190.6,T005,U07,direct,
2190.9,T018,U04,direct,
2190.9,T019,U01,direct,
2191.5,T008,U06,direct,
2191.6,T005,U07,direct,
2191.9,T018,U04,direct,
2191.9,T019,U01,direct,
2192.5,T008,U06,direct,
2192.6,T005,U07,direct,
2192.9,T018,U04,direct,
2192.9,T019,U01,direct,
2193.5,T008,U06,direct,
2193.6,T005,U07,direct,
2193.9,T018,U04,direct,
2193.9,T019,U01,direct,
2194.5,T008,U06,direct,
2194.6,T005,U07,direct,
2194.9,T018,U04,direct,
2194.9,T019,U01,direct,
2195.5,T008,U06,direct,
2195.6,T005,U07,direct,
2195.9,T018,U04,direct,
2195.9,T019,U01,direct,
2196.5,T008,U06,direct,
2196.6,T005,U07,direct,
2196.9,T018,U04,direct,
2196.9,T019,U01,direct,
2197.5,T008,U06,direct,
2197.6,T005,U07,direct,
2197.9,T018,U04,direct,
2197.9,T019,U01,direct,
2198.5,T008,U06,direct,
2198.6,T005,U07,direct,
2198.9,T018,U04,direct,
2198.9,T019,U01,direct,
2199.5,T008,U06,direct,
2199.6,T005,U07,direct,
2199.9,T018,U04,direct,
2199.9,T019,U01,direct,
2200.5,T008,U06,direct,
2200.6,T005,U07,direct,
2200.9,T018,U04,direct,
2200.9,T019,U01,direct,
2201.5,T008,U06,direct,
2201.6,T005,U07,direct,
2201.9,T018,U04,direct,
2201.9,T019,U01,direct,
2202.5,T008,U06,direct,
2202.6,T005,U07,direct,
2202.9,T018,U04,direct,
2202.9,T019,U01,direct,
2203.5,T008,U06,direct,
2203.6,T005,U07,direct,
2203.9,T018,U04,direct,
2203.9,T019,U01,direct,
2204.5,T008,U06,direct,
2204.6,T005,U07,direct,
2204.9,T018,U04,direct,
2204.9,T019,U01,direct,
2205.5,T008,U06,direct,
2205.6,T005,U07,direct,
2205.9,T018,U04,direct,
2205.9,T019,U01,direct,
2206.5,T008,U06,direct,
2206.6,T005,U07,direct,
2206.9,T018,U04,direct,
2206.9,T019,U01,direct,
2207.5,T008,U06,direct,
2207.6,T005,U07,direct,
2207.9,T018,U04,direct,
2207.9,T019,U01,direct,
2208.5,T008,U06,direct,
2208.6,T005,U07,direct,
2208.9,T018,U04,direct,
2208.9,T019,U01,direct,
2209.5,T008,U06,direct,
2209.6,T005,U07,direct,
2209.9,T018,U04,direct,
2209.9,T019,U01,direct,
2210.5,T008,U06,direct,
2210.6,T005,U07,direct,
2210.9,T018,U04,direct,
2210.9,T019,U01,direct,
2211.5,T008,U06,direct,
2211.6,T005,U07,direct,
2211.9,T018,U04,direct,
2211.9,T019,U01,direct,
2212.5,T008,U06,direct,
2212.6,T005,U07,direct,
2212.9,T018,U04,direct,
2212.9,T019,U01,direct,
2213.5,T008,U06,direct,
2213.6,T005,U07,direct,
2213.9,T018,U04,direct,
2213.9,T019,U01,direct,
2214.5,T008,U06,direct,
2214.6,T005,U07,direct,
2214.9,T018,U04,direct,
2214.9,T019,U01,direct,
2215.5,T008,U06,direct,
2215.6,T005,U07,direct,
2215.9,T018,U04,direct,
2215.9,T019,U01,direct,
2216.5,T008,U06,direct,
2216.6,T005,U07,direct,
2216.9,T018,U04,direct,
2216.9,T019,U01,direct,
2217.5,T008,U06,direct,
2217.6,T005,U07,direct,
2217.9,T018,U04,direct,
2217.9,T019,U01,direct,
2218.5,T008,U06,direct,
2218.6,T005,U07,direct,
2218.9,T018,U04,direct,
2218.9,T019,U01,direct,
2219.5,T008,U06,direct,
2219.6,T005,U07,direct,
2219.9,T018,U04,direct,
2219.9,T019,U01,direct,
2220.5,T008,U06,direct,
2220.6,T005,U07,direct,
2220.9,T018,U04,direct,
2220.9,T019,U01,direct,
2221.5,T008,U06,direct,
2221.6,T005,U07,direct,
2221.9,T018,U04,direct,
2221.9,T019,U01,direct,
2222.5,T008,U06,direct,
2222.6,T005,U07,direct,
2222.9,T018,U04,direct,
2222.9,T019,U01,direct,
2223.5,T008,U06,direct,
2223.6,T005,U07,direct,
2223.9,T018,U04,direct,
2223.9,T019,U01,direct,
2224.5,T008,U06,direct,
2224.6,T005,U07,direct,
2224.9,T018,U04,direct,
2224.9,T019,U01,direct,
2225.5,T008,U06,direct,
2225.6,T005,U07,direct,
2225.9,T018,U04,direct,
2225.9,T019,U01,direct,
2226.5,T008,U06,direct,
2226.6,T005,U07,direct,
2226.9,T018,U04,direct,
2226.9,T019,U01,direct,
2227.5,T008,U06,direct,
2227.6,T005,U07,direct,
2227.9,T018,U04,direct,
2227.9,T019,U01,direct,
2228.5,T008,U06,direct,
2228.6,T005,U07,direct,
2228.9,T018,U04,direct,
2228.9,T019,U01,direct,
2229.5,T008,U06,direct,
2229.6,T005,U07,direct,
2229.9,T018,U04,direct,
2229.9,T019,U01,direct,
2230.5,T008,U06,direct,
2230.6,T005,U07,direct,
2230.9,T018,U04,direct,
2230.9,T019,U01,direct,
2231.5,T008,U06,direct,
2231.6,T005,U07,direct,
2231.9,T018,U04,direct,
2231.9,T019,U01,direct,
2232.5,T008,U06,direct,
2232.6,T005,U07,direct,
2232.9,T018,U04,direct,
2232.9,T019,U01,direct,
2233.5,T008,U06,direct,
2233.6,T005,U07,direct,
2233.9,T018,U04,direct,
2233.9,T019,U01,direct,
2234.5,T008,U06,direct,
2234.6,T005,U07,direct,
2234.9,T018,U04,direct,
2234.9,T019,U01,direct,
2235.5,T008,U06,direct,
2235.6,T005,U07,direct,
2235.9,T018,U04,direct,
2235.9,T019,U01,direct,
2236.5,T008,U06,direct,
2236.6,T005,U07,direct,
2236.9,T018,U04,direct,
2236.9,T019,U01,direct,
2237.5,T008,U06,direct,
2237.6,T005,U07,direct,
2237.9,T018,U04,direct,
2237.9,T019,U01,direct,
2238.5,T008,U06,direct,
2238.6,T005,U07,direct,
2238.9,T018,U04,direct,
2238.9,T019,U01,direct,
2239.5,T008,U06,direct,
2239.6,T005,U07,direct,
2239.9,T018,U04,direct,
2239.9,T019,U01,direct,
2240.5,T008,U06,direct,
2240.6,T005,U07,direct,
2240.9,T018,U04,direct,
2240.9,T019,U01,direct,
2241.5,T008,U06,direct,
2241.6,T005,U07,direct,
2241.9,T018,U04,direct,
2241.9,T019,U01,direct,
2242.5,T008,U06,direct,
2242.6,T005,U07,direct,
2242.9,T018,U04,direct,
2242.9,T019,U01,direct,
2243.5,T008,U06,direct,
2243.6,T005,U07,direct,
2243.9,T018,U04,direct,
2243.9,T019,U01,direct,
2244.5,T008,U06,direct,
2244.6,T005,U07,direct,
2244.9,T018,U04,direct,
2244.9,T019,U01,direct,
2245.5,T008,U06,direct,
2245.6,T005,U07,direct,
2245.9,T018,U04,direct,
2245.9,T019,U01,direct,
2246.5,T008,U06,direct,
2246.6,T005,U07,direct,
2246.9,T018,U04,direct,
2246.9,T019,U01,direct,
2247.5,T008,U06,direct,
2247.6,T005,U07,direct,
2247.9,T018,U04,direct,
2247.9,T019,U01,direct,
2248.5,T008,U06,direct,
2248.6,T005,U07,direct,
2248.9,T018,U04,direct,
2248.9,T019,U01,direct,
2249.5,T008,U06,direct,
2249.6,T005,U07,direct,
2249.9,T018,U04,direct,
2249.9,T019,U01,direct,
2250.5,T008,U06,direct,
2250.6,T005,U07,direct,
2250.9,T018,U04,direct,
2250.9,T019,U01,direct,
2251.5,T008,U06,direct,
2251.6,T005,U07,direct,
2251.9,T018,U04,direct,
2251.9,T019,U01,direct,
2252.5,T008,U06,direct,
2252.6,T005,U07,direct,
2252.9,T018,U04,direct,
2252.9,T019,U01,direct,
2253.5,T008,U06,direct,
2253.6,T005,U07,direct,
2253.9,T018,U04,direct,
2253.9,T019,U01,direct,
2254.5,T008,U06,direct,
2254.6,T005,U07,direct,
2254.9,T018,U04,direct,
2254.9,T019,U01,direct,
2255.5,T008,U06,direct,
2255.6,T005,U07,direct,
2255.9,T018,U04,direct,
2255.9,T019,U01,direct,
2256.5,T008,U06,direct,
2256.6,T005,U07,direct,
2256.9,T018,U04,direct,
2256.9,T019,U01,direct,
2257.5,T008,U06,direct,
2257.6,T005,U07,direct,
2257.9,T018,U04,direct,
2257.9,T019,U01,direct,
2258.5,T008,U06,direct,
2258.6,T005,U07,direct,
2258.9,T018,U04,direct,
2258.9,T019,U01,direct,
2259.5,T008,U06,relay,R02
2259.6,T005,U07,direct,
2259.8,T013,U05,direct,
2259.9,T018,U04,direct,
2259.9,T019,U01,direct,
2260.5,T008,U06,relay,R02
2260.6,T005,U07,direct,
2260.8,T013,U05,direct,
2260.9,T018,U04,direct,
2260.9,T019,U01,direct,
2261.5,T008,U06,relay,R02
2261.6,T005,U07,direct,
2261.8,T013,U05,direct,
2261.9,T018,U04,direct,
2261.9,T019,U01,direct,
2262.5,T008,U06,relay,R02
2262.6,T005,U07,direct,
2262.8,T013,U05,direct,
2262.9,T018,U04,direct,
2262.9,T019,U01,direct,
2263.5,T008,U06,relay,R02
2263.6,T005,U07,direct,
2263.8,T013,U05,direct,
2263.9,T018,U04,direct,
2263.9,T019,U01,direct,
2264.5,T008,U06,relay,R02
2264.6,T005,U07,direct,
2264.8,T013,U05,direct,
2264.9,T018,U04,direct,
2264.9,T019,U01,direct,
2265.5,T008,U06,relay,R02
2265.6,T005,U07,direct,
2265.8,T013,U05,direct,
2265.9,T018,U04,direct,
2265.9,T019,U01,direct,
2266.5,T008,U06,relay,R02
2266.6,T005,U07,direct,
2266.8,T013,U05,direct,
2266.9,T018,U04,direct,
2266.9,T019,U01,direct,
2267.5,T008,U06,relay,R02
2267.6,T005,U07,direct,
2267.8,T013,U05,direct,
2267.9,T018,U04,direct,
2267.9,T019,U01,direct,
2268.5,T008,U06,relay,R02
2268.6,T005,U07,direct,
2268.8,T013,U05,direct,
2268.9,T018,U04,direct,
2268.9,T019,U01,direct,
2269.5,T008,U06,relay,R02
2269.6,T005,U07,direct,
2269.8,T013,U05,direct,
2269.9,T018,U04,direct,
2269.9,T019,U01,direct,
2270.5,T008,U06,relay,R02
2270.6,T005,U07,direct,
2270.8,T013,U05,direct,
2270.9,T018,U04,direct,
2270.9,T019,U01,direct,
2271.5,T008,U06,relay,R02
2271.6,T005,U07,direct,
2271.8,T013,U05,direct,
2271.9,T018,U04,direct,
2271.9,T019,U01,direct,
2272.5,T008,U06,relay,R02
2272.6,T005,U07,direct,
2272.8,T013,U05,direct,
2272.9,T018,U04,direct,
2272.9,T019,U01,direct,
2273.5,T008,U06,relay,R02
2273.6,T005,U07,direct,
2273.8,T013,U05,direct,
2273.9,T018,U04,direct,
2273.9,T019,U01,direct,
2274.5,T008,U06,relay,R02
2274.6,T005,U07,direct,
2274.8,T013,U05,direct,
2274.9,T018,U04,direct,
2274.9,T019,U01,direct,
2275.5,T008,U06,relay,R02
2275.6,T005,U07,direct,
2275.8,T013,U05,direct,
2275.9,T018,U04,direct,
2275.9,T019,U01,direct,
2276.5,T008,U06,relay,R02
2276.6,T005,U07,direct,
2276.8,T013,U05,direct,
2276.9,T018,U04,direct,
2276.9,T019,U01,direct,
2277.5,T008,U06,relay,R02
2277.6,T005,U07,direct,
2277.8,T013,U05,direct,
2277.9,T018,U04,direct,
2277.9,T019,U01,direct,
2278.5,T008,U06,relay,R02
2278.6,T005,U07,direct,
2278.8,T013,U05,direct,
2278.9,T018,U04,direct,
2278.9,T019,U01,direct,
2279.5,T008,U06,relay,R02
2279.6,T005,U07,direct,
2279.8,T013,U05,direct,
2279.9,T018,U04,direct,
2279.9,T019,U01,direct,
2280.5,T008,U06,relay,R02
2280.6,T005,U07,direct,
2280.8,T013,U05,direct,
2280.9,T018,U04,direct,
2280.9,T019,U01,direct,
2281.5,T008,U06,relay,R02
2281.6,T005,U07,direct,
2281.8,T013,U05,direct,
2281.9,T018,U04,direct,
2281.9,T019,U01,direct,
2282.5,T008,U06,relay,R02
2282.6,T005,U07,direct,
2282.8,T013,U05,direct,
2282.9,T018,U04,direct,
2282.9,T019,U01,direct,
2283.5,T008,U06,relay,R02
2283.6,T005,U07,direct,
2283.8,T013,U05,direct,
2283.9,T018,U04,direct,
2283.9,T019,U01,direct,
2284.5,T008,U06,relay,R02
2284.6,T005,U07,direct,
2284.8,T013,U05,direct,
2284.9,T018,U04,direct,
2284.9,T019,U01,direct,
2285.5,T008,U06,relay,R02
2285.6,T005,U07,direct,
2285.8,T013,U05,direct,
2285.9,T018,U04,direct,
2285.9,T019,U01,direct,
2286.5,T008,U06,relay,R02
2286.6,T005,U07,direct,
2286.8,T013,U05,direct,
2286.9,T018,U04,direct,
2286.9,T019,U01,direct,
2287.5,T008,U06,relay,R02
2287.6,T005,U07,direct,
2287.8,T013,U05,direct,
2287.9,T018,U04,direct,
2287.9,T019,U01,direct,
2288.5,T008,U06,relay,R02
2288.6,T005,U07,direct,
2288.8,T013,U05,direct,
2288.9,T018,U04,direct,
2288.9,T019,U01,direct,
2289.5,T008,U06,relay,R02
2289.6,T005,U07,direct,
2289.8,T013,U05,direct,
2289.9,T018,U04,direct,
2289.9,T019,U01,direct,
2290.5,T008,U06,relay,R02
2290.6,T005,U07,direct,
2290.8,T013,U05,direct,
2290.9,T018,U04,direct,
2290.9,T019,U01,direct,
2291.5,T008,U06,relay,R02
2291.6,T005,U07,direct,
2291.8,T013,U05,direct,
2291.9,T018,U04,direct,
2291.9,T019,U01,direct,
2292.5,T008,U06,relay,R02
2292.6,T005,U07,direct,
2292.8,T013,U05,direct,
2292.9,T018,U04,direct,
2292.9,T019,U01,direct,
2293.5,T008,U06,relay,R02
2293.6,T005,U07,direct,
2293.8,T013,U05,direct,
2293.9,T018,U04,direct,
2293.9,T019,U01,direct,
2294.5,T008,U06,relay,R02
2294.6,T005,U07,direct,
2294.8,T013,U05,direct,
2294.9,T018,U04,direct,
2294.9,T019,U01,direct,
2295.5,T008,U06,relay,R02
2295.6,T005,U07,direct,
2295.8,T013,U05,direct,
2295.9,T018,U04,direct,
2295.9,T019,U01,direct,
2296.5,T008,U06,relay,R02
2296.6,T005,U07,direct,
2296.8,T013,U05,direct,
2296.9,T018,U04,direct,
2296.9,T019,U01,direct,
2297.5,T008,U06,relay,R02
2297.6,T005,U07,direct,
2297.8,T013,U05,direct,
2297.9,T018,U04,direct,
2297.9,T019,U01,direct,
2298.5,T008,U06,relay,R02
2298.6,T005,U07,direct,
2298.8,T013,U05,direct,
2298.9,T018,U04,direct,
2298.9,T019,U01,direct,
2299.5,T008,U06,relay,R02
2299.6,T005,U07,direct,
2299.8,T013,U05,direct,
2299.9,T018,U04,direct,
2299.9,T019,U01,direct,
2300.5,T008,U06,relay,R02
2300.6,T005,U07,direct,
2300.8,T013,U05,direct,
2300.9,T018,U04,direct,
2300.9,T019,U01,direct,
2301.5,T008,U06,relay,R02
2301.6,T005,U07,direct,
2301.8,T013,U05,direct,
2301.9,T018,U04,direct,
2301.9,T019,U01,direct,
2302.5,T008,U06,relay,R02
2302.6,T005,U07,direct,
2302.8,T013,U05,direct,
2302.9,T018,U04,direct,
2302.9,T019,U01,direct,
2303.5,T008,U06,relay,R02
2303.6,T005,U07,direct,
2303.8,T013,U05,direct,
2303.9,T018,U04,direct,
2303.9,T019,U01,direct,
2304.5,T008,U06,relay,R02
2304.6,T005,U07,direct,
2304.8,T013,U05,direct,
2304.9,T018,U04,direct,
2304.9,T019,U01,direct,
2305.5,T008,U06,relay,R02
2305.6,T005,U07,direct,
2305.8,T013,U05,direct,
2305.9,T018,U04,direct,
2305.9,T019,U01,direct,
2306.5,T008,U06,relay,R02
2306.6,T005,U07,direct,
2306.8,T013,U05,direct,
2306.9,T018,U04,direct,
2306.9,T019,U01,direct,
2307.5,T008,U06,relay,R02
2307.6,T005,U07,direct,
2307.8,T013,U05,direct,
2307.9,T018,U04,direct,
2307.9,T019,U01,direct,
2308.5,T008,U06,relay,R02
2308.6,T005,U07,direct,
2308.8,T013,U05,direct,
2308.9,T018,U04,direct,
2308.9,T019,U01,direct,
2309.5,T008,U06,relay,R02
2309.6,T005,U07,direct,
2309.8,T013,U05,direct,
2309.9,T018,U04,direct,
2309.9,T019,U01,direct,
2310.5,T008,U06,relay,R02
2310.6,T005,U07,direct,
2310.8,T013,U05,direct,
2310.9,T018,U04,direct,
2310.9,T019,U01,direct,
2311.5,T008,U06,relay,R02
2311.6,T005,U07,direct,
2311.8,T013,U05,direct,
2311.9,T018,U04,direct,
2311.9,T019,U01,direct,
2312.5,T008,U06,relay,R02
2312.6,T005,U07,direct,
2312.8,T013,U05,direct,
2312.9,T018,U04,direct,
2312.9,T019,U01,direct,
2313.5,T008,U06,relay,R02
2313.6,T005,U07,direct,
2313.8,T013,U05,direct,
2313.9,T018,U04,direct,
2313.9,T019,U01,direct,
2314.5,T008,U06,relay,R02
2314.6,T005,U07,direct,
2314.8,T013,U05,direct,
2314.9,T018,U04,direct,
2314.9,T019,U01,direct,
2315.5,T008,U06,relay,R02
2315.6,T005,U07,direct,
2315.8,T013,U05,direct,
2315.9,T018,U04,direct,
2315.9,T019,U01,direct,
2316.5,T008,U06,relay,R02
2316.6,T005,U07,direct,
2316.8,T013,U05,direct,
2316.9,T018,U04,direct,
2316.9,T019,U01,direct,
2317.5,T008,U06,relay,R02
2317.6,T005,U07,direct,
2317.8,T013,U05,direct,
2317.9,T018,U04,direct,
2317.9,T019,U01,direct,
2318.5,T008,U06,relay,R02
2318.6,T005,U07,direct,
2318.8,T013,U05,direct,
2318.9,T018,U04,direct,
2318.9,T019,U01,direct,
2319.5,T008,U06,relay,R02
2319.6,T005,U07,direct,
2319.8,T013,U05,direct,
2319.9,T018,U04,direct,
2319.9,T019,U01,direct,
2320.5,T008,U06,relay,R02
2320.6,T005,U07,direct,
2320.8,T013,U05,direct,
2320.9,T018,U04,direct,
2320.9,T019,U01,direct,
2321.5,T008,U06,relay,R02
2321.6,T005,U07,direct,
2321.8,T013,U05,direct,
2321.9,T018,U04,direct,
2321.9,T019,U01,direct,
2322.5,T008,U06,relay,R02
2322.6,T005,U07,direct,
2322.8,T013,U05,direct,
2322.9,T018,U04,direct,
2322.9,T019,U01,direct,
2323.5,T008,U06,relay,R02
2323.6,T005,U07,direct,
2323.8,T013,U05,direct,
2323.9,T018,U04,direct,
2323.9,T019,U01,direct,
2324.5,T008,U06,relay,R02
2324.6,T005,U07,direct,
2324.8,T013,U05,direct,
2324.9,T018,U04,direct,
2324.9,T019,U01,direct,
2325.5,T008,U06,relay,R02
2325.6,T005,U07,direct,
2325.8,T013,U05,direct,
2325.9,T018,U04,direct,
2325.9,T019,U01,direct,
2326.5,T008,U06,relay,R02
2326.6,T005,U07,direct,
2326.8,T013,U05,direct,
2326.9,T018,U04,direct,
2326.9,T019,U01,direct,
2327.5,T008,U06,relay,R02
2327.6,T005,U07,direct,
2327.8,T013,U05,direct,
2327.9,T018,U04,direct,
2327.9,T019,U01,direct,
2328.5,T008,U06,relay,R02
2328.6,T005,U07,direct,
2328.8,T013,U05,direct,
2328.9,T018,U04,direct,
2328.9,T019,U01,direct,
2329.5,T008,U06,relay,R02
2329.6,T005,U07,direct,
2329.8,T013,U05,direct,
2329.9,T018,U04,direct,
2329.9,T019,U01,direct,
2330.5,T008,U06,relay,R02
2330.6,T005,U07,direct,
2330.8,T013,U05,direct,
2330.9,T018,U04,direct,
2330.9,T019,U01,direct,
2331.5,T008,U06,relay,R02
2331.6,T005,U07,direct,
2331.8,T013,U05,direct,
2331.9,T018,U04,direct,
2331.9,T019,U01,direct,
2332.5,T008,U06,relay,R02
2332.6,T005,U07,direct,
2332.8,T013,U05,direct,
2332.9,T018,U04,direct,
2332.9,T019,U01,direct,
2333.5,T008,U06,relay,R02
2333.6,T005,U07,direct,
2333.8,T013,U05,direct,
2333.9,T018,U04,direct,
2333.9,T019,U01,direct,
2334.5,T008,U06,relay,R02
2334.6,T005,U07,direct,
2334.8,T013,U05,direct,
2334.9,T018,U04,direct,
2334.9,T019,U01,direct,
2335.5,T008,U06,relay,R02
2335.6,T005,U07,direct,
2335.8,T013,U05,direct,
2335.9,T018,U04,direct,
2335.9,T019,U01,direct,
2336.5,T008,U06,relay,R02
2336.6,T005,U07,direct,
2336.8,T013,U05,direct,
2336.9,T018,U04,direct,
2336.9,T019,U01,direct,
2337.5,T008,U06,relay,R02
2337.6,T005,U07,direct,
2337.8,T013,U05,direct,
2337.9,T018,U04,direct,
2337.9,T019,U01,direct,
2338.5,T008,U06,relay,R02
2338.6,T005,U07,direct,
2338.8,T013,U05,direct,
2338.9,T018,U04,direct,
2338.9,T019,U01,direct,
2339.5,T008,U06,relay,R02
2339.6,T005,U07,direct,
2339.8,T013,U05,direct,
2339.9,T018,U04,direct,
2339.9,T019,U01,direct,
2340.5,T008,U06,relay,R02
2340.6,T005,U07,direct,
2340.8,T013,U05,direct,
2340.9,T018,U04,direct,
2340.9,T019,U01,direct,
2341.5,T008,U06,relay,R02
2341.6,T005,U07,direct,
2341.8,T013,U05,direct,
2341.9,T018,U04,direct,
2341.9,T019,U01,direct,
2342.5,T008,U06,relay,R02
2342.6,T005,U07,direct,
2342.8,T013,U05,direct,
2342.9,T018,U04,direct,
2342.9,T019,U01,direct,
2343.5,T008,U06,relay,R02
2343.6,T005,U07,direct,
2343.8,T013,U05,direct,
2343.9,T018,U04,direct,
2343.9,T019,U01,direct,
2344.5,T008,U06,relay,R02
2344.6,T005,U07,direct,
2344.8,T013,U05,direct,
2344.9,T018,U04,direct,
2344.9,T019,U01,direct,
2345.5,T008,U06,relay,R02
2345.6,T005,U07,direct,
2345.8,T013,U05,direct,
2345.9,T018,U04,direct,
2345.9,T019,U01,direct,
2346.5,T008,U06,relay,R02
2346.6,T005,U07,direct,
2346.8,T013,U05,direct,
2346.9,T018,U04,direct,
2346.9,T019,U01,direct,
2347.5,T008,U06,relay,R02
2347.6,T005,U07,direct,
2347.8,T013,U05,direct,
2347.9,T018,U04,direct,
2347.9,T019,U01,direct,
2348.5,T008,U06,relay,R02
2348.6,T005,U07,direct,
2348.8,T013,U05,direct,
2348.9,T018,U04,direct,
2348.9,T019,U01,direct,
2349.5,T008,U06,relay,R02
2349.6,T005,U07,direct,
2349.8,T013,U05,direct,
2349.9,T018,U04,direct,
2349.9,T019,U01,direct,
2350.5,T008,U06,relay,R02
2350.6,T005,U07,direct,
2350.8,T013,U05,direct,
2350.9,T018,U04,direct,
2350.9,T019,U01,direct,
2351.5,T008,U06,relay,R02
2351.6,T005,U07,direct,
2351.8,T013,U05,direct,
2351.9,T018,U04,direct,
2351.9,T019,U01,direct,
2352.5,T008,U06,relay,R02
2352.6,T005,U07,direct,
2352.8,T013,U05,direct,
2352.9,T018,U04,direct,
2352.9,T019,U01,direct,
2353.5,T008,U06,relay,R02
2353.6,T005,U07,direct,
2353.8,T013,U05,direct,
2353.9,T018,U04,direct,
2353.9,T019,U01,direct,
2354.5,T008,U06,relay,R02
2354.6,T005,U07,direct,
2354.8,T013,U05,direct,
2354.9,T018,U04,direct,
2354.9,T019,U01,direct,
2355.5,T008,U06,relay,R02
2355.6,T005,U07,direct,
2355.8,T013,U05,direct,
2355.9,T018,U04,direct,
2355.9,T019,U01,direct,
2356.5,T008,U06,relay,R02
2356.6,T005,U07,direct,
2356.8,T013,U05,direct,
2356.9,T018,U04,direct,
2356.9,T019,U01,direct,
2357.5,T008,U06,relay,R02
2357.6,T005,U07,direct,
2357.8,T013,U05,direct,
2357.9,T018,U04,direct,
2357.9,T019,U01,direct,
2358.5,T008,U06,relay,R02
2358.6,T005,U07,direct,
2358.8,T013,U05,direct,
2358.9,T018,U04,direct,
2358.9,T019,U01,direct,
2359.5,T008,U06,relay,R02
2359.6,T005,U07,direct,
2359.8,T013,U05,direct,
2359.9,T018,U04,direct,
2359.9,T019,U01,direct,
2360.5,T008,U06,relay,R02
2360.6,T005,U07,direct,
2360.8,T013,U05,direct,
2360.9,T018,U04,direct,
2360.9,T019,U01,direct,
2361.5,T008,U06,relay,R02
2361.6,T005,U07,direct,
2361.8,T013,U05,direct,
2361.9,T018,U04,direct,
2361.9,T019,U01,direct,
2362.5,T008,U06,relay,R02
2362.6,T005,U07,direct,
2362.8,T013,U05,direct,
2362.9,T018,U04,direct,
2362.9,T019,U01,direct,
2363.5,T008,U06,relay,R02
2363.6,T005,U07,direct,
2363.8,T013,U05,direct,
2363.9,T018,U04,direct,
2363.9,T019,U01,direct,
2364.5,T008,U06,relay,R02
2364.6,T005,U07,direct,
2364.8,T013,U05,direct,
2364.9,T018,U04,direct,
2364.9,T019,U01,direct,
2365.5,T008,U06,relay,R02
2365.6,T005,U07,direct,
2365.8,T013,U05,direct,
2365.9,T018,U04,direct,
2365.9,T019,U01,direct,
2366.5,T008,U06,relay,R02
2366.6,T005,U07,direct,
2366.8,T013,U05,direct,
2366.9,T018,U04,direct,
2366.9,T019,U01,direct,
2367.5,T008,U06,relay,R02
2367.6,T005,U07,direct,
2367.8,T013,U05,direct,
2367.9,T018,U04,direct,
2367.9,T019,U01,direct,
2368.5,T008,U06,relay,R02
2368.6,T005,U07,direct,
2368.8,T013,U05,direct,
2368.9,T018,U04,direct,
2368.9,T019,U01,direct,
2369.5,T008,U06,relay,R02
2369.6,T005,U07,direct,
2369.8,T013,U05,direct,
2369.9,T018,U04,direct,
2369.9,T019,U01,direct,
2370.5,T008,U06,relay,R02
2370.6,T005,U07,direct,
2370.8,T013,U05,direct,
2370.9,T018,U04,direct,
2370.9,T019,U01,direct,
2371.5,T008,U06,relay,R02
2371.6,T005,U07,direct,
2371.8,T013,U05,direct,
2371.9,T018,U04,direct,
2371.9,T019,U01,direct,
2372.5,T008,U06,relay,R02
2372.6,T005,U07,direct,
2372.8,T013,U05,direct,
2372.9,T018,U04,direct,
2372.9,T019,U01,direct,
2373.5,T008,U06,relay,R02
2373.6,T005,U07,direct,
2373.8,T013,U05,direct,
2373.9,T018,U04,direct,
2373.9,T019,U01,direct,
2374.5,T008,U06,relay,R02
2374.6,T005,U07,direct,
2374.8,T013,U05,direct,
2374.9,T018,U04,direct,
2374.9,T019,U01,direct,
2375.5,T008,U06,relay,R02
2375.6,T005,U07,direct,
2375.8,T013,U05,direct,
2375.9,T018,U04,direct,
2375.9,T019,U01,direct,
2376.5,T008,U06,relay,R02
2376.6,T005,U07,direct,
2376.8,T013,U05,direct,
2376.9,T018,U04,direct,
2376.9,T019,U01,direct,
2377.5,T008,U06,relay,R02
2377.6,T005,U07,direct,
2377.8,T013,U05,direct,
2377.9,T018,U04,direct,
2377.9,T019,U01,direct,
2378.5,T008,U06,relay,R02
2378.6,T005,U07,direct,
2378.8,T013,U05,direct,
2378.9,T018,U04,direct,
2378.9,T019,U01,direct,
2379.5,T008,U06,relay,R02
2379.6,T005,U07,direct,
2379.8,T013,U05,direct,
2379.9,T018,U04,direct,
2379.9,T019,U01,direct,
2380.5,T008,U06,relay,R02
2380.6,T005,U07,direct,
2380.8,T013,U05,direct,
2380.9,T018,U04,direct,
2380.9,T019,U01,direct,
2381.5,T008,U06,relay,R02
2381.6,T005,U07,direct,
2381.8,T013,U05,direct,
2381.9,T018,U04,direct,
2381.9,T019,U01,direct,
2382.5,T008,U06,relay,R02
2382.6,T005,U07,direct,
2382.8,T013,U05,direct,
2382.9,T018,U04,direct,
2382.9,T019,U01,direct,
2383.5,T008,U06,relay,R02
2383.6,T005,U07,direct,
2383.8,T013,U05,direct,
2383.9,T018,U04,direct,
2383.9,T019,U01,direct,
2384.5,T008,U06,relay,R02
2384.6,T005,U07,direct,
2384.8,T013,U05,direct,
2384.9,T018,U04,direct,
2384.9,T019,U01,direct,
2385.5,T008,U06,relay,R02
2385.6,T005,U07,direct,
2385.8,T013,U05,direct,
2385.9,T018,U04,direct,
2385.9,T019,U01,direct,
2386.5,T008,U06,relay,R02
2386.6,T005,U07,direct,
2386.8,T013,U05,direct,
2386.9,T018,U04,direct,
2386.9,T019,U01,direct,
2387.5,T008,U06,relay,R02
2387.6,T005,U07,direct,
2387.6,T007,U08,direct,
2387.8,T013,U05,direct,
2387.9,T018,U04,direct,
2387.9,T019,U01,direct,
2388.5,T008,U06,relay,R02
2388.6,T005,U07,direct,
2388.6,T007,U08,direct,
2388.8,T013,U05,direct,
2388.9,T018,U04,direct,
2388.9,T019,U01,direct,
2389.5,T008,U06,relay,R02
2389.6,T005,U07,direct,
2389.6,T007,U08,direct,
2389.8,T013,U05,direct,
2389.9,T018,U04,direct,
2389.9,T019,U01,direct,
2390.5,T008,U06,relay,R02
2390.6,T005,U07,direct,
2390.6,T007,U08,direct,
2390.8,T013,U05,direct,
2390.9,T018,U04,direct,
2390.9,T019,U01,direct,
2391.5,T008,U06,relay,R02
2391.6,T005,U07,direct,
2391.6,T007,U08,direct,
2391.8,T013,U05,direct,
2391.9,T018,U04,direct,
2391.9,T019,U01,direct,
2392.5,T008,U06,relay,R02
2392.6,T005,U07,direct,
2392.6,T007,U08,direct,
2392.8,T013,U05,direct,
2392.9,T018,U04,direct,
2392.9,T019,U01,direct,
2393.5,T008,U06,relay,R02
2393.6,T005,U07,direct,
2393.6,T007,U08,direct,
2393.8,T013,U05,direct,
2393.9,T018,U04,direct,
2393.9,T019,U01,direct,
2394.5,T008,U06,relay,R02
2394.6,T005,U07,direct,
2394.6,T007,U08,direct,
2394.8,T013,U05,direct,
2394.9,T018,U04,direct,
2394.9,T019,U01,direct,
2395.5,T008,U06,relay,R02
2395.6,T005,U07,direct,
2395.6,T007,U08,direct,
2395.8,T013,U05,direct,
2395.9,T018,U04,direct,
2395.9,T019,U01,direct,
2396.5,T008,U06,relay,R02
2396.6,T005,U07,direct,
2396.6,T007,U08,direct,
2396.8,T013,U05,direct,
2396.9,T018,U04,direct,
2396.9,T019,U01,direct,
2397.5,T008,U06,relay,R02
2397.6,T005,U07,direct,
2397.6,T007,U08,direct,
2397.8,T013,U05,direct,
2397.9,T018,U04,direct,
2397.9,T019,U01,direct,
2398.5,T008,U06,relay,R02
2398.6,T005,U07,direct,
2398.6,T007,U08,direct,
2398.8,T013,U05,direct,
2398.9,T018,U04,direct,
2398.9,T019,U01,direct,
2399.5,T008,U06,relay,R02
2399.6,T005,U07,direct,
2399.6,T007,U08,direct,
2399.8,T013,U05,direct,
2399.9,T018,U04,direct,
2399.9,T019,U01,direct,
2400.5,T008,U06,relay,R02
2400.6,T005,U07,direct,
2400.6,T007,U08,direct,
2400.8,T013,U05,direct,
2400.9,T018,U04,direct,
2400.9,T019,U01,direct,
2401.5,T008,U06,relay,R02
2401.6,T005,U07,direct,
2401.6,T007,U08,direct,
2401.8,T013,U05,direct,
2401.9,T018,U04,direct,
2401.9,T019,U01,direct,
2402.5,T008,U06,relay,R02
2402.6,T005,U07,direct,
2402.6,T007,U08,direct,
2402.8,T013,U05,direct,
2402.9,T018,U04,direct,
2402.9,T019,U01,direct,
2403.5,T008,U06,relay,R02
2403.6,T005,U07,direct,
2403.6,T007,U08,direct,
2403.8,T013,U05,direct,
2403.9,T018,U04,direct,
2403.9,T019,U01,direct,
2404.5,T008,U06,relay,R02
2404.6,T005,U07,direct,
2404.6,T007,U08,direct,
2404.8,T013,U05,direct,
2404.9,T018,U04,direct,
2404.9,T019,U01,direct,
2405.5,T008,U06,relay,R02
2405.6,T005,U07,direct,
2405.6,T007,U08,direct,
2405.8,T013,U05,direct,
2405.9,T018,U04,direct,
2405.9,T019,U01,direct,
2406.5,T008,U06,relay,R02
2406.6,T005,U07,direct,
2406.6,T007,U08,direct,
2406.8,T013,U05,direct,
2406.9,T018,U04,direct,
2406.9,T019,U01,direct,
2407.5,T008,U06,relay,R02
2407.6,T005,U07,direct,
2407.6,T007,U08,direct,
2407.8,T013,U05,direct,
2407.9,T018,U04,direct,
2407.9,T019,U01,direct,
2408.5,T008,U06,relay,R02
2408.6,T005,U07,direct,
2408.6,T007,U08,direct,
2408.8,T013,U05,direct,
2408.9,T018,U04,direct,
2408.9,T019,U01,direct,
2409.5,T008,U06,relay,R02
2409.6,T005,U07,direct,
2409.6,T007,U08,direct,
2409.8,T013,U05,direct,
2409.9,T018,U04,direct,
2409.9,T019,U01,direct,
2410.5,T008,U06,relay,R02
2410.6,T005,U07,direct,
2410.6,T007,U08,direct,
2410.8,T013,U05,direct,
2410.9,T018,U04,direct,
2410.9,T019,U01,direct,
2411.5,T008,U06,relay,R02
2411.6,T005,U07,direct,
2411.6,T007,U08,direct,
2411.8,T013,U05,direct,
2411.9,T018,U04,direct,
2411.9,T019,U01,direct,
2412.5,T008,U06,relay,R02
2412.6,T005,U07,direct,
2412.6,T007,U08,direct,
2412.8,T013,U05,direct,
2412.9,T018,U04,direct,
2412.9,T019,U01,direct,
2413.5,T008,U06,relay,R02
2413.6,T005,U07,direct,
2413.6,T007,U08,direct,
2413.8,T013,U05,direct,
2413.9,T018,U04,direct,
2413.9,T019,U01,direct,
2414.5,T008,U06,relay,R02
2414.6,T005,U07,direct,
2414.6,T007,U08,direct,
2414.8,T013,U05,direct,
2414.9,T018,U04,direct,
2414.9,T019,U01,direct,
2415.5,T008,U06,relay,R02
2415.6,T005,U07,direct,
2415.6,T007,U08,direct,
2415.8,T013,U05,direct,
2415.9,T018,U04,direct,
2415.9,T019,U01,direct,
2416.5,T008,U06,relay,R02
2416.6,T005,U07,direct,
2416.6,T007,U08,direct,
2416.8,T013,U05,direct,
2416.9,T018,U04,direct,
2416.9,T019,U01,direct,
2417.5,T008,U06,relay,R02
2417.6,T005,U07,direct,
2417.6,T007,U08,direct,
2417.8,T013,U05,direct,
2417.9,T018,U04,direct,
2417.9,T019,U01,direct,
2418.5,T008,U06,relay,R02
2418.6,T005,U07,direct,
2418.6,T007,U08,direct,
2418.8,T013,U05,direct,
2418.9,T018,U04,direct,
2418.9,T019,U01,direct,
2419.5,T008,U06,relay,R02
2419.6,T005,U07,direct,
2419.6,T007,U08,direct,
2419.8,T013,U05,direct,
2419.9,T018,U04,direct,
2419.9,T019,U01,direct,
2420.5,T008,U06,relay,R02
2420.6,T005,U07,direct,
2420.6,T007,U08,direct,
2420.8,T013,U05,direct,
2420.9,T018,U04,direct,
2420.9,T019,U01,direct,
2421.5,T008,U06,relay,R02
2421.6,T005,U07,direct,
2421.6,T007,U08,direct,
2421.8,T013,U05,direct,
2421.9,T018,U04,direct,
2421.9,T019,U01,direct,
2422.5,T008,U06,relay,R02
2422.6,T005,U07,direct,
2422.6,T007,U08,direct,
2422.8,T013,U05,direct,
2422.9,T018,U04,direct,
2422.9,T019,U01,direct,
2423.5,T008,U06,relay,R02
2423.6,T005,U07,direct,
2423.6,T007,U08,direct,
2423.8,T013,U05,direct,
2423.9,T018,U04,direct,
2423.9,T019,U01,direct,
2424.5,T008,U06,relay,R02
2424.6,T005,U07,direct,
2424.6,T007,U08,direct,
2424.8,T013,U05,direct,
2424.9,T018,U04,direct,
2424.9,T019,U01,direct,
2425.5,T008,U06,relay,R02
2425.6,T005,U07,direct,
2425.6,T007,U08,direct,
2425.8,T013,U05,direct,
2425.9,T018,U04,direct,
2425.9,T019,U01,direct,
2426.5,T008,U06,relay,R02
2426.6,T005,U07,direct,
2426.6,T007,U08,direct,
2426.8,T013,U05,direct,
2426.9,T018,U04,direct,
2426.9,T019,U01,direct,
2427.5,T008,U06,relay,R02
2427.6,T005,U07,direct,
2427.6,T007,U08,direct,
2427.8,T013,U05,direct,
2427.9,T018,U04,direct,
2427.9,T019,U01,direct,
2428.5,T008,U06,relay,R02
2428.6,T005,U07,direct,
2428.6,T007,U08,direct,
2428.8,T013,U05,direct,
2428.9,T018,U04,direct,
2428.9,T019,U01,direct,
2429.5,T008,U06,relay,R02
2429.6,T005,U07,direct,
2429.6,T007,U08,direct,
2429.8,T013,U05,direct,
2429.9,T018,U04,direct,
2429.9,T019,U01,direct,
2430.5,T008,U06,relay,R02
2430.6,T005,U07,direct,
2430.6,T007,U08,direct,
2430.8,T013,U05,direct,
2430.9,T018,U04,direct,
2430.9,T019,U01,direct,
2431.5,T008,U06,relay,R02
2431.6,T005,U07,direct,
2431.6,T007,U08,direct,
2431.8,T013,U05,direct,
2431.9,T018,U04,direct,
2431.9,T019,U01,direct,
2432.5,T008,U06,relay,R02
2432.6,T005,U07,direct,
2432.6,T007,U08,direct,
2432.8,T013,U05,direct,
2432.9,T018,U04,direct,
2432.9,T019,U01,direct,
2433.5,T008,U06,relay,R02
2433.6,T005,U07,direct,
2433.6,T007,U08,direct,
2433.8,T013,U05,direct,
2433.9,T018,U04,direct,
2433.9,T019,U01,direct,
2434.5,T008,U06,relay,R02
2434.6,T005,U07,direct,
2434.6,T007,U08,direct,
2434.8,T013,U05,direct,
2434.9,T018,U04,direct,
2434.9,T019,U01,direct,
2435.5,T008,U06,relay,R02
2435.6,T005,U07,direct,
2435.6,T007,U08,direct,
2435.8,T013,U05,direct,
2435.9,T018,U04,direct,
2435.9,T019,U01,direct,
2436.5,T008,U06,relay,R02
2436.6,T005,U07,direct,
2436.6,T007,U08,direct,
2436.8,T013,U05,direct,
2436.9,T018,U04,direct,
2436.9,T019,U01,direct,
2437.5,T008,U06,relay,R02
2437.6,T005,U07,direct,
2437.6,T007,U08,direct,
2437.8,T013,U05,direct,
2437.9,T018,U04,direct,
2437.9,T019,U01,direct,
2438.5,T008,U06,relay,R02
2438.6,T005,U07,direct,
2438.6,T007,U08,direct,
2438.8,T013,U05,direct,
2438.9,T018,U04,direct,
2438.9,T019,U01,direct,
2439.5,T008,U06,relay,R02
2439.6,T005,U07,direct,
2439.6,T007,U08,direct,
2439.8,T013,U05,direct,
2439.9,T018,U04,direct,
2439.9,T019,U01,direct,
2440.5,T008,U06,relay,R02
2440.6,T005,U07,direct,
2440.6,T007,U08,direct,
2440.8,T013,U05,direct,
2440.9,T018,U04,direct,
2440.9,T019,U01,direct,
2441.5,T008,U06,relay,R02
2441.6,T005,U07,direct,
2441.6,T007,U08,direct,
2441.8,T013,U05,direct,
2441.9,T018,U04,direct,
2441.9,T019,U01,direct,
2442.5,T008,U06,relay,R02
2442.6,T005,U07,direct,
2442.6,T007,U08,direct,
2442.8,T013,U05,direct,
2442.9,T018,U04,direct,
2442.9,T019,U01,direct,
2443.5,T008,U06,relay,R02
2443.6,T005,U07,direct,
2443.6,T007,U08,direct,
2443.8,T013,U05,direct,
2443.9,T018,U04,direct,
2443.9,T019,U01,direct,
2444.5,T008,U06,relay,R02
2444.6,T005,U07,direct,
2444.6,T007,U08,direct,
2444.8,T013,U05,direct,
2444.9,T018,U04,direct,
2444.9,T019,U01,direct,
2445.5,T008,U06,relay,R02
2445.6,T005,U07,direct,
2445.6,T007,U08,direct,
2445.8,T013,U05,direct,
2445.9,T018,U04,direct,
2445.9,T019,U01,direct,
2446.5,T008,U06,relay,R02
2446.6,T005,U07,direct,
2446.6,T007,U08,direct,
2446.8,T013,U05,direct,
2446.9,T018,U04,direct,
2446.9,T019,U01,direct,
2447.5,T008,U06,relay,R02
2447.6,T005,U07,direct,
2447.6,T007,U08,direct,
2447.8,T013,U05,direct,
2447.9,T018,U04,direct,
2447.9,T019,U01,direct,
2448.5,T008,U06,relay,R02
2448.6,T005,U07,direct,
2448.6,T007,U08,direct,
2448.8,T013,U05,direct,
2448.9,T018,U04,direct,
2448.9,T019,U01,direct,
2449.5,T008,U06,relay,R02
2449.6,T005,U07,direct,
2449.6,T007,U08,direct,
2449.8,T013,U05,direct,
2449.9,T018,U04,direct,
2449.9,T019,U01,direct,
2450.5,T008,U06,relay,R02
2450.6,T005,U07,direct,
2450.6,T007,U08,direct,
2450.8,T013,U05,direct,
2450.9,T018,U04,direct,
2450.9,T019,U01,direct,
2451.5,T008,U06,relay,R02
2451.6,T005,U07,direct,
2451.6,T007,U08,direct,
2451.8,T013,U05,direct,
2451.9,T018,U04,direct,
2451.9,T019,U01,direct,
2452.5,T008,U06,relay,R02
2452.6,T005,U07,direct,
2452.6,T007,U08,direct,
2452.8,T013,U05,direct,
2452.9,T018,U04,direct,
2452.9,T019,U01,direct,
2453.5,T008,U06,relay,R02
2453.6,T005,U07,direct,
2453.6,T007,U08,direct,
2453.8,T013,U05,direct,
2453.9,T018,U04,direct,
2453.9,T019,U01,direct,
2454.5,T008,U06,relay,R02
2454.6,T005,U07,direct,
2454.6,T007,U08,direct,
2454.8,T013,U05,direct,
2454.9,T018,U04,direct,
2454.9,T019,U01,direct,
2455.5,T008,U06,relay,R02
2455.6,T005,U07,direct,
2455.6,T007,U08,direct,
2455.8,T013,U05,direct,
2455.9,T018,U04,direct,
2455.9,T019,U01,direct,
2456.5,T008,U06,relay,R02
2456.6,T005,U07,direct,
2456.6,T007,U08,direct,
2456.8,T013,U05,direct,
2456.9,T018,U04,direct,
2456.9,T019,U01,direct,
2457.5,T008,U06,relay,R02
2457.6,T005,U07,direct,
2457.6,T007,U08,direct,
2457.8,T013,U05,direct,
2457.9,T018,U04,direct,
2457.9,T019,U01,direct,
2458.5,T008,U06,relay,R02
2458.6,T005,U07,direct,
2458.6,T007,U08,direct,
2458.8,T013,U05,direct,
2458.9,T018,U04,direct,
2458.9,T019,U01,direct,
2459.5,T008,U06,relay,R02
2459.6,T005,U07,direct,
2459.6,T007,U08,direct,
2459.8,T013,U05,direct,
2459.9,T018,U04,direct,
2459.9,T019,U01,direct,
2460.5,T008,U06,relay,R02
2460.6,T005,U07,direct,
2460.6,T007,U08,direct,
2460.8,T013,U05,direct,
2460.9,T018,U04,direct,
2460.9,T019,U01,direct,
2461.5,T008,U06,relay,R02
2461.6,T005,U07,direct,
2461.6,T007,U08,direct,
2461.8,T013,U05,direct,
2461.9,T018,U04,direct,
2461.9,T019,U01,direct,
2462.5,T008,U06,relay,R02
2462.6,T005,U07,direct,
2462.6,T007,U08,direct,
2462.8,T013,U05,direct,
2462.9,T018,U04,direct,
2462.9,T019,U01,direct,
2463.5,T008,U06,relay,R02
2463.6,T005,U07,direct,
2463.6,T007,U08,direct,
2463.8,T013,U05,direct,
2463.9,T018,U04,direct,
2463.9,T019,U01,direct,
2464.5,T008,U06,relay,R02
2464.6,T005,U07,direct,
2464.6,T007,U08,direct,
2464.8,T013,U05,direct,
2464.9,T018,U04,direct,
2464.9,T019,U01,direct,
2465.5,T008,U06,relay,R02
2465.6,T005,U07,direct,
2465.6,T007,U08,direct,
2465.8,T013,U05,direct,
2465.9,T018,U04,direct,
2465.9,T019,U01,direct,
2466.5,T008,U06,relay,R02
2466.6,T005,U07,direct,
2466.6,T007,U08,direct,
2466.8,T013,U05,direct,
2466.9,T018,U04,direct,
2466.9,T019,U01,direct,
2467.5,T008,U06,relay,R02
2467.6,T005,U07,direct,
2467.6,T007,U08,direct,
2467.8,T013,U05,direct,
2467.9,T018,U04,direct,
2467.9,T019,U01,direct,
2468.5,T008,U06,relay,R02
2468.6,T005,U07,direct,
2468.6,T007,U08,direct,
2468.8,T013,U05,direct,
2468.9,T018,U04,direct,
2468.9,T019,U01,direct,
2469.5,T008,U06,relay,R02
2469.6,T005,U07,direct,
2469.6,T007,U08,direct,
2469.8,T013,U05,direct,
2469.9,T018,U04,direct,
2469.9,T019,U01,direct,
2470.5,T008,U06,relay,R02
2470.6,T005,U07,direct,
2470.6,T007,U08,direct,
2470.8,T013,U05,direct,
2470.9,T018,U04,direct,
2470.9,T019,U01,direct,
2471.5,T008,U06,relay,R02
2471.6,T005,U07,direct,
2471.6,T007,U08,direct,
2471.8,T013,U05,direct,
2471.9,T018,U04,direct,
2471.9,T019,U01,direct,
2472.5,T008,U06,relay,R02
2472.6,T005,U07,direct,
2472.6,T007,U08,direct,
2472.8,T013,U05,direct,
2472.9,T018,U04,direct,
2472.9,T019,U01,direct,
2473.5,T008,U06,relay,R02
2473.6,T005,U07,direct,
2473.6,T007,U08,direct,
2473.8,T013,U05,direct,
2473.9,T018,U04,direct,
2473.9,T019,U01,direct,
2474.5,T008,U06,relay,R02
2474.6,T005,U07,direct,
2474.6,T007,U08,direct,
2474.8,T013,U05,direct,
2474.9,T018,U04,direct,
2474.9,T019,U01,direct,
2475.5,T008,U06,relay,R02
2475.6,T005,U07,direct,
2475.6,T007,U08,direct,
2475.8,T013,U05,direct,
2475.9,T018,U04,direct,
2475.9,T019,U01,direct,
2476.5,T008,U06,relay,R02
2476.6,T005,U07,direct,
2476.6,T007,U08,direct,
2476.8,T013,U05,direct,
2476.9,T018,U04,direct,
2476.9,T019,U01,direct,
2477.5,T008,U06,relay,R02
2477.6,T005,U07,direct,
2477.6,T007,U08,direct,
2477.8,T013,U05,direct,
2477.9,T018,U04,direct,
2477.9,T019,U01,direct,
2478.5,T008,U06,relay,R02
2478.6,T005,U07,direct,
2478.6,T007,U08,direct,
2478.8,T013,U05,direct,
2478.9,T018,U04,direct,
2478.9,T019,U01,direct,
2479.5,T008,U06,relay,R02
2479.6,T005,U07,direct,
2479.6,T007,U08,direct,
2479.8,T013,U05,direct,
2479.9,T018,U04,direct,
2479.9,T019,U01,direct,
2480.5,T008,U06,relay,R02
2480.6,T005,U07,direct,
2480.6,T007,U08,direct,
2480.8,T013,U05,direct,
2480.9,T018,U04,direct,
2480.9,T019,U01,direct,
2481.4,T020,U02,direct,
2481.5,T008,U06,relay,R02
2481.6,T005,U07,direct,
2481.6,T007,U08,direct,
2481.8,T013,U05,direct,
2481.9,T018,U04,direct,
2481.9,T019,U01,direct,
2482.4,T020,U02,direct,
2482.5,T008,U06,relay,R02
2482.6,T005,U07,direct,
2482.6,T007,U08,direct,
2482.8,T013,U05,direct,
2482.9,T018,U04,direct,
2482.9,T019,U01,direct,
2483.4,T020,U02,direct,
2483.5,T008,U06,relay,R02
2483.6,T005,U07,direct,
2483.6,T007,U08,direct,
2483.8,T013,U05,direct,
2483.9,T018,U04,direct,
2483.9,T019,U01,direct,
2484.4,T020,U02,direct,
2484.5,T008,U06,relay,R02
2484.6,T005,U07,direct,
2484.6,T007,U08,direct,
2484.8,T013,U05,direct,
2484.9,T018,U04,direct,
2484.9,T019,U01,direct,
2485.4,T020,U02,direct,
2485.5,T008,U06,relay,R02
2485.6,T005,U07,direct,
2485.6,T007,U08,direct,
2485.8,T013,U05,direct,
2485.9,T018,U04,direct,
2485.9,T019,U01,direct,
2486.4,T020,U02,direct,
2486.5,T008,U06,relay,R02
2486.6,T005,U07,direct,
2486.6,T007,U08,direct,
2486.8,T013,U05,direct,
2486.9,T018,U04,direct,
2486.9,T019,U01,direct,
2487.4,T020,U02,direct,
2487.5,T008,U06,relay,R02
2487.6,T005,U07,direct,
2487.6,T007,U08,direct,
2487.8,T013,U05,direct,
2487.9,T018,U04,direct,
2487.9,T019,U01,direct,
2488.4,T020,U02,direct,
2488.5,T008,U06,relay,R02
2488.6,T005,U07,direct,
2488.6,T007,U08,direct,
2488.8,T013,U05,direct,
2488.9,T018,U04,direct,
2488.9,T019,U01,direct,
2489.4,T020,U02,direct,
2489.5,T008,U06,relay,R02
2489.6,T005,U07,direct,
2489.6,T007,U08,direct,
2489.8,T013,U05,direct,
2489.9,T018,U04,direct,
2489.9,T019,U01,direct,
2490.4,T020,U02,direct,
2490.5,T008,U06,relay,R02
2490.6,T005,U07,direct,
2490.6,T007,U08,direct,
2490.8,T013,U05,direct,
2490.9,T018,U04,direct,
2490.9,T019,U01,direct,
2491.4,T020,U02,direct,
2491.5,T008,U06,relay,R02
2491.6,T005,U07,direct,
2491.6,T007,U08,direct,
2491.8,T013,U05,direct,
2491.9,T018,U04,direct,
2491.9,T019,U01,direct,
2492.4,T020,U02,direct,
2492.5,T008,U06,relay,R02
2492.6,T005,U07,direct,
2492.6,T007,U08,direct,
2492.8,T013,U05,direct,
2492.9,T018,U04,direct,
2492.9,T019,U01,direct,
2493.4,T020,U02,direct,
2493.5,T008,U06,relay,R02
2493.6,T005,U07,direct,
2493.6,T007,U08,direct,
2493.8,T013,U05,direct,
2493.9,T018,U04,direct,
2493.9,T019,U01,direct,
2494.4,T020,U02,direct,
2494.5,T008,U06,relay,R02
2494.6,T005,U07,direct,
2494.6,T007,U08,direct,
2494.8,T013,U05,direct,
2494.9,T018,U04,direct,
2494.9,T019,U01,direct,
2495.4,T020,U02,direct,
2495.5,T008,U06,relay,R02
2495.6,T005,U07,direct,
2495.6,T007,U08,direct,
2495.8,T013,U05,direct,
2495.9,T018,U04,direct,
2495.9,T019,U01,direct,
2496.4,T020,U02,direct,
2496.5,T008,U06,relay,R02
2496.6,T005,U07,direct,
2496.6,T007,U08,direct,
2496.8,T013,U05,direct,
2496.9,T018,U04,direct,
2496.9,T019,U01,direct,
2497.4,T020,U02,direct,
2497.5,T008,U06,relay,R02
2497.6,T005,U07,direct,
2497.6,T007,U08,direct,
2497.8,T013,U05,direct,
2497.9,T018,U04,direct,
2497.9,T019,U01,direct,
2498.4,T020,U02,direct,
2498.5,T008,U06,relay,R02
2498.6,T005,U07,direct,
2498.6,T007,U08,direct,
2498.8,T013,U05,direct,
2498.9,T018,U04,direct,
2498.9,T019,U01,direct,
2499.4,T020,U02,direct,
2499.5,T008,U06,relay,R02
2499.6,T005,U07,direct,
2499.6,T007,U08,direct,
2499.8,T013,U05,direct,
2499.9,T018,U04,direct,
2499.9,T019,U01,direct,
2500.4,T020,U02,direct,
2500.5,T008,U06,relay,R02
2500.6,T005,U07,direct,
2500.6,T007,U08,direct,
2500.8,T013,U05,direct,
2500.9,T018,U04,direct,
2500.9,T019,U01,direct,
2501.4,T020,U02,direct,
2501.5,T008,U06,relay,R02
2501.6,T005,U07,direct,
2501.6,T007,U08,direct,
2501.8,T013,U05,direct,
2501.9,T019,U01,direct,
2502.4,T020,U02,direct,
2502.5,T008,U06,relay,R02
2502.6,T005,U07,direct,
2502.6,T007,U08,direct,
2502.8,T013,U05,direct,
2502.9,T019,U01,direct,
2503.4,T020,U02,direct,
2503.5,T008,U06,relay,R02
2503.6,T005,U07,direct,
2503.6,T007,U08,direct,
2503.8,T013,U05,direct,
2503.9,T019,U01,direct,
2504.4,T020,U02,direct,
2504.5,T008,U06,relay,R02
2504.6,T005,U07,direct,
2504.6,T007,U08,direct,
2504.8,T013,U05,direct,
2504.9,T019,U01,direct,
2505.4,T020,U02,direct,
2505.5,T008,U06,relay,R02
2505.6,T005,U07,direct,
2505.6,T007,U08,direct,
2505.8,T013,U05,direct,
2505.9,T019,U01,direct,
2506.4,T020,U02,direct,
2506.5,T008,U06,relay,R02
2506.6,T005,U07,direct,
2506.6,T007,U08,direct,
2506.8,T013,U05,direct,
2506.9,T019,U01,direct,
2507.4,T020,U02,direct,
2507.5,T008,U06,relay,R02
2507.6,T005,U07,direct,
2507.6,T007,U08,direct,
2507.8,T013,U05,direct,
2507.9,T019,U01,direct,
2508.4,T020,U02,direct,
2508.5,T008,U06,relay,R02
2508.6,T005,U07,direct,
2508.6,T007,U08,direct,
2508.8,T013,U05,direct,
2508.9,T019,U01,direct,
2509.4,T020,U02,direct,
2509.5,T008,U06,relay,R02
2509.6,T005,U07,direct,
2509.6,T007,U08,direct,
2509.8,T013,U05,direct,
2509.9,T019,U01,direct,
2510.4,T020,U02,direct,
2510.5,T008,U06,relay,R02
2510.6,T005,U07,direct,
2510.6,T007,U08,direct,
2510.8,T013,U05,direct,
2510.9,T019,U01,direct,
2511.4,T020,U02,direct,
2511.5,T008,U06,relay,R02
2511.6,T005,U07,direct,
2511.6,T007,U08,direct,
2511.8,T013,U05,direct,
2511.9,T019,U01,direct,
2512.4,T020,U02,direct,
2512.5,T008,U06,relay,R02
2512.6,T005,U07,direct,
2512.6,T007,U08,direct,
2512.8,T013,U05,direct,
2512.9,T019,U01,direct,
2513.4,T020,U02,direct,
2513.5,T008,U06,relay,R02
2513.6,T005,U07,direct,
2513.6,T007,U08,direct,
2513.8,T013,U05,direct,
2513.9,T019,U01,direct,
2514.4,T020,U02,direct,
2514.5,T008,U06,relay,R02
2514.6,T005,U07,direct,
2514.6,T007,U08,direct,
2514.8,T013,U05,direct,
2514.9,T019,U01,direct,
2515.4,T020,U02,direct,
2515.5,T008,U06,relay,R02
2515.6,T005,U07,direct,
2515.6,T007,U08,direct,
2515.8,T013,U05,direct,
2515.9,T019,U01,direct,
2516.4,T020,U02,direct,
2516.5,T008,U06,relay,R02
2516.6,T005,U07,direct,
2516.6,T007,U08,direct,
2516.8,T013,U05,direct,
2516.9,T019,U01,direct,
2517.4,T020,U02,direct,
2517.5,T008,U06,relay,R02
2517.6,T005,U07,direct,
2517.6,T007,U08,direct,
2517.8,T013,U05,direct,
2517.9,T019,U01,direct,
2518.4,T020,U02,direct,
2518.5,T008,U06,relay,R02
2518.6,T005,U07,direct,
2518.6,T007,U08,direct,
2518.8,T013,U05,direct,
2518.9,T019,U01,direct,
2519.4,T020,U02,direct,
2519.5,T008,U06,relay,R02
2519.6,T005,U07,direct,
2519.6,T007,U08,direct,
2519.8,T013,U05,direct,
2519.9,T019,U01,direct,
2520.4,T020,U02,direct,
2520.5,T008,U06,relay,R02
2520.6,T005,U07,direct,
2520.6,T007,U08,direct,
2520.8,T013,U05,direct,
2520.9,T019,U01,direct,
2521.4,T020,U02,direct,
2521.5,T008,U06,relay,R02
2521.6,T005,U07,direct,
2521.6,T007,U08,direct,
2521.8,T013,U05,direct,
2521.9,T019,U01,direct,
2522.4,T020,U02,direct,
2522.5,T008,U06,relay,R02
2522.6,T005,U07,direct,
2522.6,T007,U08,direct,
2522.8,T013,U05,direct,
2522.9,T019,U01,direct,
2523.4,T020,U02,direct,
2523.5,T008,U06,relay,R02
2523.6,T005,U07,direct,
2523.6,T007,U08,direct,
2523.8,T013,U05,direct,
2523.9,T019,U01,direct,
2524.4,T020,U02,direct,
2524.5,T008,U06,relay,R02
2524.6,T005,U07,direct,
2524.6,T007,U08,direct,
2524.8,T013,U05,direct,
2524.9,T019,U01,direct,
2525.4,T020,U02,direct,
2525.5,T008,U06,relay,R02
2525.6,T005,U07,direct,
2525.6,T007,U08,direct,
2525.8,T013,U05,direct,
2525.9,T019,U01,direct,
2526.4,T020,U02,direct,
2526.5,T008,U06,relay,R02
2526.6,T005,U07,direct,
2526.6,T007,U08,direct,
2526.8,T013,U05,direct,
2526.9,T019,U01,direct,
2527.4,T020,U02,direct,
2527.5,T008,U06,relay,R02
2527.6,T005,U07,direct,
2527.6,T007,U08,direct,
2527.8,T013,U05,direct,
2527.9,T019,U01,direct,
2528.4,T020,U02,direct,
2528.5,T008,U06,relay,R02
2528.6,T005,U07,direct,
2528.6,T007,U08,direct,
2528.8,T013,U05,direct,
2528.9,T019,U01,direct,
2529.4,T020,U02,direct,
2529.5,T008,U06,relay,R02
2529.6,T005,U07,direct,
2529.6,T007,U08,direct,
2529.8,T013,U05,direct,
2529.9,T019,U01,direct,
2530.4,T020,U02,direct,
2530.5,T008,U06,relay,R02
2530.6,T005,U07,direct,
2530.6,T007,U08,direct,
2530.8,T013,U05,direct,
2530.9,T019,U01,direct,
2531.4,T020,U02,direct,
2531.5,T008,U06,relay,R02
2531.6,T005,U07,direct,
2531.6,T007,U08,direct,
2531.8,T013,U05,direct,
2531.9,T019,U01,direct,
2532.4,T020,U02,direct,
2532.5,T008,U06,relay,R02
2532.6,T005,U07,direct,
2532.6,T007,U08,direct,
2532.8,T013,U05,direct,
2532.9,T019,U01,direct,
2533.4,T020,U02,direct,
2533.5,T008,U06,relay,R02
2533.6,T005,U07,direct,
2533.6,T007,U08,direct,
2533.8,T013,U05,direct,
2533.9,T019,U01,direct,
2534.4,T020,U02,direct,
2534.5,T008,U06,relay,R02
2534.6,T005,U07,direct,
2534.6,T007,U08,direct,
2534.8,T013,U05,direct,
2534.9,T019,U01,direct,
2535.4,T020,U02,direct,
2535.5,T008,U06,relay,R02
2535.6,T005,U07,direct,
2535.6,T007,U08,direct,
2535.8,T013,U05,direct,
2535.9,T019,U01,direct,
2536.4,T020,U02,direct,
2536.5,T008,U06,relay,R02
2536.6,T005,U07,direct,
2536.6,T007,U08,direct,
2536.8,T013,U05,direct,
2536.9,T019,U01,direct,
2537.4,T020,U02,direct,
2537.5,T008,U06,relay,R02
2537.6,T005,U07,direct,
2537.6,T007,U08,direct,
2537.8,T013,U05,direct,
2537.9,T019,U01,direct,
2538.4,T020,U02,direct,
2538.5,T008,U06,relay,R02
2538.6,T005,U07,direct,
2538.6,T007,U08,direct,
2538.8,T013,U05,direct,
2538.9,T019,U01,direct,
2539.4,T020,U02,direct,
2539.5,T008,U06,relay,R02
2539.6,T005,U07,direct,
2539.6,T007,U08,direct,
2539.8,T013,U05,direct,
2539.9,T019,U01,direct,
2540.4,T020,U02,direct,
2540.5,T008,U06,relay,R02
2540.6,T005,U07,direct,
2540.6,T007,U08,direct,
2540.8,T013,U05,direct,
2540.9,T019,U01,direct,
2541.4,T020,U02,direct,
2541.5,T008,U06,relay,R02
2541.6,T005,U07,direct,
2541.6,T007,U08,direct,
2541.8,T013,U05,direct,
2541.9,T019,U01,direct,
2542.4,T020,U02,direct,
2542.5,T008,U06,relay,R02
2542.6,T005,U07,direct,
2542.6,T007,U08,direct,
2542.8,T013,U05,direct,
2542.9,T019,U01,direct,
2543.4,T020,U02,direct,
2543.5,T008,U06,relay,R02
2543.6,T005,U07,direct,
2543.6,T007,U08,direct,
2543.8,T013,U05,direct,
2543.9,T019,U01,direct,
2544.4,T020,U02,direct,
2544.5,T008,U06,relay,R02
2544.6,T005,U07,direct,
2544.6,T007,U08,direct,
2544.8,T013,U05,direct,
2544.9,T019,U01,direct,
2545.4,T020,U02,direct,
2545.5,T008,U06,relay,R02
2545.6,T005,U07,direct,
2545.6,T007,U08,direct,
2545.8,T013,U05,direct,
2545.9,T019,U01,direct,
2546.4,T020,U02,direct,
2546.5,T008,U06,relay,R02
2546.6,T005,U07,direct,
2546.6,T007,U08,direct,
2546.8,T013,U05,direct,
2546.9,T019,U01,direct,
2547.4,T020,U02,direct,
2547.5,T008,U06,relay,R02
2547.6,T005,U07,direct,
2547.6,T007,U08,direct,
2547.8,T013,U05,direct,
2547.9,T019,U01,direct,
2548.4,T020,U02,direct,
2548.5,T008,U06,relay,R02
2548.6,T005,U07,direct,
2548.6,T007,U08,direct,
2548.8,T013,U05,direct,
2548.9,T019,U01,direct,
2549.4,T020,U02,direct,
2549.5,T008,U06,relay,R02
2549.6,T005,U07,direct,
2549.6,T007,U08,direct,
2549.8,T013,U05,direct,
2549.9,T019,U01,direct,
2550.4,T020,U02,direct,
2550.5,T008,U06,relay,R02
2550.6,T005,U07,direct,
2550.6,T007,U08,direct,
2550.8,T013,U05,direct,
2550.9,T019,U01,direct,
2551.4,T020,U02,direct,
2551.5,T008,U06,relay,R02
2551.6,T005,U07,direct,
2551.6,T007,U08,direct,
2551.8,T013,U05,direct,
2551.9,T019,U01,direct,
2552.4,T020,U02,direct,
2552.5,T008,U06,relay,R02
2552.6,T005,U07,direct,
2552.6,T007,U08,direct,
2552.8,T013,U05,direct,
2552.9,T019,U01,direct,
2553.4,T020,U02,direct,
2553.5,T008,U06,relay,R02
2553.6,T005,U07,direct,
2553.6,T007,U08,direct,
2553.8,T013,U05,direct,
2553.9,T019,U01,direct,
2554.4,T020,U02,direct,
2554.5,T008,U06,relay,R02
2554.6,T005,U07,direct,
2554.6,T007,U08,direct,
2554.8,T013,U05,direct,
2554.9,T019,U01,direct,
2555.4,T020,U02,direct,
2555.5,T008,U06,relay,R02
2555.6,T005,U07,direct,
2555.6,T007,U08,direct,
2555.8,T013,U05,direct,
2555.9,T019,U01,direct,
2556.4,T020,U02,direct,
2556.5,T008,U06,relay,R02
2556.6,T005,U07,direct,
2556.6,T007,U08,direct,
2556.8,T013,U05,direct,
2556.9,T019,U01,direct,
2557.4,T020,U02,direct,
2557.5,T008,U06,relay,R02
2557.6,T005,U07,direct,
2557.6,T007,U08,direct,
2557.8,T013,U05,direct,
2557.9,T019,U01,direct,
2558.4,T020,U02,direct,
2558.5,T008,U06,relay,R02
2558.6,T005,U07,direct,
2558.6,T007,U08,direct,
2558.8,T013,U05,direct,
2558.9,T019,U01,direct,
2559.4,T020,U02,direct,
2559.5,T008,U06,relay,R02
2559.6,T005,U07,direct,
2559.6,T007,U08,direct,
2559.8,T013,U05,direct,
2559.9,T019,U01,direct,
2560.4,T020,U02,direct,
2560.5,T008,U06,relay,R02
2560.6,T005,U07,direct,
2560.6,T007,U08,direct,
2560.8,T013,U05,direct,
2560.9,T019,U01,direct,
2561.4,T020,U02,direct,
2561.5,T008,U06,relay,R02
2561.6,T005,U07,direct,
2561.6,T007,U08,direct,
2561.8,T013,U05,direct,
2561.9,T019,U01,direct,
2562.4,T020,U02,direct,
2562.5,T008,U06,relay,R02
2562.6,T005,U07,direct,
2562.6,T007,U08,direct,
2562.8,T013,U05,direct,
2562.9,T019,U01,direct,
2563.4,T020,U02,direct,
2563.5,T008,U06,relay,R02
2563.6,T005,U07,direct,
2563.6,T007,U08,direct,
2563.8,T013,U05,direct,
2563.9,T019,U01,direct,
2564.4,T020,U02,direct,
2564.5,T008,U06,relay,R02
2564.6,T005,U07,direct,
2564.6,T007,U08,direct,
2564.8,T013,U05,direct,
2564.9,T019,U01,direct,
2565.4,T020,U02,direct,
2565.5,T008,U06,relay,R02
2565.6,T005,U07,direct,
2565.6,T007,U08,direct,
2565.8,T013,U05,direct,
2565.9,T019,U01,direct,
2566.4,T020,U02,direct,
2566.5,T008,U06,relay,R02
2566.6,T005,U07,direct,
2566.6,T007,U08,direct,
2566.8,T013,U05,direct,
2566.9,T019,U01,direct,
2567.4,T020,U02,direct,
2567.5,T008,U06,relay,R02
2567.6,T005,U07,direct,
2567.6,T007,U08,direct,
2567.8,T013,U05,direct,
2567.9,T019,U01,direct,
2568.4,T020,U02,direct,
2568.5,T008,U06,relay,R02
2568.6,T005,U07,direct,
2568.6,T007,U08,direct,
2568.8,T013,U05,direct,
2568.9,T019,U01,direct,
2569.4,T020,U02,direct,
2569.5,T008,U06,relay,R02
2569.6,T005,U07,direct,
2569.6,T007,U08,direct,
2569.8,T013,U05,direct,
2569.9,T019,U01,direct,
2570.4,T020,U02,direct,
2570.5,T008,U06,relay,R02
2570.6,T005,U07,direct,
2570.6,T007,U08,direct,
2570.8,T013,U05,direct,
2570.9,T019,U01,direct,
2571.4,T020,U02,direct,
2571.5,T008,U06,relay,R02
2571.6,T005,U07,direct,
2571.6,T007,U08,direct,
2571.8,T013,U05,direct,
2571.9,T019,U01,direct,
2572.4,T020,U02,direct,
2572.5,T008,U06,relay,R02
2572.6,T005,U07,direct,
2572.6,T007,U08,direct,
2572.8,T013,U05,direct,
2572.9,T019,U01,direct,
2573.4,T020,U02,direct,
2573.5,T008,U06,relay,R02
2573.6,T005,U07,direct,
2573.6,T007,U08,direct,
2573.8,T013,U05,direct,
2573.9,T019,U01,direct,
2574.4,T020,U02,direct,
2574.5,T008,U06,relay,R02
2574.6,T005,U07,direct,
2574.6,T007,U08,direct,
2574.8,T013,U05,direct,
2574.9,T019,U01,direct,
2575.4,T020,U02,direct,
2575.5,T008,U06,relay,R02
2575.6,T005,U07,direct,
2575.6,T007,U08,direct,
2575.8,T013,U05,direct,
2575.9,T019,U01,direct,
2576.4,T020,U02,direct,
2576.5,T008,U06,relay,R02
2576.6,T005,U07,direct,
2576.6,T007,U08,direct,
2576.8,T013,U05,direct,
2576.9,T019,U01,direct,
2577.4,T020,U02,direct,
2577.5,T008,U06,relay,R02
2577.6,T005,U07,direct,
2577.6,T007,U08,direct,
2577.8,T013,U05,direct,
2577.9,T019,U01,direct,
2578.4,T020,U02,direct,
2578.5,T008,U06,relay,R02
2578.6,T005,U07,direct,
2578.6,T007,U08,direct,
2578.8,T013,U05,direct,
2578.9,T019,U01,direct,
2579.4,T020,U02,direct,
2579.5,T008,U06,relay,R02
2579.6,T005,U07,direct,
2579.6,T007,U08,direct,
2579.8,T013,U05,direct,
2579.9,T019,U01,direct,
2580.4,T020,U02,direct,
2580.5,T008,U06,relay,R02
2580.6,T005,U07,direct,
2580.6,T007,U08,direct,
2580.8,T013,U05,direct,
2580.9,T019,U01,direct,
2581.4,T020,U02,direct,
2581.5,T008,U06,relay,R02
2581.6,T005,U07,direct,
2581.6,T007,U08,direct,
2581.8,T013,U05,direct,
2581.9,T019,U01,direct,
2582.4,T020,U02,direct,
2582.5,T008,U06,relay,R02
2582.6,T005,U07,direct,
2582.6,T007,U08,direct,
2582.8,T013,U05,direct,
2582.9,T019,U01,direct,
2583.4,T020,U02,direct,
2583.5,T008,U06,relay,R02
2583.6,T005,U07,direct,
2583.6,T007,U08,direct,
2583.8,T013,U05,direct,
2583.9,T019,U01,direct,
2584.4,T020,U02,direct,
2584.5,T008,U06,relay,R02
2584.6,T005,U07,direct,
2584.6,T007,U08,direct,
2584.8,T013,U05,direct,
2584.9,T019,U01,direct,
2585.4,T020,U02,direct,
2585.5,T008,U06,relay,R02
2585.6,T005,U07,direct,
2585.6,T007,U08,direct,
2585.8,T013,U05,direct,
2585.9,T019,U01,direct,
2586.4,T020,U02,direct,
2586.5,T008,U06,relay,R02
2586.6,T005,U07,direct,
2586.6,T007,U08,direct,
2586.8,T013,U05,direct,
2586.9,T019,U01,direct,
2587.4,T020,U02,direct,
2587.5,T008,U06,relay,R02
2587.6,T005,U07,direct,
2587.6,T007,U08,direct,
2587.8,T013,U05,direct,
2587.9,T019,U01,direct,
2588.4,T020,U02,direct,
2588.5,T008,U06,relay,R02
2588.6,T005,U07,direct,
2588.6,T007,U08,direct,
2588.8,T013,U05,direct,
2588.9,T019,U01,direct,
2589.4,T020,U02,direct,
2589.5,T008,U06,relay,R02
2589.6,T005,U07,direct,
2589.6,T007,U08,direct,
2589.8,T013,U05,direct,
2589.9,T019,U01,direct,
2590.4,T020,U02,direct,
2590.5,T008,U06,relay,R02
2590.6,T005,U07,direct,
2590.6,T007,U08,direct,
2590.8,T013,U05,direct,
2590.9,T019,U01,direct,
2591.4,T020,U02,direct,
2591.5,T008,U06,relay,R02
2591.6,T005,U07,direct,
2591.6,T007,U08,direct,
2591.8,T013,U05,direct,
2591.9,T019,U01,direct,
2592.4,T020,U02,direct,
2592.5,T008,U06,relay,R02
2592.6,T005,U07,direct,
2592.6,T007,U08,direct,
2592.8,T013,U05,direct,
2592.9,T019,U01,direct,
2593.4,T020,U02,direct,
2593.5,T008,U06,relay,R02
2593.6,T005,U07,direct,
2593.6,T007,U08,direct,
2593.8,T013,U05,direct,
2593.9,T019,U01,direct,
2594.4,T020,U02,direct,
2594.5,T008,U06,relay,R02
2594.6,T005,U07,direct,
2594.6,T007,U08,direct,
2594.8,T013,U05,direct,
2594.9,T019,U01,direct,
2595.4,T020,U02,direct,
2595.5,T008,U06,relay,R02
2595.6,T005,U07,direct,
2595.6,T007,U08,direct,
2595.8,T013,U05,direct,
2595.9,T019,U01,direct,
2596.4,T020,U02,direct,
2596.5,T008,U06,relay,R02
2596.6,T005,U07,direct,
2596.6,T007,U08,direct,
2596.8,T013,U05,direct,
2596.9,T019,U01,direct,
2597.4,T020,U02,direct,
2597.5,T008,U06,relay,R02
2597.6,T005,U07,direct,
2597.6,T007,U08,direct,
2597.8,T013,U05,direct,
2597.9,T019,U01,direct,
2598.4,T020,U02,direct,
2598.5,T008,U06,relay,R02
2598.6,T005,U07,direct,
2598.6,T007,U08,direct,
2598.8,T013,U05,direct,
2598.9,T019,U01,direct,
2599.4,T020,U02,direct,
2599.5,T008,U06,relay,R02
2599.6,T005,U07,direct,
2599.6,T007,U08,direct,
2599.8,T013,U05,direct,
2599.9,T019,U01,direct,
2600.4,T020,U02,direct,
2600.5,T008,U06,relay,R02
2600.6,T005,U07,direct,
2600.6,T007,U08,direct,
2600.8,T013,U05,direct,
2600.9,T019,U01,direct,
2601.4,T020,U02,direct,
2601.5,T008,U06,relay,R02
2601.6,T005,U07,direct,
2601.6,T007,U08,direct,
2601.8,T013,U05,direct,
2601.9,T019,U01,direct,
2602.4,T020,U02,direct,
2602.5,T008,U06,relay,R02
2602.6,T005,U07,direct,
2602.6,T007,U08,direct,
2602.8,T013,U05,direct,
2602.9,T019,U01,direct,
2603.4,T020,U02,direct,
2603.5,T008,U06,relay,R02
2603.6,T005,U07,direct,
2603.6,T007,U08,direct,
2603.8,T013,U05,direct,
2603.9,T019,U01,direct,
2604.4,T020,U02,direct,
2604.5,T008,U06,relay,R02
2604.6,T005,U07,direct,
2604.6,T007,U08,direct,
2604.8,T013,U05,direct,
2604.9,T019,U01,direct,
2605.4,T020,U02,direct,
2605.5,T008,U06,relay,R02
2605.6,T005,U07,direct,
2605.6,T007,U08,direct,
2605.8,T013,U05,direct,
2605.9,T019,U01,direct,
2606.4,T020,U02,direct,
2606.5,T008,U06,relay,R02
2606.6,T005,U07,direct,
2606.6,T007,U08,direct,
2606.8,T013,U05,direct,
2606.9,T019,U01,direct,
2607.4,T020,U02,direct,
2607.5,T008,U06,relay,R02
2607.6,T005,U07,direct,
2607.6,T007,U08,direct,
2607.8,T013,U05,direct,
2607.9,T019,U01,direct,
2608.4,T020,U02,direct,
2608.5,T008,U06,relay,R02
2608.6,T005,U07,direct,
2608.6,T007,U08,direct,
2608.8,T013,U05,direct,
2608.9,T019,U01,direct,
2609.4,T020,U02,direct,
2609.5,T008,U06,relay,R02
2609.6,T005,U07,direct,
2609.6,T007,U08,direct,
2609.8,T013,U05,direct,
2609.9,T019,U01,direct,
2610.4,T020,U02,direct,
2610.5,T008,U06,relay,R02
2610.6,T005,U07,direct,
2610.6,T007,U08,direct,
2610.8,T013,U05,direct,
2610.9,T019,U01,direct,
2611.4,T020,U02,direct,
2611.5,T008,U06,relay,R02
2611.6,T005,U07,direct,
2611.6,T007,U08,direct,
2611.8,T013,U05,direct,
2611.9,T019,U01,direct,
2612.4,T020,U02,direct,
2612.5,T008,U06,relay,R02
2612.6,T005,U07,direct,
2612.6,T007,U08,direct,
2612.8,T013,U05,direct,
2612.9,T019,U01,direct,
2613.4,T020,U02,direct,
2613.5,T008,U06,relay,R02
2613.6,T005,U07,direct,
2613.6,T007,U08,direct,
2613.8,T013,U05,direct,
2613.9,T019,U01,direct,
2614.4,T020,U02,direct,
2614.5,T008,U06,relay,R02
2614.6,T005,U07,direct,
2614.6,T007,U08,direct,
2614.8,T013,U05,direct,
2614.9,T019,U01,direct,
2615.4,T020,U02,direct,
2615.5,T008,U06,relay,R02
2615.6,T005,U07,direct,
2615.6,T007,U08,direct,
2615.8,T013,U05,direct,
2615.9,T019,U01,direct,
2616.4,T020,U02,direct,
2616.5,T008,U06,relay,R02
2616.6,T005,U07,direct,
2616.6,T007,U08,direct,
2616.8,T013,U05,direct,
2616.9,T019,U01,direct,
2617.4,T020,U02,direct,
2617.5,T008,U06,relay,R02
2617.6,T005,U07,direct,
2617.6,T007,U08,direct,
2617.8,T013,U05,direct,
2617.9,T019,U01,direct,
2618.4,T020,U02,direct,
2618.5,T008,U06,relay,R02
2618.6,T005,U07,direct,
2618.6,T007,U08,direct,
2618.8,T013,U05,direct,
2618.9,T019,U01,direct,
2619.4,T020,U02,direct,
2619.5,T008,U06,relay,R02
2619.6,T005,U07,direct,
2619.6,T007,U08,direct,
2619.8,T013,U05,direct,
2619.9,T019,U01,direct,
2620.4,T020,U02,direct,
2620.5,T008,U06,relay,R02
2620.6,T005,U07,direct,
2620.6,T007,U08,direct,
2620.8,T013,U05,direct,
2620.9,T019,U01,direct,
2621.4,T020,U02,direct,
2621.5,T008,U06,relay,R02
2621.6,T005,U07,direct,
2621.6,T007,U08,direct,
2621.8,T013,U05,direct,
2621.9,T019,U01,direct,
2622.4,T020,U02,direct,
2622.5,T008,U06,relay,R02
2622.6,T005,U07,direct,
2622.6,T007,U08,direct,
2622.8,T013,U05,direct,
2622.9,T019,U01,direct,
2623.4,T020,U02,direct,
2623.5,T008,U06,relay,R02
2623.6,T005,U07,direct,
2623.6,T007,U08,direct,
2623.8,T013,U05,direct,
2623.9,T019,U01,direct,
2624.4,T020,U02,direct,
2624.5,T008,U06,relay,R02
2624.6,T005,U07,direct,
2624.6,T007,U08,direct,
2624.8,T013,U05,direct,
2624.9,T019,U01,direct,
2625.4,T020,U02,direct,
2625.5,T008,U06,relay,R02
2625.6,T005,U07,direct,
2625.6,T007,U08,direct,
2625.8,T013,U05,direct,
2625.9,T019,U01,direct,
2626.4,T020,U02,direct,
2626.5,T008,U06,relay,R02
2626.6,T005,U07,direct,
2626.6,T007,U08,direct,
2626.8,T013,U05,direct,
2626.9,T019,U01,direct,
2627.4,T020,U02,direct,
2627.5,T008,U06,relay,R02
2627.6,T005,U07,direct,
2627.6,T007,U08,direct,
2627.8,T013,U05,direct,
2627.9,T019,U01,direct,
2628.4,T020,U02,direct,
2628.5,T008,U06,relay,R02
2628.6,T005,U07,direct,
2628.6,T007,U08,direct,
2628.8,T013,U05,direct,
2628.9,T019,U01,direct,
2629.4,T020,U02,direct,
2629.5,T008,U06,relay,R02
2629.6,T005,U07,direct,
2629.6,T007,U08,direct,
2629.8,T013,U05,direct,
2629.9,T019,U01,direct,
2630.4,T020,U02,direct,
2630.5,T008,U06,relay,R02
2630.6,T005,U07,direct,
2630.6,T007,U08,direct,
2630.8,T013,U05,direct,
2630.9,T019,U01,direct,
2631.4,T020,U02,direct,
2631.5,T008,U06,relay,R02
2631.6,T005,U07,direct,
2631.6,T007,U08,direct,
2631.8,T013,U05,direct,
2631.9,T019,U01,direct,
2632.4,T020,U02,direct,
2632.5,T008,U06,relay,R02
2632.6,T005,U07,direct,
2632.6,T007,U08,direct,
2632.8,T013,U05,direct,
2632.9,T019,U01,direct,
2633.4,T020,U02,direct,
2633.5,T008,U06,relay,R02
2633.6,T005,U07,direct,
2633.6,T007,U08,direct,
2633.8,T013,U05,direct,
2633.9,T019,U01,direct,
2634.4,T020,U02,direct,
2634.5,T008,U06,relay,R02
2634.6,T005,U07,direct,
2634.6,T007,U08,direct,
2634.8,T013,U05,direct,
2634.9,T019,U01,direct,
2635.4,T020,U02,direct,
2635.5,T008,U06,relay,R02
2635.6,T005,U07,direct,
2635.6,T007,U08,direct,
2635.8,T013,U05,direct,
2635.9,T019,U01,direct,
2636.4,T020,U02,direct,
2636.5,T008,U06,relay,R02
2636.6,T005,U07,direct,
2636.6,T007,U08,direct,
2636.8,T013,U05,direct,
2636.9,T019,U01,direct,
2637.4,T020,U02,direct,
2637.5,T008,U06,relay,R02
2637.6,T005,U07,direct,
2637.6,T007,U08,direct,
2637.8,T013,U05,direct,
2637.9,T019,U01,direct,
2638.4,T020,U02,direct,
2638.5,T008,U06,relay,R02
2638.6,T005,U07,direct,
2638.6,T007,U08,direct,
2638.8,T013,U05,direct,
2638.9,T019,U01,direct,
2639.4,T020,U02,direct,
2639.5,T008,U06,relay,R02
2639.6,T005,U07,direct,
2639.6,T007,U08,direct,
2639.8,T013,U05,direct,
2639.9,T019,U01,direct,
2640.4,T020,U02,direct,
2640.5,T008,U06,relay,R02
2640.6,T005,U07,direct,
2640.6,T007,U08,direct,
2640.8,T013,U05,direct,
2640.9,T019,U01,direct,
2641.4,T020,U02,direct,
2641.5,T008,U06,relay,R02
2641.6,T005,U07,direct,
2641.6,T007,U08,direct,
2641.8,T013,U05,direct,
2641.9,T019,U01,direct,
2642.4,T020,U02,direct,
2642.5,T008,U06,relay,R02
2642.6,T005,U07,direct,
2642.6,T007,U08,direct,
2642.8,T013,U05,direct,
2642.9,T019,U01,direct,
2643.4,T020,U02,direct,
2643.5,T008,U06,relay,R02
2643.6,T005,U07,direct,
2643.6,T007,U08,direct,
2643.8,T013,U05,direct,
2643.9,T019,U01,direct,
2644.4,T020,U02,direct,
2644.5,T008,U06,relay,R02
2644.6,T005,U07,direct,
2644.6,T007,U08,direct,
2644.8,T013,U05,direct,
2644.9,T019,U01,direct,
2645.4,T020,U02,direct,
2645.5,T008,U06,relay,R02
2645.6,T005,U07,direct,
2645.6,T007,U08,direct,
2645.8,T013,U05,direct,
2645.9,T019,U01,direct,
2646.4,T020,U02,direct,
2646.5,T008,U06,relay,R02
2646.6,T005,U07,direct,
2646.6,T007,U08,direct,
2646.8,T013,U05,direct,
2646.9,T019,U01,direct,
2647.4,T020,U02,direct,
2647.5,T008,U06,relay,R02
2647.6,T005,U07,direct,
2647.6,T007,U08,direct,
2647.8,T013,U05,direct,
2647.9,T019,U01,direct,
2648.4,T020,U02,direct,
2648.5,T008,U06,relay,R02
2648.6,T005,U07,direct,
2648.6,T007,U08,direct,
2648.8,T013,U05,direct,
2648.9,T019,U01,direct,
2649.4,T020,U02,direct,
2649.5,T008,U06,relay,R02
2649.6,T005,U07,direct,
2649.6,T007,U08,direct,
2649.8,T013,U05,direct,
2649.9,T019,U01,direct,
2650.4,T020,U02,direct,
2650.5,T008,U06,relay,R02
2650.6,T005,U07,direct,
2650.6,T007,U08,direct,
2650.8,T013,U05,direct,
2650.9,T019,U01,direct,
2651.4,T020,U02,direct,
2651.5,T008,U06,relay,R02
2651.6,T005,U07,direct,
2651.6,T007,U08,direct,
2651.8,T013,U05,direct,
2651.9,T019,U01,direct,
2652.4,T020,U02,direct,
2652.5,T008,U06,relay,R02
2652.6,T005,U07,direct,
2652.6,T007,U08,direct,
2652.8,T013,U05,direct,
2652.9,T019,U01,direct,
2653.4,T020,U02,direct,
2653.5,T008,U06,relay,R02
2653.6,T005,U07,direct,
2653.6,T007,U08,direct,
2653.8,T013,U05,direct,
2653.9,T019,U01,direct,
2654.4,T020,U02,direct,
2654.5,T008,U06,relay,R02
2654.6,T005,U07,direct,
2654.6,T007,U08,direct,
2654.8,T013,U05,direct,
2654.9,T019,U01,direct,
2655.4,T020,U02,direct,
2655.5,T008,U06,relay,R02
2655.6,T005,U07,direct,
2655.6,T007,U08,direct,
2655.8,T013,U05,direct,
2655.9,T019,U01,direct,
2656.4,T020,U02,direct,
2656.5,T008,U06,relay,R02
2656.6,T005,U07,direct,
2656.6,T007,U08,direct,
2656.8,T013,U05,direct,
2656.9,T019,U01,direct,
2657.4,T020,U02,direct,
2657.5,T008,U06,relay,R02
2657.6,T005,U07,direct,
2657.6,T007,U08,direct,
2657.8,T013,U05,direct,
2657.9,T019,U01,direct,
2658.4,T020,U02,direct,
2658.5,T008,U06,relay,R02
2658.6,T005,U07,direct,
2658.6,T007,U08,direct,
2658.8,T013,U05,direct,
2658.9,T019,U01,direct,
2659.4,T020,U02,direct,
2659.5,T008,U06,relay,R02
2659.6,T005,U07,direct,
2659.6,T007,U08,direct,
2659.8,T013,U05,direct,
2659.9,T019,U01,direct,
2660.4,T020,U02,direct,
2660.5,T008,U06,relay,R02
2660.6,T005,U07,direct,
2660.6,T007,U08,direct,
2660.8,T013,U05,direct,
2660.9,T019,U01,direct,
2661.4,T020,U02,direct,
2661.5,T008,U06,relay,R02
2661.6,T005,U07,direct,
2661.6,T007,U08,direct,
2661.8,T013,U05,direct,
2661.9,T019,U01,direct,
2662.4,T020,U02,direct,
2662.5,T008,U06,relay,R02
2662.6,T005,U07,direct,
2662.6,T007,U08,direct,
2662.8,T013,U05,direct,
2662.9,T019,U01,direct,
2663.4,T020,U02,direct,
2663.5,T008,U06,relay,R02
2663.6,T005,U07,direct,
2663.6,T007,U08,direct,
2663.8,T013,U05,direct,
2663.9,T019,U01,direct,
2664.4,T020,U02,direct,
2664.5,T008,U06,relay,R02
2664.6,T005,U07,direct,
2664.6,T007,U08,direct,
2664.8,T013,U05,direct,
2664.9,T019,U01,direct,
2665.4,T020,U02,direct,
2665.5,T008,U06,relay,R02
2665.6,T005,U07,direct,
2665.6,T007,U08,direct,
2665.8,T013,U05,direct,
2665.9,T019,U01,direct,
2666.4,T020,U02,direct,
2666.5,T008,U06,relay,R02
2666.6,T005,U07,direct,
2666.6,T007,U08,direct,
2666.8,T013,U05,direct,
2666.9,T019,U01,direct,
2667.4,T020,U02,direct,
2667.5,T008,U06,relay,R02
2667.6,T005,U07,direct,
2667.6,T007,U08,direct,
2667.8,T013,U05,direct,
2667.9,T019,U01,direct,
2668.4,T020,U02,direct,
2668.5,T008,U06,relay,R02
2668.6,T005,U07,direct,
2668.6,T007,U08,direct,
2668.8,T013,U05,direct,
2668.9,T019,U01,direct,
2669.4,T020,U02,direct,
2669.5,T008,U06,relay,R02
2669.6,T005,U07,direct,
2669.6,T007,U08,direct,
2669.8,T013,U05,direct,
2669.9,T019,U01,direct,
2670.4,T020,U02,direct,
2670.5,T008,U06,relay,R02
2670.6,T005,U07,direct,
2670.6,T007,U08,direct,
2670.8,T013,U05,direct,
2670.9,T019,U01,direct,
2671.4,T020,U02,direct,
2671.5,T008,U06,relay,R02
2671.6,T005,U07,direct,
2671.6,T007,U08,direct,
2671.8,T013,U05,direct,
2671.9,T019,U01,direct,
2672.4,T020,U02,direct,
2672.5,T008,U06,relay,R02
2672.6,T005,U07,direct,
2672.6,T007,U08,direct,
2672.8,T013,U05,direct,
2672.9,T019,U01,direct,
2673.4,T020,U02,direct,
2673.5,T008,U06,relay,R02
2673.6,T005,U07,direct,
2673.6,T007,U08,direct,
2673.8,T013,U05,direct,
2673.9,T019,U01,direct,
2674.4,T020,U02,direct,
2674.5,T008,U06,relay,R02
2674.6,T005,U07,direct,
2674.6,T007,U08,direct,
2674.8,T013,U05,direct,
2674.9,T019,U01,direct,
2675.4,T020,U02,direct,
2675.5,T008,U06,relay,R02
2675.6,T005,U07,direct,
2675.6,T007,U08,direct,
2675.8,T013,U05,direct,
2675.9,T019,U01,direct,
2676.4,T020,U02,direct,
2676.5,T008,U06,relay,R02
2676.6,T005,U07,direct,
2676.6,T007,U08,direct,
2676.8,T013,U05,direct,
2676.9,T019,U01,direct,
2677.4,T020,U02,direct,
2677.5,T008,U06,relay,R02
2677.6,T005,U07,direct,
2677.6,T007,U08,direct,
2677.8,T013,U05,direct,
2677.9,T019,U01,direct,
2678.4,T020,U02,direct,
2678.5,T008,U06,relay,R02
2678.6,T005,U07,direct,
2678.6,T007,U08,direct,
2678.8,T013,U05,direct,
2678.9,T019,U01,direct,
2679.4,T020,U02,direct,
2679.5,T008,U06,relay,R02
2679.6,T005,U07,direct,
2679.6,T007,U08,direct,
2679.8,T013,U05,direct,
2679.9,T019,U01,direct,
2680.4,T020,U02,direct,
2680.5,T008,U06,relay,R02
2680.6,T005,U07,direct,
2680.6,T007,U08,direct,
2680.8,T013,U05,direct,
2680.9,T019,U01,direct,
2681.4,T020,U02,direct,
2681.5,T008,U06,relay,R02
2681.6,T005,U07,direct,
2681.6,T007,U08,direct,
2681.8,T013,U05,direct,
2681.9,T019,U01,direct,
2682.4,T020,U02,direct,
2682.5,T008,U06,relay,R02
2682.6,T005,U07,direct,
2682.6,T007,U08,direct,
2682.8,T013,U05,direct,
2682.9,T019,U01,direct,
2683.4,T020,U02,direct,
2683.5,T008,U06,relay,R02
2683.6,T005,U07,direct,
2683.6,T007,U08,direct,
2683.8,T013,U05,direct,
2683.9,T019,U01,direct,
2684.4,T020,U02,direct,
2684.5,T008,U06,relay,R02
2684.6,T005,U07,direct,
2684.6,T007,U08,direct,
2684.8,T013,U05,direct,
2684.9,T019,U01,direct,
2685.4,T020,U02,direct,
2685.5,T008,U06,relay,R02
2685.6,T005,U07,direct,
2685.6,T007,U08,direct,
2685.8,T013,U05,direct,
2685.9,T019,U01,direct,
2686.4,T020,U02,direct,
2686.5,T008,U06,relay,R02
2686.6,T005,U07,direct,
2686.6,T007,U08,direct,
2686.8,T013,U05,direct,
2686.9,T019,U01,direct,
2687.4,T020,U02,direct,
2687.5,T008,U06,relay,R02
2687.6,T005,U07,direct,
2687.6,T007,U08,direct,
2687.8,T013,U05,direct,
2687.9,T019,U01,direct,
2688.4,T020,U02,direct,
2688.5,T008,U06,relay,R02
2688.6,T005,U07,direct,
2688.6,T007,U08,direct,
2688.8,T013,U05,direct,
2688.9,T019,U01,direct,
2689.4,T020,U02,direct,
2689.5,T008,U06,relay,R02
2689.6,T005,U07,direct,
2689.6,T007,U08,direct,
2689.8,T013,U05,direct,
2689.9,T019,U01,direct,
2690.4,T020,U02,direct,
2690.5,T008,U06,relay,R02
2690.6,T005,U07,direct,
2690.6,T007,U08,direct,
2690.8,T013,U05,direct,
2690.9,T019,U01,direct,
2691.4,T020,U02,direct,
2691.5,T008,U06,relay,R02
2691.6,T005,U07,direct,
2691.6,T007,U08,direct,
2691.8,T013,U05,direct,
2691.9,T019,U01,direct,
2692.4,T020,U02,direct,
2692.5,T008,U06,relay,R02
2692.6,T005,U07,direct,
2692.6,T007,U08,direct,
2692.8,T013,U05,direct,
2692.9,T019,U01,direct,
2693.4,T020,U02,direct,
2693.5,T008,U06,relay,R02
2693.6,T005,U07,direct,
2693.6,T007,U08,direct,
2693.8,T013,U05,direct,
2693.9,T019,U01,direct,
2694.4,T020,U02,direct,
2694.5,T008,U06,relay,R02
2694.6,T005,U07,direct,
2694.6,T007,U08,direct,
2694.8,T013,U05,direct,
2694.9,T019,U01,direct,
2695.4,T020,U02,direct,
2695.5,T008,U06,relay,R02
2695.6,T005,U07,direct,
2695.6,T007,U08,direct,
2695.8,T013,U05,direct,
2695.9,T019,U01,direct,
2696.4,T020,U02,direct,
2696.5,T008,U06,relay,R02
2696.6,T005,U07,direct,
2696.6,T007,U08,direct,
2696.8,T013,U05,direct,
2696.9,T019,U01,direct,
2697.4,T020,U02,direct,
2697.5,T008,U06,relay,R02
2697.6,T005,U07,direct,
2697.6,T007,U08,direct,
2697.8,T013,U05,direct,
2697.9,T019,U01,direct,
2698.4,T020,U02,direct,
2698.5,T008,U06,relay,R02
2698.6,T005,U07,direct,
2698.6,T007,U08,direct,
2698.8,T013,U05,direct,
2698.9,T019,U01,direct,
2699.4,T020,U02,direct,
2699.5,T008,U06,relay,R02
2699.6,T005,U07,direct,
2699.6,T007,U08,direct,
2699.8,T013,U05,direct,
2699.9,T019,U01,direct,
2700.4,T020,U02,direct,
2700.5,T008,U06,relay,R02
2700.6,T005,U07,direct,
2700.6,T007,U08,direct,
2700.8,T013,U05,direct,
2700.9,T019,U01,direct,
2701.4,T020,U02,direct,
2701.5,T008,U06,relay,R02
2701.6,T005,U07,direct,
2701.6,T007,U08,direct,
2701.8,T013,U05,direct,
2701.9,T019,U01,direct,
2702.4,T020,U02,direct,
2702.5,T008,U06,relay,R02
2702.6,T005,U07,direct,
2702.6,T007,U08,direct,
2702.8,T013,U05,direct,
2702.9,T019,U01,direct,
2703.4,T020,U02,direct,
2703.5,T008,U06,relay,R02
2703.6,T005,U07,direct,
2703.6,T007,U08,direct,
2703.8,T013,U05,direct,
2703.9,T019,U01,direct,
2704.4,T020,U02,direct,
2704.5,T008,U06,relay,R02
2704.6,T005,U07,direct,
2704.6,T007,U08,direct,
2704.8,T013,U05,direct,
2704.9,T019,U01,direct,
2705.4,T020,U02,direct,
2705.5,T008,U06,relay,R02
2705.6,T005,U07,direct,
2705.6,T007,U08,direct,
2705.8,T013,U05,direct,
2705.9,T019,U01,direct,
2706.4,T020,U02,direct,
2706.5,T008,U06,relay,R02
2706.6,T005,U07,direct,
2706.6,T007,U08,direct,
2706.8,T013,U05,direct,
2706.9,T019,U01,direct,
2707.4,T020,U02,direct,
2707.5,T008,U06,relay,R02
2707.6,T005,U07,direct,
2707.6,T007,U08,direct,
2707.8,T013,U05,direct,
2707.9,T019,U01,direct,
2708.4,T020,U02,direct,
2708.5,T008,U06,relay,R02
2708.6,T005,U07,direct,
2708.6,T007,U08,direct,
2708.8,T013,U05,direct,
2708.9,T019,U01,direct,
2709.4,T020,U02,direct,
2709.5,T008,U06,relay,R02
2709.6,T005,U07,direct,
2709.6,T007,U08,direct,
2709.8,T013,U05,direct,
2709.9,T019,U01,direct,
2710.4,T020,U02,direct,
2710.5,T008,U06,relay,R02
2710.6,T005,U07,direct,
2710.6,T007,U08,direct,
2710.8,T013,U05,direct,
2710.9,T019,U01,direct,
2711.4,T020,U02,direct,
2711.5,T008,U06,relay,R02
2711.6,T005,U07,direct,
2711.6,T007,U08,direct,
2711.8,T013,U05,direct,
2711.9,T019,U01,direct,
2712.4,T020,U02,direct,
2712.5,T008,U06,relay,R02
2712.6,T005,U07,direct,
2712.6,T007,U08,direct,
2712.8,T013,U05,direct,
2712.9,T019,U01,direct,
2713.4,T020,U02,direct,
2713.5,T008,U06,relay,R02
2713.6,T005,U07,direct,
2713.6,T007,U08,direct,
2713.8,T013,U05,direct,
2713.9,T019,U01,direct,
2714.4,T020,U02,direct,
2714.5,T008,U06,relay,R02
2714.6,T005,U07,direct,
2714.6,T007,U08,direct,
2714.8,T013,U05,direct,
2714.9,T019,U01,direct,
2715.4,T020,U02,direct,
2715.5,T008,U06,relay,R02
2715.6,T005,U07,direct,
2715.6,T007,U08,direct,
2715.8,T013,U05,direct,
2715.9,T019,U01,direct,
2716.4,T020,U02,direct,
2716.5,T008,U06,relay,R02
2716.6,T005,U07,direct,
2716.6,T007,U08,direct,
2716.8,T013,U05,direct,
2716.9,T019,U01,direct,
2717.4,T020,U02,direct,
2717.5,T008,U06,relay,R02
2717.6,T005,U07,direct,
2717.6,T007,U08,direct,
2717.8,T013,U05,direct,
2717.9,T019,U01,direct,
2718.4,T020,U02,direct,
2718.5,T008,U06,relay,R02
2718.6,T005,U07,direct,
2718.6,T007,U08,direct,
2718.8,T013,U05,direct,
2718.9,T019,U01,direct,
2719.4,T020,U02,direct,
2719.5,T008,U06,relay,R02
2719.6,T005,U07,direct,
2719.6,T007,U08,direct,
2719.8,T013,U05,direct,
2719.9,T019,U01,direct,
2720.4,T020,U02,direct,
2720.5,T008,U06,relay,R02
2720.6,T005,U07,direct,
2720.6,T007,U08,direct,
2720.8,T013,U05,direct,
2720.9,T019,U01,direct,
2721.4,T020,U02,direct,
2721.5,T008,U06,relay,R02
2721.6,T005,U07,direct,
2721.6,T007,U08,direct,
2721.8,T013,U05,direct,
2721.9,T019,U01,direct,
2722.4,T020,U02,direct,
2722.5,T008,U06,relay,R02
2722.6,T005,U07,direct,
2722.6,T007,U08,direct,
2722.8,T013,U05,direct,
2722.9,T019,U01,direct,
2723.4,T020,U02,direct,
2723.5,T008,U06,relay,R02
2723.6,T005,U07,direct,
2723.6,T007,U08,direct,
2723.8,T013,U05,direct,
2723.9,T019,U01,direct,
2724.4,T020,U02,direct,
2724.5,T008,U06,relay,R02
2724.6,T005,U07,direct,
2724.6,T007,U08,relay,R02
2724.8,T013,U05,direct,
2724.9,T019,U01,direct,
2725.4,T020,U02,direct,
2725.5,T008,U06,relay,R02
2725.6,T005,U07,direct,
2725.6,T007,U08,relay,R02
2725.8,T013,U05,direct,
2725.9,T019,U01,direct,
2726.4,T020,U02,direct,
2726.5,T008,U06,relay,R02
2726.6,T005,U07,direct,
2726.6,T007,U08,relay,R02
2726.8,T013,U05,direct,
2726.9,T019,U01,direct,
2727.4,T020,U02,direct,
2727.5,T008,U06,relay,R02
2727.6,T005,U07,direct,
2727.6,T007,U08,relay,R02
2727.8,T013,U05,direct,
2727.9,T019,U01,direct,
2728.4,T020,U02,direct,
2728.5,T008,U06,relay,R02
2728.6,T005,U07,direct,
2728.6,T007,U08,relay,R02
2728.8,T013,U05,direct,
2728.9,T019,U01,direct,
2729.4,T020,U02,direct,
2729.5,T008,U06,relay,R02
2729.6,T005,U07,direct,
2729.6,T007,U08,relay,R02
2729.8,T013,U05,direct,
2729.9,T019,U01,direct,
2730.4,T020,U02,direct,
2730.5,T008,U06,relay,R02
2730.6,T005,U07,direct,
2730.6,T007,U08,relay,R02
2730.8,T013,U05,direct,
2730.9,T019,U01,direct,
2731.4,T020,U02,direct,
2731.5,T008,U06,relay,R02
2731.6,T005,U07,direct,
2731.6,T007,U08,relay,R02
2731.8,T013,U05,direct,
2731.9,T019,U01,direct,
2732.4,T020,U02,direct,
2732.5,T008,U06,relay,R02
2732.6,T005,U07,direct,
2732.6,T007,U08,relay,R02
2732.8,T013,U05,direct,
2732.9,T019,U01,direct,
2733.4,T020,U02,direct,
2733.5,T008,U06,relay,R02
2733.6,T005,U07,direct,
2733.6,T007,U08,relay,R02
2733.8,T013,U05,direct,
2733.9,T019,U01,direct,
2734.4,T020,U02,direct,
2734.5,T008,U06,relay,R02
2734.6,T005,U07,direct,
2734.6,T007,U08,relay,R02
2734.8,T013,U05,direct,
2734.9,T019,U01,direct,
2735.4,T020,U02,direct,
2735.5,T008,U06,relay,R02
2735.6,T005,U07,direct,
2735.6,T007,U08,relay,R02
2735.8,T013,U05,direct,
2735.9,T019,U01,direct,
2736.4,T020,U02,direct,
2736.5,T008,U06,relay,R02
2736.6,T005,U07,direct,
2736.6,T007,U08,relay,R02
2736.8,T013,U05,direct,
2736.9,T019,U01,direct,
2737.4,T020,U02,direct,
2737.5,T008,U06,relay,R02
2737.6,T005,U07,direct,
2737.6,T007,U08,relay,R02
2737.8,T013,U05,direct,
2737.9,T019,U01,direct,
2738.4,T020,U02,direct,
2738.5,T008,U06,relay,R02
2738.6,T005,U07,direct,
2738.6,T007,U08,relay,R02
2738.8,T013,U05,direct,
2738.9,T019,U01,direct,
2739.4,T020,U02,direct,
2739.5,T008,U06,relay,R02
2739.6,T005,U07,direct,
2739.6,T007,U08,relay,R02
2739.8,T013,U05,direct,
2739.9,T019,U01,direct,
2740.4,T020,U02,direct,
2740.5,T008,U06,relay,R02
2740.6,T005,U07,direct,
2740.6,T007,U08,relay,R02
2740.8,T013,U05,direct,
2740.9,T019,U01,direct,
2741.4,T020,U02,direct,
2741.5,T008,U06,relay,R02
2741.6,T005,U07,direct,
2741.6,T007,U08,relay,R02
2741.8,T013,U05,direct,
2741.9,T019,U01,direct,
2742.4,T020,U02,direct,
2742.5,T008,U06,relay,R02
2742.6,T005,U07,direct,
2742.6,T007,U08,relay,R02
2742.8,T013,U05,direct,
2742.9,T019,U01,direct,
2743.4,T020,U02,direct,
2743.5,T008,U06,relay,R02
2743.6,T005,U07,direct,
2743.6,T007,U08,relay,R02
2743.8,T013,U05,direct,
2743.9,T019,U01,direct,
2744.4,T020,U02,direct,
2744.5,T008,U06,relay,R02
2744.6,T005,U07,direct,
2744.6,T007,U08,relay,R02
2744.8,T013,U05,direct,
2744.9,T019,U01,direct,
2745.4,T020,U02,direct,
2745.5,T008,U06,relay,R02
2745.6,T005,U07,direct,
2745.6,T007,U08,relay,R02
2745.8,T013,U05,direct,
2745.9,T019,U01,direct,
2746.4,T020,U02,direct,
2746.5,T008,U06,relay,R02
2746.6,T005,U07,direct,
2746.6,T007,U08,relay,R02
2746.8,T013,U05,direct,
2746.9,T019,U01,direct,
2747.4,T020,U02,direct,
2747.5,T008,U06,relay,R02
2747.6,T005,U07,direct,
2747.6,T007,U08,relay,R02
2747.8,T013,U05,direct,
2747.9,T019,U01,direct,
2748.4,T020,U02,direct,
2748.5,T008,U06,relay,R02
2748.6,T005,U07,direct,
2748.6,T007,U08,relay,R02
2748.8,T013,U05,direct,
2748.9,T019,U01,direct,
2749.4,T020,U02,direct,
2749.5,T008,U06,relay,R02
2749.6,T005,U07,direct,
2749.6,T007,U08,relay,R02
2749.8,T013,U05,direct,
2749.9,T019,U01,direct,
2750.4,T020,U02,direct,
2750.5,T008,U06,relay,R02
2750.6,T005,U07,direct,
2750.6,T007,U08,relay,R02
2750.8,T013,U05,direct,
2750.9,T019,U01,direct,
2751.4,T020,U02,direct,
2751.5,T008,U06,relay,R02
2751.6,T005,U07,direct,
2751.6,T007,U08,relay,R02
2751.8,T013,U05,direct,
2751.9,T019,U01,direct,
2752.4,T020,U02,direct,
2752.5,T008,U06,relay,R02
2752.6,T005,U07,direct,
2752.6,T007,U08,relay,R02
2752.8,T013,U05,direct,
2752.9,T019,U01,direct,
2753.4,T020,U02,direct,
2753.5,T008,U06,relay,R02
2753.6,T005,U07,direct,
2753.6,T007,U08,relay,R02
2753.8,T013,U05,direct,
2753.9,T019,U01,direct,
2754.4,T020,U02,direct,
2754.5,T008,U06,relay,R02
2754.6,T005,U07,direct,
2754.6,T007,U08,relay,R02
2754.8,T013,U05,direct,
2754.9,T019,U01,direct,
2755.4,T020,U02,direct,
2755.5,T008,U06,relay,R02
2755.6,T005,U07,direct,
2755.6,T007,U08,relay,R02
2755.8,T013,U05,direct,
2755.9,T019,U01,direct,
2756.4,T020,U02,direct,
2756.5,T008,U06,relay,R02
2756.6,T005,U07,direct,
2756.6,T007,U08,relay,R02
2756.8,T013,U05,direct,
2756.9,T019,U01,direct,
2757.4,T020,U02,direct,
2757.5,T008,U06,relay,R02
2757.6,T005,U07,direct,
2757.6,T007,U08,relay,R02
2757.8,T013,U05,direct,
2757.9,T019,U01,direct,
2758.4,T020,U02,direct,
2758.5,T008,U06,relay,R02
2758.6,T005,U07,direct,
2758.6,T007,U08,relay,R02
2758.8,T013,U05,direct,
2758.9,T019,U01,direct,
2759.4,T020,U02,direct,
2759.5,T008,U06,relay,R02
2759.6,T005,U07,direct,
2759.6,T007,U08,relay,R02
2759.8,T013,U05,direct,
2759.9,T019,U01,direct,
2760.4,T020,U02,direct,
2760.5,T008,U06,relay,R02
2760.6,T005,U07,direct,
2760.6,T007,U08,relay,R02
2760.8,T013,U05,direct,
2760.9,T019,U01,direct,
2761.4,T020,U02,direct,
2761.5,T008,U06,relay,R02
2761.6,T005,U07,direct,
2761.6,T007,U08,relay,R02
2761.8,T013,U05,direct,
2761.9,T019,U01,direct,
2762.4,T020,U02,direct,
2762.5,T008,U06,relay,R02
2762.6,T005,U07,direct,
2762.6,T007,U08,relay,R02
2762.8,T013,U05,direct,
2762.9,T019,U01,direct,
2763.4,T020,U02,direct,
2763.5,T008,U06,relay,R02
2763.6,T005,U07,direct,
2763.6,T007,U08,relay,R02
2763.8,T013,U05,direct,
2763.9,T019,U01,direct,
2764.4,T020,U02,direct,
2764.5,T008,U06,relay,R02
2764.6,T005,U07,direct,
2764.6,T007,U08,relay,R02
2764.8,T013,U05,direct,
2764.9,T019,U01,direct,
2765.4,T020,U02,direct,
2765.5,T008,U06,relay,R02
2765.6,T005,U07,direct,
2765.6,T007,U08,relay,R02
2765.8,T013,U05,direct,
2765.9,T019,U01,direct,
2766.4,T020,U02,direct,
2766.5,T008,U06,relay,R02
2766.6,T005,U07,direct,
2766.6,T007,U08,relay,R02
2766.8,T013,U05,direct,
2766.9,T019,U01,direct,
2767.4,T020,U02,direct,
2767.5,T008,U06,relay,R02
2767.6,T005,U07,direct,
2767.6,T007,U08,relay,R02
2767.8,T013,U05,direct,
2767.9,T019,U01,direct,
2768.4,T020,U02,direct,
2768.5,T008,U06,relay,R02
2768.6,T005,U07,direct,
2768.6,T007,U08,relay,R02
2768.8,T013,U05,direct,
2768.9,T019,U01,direct,
2769.4,T020,U02,direct,
2769.5,T008,U06,relay,R02
2769.6,T005,U07,direct,
2769.6,T007,U08,relay,R02
2769.8,T013,U05,direct,
2769.9,T019,U01,direct,
2770.4,T020,U02,direct,
2770.5,T008,U06,relay,R02
2770.6,T005,U07,direct,
2770.6,T007,U08,relay,R02
2770.8,T013,U05,direct,
2770.9,T019,U01,direct,
2771.4,T020,U02,direct,
2771.5,T008,U06,relay,R02
2771.6,T005,U07,direct,
2771.6,T007,U08,relay,R02
2771.8,T013,U05,direct,
2771.9,T019,U01,direct,
2772.4,T020,U02,direct,
2772.5,T008,U06,relay,R02
2772.6,T005,U07,direct,
2772.6,T007,U08,relay,R02
2772.8,T013,U05,direct,
2772.9,T019,U01,direct,
2773.4,T020,U02,direct,
2773.5,T008,U06,relay,R02
2773.6,T005,U07,direct,
2773.6,T007,U08,relay,R02
2773.8,T013,U05,direct,
2773.9,T019,U01,direct,
2774.4,T020,U02,direct,
2774.5,T008,U06,relay,R02
2774.6,T005,U07,direct,
2774.6,T007,U08,relay,R02
2774.8,T013,U05,direct,
2774.9,T019,U01,direct,
2775.4,T020,U02,direct,
2775.5,T008,U06,relay,R02
2775.6,T005,U07,direct,
2775.6,T007,U08,relay,R02
2775.8,T013,U05,direct,
2775.9,T019,U01,direct,
2776.4,T020,U02,direct,
2776.5,T008,U06,relay,R02
2776.6,T005,U07,direct,
2776.6,T007,U08,relay,R02
2776.8,T013,U05,direct,
2776.9,T019,U01,direct,
2777.4,T020,U02,direct,
2777.5,T008,U06,relay,R02
2777.6,T005,U07,direct,
2777.6,T007,U08,relay,R02
2777.8,T013,U05,direct,
2777.9,T019,U01,direct,
2778.4,T020,U02,direct,
2778.5,T008,U06,relay,R02
2778.6,T005,U07,direct,
2778.6,T007,U08,relay,R02
2778.8,T013,U05,direct,
2778.9,T019,U01,direct,
2779.4,T020,U02,direct,
2779.5,T008,U06,relay,R02
2779.6,T005,U07,direct,
2779.6,T007,U08,relay,R02
2779.8,T013,U05,direct,
2779.9,T019,U01,direct,
2780.4,T020,U02,direct,
2780.5,T008,U06,relay,R02
2780.6,T005,U07,direct,
2780.6,T007,U08,relay,R02
2780.8,T013,U05,direct,
2780.9,T019,U01,direct,
2781.4,T020,U02,direct,
2781.5,T008,U06,relay,R02
2781.6,T005,U07,direct,
2781.6,T007,U08,relay,R02
2781.8,T013,U05,direct,
2781.9,T019,U01,direct,
2782.4,T020,U02,direct,
2782.5,T008,U06,relay,R02
2782.6,T005,U07,direct,
2782.6,T007,U08,relay,R02
2782.8,T013,U05,direct,
2782.9,T019,U01,direct,
2783.4,T020,U02,direct,
2783.5,T008,U06,relay,R02
2783.6,T005,U07,direct,
2783.6,T007,U08,relay,R02
2783.8,T013,U05,direct,
2783.9,T019,U01,direct,
2784.4,T020,U02,direct,
2784.5,T008,U06,relay,R02
2784.6,T005,U07,direct,
2784.6,T007,U08,relay,R02
2784.8,T013,U05,direct,
2784.9,T019,U01,direct,
2785.4,T020,U02,direct,
2785.5,T008,U06,relay,R02
2785.6,T005,U07,direct,
2785.6,T007,U08,relay,R02
2785.8,T013,U05,direct,
2785.9,T019,U01,direct,
2786.4,T020,U02,direct,
2786.5,T008,U06,relay,R02
2786.6,T005,U07,direct,
2786.6,T007,U08,relay,R02
2786.8,T013,U05,direct,
2786.9,T019,U01,direct,
2787.4,T020,U02,direct,
2787.5,T008,U06,relay,R02
2787.6,T005,U07,direct,
2787.6,T007,U08,relay,R02
2787.8,T013,U05,direct,
2787.9,T019,U01,direct,
2788.4,T020,U02,direct,
2788.5,T008,U06,relay,R02
2788.6,T005,U07,direct,
2788.6,T007,U08,relay,R02
2788.8,T013,U05,direct,
2788.9,T019,U01,direct,
2789.4,T020,U02,direct,
2789.5,T008,U06,relay,R02
2789.6,T005,U07,direct,
2789.6,T007,U08,relay,R02
2789.8,T013,U05,direct,
2789.9,T019,U01,direct,
2790.4,T020,U02,direct,
2790.5,T008,U06,relay,R02
2790.6,T005,U07,direct,
2790.6,T007,U08,relay,R02
2790.8,T013,U05,direct,
2790.9,T019,U01,direct,
2791.4,T020,U02,direct,
2791.5,T008,U06,relay,R02
2791.6,T005,U07,direct,
2791.6,T007,U08,relay,R02
2791.8,T013,U05,direct,
2791.9,T019,U01,direct,
2792.4,T020,U02,direct,
2792.5,T008,U06,relay,R02
2792.6,T005,U07,direct,
2792.6,T007,U08,relay,R02
2792.8,T013,U05,direct,
2792.9,T019,U01,direct,
2793.4,T020,U02,direct,
2793.5,T008,U06,relay,R02
2793.6,T005,U07,direct,
2793.6,T007,U08,relay,R02
2793.8,T013,U05,direct,
2793.9,T019,U01,direct,
2794.4,T020,U02,direct,
2794.5,T008,U06,relay,R02
2794.6,T005,U07,direct,
2794.6,T007,U08,relay,R02
2794.8,T013,U05,direct,
2794.9,T019,U01,direct,
2795.4,T020,U02,direct,
2795.5,T008,U06,relay,R02
2795.6,T005,U07,direct,
2795.6,T007,U08,relay,R02
2795.8,T013,U05,direct,
2795.9,T019,U01,direct,
2796.4,T020,U02,direct,
2796.5,T008,U06,relay,R02
2796.6,T005,U07,direct,
2796.6,T007,U08,relay,R02
2796.8,T013,U05,direct,
2796.9,T019,U01,direct,
2797.4,T020,U02,direct,
2797.5,T008,U06,relay,R02
2797.6,T005,U07,direct,
2797.6,T007,U08,relay,R02
2797.8,T013,U05,direct,
2797.9,T019,U01,direct,
2798.4,T020,U02,direct,
2798.5,T008,U06,relay,R02
2798.6,T005,U07,direct,
2798.6,T007,U08,relay,R02
2798.8,T013,U05,direct,
2798.9,T019,U01,direct,
2799.4,T020,U02,direct,
2799.5,T008,U06,relay,R02
2799.6,T005,U07,direct,
2799.6,T007,U08,relay,R02
2799.8,T013,U05,direct,
2799.9,T019,U01,direct,
2800.4,T020,U02,direct,
2800.5,T008,U06,relay,R02
2800.6,T005,U07,direct,
2800.6,T007,U08,relay,R02
2800.8,T013,U05,direct,
2800.9,T019,U01,direct,
2801.4,T020,U02,direct,
2801.5,T008,U06,relay,R02
2801.6,T005,U07,direct,
2801.6,T007,U08,relay,R02
2801.8,T013,U05,direct,
2801.9,T019,U01,direct,
2802.4,T020,U02,direct,
2802.5,T008,U06,relay,R02
2802.6,T005,U07,direct,
2802.6,T007,U08,relay,R02
2802.8,T013,U05,direct,
2802.9,T019,U01,direct,
2803.4,T020,U02,direct,
2803.5,T008,U06,relay,R02
2803.6,T005,U07,direct,
2803.6,T007,U08,relay,R02
2803.8,T013,U05,direct,
2803.9,T019,U01,direct,
2804.4,T020,U02,direct,
2804.5,T008,U06,relay,R02
2804.6,T005,U07,direct,
2804.6,T007,U08,relay,R02
2804.8,T013,U05,direct,
2804.9,T019,U01,direct,
2805.4,T020,U02,direct,
2805.5,T008,U06,relay,R02
2805.6,T005,U07,direct,
2805.6,T007,U08,relay,R02
2805.8,T013,U05,direct,
2805.9,T019,U01,direct,
2806.4,T020,U02,direct,
2806.5,T008,U06,relay,R02
2806.6,T005,U07,direct,
2806.6,T007,U08,relay,R02
2806.8,T013,U05,direct,
2806.9,T019,U01,direct,
2807.4,T020,U02,direct,
2807.5,T008,U06,relay,R02
2807.6,T005,U07,direct,
2807.6,T007,U08,relay,R02
2807.8,T013,U05,direct,
2807.9,T019,U01,direct,
2808.4,T020,U02,direct,
2808.5,T008,U06,relay,R02
2808.6,T005,U07,direct,
2808.6,T007,U08,relay,R02
2808.8,T013,U05,direct,
2808.9,T019,U01,direct,
2809.4,T020,U02,direct,
2809.5,T008,U06,relay,R02
2809.6,T005,U07,direct,
2809.6,T007,U08,relay,R02
2809.8,T013,U05,direct,
2809.9,T019,U01,direct,
2810.4,T020,U02,direct,
2810.5,T008,U06,relay,R02
2810.6,T005,U07,direct,
2810.6,T007,U08,relay,R02
2810.8,T013,U05,direct,
2810.9,T019,U01,direct,
2811.4,T020,U02,direct,
2811.5,T008,U06,relay,R02
2811.6,T005,U07,direct,
2811.6,T007,U08,relay,R02
2811.8,T013,U05,direct,
2811.9,T019,U01,direct,
2812.4,T020,U02,direct,
2812.5,T008,U06,relay,R02
2812.6,T005,U07,direct,
2812.6,T007,U08,relay,R02
2812.8,T013,U05,direct,
2812.9,T019,U01,direct,
2813.4,T020,U02,direct,
2813.5,T008,U06,relay,R02
2813.6,T005,U07,direct,
2813.6,T007,U08,relay,R02
2813.8,T013,U05,direct,
2813.9,T019,U01,direct,
2814.4,T020,U02,direct,
2814.5,T008,U06,relay,R02
2814.6,T005,U07,direct,
2814.6,T007,U08,relay,R02
2814.8,T013,U05,direct,
2814.9,T019,U01,direct,
2815.4,T020,U02,direct,
2815.5,T008,U06,relay,R02
2815.6,T005,U07,direct,
2815.6,T007,U08,relay,R02
2815.8,T013,U05,direct,
2815.9,T019,U01,direct,
2816.4,T020,U02,direct,
2816.5,T008,U06,relay,R02
2816.6,T005,U07,direct,
2816.6,T007,U08,relay,R02
2816.8,T013,U05,direct,
2816.9,T019,U01,direct,
2817.4,T020,U02,direct,
2817.5,T008,U06,relay,R02
2817.6,T005,U07,direct,
2817.6,T007,U08,relay,R02
2817.8,T013,U05,direct,
2817.9,T019,U01,direct,
2818.4,T020,U02,direct,
2818.5,T008,U06,relay,R02
2818.6,T005,U07,direct,
2818.6,T007,U08,relay,R02
2818.8,T013,U05,direct,
2818.9,T019,U01,relay,R01
2819.4,T020,U02,direct,
2819.5,T008,U06,relay,R02
2819.6,T005,U07,direct,
2819.6,T007,U08,relay,R02
2819.8,T013,U05,direct,
2819.9,T019,U01,relay,R01
2820.4,T020,U02,direct,
2820.5,T008,U06,relay,R02
2820.6,T005,U07,direct,
2820.6,T007,U08,relay,R02
2820.8,T013,U05,direct,
2820.9,T019,U01,relay,R01
2821.4,T020,U02,direct,
2821.5,T008,U06,relay,R02
2821.6,T005,U07,direct,
2821.6,T007,U08,relay,R01
2821.8,T013,U05,direct,
2821.9,T019,U01,relay,R01
2822.4,T020,U02,direct,
2822.5,T008,U06,relay,R02
2822.6,T005,U07,direct,
2822.6,T007,U08,relay,R01
2822.8,T013,U05,direct,
2822.9,T019,U01,relay,R01
2823.4,T020,U02,direct,
2823.5,T008,U06,relay,R02
2823.6,T005,U07,direct,
2823.6,T007,U08,relay,R01
2823.8,T013,U05,direct,
2823.9,T019,U01,relay,R01
2824.4,T020,U02,direct,
2824.5,T008,U06,relay,R02
2824.6,T005,U07,direct,
2824.6,T007,U08,relay,R01
2824.8,T013,U05,direct,
2824.9,T019,U01,relay,R01
2825.4,T020,U02,direct,
2825.5,T008,U06,relay,R02
2825.6,T005,U07,direct,
2825.6,T007,U08,relay,R01
2825.8,T013,U05,direct,
2825.9,T019,U01,relay,R01
2826.4,T020,U02,direct,
2826.5,T008,U06,relay,R02
2826.6,T005,U07,direct,
2826.6,T007,U08,relay,R01
2826.8,T013,U05,direct,
2826.9,T019,U01,relay,R01
2827.4,T020,U02,direct,
2827.5,T008,U06,relay,R02
2827.6,T005,U07,direct,
2827.6,T007,U08,relay,R01
2827.8,T013,U05,direct,
2827.9,T019,U01,relay,R01
2828.4,T020,U02,direct,
2828.5,T008,U06,relay,R02
2828.6,T005,U07,direct,
2828.6,T007,U08,relay,R01
2828.8,T013,U05,direct,
2828.9,T019,U01,relay,R01
2829.4,T020,U02,direct,
2829.5,T008,U06,relay,R02
2829.6,T005,U07,direct,
2829.6,T007,U08,relay,R01
2829.8,T013,U05,direct,
2829.9,T019,U01,relay,R01
2830.4,T020,U02,direct,
2830.5,T008,U06,relay,R02
2830.6,T005,U07,direct,
2830.6,T007,U08,relay,R01
2830.8,T013,U05,direct,
2830.9,T019,U01,relay,R01
2831.4,T020,U02,direct,
2831.5,T008,U06,relay,R02
2831.6,T005,U07,direct,
2831.6,T007,U08,relay,R01
2831.8,T013,U05,direct,
2831.9,T019,U01,relay,R01
2832.4,T020,U02,direct,
2832.5,T008,U06,relay,R02
2832.6,T005,U07,direct,
2832.6,T007,U08,relay,R01
2832.8,T013,U05,direct,
2832.9,T019,U01,relay,R01
2833.4,T020,U02,direct,
2833.5,T008,U06,relay,R02
2833.6,T005,U07,direct,
2833.6,T007,U08,relay,R01
2833.8,T013,U05,direct,
2833.9,T019,U01,relay,R01
2834.4,T020,U02,direct,
2834.5,T008,U06,relay,R02
2834.6,T005,U07,direct,
2834.6,T007,U08,relay,R01
2834.8,T013,U05,direct,
2834.9,T019,U01,relay,R01
2835.4,T020,U02,direct,
2835.5,T008,U06,relay,R02
2835.6,T005,U07,direct,
2835.6,T007,U08,relay,R01
2835.8,T013,U05,direct,
2835.9,T019,U01,relay,R01
2836.4,T020,U02,direct,
2836.5,T008,U06,relay,R02
2836.6,T005,U07,direct,
2836.6,T007,U08,relay,R01
2836.8,T013,U05,direct,
2836.9,T019,U01,relay,R01
2837.4,T020,U02,direct,
2837.5,T008,U06,relay,R02
2837.6,T005,U07,direct,
2837.6,T007,U08,relay,R01
2837.8,T013,U05,direct,
2837.9,T019,U01,relay,R01
2838.4,T020,U02,direct,
2838.5,T008,U06,relay,R02
2838.6,T005,U07,direct,
2838.6,T007,U08,relay,R01
2838.8,T013,U05,direct,
2838.9,T019,U01,relay,R01
2839.4,T020,U02,direct,
2839.5,T008,U06,relay,R02
2839.6,T005,U07,direct,
2839.6,T007,U08,relay,R01
2839.8,T013,U05,direct,
2839.9,T019,U01,relay,R01
2840.4,T020,U02,direct,
2840.5,T008,U06,relay,R02
2840.6,T005,U07,direct,
2840.6,T007,U08,relay,R01
2840.8,T013,U05,direct,
2840.9,T019,U01,relay,R01
2841.4,T020,U02,direct,
2841.5,T008,U06,relay,R02
2841.6,T005,U07,direct,
2841.6,T007,U08,relay,R01
2841.8,T013,U05,direct,
2841.9,T019,U01,relay,R01
2842.4,T020,U02,direct,
2842.5,T008,U06,relay,R02
2842.6,T005,U07,direct,
2842.6,T007,U08,relay,R01
2842.8,T013,U05,direct,
2842.9,T019,U01,relay,R01
2843.4,T020,U02,direct,
2843.5,T008,U06,relay,R02
2843.6,T005,U07,direct,
2843.6,T007,U08,relay,R01
2843.8,T013,U05,direct,
2843.9,T019,U01,relay,R01
2844.4,T020,U02,direct,
2844.5,T008,U06,relay,R02
2844.6,T005,U07,direct,
2844.6,T007,U08,relay,R01
2844.8,T013,U05,direct,
2844.9,T019,U01,relay,R01
2845.4,T020,U02,direct,
2845.5,T008,U06,relay,R02
2845.6,T005,U07,direct,
2845.6,T007,U08,relay,R01
2845.8,T013,U05,direct,
2845.9,T019,U01,relay,R01
2846.4,T020,U02,direct,
2846.5,T008,U06,relay,R02
2846.6,T005,U07,direct,
2846.6,T007,U08,relay,R01
2846.8,T013,U05,direct,
2846.9,T019,U01,relay,R01
2847.4,T020,U02,direct,
2847.5,T008,U06,relay,R02
2847.6,T005,U07,direct,
2847.6,T007,U08,relay,R01
2847.8,T013,U05,direct,
2847.9,T019,U01,relay,R01
2848.4,T020,U02,direct,
2848.5,T008,U06,relay,R02
2848.6,T005,U07,direct,
2848.6,T007,U08,relay,R01
2848.8,T013,U05,direct,
2848.9,T019,U01,relay,R01
2849.4,T020,U02,direct,
2849.5,T008,U06,relay,R02
2849.6,T005,U07,direct,
2849.6,T007,U08,relay,R01
2849.8,T013,U05,direct,
2849.9,T019,U01,relay,R01
2850.4,T020,U02,direct,
2850.5,T008,U06,relay,R02
2850.6,T005,U07,direct,
2850.6,T007,U08,relay,R01
2850.8,T013,U05,direct,
2850.9,T019,U01,relay,R01
2851.4,T020,U02,direct,
2851.5,T008,U06,relay,R02
2851.6,T005,U07,direct,
2851.6,T007,U08,relay,R01
2851.8,T013,U05,direct,
2851.9,T019,U01,relay,R01
2852.4,T020,U02,direct,
2852.5,T008,U06,relay,R02
2852.6,T005,U07,direct,
2852.6,T007,U08,relay,R01
2852.8,T013,U05,direct,
2852.9,T019,U01,relay,R01
2853.4,T020,U02,direct,
2853.5,T008,U06,relay,R02
2853.6,T005,U07,direct,
2853.6,T007,U08,relay,R01
2853.8,T013,U05,direct,
2853.9,T019,U01,relay,R01
2854.4,T020,U02,direct,
2854.5,T008,U06,relay,R02
2854.6,T005,U07,direct,
2854.6,T007,U08,relay,R01
2854.8,T013,U05,direct,
2854.9,T019,U01,relay,R01
2855.4,T020,U02,direct,
2855.5,T008,U06,relay,R02
2855.6,T005,U07,direct,
2855.6,T007,U08,relay,R01
2855.8,T013,U05,direct,
2855.9,T019,U01,relay,R01
2856.4,T020,U02,direct,
2856.5,T008,U06,relay,R02
2856.6,T005,U07,direct,
2856.6,T007,U08,relay,R01
2856.8,T013,U05,direct,
2856.9,T019,U01,relay,R01
2857.4,T020,U02,direct,
2857.5,T008,U06,relay,R02
2857.6,T005,U07,direct,
2857.6,T007,U08,relay,R01
2857.8,T013,U05,direct,
2857.9,T019,U01,relay,R01
2858.4,T020,U02,direct,
2858.5,T008,U06,relay,R02
2858.6,T005,U07,direct,
2858.6,T007,U08,relay,R01
2858.8,T013,U05,direct,
2858.9,T019,U01,relay,R01
2859.4,T020,U02,direct,
2859.5,T008,U06,relay,R02
2859.6,T005,U07,direct,
2859.6,T007,U08,relay,R01
2859.8,T013,U05,direct,
2859.9,T019,U01,relay,R01
2860.4,T020,U02,direct,
2860.5,T008,U06,relay,R02
2860.6,T005,U07,direct,
2860.6,T007,U08,relay,R01
2860.8,T013,U05,direct,
2860.9,T019,U01,relay,R01
2861.4,T020,U02,direct,
2861.5,T008,U06,relay,R02
2861.6,T005,U07,direct,
2861.6,T007,U08,relay,R01
2861.8,T013,U05,direct,
2861.9,T019,U01,relay,R01
2862.4,T020,U02,direct,
2862.5,T008,U06,relay,R02
2862.6,T005,U07,direct,
2862.6,T007,U08,relay,R01
2862.8,T013,U05,direct,
2862.9,T019,U01,relay,R01
2863.4,T020,U02,direct,
2863.5,T008,U06,relay,R02
2863.6,T005,U07,direct,
2863.6,T007,U08,relay,R01
2863.8,T013,U05,direct,
2863.9,T019,U01,relay,R01
2864.4,T020,U02,direct,
2864.5,T008,U06,relay,R02
2864.6,T005,U07,direct,
2864.6,T007,U08,relay,R01
2864.8,T013,U05,direct,
2864.9,T019,U01,relay,R01
2865.4,T020,U02,direct,
2865.5,T008,U06,relay,R02
2865.6,T005,U07,direct,
2865.6,T007,U08,relay,R01
2865.8,T013,U05,direct,
2865.9,T019,U01,relay,R01
2866.4,T020,U02,direct,
2866.5,T008,U06,relay,R02
2866.6,T005,U07,direct,
2866.6,T007,U08,relay,R01
2866.8,T013,U05,direct,
2866.9,T019,U01,relay,R01
2867.4,T020,U02,direct,
2867.5,T008,U06,relay,R02
2867.6,T005,U07,direct,
2867.6,T007,U08,relay,R01
2867.8,T013,U05,direct,
2867.9,T019,U01,relay,R01
2868.4,T020,U02,direct,
2868.5,T008,U06,relay,R02
2868.6,T005,U07,direct,
2868.6,T007,U08,relay,R01
2868.8,T013,U05,direct,
2868.9,T019,U01,relay,R01
2869.4,T020,U02,direct,
2869.5,T008,U06,relay,R02
2869.6,T005,U07,direct,
2869.6,T007,U08,relay,R01
2869.8,T013,U05,direct,
2869.9,T019,U01,relay,R01
2870.4,T020,U02,direct,
2870.5,T008,U06,relay,R02
2870.6,T005,U07,direct,
2870.6,T007,U08,relay,R01
2870.8,T013,U05,direct,
2870.9,T019,U01,relay,R01
2871.4,T020,U02,direct,
2871.5,T008,U06,relay,R02
2871.6,T005,U07,direct,
2871.6,T007,U08,relay,R01
2871.8,T013,U05,direct,
2871.9,T019,U01,relay,R01
2872.4,T020,U02,direct,
2872.5,T008,U06,relay,R02
2872.6,T005,U07,direct,
2872.6,T007,U08,relay,R01
2872.8,T013,U05,direct,
2872.9,T019,U01,relay,R01
2873.4,T020,U02,direct,
2873.5,T008,U06,relay,R02
2873.6,T005,U07,direct,
2873.6,T007,U08,relay,R01
2873.8,T013,U05,direct,
2873.9,T019,U01,relay,R01
2874.4,T020,U02,direct,
2874.5,T008,U06,relay,R02
2874.6,T005,U07,direct,
2874.6,T007,U08,relay,R01
2874.8,T013,U05,direct,
2874.9,T019,U01,relay,R01
2875.4,T020,U02,direct,
2875.5,T008,U06,relay,R02
2875.6,T005,U07,direct,
2875.6,T007,U08,relay,R01
2875.8,T013,U05,direct,
2875.9,T019,U01,relay,R01
2876.4,T020,U02,direct,
2876.5,T008,U06,relay,R02
2876.6,T005,U07,direct,
2876.6,T007,U08,relay,R01
2876.8,T013,U05,direct,
2876.9,T019,U01,relay,R01
2877.4,T020,U02,direct,
2877.5,T008,U06,relay,R02
2877.6,T005,U07,direct,
2877.6,T007,U08,relay,R01
2877.8,T013,U05,direct,
2877.9,T019,U01,relay,R01
2878.4,T020,U02,direct,
2878.5,T008,U06,relay,R02
2878.6,T005,U07,direct,
2878.6,T007,U08,relay,R01
2878.8,T013,U05,direct,
2878.9,T019,U01,relay,R01
2879.4,T020,U02,direct,
2879.5,T008,U06,relay,R02
2879.6,T005,U07,direct,
2879.6,T007,U08,relay,R01
2879.8,T013,U05,direct,
2879.9,T019,U01,relay,R01
2880.4,T020,U02,direct,
2880.5,T008,U06,relay,R02
2880.6,T005,U07,direct,
2880.6,T007,U08,relay,R01
2880.8,T013,U05,direct,
2880.9,T019,U01,relay,R01
2881.4,T020,U02,direct,
2881.5,T008,U06,relay,R02
2881.6,T005,U07,direct,
2881.6,T007,U08,relay,R01
2881.8,T013,U05,direct,
2881.9,T019,U01,relay,R01
2882.4,T020,U02,direct,
2882.5,T008,U06,relay,R02
2882.6,T005,U07,direct,
2882.6,T007,U08,relay,R01
2882.8,T013,U05,direct,
2882.9,T019,U01,relay,R01
2883.4,T020,U02,direct,
2883.5,T008,U06,relay,R02
2883.6,T005,U07,direct,
2883.6,T007,U08,relay,R01
2883.8,T013,U05,direct,
2883.9,T019,U01,relay,R01
2884.4,T020,U02,direct,
2884.5,T008,U06,relay,R02
2884.6,T005,U07,direct,
2884.6,T007,U08,relay,R01
2884.8,T013,U05,direct,
2884.9,T019,U01,relay,R01
2885.4,T020,U02,direct,
2885.5,T008,U06,relay,R02
2885.6,T005,U07,direct,
2885.6,T007,U08,relay,R01
2885.8,T013,U05,direct,
2885.9,T019,U01,relay,R01
2886.4,T020,U02,direct,
2886.5,T008,U06,relay,R02
2886.6,T005,U07,direct,
2886.6,T007,U08,relay,R01
2886.8,T013,U05,direct,
2886.9,T019,U01,relay,R01
2887.4,T020,U02,direct,
2887.5,T008,U06,relay,R02
2887.6,T005,U07,direct,
2887.6,T007,U08,relay,R01
2887.8,T013,U05,direct,
2887.9,T019,U01,relay,R01
2888.4,T020,U02,direct,
2888.5,T008,U06,relay,R02
2888.6,T005,U07,direct,
2888.6,T007,U08,relay,R01
2888.8,T013,U05,direct,
2888.9,T019,U01,relay,R01
2889.4,T020,U02,direct,
2889.5,T008,U06,relay,R02
2889.6,T005,U07,direct,
2889.6,T007,U08,relay,R01
2889.8,T013,U05,direct,
2889.9,T019,U01,relay,R01
2890.4,T020,U02,direct,
2890.5,T008,U06,relay,R02
2890.6,T005,U07,direct,
2890.6,T007,U08,relay,R01
2890.8,T013,U05,direct,
2890.9,T019,U01,relay,R01
2891.4,T020,U02,direct,
2891.5,T008,U06,relay,R02
2891.6,T005,U07,direct,
2891.6,T007,U08,relay,R01
2891.8,T013,U05,direct,
2891.9,T019,U01,relay,R01
2892.4,T020,U02,direct,
2892.5,T008,U06,relay,R02
2892.6,T005,U07,direct,
2892.6,T007,U08,relay,R01
2892.8,T013,U05,direct,
2892.9,T019,U01,relay,R01
2893.4,T020,U02,direct,
2893.5,T008,U06,relay,R02
2893.6,T005,U07,direct,
2893.6,T007,U08,relay,R01
2893.8,T013,U05,direct,
2893.9,T019,U01,relay,R01
2894.4,T020,U02,direct,
2894.5,T008,U06,relay,R02
2894.6,T005,U07,direct,
2894.6,T007,U08,relay,R01
2894.8,T013,U05,direct,
2894.9,T019,U01,relay,R01
2895.4,T020,U02,direct,
2895.5,T008,U06,relay,R02
2895.6,T005,U07,direct,
2895.6,T007,U08,relay,R01
2895.8,T013,U05,direct,
2895.9,T019,U01,relay,R01
2896.4,T020,U02,direct,
2896.5,T008,U06,relay,R02
2896.6,T005,U07,direct,
2896.6,T007,U08,relay,R01
2896.8,T013,U05,direct,
2896.9,T019,U01,relay,R01
2897.4,T020,U02,direct,
2897.5,T008,U06,relay,R02
2897.6,T005,U07,direct,
2897.6,T007,U08,relay,R01
2897.8,T013,U05,direct,
2897.9,T019,U01,relay,R01
2898.4,T020,U02,direct,
2898.5,T008,U06,relay,R02
2898.6,T005,U07,direct,
2898.6,T007,U08,relay,R01
2898.8,T013,U05,direct,
2898.9,T019,U01,relay,R01
2899.4,T020,U02,direct,
2899.5,T008,U06,relay,R02
2899.6,T005,U07,direct,
2899.6,T007,U08,relay,R01
2899.8,T013,U05,direct,
2899.9,T019,U01,relay,R01
2900.4,T020,U02,direct,
2900.5,T008,U06,relay,R02
2900.6,T005,U07,direct,
2900.6,T007,U08,relay,R01
2900.8,T013,U05,direct,
2900.9,T019,U01,relay,R01
2901.4,T020,U02,direct,
2901.5,T008,U06,relay,R02
2901.6,T005,U07,direct,
2901.6,T007,U08,relay,R01
2901.8,T013,U05,direct,
2901.9,T019,U01,relay,R01
2902.4,T020,U02,direct,
2902.5,T008,U06,relay,R02
2902.6,T005,U07,direct,
2902.6,T007,U08,relay,R01
2902.8,T013,U05,direct,
2902.9,T019,U01,relay,R01
2903.4,T020,U02,direct,
2903.5,T008,U06,relay,R02
2903.6,T005,U07,direct,
2903.6,T007,U08,relay,R01
2903.8,T013,U05,direct,
2903.9,T019,U01,relay,R01
2904.4,T020,U02,direct,
2904.5,T008,U06,relay,R02
2904.6,T005,U07,direct,
2904.6,T007,U08,relay,R01
2904.8,T013,U05,direct,
2904.9,T019,U01,relay,R01
2905.4,T020,U02,direct,
2905.5,T008,U06,relay,R02
2905.6,T005,U07,direct,
2905.6,T007,U08,relay,R01
2905.8,T013,U05,direct,
2905.9,T019,U01,relay,R01
2906.4,T020,U02,direct,
2906.5,T008,U06,relay,R02
2906.6,T005,U07,direct,
2906.6,T007,U08,relay,R01
2906.8,T013,U05,direct,
2906.9,T019,U01,relay,R01
2907.4,T020,U02,direct,
2907.5,T008,U06,relay,R02
2907.6,T005,U07,direct,
2907.6,T007,U08,relay,R01
2907.8,T013,U05,direct,
2907.9,T019,U01,relay,R01
2908.4,T020,U02,direct,
2908.5,T008,U06,relay,R02
2908.6,T005,U07,direct,
2908.6,T007,U08,relay,R01
2908.8,T013,U05,direct,
2908.9,T019,U01,relay,R01
2909.4,T020,U02,direct,
2909.5,T008,U06,relay,R02
2909.6,T005,U07,direct,
2909.6,T007,U08,relay,R01
2909.8,T013,U05,direct,
2909.9,T019,U01,relay,R01
2910.4,T020,U02,direct,
2910.5,T008,U06,relay,R02
2910.6,T005,U07,direct,
2910.6,T007,U08,relay,R01
2910.8,T013,U05,direct,
2910.9,T019,U01,relay,R01
2911.4,T020,U02,direct,
2911.5,T008,U06,relay,R02
2911.6,T005,U07,direct,
2911.6,T007,U08,relay,R01
2911.8,T013,U05,direct,
2911.9,T019,U01,relay,R01
2912.4,T020,U02,direct,
2912.5,T008,U06,relay,R02
2912.6,T005,U07,direct,
2912.6,T007,U08,relay,R01
2912.8,T013,U05,direct,
2912.9,T019,U01,relay,R01
2913.4,T020,U02,direct,
2913.5,T008,U06,relay,R02
2913.6,T005,U07,direct,
2913.6,T007,U08,relay,R01
2913.8,T013,U05,direct,
2913.9,T019,U01,relay,R01
2914.4,T020,U02,direct,
2914.5,T008,U06,relay,R02
2914.6,T005,U07,direct,
2914.6,T007,U08,relay,R01
2914.8,T013,U05,direct,
2914.9,T019,U01,relay,R01
2915.4,T020,U02,direct,
2915.5,T008,U06,relay,R02
2915.6,T005,U07,direct,
2915.6,T007,U08,relay,R01
2915.8,T013,U05,direct,
2915.9,T019,U01,relay,R01
2916.4,T020,U02,direct,
2916.5,T008,U06,relay,R02
2916.6,T005,U07,direct,
2916.6,T007,U08,relay,R01
2916.8,T013,U05,direct,
2916.9,T019,U01,relay,R01
2917.4,T020,U02,direct,
2917.5,T008,U06,relay,R02
2917.6,T005,U07,direct,
2917.6,T007,U08,relay,R01
2917.8,T013,U05,direct,
2917.9,T019,U01,relay,R01
2918.4,T020,U02,direct,
2918.5,T008,U06,relay,R02
2918.6,T005,U07,direct,
2918.6,T007,U08,relay,R01
2918.8,T013,U05,direct,
2918.9,T019,U01,relay,R01
2919.4,T020,U02,direct,
2919.5,T008,U06,relay,R02
2919.6,T005,U07,direct,
2919.6,T007,U08,relay,R01
2919.8,T013,U05,direct,
2919.9,T019,U01,relay,R01
2920.4,T020,U02,direct,
2920.5,T008,U06,relay,R02
2920.6,T005,U07,direct,
2920.6,T007,U08,relay,R01
2920.8,T013,U05,direct,
2920.9,T019,U01,relay,R01
2921.4,T020,U02,direct,
2921.5,T008,U06,relay,R02
2921.6,T005,U07,direct,
2921.6,T007,U08,relay,R01
2921.8,T013,U05,direct,
2921.9,T019,U01,relay,R01
2922.4,T020,U02,direct,
2922.5,T008,U06,relay,R02
2922.6,T005,U07,direct,
2922.6,T007,U08,relay,R01
2922.8,T013,U05,direct,
2922.9,T019,U01,relay,R01
2923.4,T020,U02,direct,
2923.5,T008,U06,relay,R02
2923.6,T005,U07,direct,
2923.6,T007,U08,relay,R01
2923.8,T013,U05,direct,
2923.9,T019,U01,relay,R01
2924.4,T020,U02,direct,
2924.5,T008,U06,relay,R02
2924.6,T005,U07,direct,
2924.6,T007,U08,relay,R01
2924.8,T013,U05,direct,
2924.9,T019,U01,relay,R01
2925.4,T020,U02,direct,
2925.5,T008,U06,relay,R02
2925.6,T005,U07,direct,
2925.6,T007,U08,relay,R01
2925.8,T013,U05,direct,
2925.9,T019,U01,relay,R01
2926.4,T020,U02,direct,
2926.5,T008,U06,relay,R02
2926.6,T005,U07,direct,
2926.6,T007,U08,relay,R01
2926.8,T013,U05,direct,
2926.9,T019,U01,relay,R01
2927.4,T020,U02,direct,
2927.5,T008,U06,relay,R02
2927.6,T005,U07,direct,
2927.6,T007,U08,relay,R01
2927.8,T013,U05,direct,
2927.9,T019,U01,relay,R01
2928.4,T020,U02,direct,
2928.5,T008,U06,relay,R02
2928.6,T005,U07,direct,
2928.6,T007,U08,relay,R01
2928.8,T013,U05,direct,
2928.9,T019,U01,relay,R01
2929.4,T020,U02,direct,
2929.5,T008,U06,relay,R02
2929.6,T005,U07,direct,
2929.6,T007,U08,relay,R01
2929.8,T013,U05,direct,
2929.9,T019,U01,relay,R01
2930.4,T020,U02,direct,
2930.5,T008,U06,relay,R02
2930.6,T005,U07,direct,
2930.6,T007,U08,relay,R01
2930.8,T013,U05,direct,
2930.9,T019,U01,relay,R01
2931.4,T020,U02,direct,
2931.5,T008,U06,relay,R02
2931.6,T005,U07,direct,
2931.6,T007,U08,relay,R01
2931.8,T013,U05,direct,
2931.9,T019,U01,relay,R01
2932.4,T020,U02,direct,
2932.5,T008,U06,relay,R02
2932.6,T005,U07,direct,
2932.6,T007,U08,relay,R01
2932.8,T013,U05,direct,
2932.9,T019,U01,relay,R01
2933.4,T020,U02,direct,
2933.5,T008,U06,relay,R02
2933.6,T005,U07,direct,
2933.6,T007,U08,relay,R01
2933.8,T013,U05,direct,
2933.9,T019,U01,relay,R01
2934.4,T020,U02,direct,
2934.5,T008,U06,relay,R02
2934.6,T005,U07,direct,
2934.6,T007,U08,relay,R01
2934.8,T013,U05,direct,
2934.9,T019,U01,relay,R01
2935.4,T020,U02,direct,
2935.5,T008,U06,relay,R02
2935.6,T005,U07,direct,
2935.6,T007,U08,relay,R01
2935.8,T013,U05,direct,
2935.9,T019,U01,relay,R01
2936.4,T020,U02,direct,
2936.5,T008,U06,relay,R02
2936.6,T005,U07,direct,
2936.6,T007,U08,relay,R01
2936.8,T013,U05,direct,
2936.9,T019,U01,relay,R01
2937.4,T020,U02,direct,
2937.5,T008,U06,relay,R02
2937.6,T005,U07,direct,
2937.6,T007,U08,relay,R01
2937.8,T013,U05,direct,
2937.9,T019,U01,relay,R01
2938.4,T020,U02,direct,
2938.5,T008,U06,relay,R02
2938.6,T005,U07,direct,
2938.6,T007,U08,relay,R01
2938.8,T013,U05,direct,
2938.9,T019,U01,relay,R01
2939.4,T020,U02,direct,
2939.5,T008,U06,relay,R02
2939.6,T005,U07,direct,
2939.6,T007,U08,relay,R01
2939.8,T013,U05,direct,
2939.9,T019,U01,relay,R01
2940.4,T020,U02,direct,
2940.5,T008,U06,relay,R02
2940.6,T005,U07,direct,
2940.6,T007,U08,relay,R01
2940.8,T013,U05,direct,
2940.9,T019,U01,relay,R01
2941.4,T020,U02,direct,
2941.5,T008,U06,relay,R02
2941.6,T005,U07,direct,
2941.6,T007,U08,relay,R01
2941.8,T013,U05,direct,
2941.9,T019,U01,relay,R01
2942.4,T020,U02,direct,
2942.5,T008,U06,relay,R02
2942.6,T005,U07,direct,
2942.6,T007,U08,relay,R01
2942.8,T013,U05,direct,
2942.9,T019,U01,relay,R01
2943.4,T020,U02,direct,
2943.5,T008,U06,relay,R02
2943.6,T005,U07,direct,
2943.6,T007,U08,relay,R01
2943.8,T013,U05,direct,
2943.9,T019,U01,relay,R01
2944.4,T020,U02,direct,
2944.5,T008,U06,relay,R02
2944.6,T005,U07,direct,
2944.6,T007,U08,relay,R01
2944.8,T013,U05,direct,
2944.9,T019,U01,relay,R01
2945.4,T020,U02,direct,
2945.5,T008,U06,relay,R02
2945.6,T005,U07,direct,
2945.6,T007,U08,relay,R01
2945.8,T013,U05,direct,
2945.9,T019,U01,relay,R01
2946.4,T020,U02,direct,
2946.5,T008,U06,relay,R02
2946.6,T005,U07,direct,
2946.6,T007,U08,relay,R01
2946.8,T013,U05,direct,
2946.9,T019,U01,relay,R01
2947.4,T020,U02,direct,
2947.5,T008,U06,relay,R02
2947.6,T005,U07,direct,
2947.6,T007,U08,relay,R01
2947.8,T013,U05,direct,
2947.9,T019,U01,relay,R01
2948.4,T020,U02,direct,
2948.5,T008,U06,relay,R02
2948.6,T005,U07,direct,
2948.6,T007,U08,relay,R01
2948.8,T013,U05,direct,
2948.9,T019,U01,relay,R01
2949.4,T020,U02,direct,
2949.5,T008,U06,relay,R02
2949.6,T005,U07,direct,
2949.6,T007,U08,relay,R01
2949.8,T013,U05,direct,
2949.9,T019,U01,relay,R01
2950.4,T020,U02,direct,
2950.5,T008,U06,relay,R02
2950.6,T005,U07,direct,
2950.6,T007,U08,relay,R01
2950.8,T013,U05,direct,
2950.9,T019,U01,relay,R01
2951.4,T020,U02,direct,
2951.5,T008,U06,relay,R02
2951.6,T005,U07,direct,
2951.6,T007,U08,relay,R01
2951.8,T013,U05,direct,
2951.9,T019,U01,relay,R01
2952.4,T020,U02,direct,
2952.5,T008,U06,relay,R02
2952.6,T005,U07,direct,
2952.6,T007,U08,relay,R01
2952.8,T013,U05,direct,
2952.9,T019,U01,relay,R01
2953.4,T020,U02,direct,
2953.5,T008,U06,relay,R02
2953.6,T005,U07,direct,
2953.6,T007,U08,relay,R01
2953.8,T013,U05,direct,
2953.9,T019,U01,relay,R01
2954.4,T020,U02,direct,
2954.5,T008,U06,relay,R02
2954.6,T005,U07,direct,
2954.6,T007,U08,relay,R01
2954.8,T013,U05,direct,
2954.9,T019,U01,relay,R01
2955.4,T020,U02,direct,
2955.5,T008,U06,relay,R02
2955.6,T005,U07,direct,
2955.6,T007,U08,relay,R01
2955.8,T013,U05,direct,
2955.9,T019,U01,relay,R01
2956.4,T020,U02,direct,
2956.5,T008,U06,relay,R02
2956.6,T005,U07,direct,
2956.6,T007,U08,relay,R01
2956.8,T013,U05,direct,
2956.9,T019,U01,relay,R01
2957.4,T020,U02,direct,
2957.5,T008,U06,relay,R02
2957.6,T005,U07,direct,
2957.6,T007,U08,relay,R01
2957.8,T013,U05,direct,
2957.9,T019,U01,relay,R01
2958.4,T020,U02,direct,
2958.5,T008,U06,relay,R02
2958.6,T005,U07,direct,
2958.6,T007,U08,relay,R01
2958.8,T013,U05,direct,
2958.9,T019,U01,relay,R01
2959.4,T020,U02,direct,
2959.5,T008,U06,relay,R02
2959.6,T005,U07,direct,
2959.6,T007,U08,relay,R01
2959.8,T013,U05,direct,
2959.9,T019,U01,relay,R01
2960.4,T020,U02,direct,
2960.5,T008,U06,relay,R02
2960.6,T005,U07,direct,
2960.6,T007,U08,relay,R01
2960.8,T013,U05,direct,
2960.9,T019,U01,relay,R01
2961.4,T020,U02,direct,
2961.5,T008,U06,relay,R02
2961.6,T005,U07,direct,
2961.6,T007,U08,relay,R01
2961.8,T013,U05,direct,
2961.9,T019,U01,relay,R01
2962.4,T020,U02,direct,
2962.5,T008,U06,relay,R02
2962.6,T005,U07,direct,
2962.6,T007,U08,relay,R01
2962.8,T013,U05,direct,
2962.9,T019,U01,relay,R01
2963.4,T020,U02,direct,
2963.5,T008,U06,relay,R02
2963.6,T005,U07,direct,
2963.6,T007,U08,relay,R01
2963.8,T013,U05,direct,
2963.9,T019,U01,relay,R01
2964.4,T020,U02,direct,
2964.5,T008,U06,relay,R02
2964.6,T005,U07,direct,
2964.6,T007,U08,relay,R01
2964.8,T013,U05,direct,
2964.9,T019,U01,relay,R01
2965.4,T020,U02,direct,
2965.5,T008,U06,relay,R02
2965.6,T005,U07,direct,
2965.6,T007,U08,relay,R01
2965.8,T013,U05,direct,
2965.9,T019,U01,relay,R01
2966.4,T020,U02,direct,
2966.5,T008,U06,relay,R02
2966.6,T005,U07,direct,
2966.6,T007,U08,relay,R01
2966.8,T013,U05,direct,
2966.9,T019,U01,relay,R01
2967.4,T020,U02,direct,
2967.5,T008,U06,relay,R02
2967.6,T005,U07,direct,
2967.6,T007,U08,relay,R01
2967.8,T013,U05,direct,
2967.9,T019,U01,relay,R01
2968.4,T020,U02,direct,
2968.5,T008,U06,relay,R02
2968.6,T005,U07,direct,
2968.6,T007,U08,relay,R01
2968.8,T013,U05,direct,
2968.9,T019,U01,relay,R01
2969.4,T020,U02,direct,
2969.5,T008,U06,relay,R02
2969.6,T005,U07,direct,
2969.6,T007,U08,relay,R01
2969.8,T013,U05,direct,
2969.9,T019,U01,relay,R01
2970.4,T020,U02,direct,
2970.5,T008,U06,relay,R02
2970.6,T005,U07,direct,
2970.6,T007,U08,relay,R01
2970.8,T013,U05,direct,
2970.9,T019,U01,relay,R01
2971.4,T020,U02,direct,
2971.5,T008,U06,relay,R02
2971.6,T005,U07,direct,
2971.6,T007,U08,relay,R01
2971.8,T013,U05,direct,
2971.9,T019,U01,relay,R01
2972.4,T020,U02,direct,
2972.5,T008,U06,relay,R02
2972.6,T005,U07,direct,
2972.6,T007,U08,relay,R01
2972.8,T013,U05,direct,
2972.9,T019,U01,relay,R01
2973.4,T020,U02,direct,
2973.5,T008,U06,relay,R02
2973.6,T005,U07,direct,
2973.6,T007,U08,relay,R01
2973.8,T013,U05,direct,
2973.9,T019,U01,relay,R01
2974.4,T020,U02,direct,
2974.5,T008,U06,relay,R02
2974.6,T005,U07,direct,
2974.6,T007,U08,relay,R01
2974.8,T013,U05,direct,
2974.9,T019,U01,relay,R01
2975.4,T020,U02,direct,
2975.5,T008,U06,relay,R02
2975.6,T005,U07,direct,
2975.6,T007,U08,relay,R01
2975.8,T013,U05,direct,
2975.9,T019,U01,relay,R01
2976.4,T020,U02,direct,
2976.5,T008,U06,relay,R02
2976.6,T005,U07,direct,
2976.6,T007,U08,relay,R01
2976.8,T013,U05,direct,
2976.9,T019,U01,relay,R01
2977.4,T020,U02,direct,
2977.5,T008,U06,relay,R02
2977.6,T005,U07,direct,
2977.6,T007,U08,relay,R01
2977.8,T013,U05,direct,
2977.9,T019,U01,relay,R01
2978.4,T020,U02,direct,
2978.5,T008,U06,relay,R02
2978.6,T005,U07,direct,
2978.6,T007,U08,relay,R01
2978.8,T013,U05,direct,
2978.9,T019,U01,relay,R01
2979.4,T020,U02,direct,
2979.5,T008,U06,relay,R02
2979.6,T005,U07,direct,
2979.6,T007,U08,relay,R01
2979.8,T013,U05,direct,
2979.9,T019,U01,relay,R01
2980.4,T020,U02,direct,
2980.5,T008,U06,relay,R02
2980.6,T005,U07,direct,
2980.6,T007,U08,relay,R01
2980.8,T013,U05,direct,
2980.9,T019,U01,relay,R01
2981.4,T020,U02,direct,
2981.5,T008,U06,relay,R02
2981.6,T005,U07,direct,
2981.6,T007,U08,relay,R01
2981.8,T013,U05,direct,
2981.9,T019,U01,relay,R01
2982.4,T020,U02,direct,
2982.5,T008,U06,relay,R02
2982.6,T005,U07,direct,
2982.6,T007,U08,relay,R01
2982.8,T013,U05,direct,
2982.9,T019,U01,relay,R01
2983.4,T020,U02,direct,
2983.5,T008,U06,relay,R02
2983.6,T005,U07,direct,
2983.6,T007,U08,relay,R01
2983.8,T013,U05,direct,
2983.9,T019,U01,relay,R01
2984.4,T020,U02,direct,
2984.5,T008,U06,relay,R02
2984.6,T005,U07,direct,
2984.6,T007,U08,relay,R01
2984.8,T013,U05,direct,
2984.9,T019,U01,relay,R01
2985.4,T020,U02,direct,
2985.5,T008,U06,relay,R02
2985.6,T005,U07,direct,
2985.6,T007,U08,relay,R01
2985.8,T013,U05,direct,
2985.9,T019,U01,relay,R01
2986.4,T020,U02,direct,
2986.5,T008,U06,relay,R02
2986.6,T005,U07,direct,
2986.6,T007,U08,relay,R01
2986.8,T013,U05,direct,
2986.9,T019,U01,relay,R01
2987.4,T020,U02,direct,
2987.5,T008,U06,relay,R02
2987.6,T005,U07,direct,
2987.6,T007,U08,relay,R01
2987.8,T013,U05,direct,
2987.9,T019,U01,relay,R01
2988.4,T020,U02,direct,
2988.5,T008,U06,relay,R02
2988.6,T005,U07,direct,
2988.6,T007,U08,relay,R01
2988.8,T013,U05,direct,
2988.9,T019,U01,relay,R01
2989.4,T020,U02,direct,
2989.5,T008,U06,relay,R02
2989.6,T005,U07,direct,
2989.6,T007,U08,relay,R01
2989.8,T013,U05,direct,
2989.9,T019,U01,relay,R01
2990.4,T020,U02,direct,
2990.5,T008,U06,relay,R02
2990.6,T007,U08,relay,R01
2990.8,T013,U05,direct,
2990.9,T019,U01,relay,R01
2991.4,T020,U02,direct,
2991.5,T008,U06,relay,R02
2991.6,T007,U08,relay,R01
2991.8,T013,U05,direct,
2991.9,T019,U01,relay,R01
2992.4,T020,U02,direct,
2992.5,T008,U06,relay,R02
2992.6,T007,U08,relay,R01
2992.8,T013,U05,direct,
2992.9,T019,U01,relay,R01
2993.4,T020,U02,direct,
2993.5,T008,U06,relay,R02
2993.6,T007,U08,relay,R01
2993.8,T013,U05,direct,
2993.9,T019,U01,relay,R01
2994.4,T020,U02,direct,
2994.5,T008,U06,relay,R02
2994.6,T007,U08,relay,R01
2994.8,T013,U05,direct,
2994.9,T019,U01,relay,R01
2995.4,T020,U02,direct,
2995.5,T008,U06,relay,R02
2995.6,T007,U08,relay,R01
2995.8,T013,U05,direct,
2995.9,T019,U01,relay,R01
2996.4,T020,U02,direct,
2996.5,T008,U06,relay,R02
2996.6,T007,U08,relay,R01
2996.8,T013,U05,direct,
2996.9,T019,U01,relay,R01
2997.4,T020,U02,direct,
2997.5,T008,U06,relay,R02
2997.6,T007,U08,relay,R01
2997.8,T013,U05,direct,
2997.9,T019,U01,relay,R01
2998.4,T020,U02,direct,
2998.5,T008,U06,relay,R02
2998.6,T007,U08,relay,R01
2998.8,T013,U05,direct,
2998.9,T019,U01,relay,R01
2999.4,T020,U02,direct,
2999.5,T008,U06,relay,R02
2999.6,T007,U08,relay,R01
2999.8,T013,U05,direct,
2999.9,T019,U01,relay,R01
3000.4,T020,U02,direct,
3000.5,T008,U06,relay,R02
3000.6,T007,U08,relay,R01
3000.8,T013,U05,direct,
3000.9,T019,U01,relay,R01
3001.4,T020,U02,direct,
3001.5,T008,U06,relay,R02
3001.6,T007,U08,relay,R01
3001.8,T013,U05,direct,
3001.9,T019,U01,relay,R01
3002.4,T020,U02,direct,
3002.5,T008,U06,relay,R02
3002.6,T007,U08,relay,R01
3002.8,T013,U05,direct,
3002.9,T019,U01,relay,R01
3003.4,T020,U02,direct,
3003.5,T008,U06,relay,R02
3003.6,T007,U08,relay,R01
3003.8,T013,U05,direct,
3003.9,T019,U01,relay,R01
3004.4,T020,U02,direct,
3004.5,T008,U06,relay,R02
3004.6,T007,U08,relay,R01
3004.8,T013,U05,direct,
3004.9,T019,U01,relay,R01
3005.4,T020,U02,direct,
3005.5,T008,U06,relay,R02
3005.6,T007,U08,relay,R01
3005.8,T013,U05,direct,
3005.9,T019,U01,relay,R01
3006.4,T020,U02,direct,
3006.5,T008,U06,relay,R02
3006.6,T007,U08,relay,R01
3006.8,T013,U05,direct,
3006.9,T019,U01,relay,R01
3007.4,T020,U02,direct,
3007.5,T008,U06,relay,R02
3007.6,T007,U08,relay,R01
3007.8,T013,U05,direct,
3007.9,T019,U01,relay,R01
3008.4,T020,U02,direct,
3008.5,T008,U06,relay,R02
3008.6,T007,U08,relay,R01
3008.8,T013,U05,direct,
3008.9,T019,U01,relay,R01
3009.4,T020,U02,direct,
3009.5,T008,U06,relay,R02
3009.6,T007,U08,relay,R01
3009.8,T013,U05,direct,
3009.9,T019,U01,relay,R01
3010.4,T020,U02,direct,
3010.5,T008,U06,relay,R02
3010.6,T007,U08,relay,R01
3010.8,T013,U05,direct,
3010.9,T019,U01,relay,R01
3011.4,T020,U02,direct,
3011.5,T008,U06,relay,R02
3011.6,T007,U08,relay,R01
3011.8,T013,U05,direct,
3011.9,T019,U01,relay,R01
3012.4,T020,U02,direct,
3012.5,T008,U06,relay,R02
3012.6,T007,U08,relay,R01
3012.8,T013,U05,direct,
3012.9,T019,U01,relay,R01
3013.4,T020,U02,direct,
3013.5,T008,U06,relay,R02
3013.6,T007,U08,relay,R01
3013.8,T013,U05,direct,
3013.9,T019,U01,relay,R01
3014.4,T020,U02,direct,
3014.5,T008,U06,relay,R02
3014.6,T007,U08,relay,R01
3014.8,T013,U05,direct,
3014.9,T019,U01,relay,R01
3015.4,T020,U02,direct,
3015.5,T008,U06,relay,R02
3015.6,T007,U08,relay,R01
3015.8,T013,U05,direct,
3015.9,T019,U01,relay,R01
3016.4,T020,U02,direct,
3016.5,T008,U06,relay,R02
3016.6,T007,U08,relay,R01
3016.8,T013,U05,direct,
3016.9,T019,U01,relay,R01
3017.4,T020,U02,direct,
3017.5,T008,U06,relay,R02
3017.6,T007,U08,relay,R01
3017.8,T013,U05,direct,
3017.9,T019,U01,relay,R01
3018.4,T020,U02,direct,
3018.5,T008,U06,relay,R02
3018.6,T007,U08,relay,R01
3018.8,T013,U05,direct,
3018.9,T019,U01,relay,R01
3019.4,T020,U02,direct,
3019.5,T008,U06,relay,R02
3019.6,T007,U08,relay,R01
3019.8,T013,U05,direct,
3019.9,T019,U01,relay,R01
3020.4,T020,U02,direct,
3020.5,T008,U06,relay,R02
3020.6,T007,U08,relay,R01
3020.8,T013,U05,direct,
3020.9,T019,U01,relay,R01
3021.4,T020,U02,direct,
3021.5,T008,U06,relay,R02
3021.6,T007,U08,relay,R01
3021.8,T013,U05,direct,
3021.9,T019,U01,relay,R01
3022.4,T020,U02,direct,
3022.5,T008,U06,relay,R02
3022.6,T007,U08,relay,R01
3022.8,T013,U05,direct,
3022.9,T019,U01,relay,R01
3023.4,T020,U02,direct,
3023.5,T008,U06,relay,R02
3023.6,T007,U08,relay,R01
3023.8,T013,U05,direct,
3023.9,T019,U01,relay,R01
3024.4,T020,U02,direct,
3024.5,T008,U06,relay,R02
3024.6,T007,U08,relay,R01
3024.8,T013,U05,direct,
3024.9,T019,U01,relay,R01
3025.4,T020,U02,direct,
3025.5,T008,U06,relay,R02
3025.6,T007,U08,relay,R01
3025.8,T013,U05,direct,
3025.9,T019,U01,relay,R01
3026.4,T020,U02,direct,
3026.5,T008,U06,relay,R02
3026.6,T007,U08,relay,R01
3026.8,T013,U05,direct,
3026.9,T019,U01,relay,R01
3027.4,T020,U02,direct,
3027.5,T008,U06,relay,R02
3027.6,T007,U08,relay,R01
3027.8,T013,U05,direct,
3027.9,T019,U01,relay,R01
3028.4,T020,U02,direct,
3028.5,T008,U06,relay,R02
3028.6,T007,U08,relay,R01
3028.8,T013,U05,direct,
3028.9,T019,U01,relay,R01
3029.4,T020,U02,direct,
3029.5,T008,U06,relay,R02
3029.6,T007,U08,relay,R01
3029.8,T013,U05,direct,
3029.9,T019,U01,relay,R01
3030.4,T020,U02,direct,
3030.5,T008,U06,relay,R02
3030.6,T007,U08,relay,R01
3030.8,T013,U05,direct,
3030.9,T019,U01,relay,R01
3031.4,T020,U02,direct,
3031.5,T008,U06,relay,R02
3031.6,T007,U08,relay,R01
3031.8,T013,U05,direct,
3031.9,T019,U01,relay,R01
3032.4,T020,U02,direct,
3032.5,T008,U06,relay,R02
3032.6,T007,U08,relay,R01
3032.8,T013,U05,direct,
3032.9,T019,U01,relay,R01
3033.4,T020,U02,direct,
3033.5,T008,U06,relay,R02
3033.6,T007,U08,relay,R01
3033.8,T013,U05,direct,
3033.9,T019,U01,relay,R01
3034.4,T020,U02,direct,
3034.5,T008,U06,relay,R02
3034.6,T007,U08,relay,R01
3034.8,T013,U05,direct,
3034.9,T019,U01,relay,R01
3035.4,T020,U02,direct,
3035.5,T008,U06,relay,R02
3035.6,T007,U08,relay,R01
3035.8,T013,U05,direct,
3035.9,T019,U01,relay,R01
3036.4,T020,U02,direct,
3036.5,T008,U06,relay,R02
3036.6,T007,U08,relay,R01
3036.8,T013,U05,direct,
3036.9,T019,U01,relay,R01
3037.4,T020,U02,direct,
3037.5,T008,U06,relay,R02
3037.6,T007,U08,relay,R01
3037.8,T013,U05,direct,
3037.9,T019,U01,relay,R01
3038.4,T020,U02,direct,
3038.5,T008,U06,relay,R02
3038.6,T007,U08,relay,R01
3038.8,T013,U05,direct,
3038.9,T019,U01,relay,R01
3039.4,T020,U02,direct,
3039.5,T008,U06,relay,R02
3039.6,T007,U08,relay,R01
3039.8,T013,U05,direct,
3039.9,T019,U01,relay,R01
3040.4,T020,U02,direct,
3040.5,T008,U06,relay,R02
3040.6,T007,U08,relay,R01
3040.8,T013,U05,direct,
3040.9,T019,U01,relay,R01
3041.4,T020,U02,direct,
3041.5,T008,U06,relay,R02
3041.6,T007,U08,relay,R01
3041.8,T013,U05,direct,
3041.9,T019,U01,relay,R01
3042.4,T020,U02,direct,
3042.5,T008,U06,relay,R02
3042.6,T007,U08,relay,R01
3042.8,T013,U05,direct,
3042.9,T019,U01,relay,R01
3043.4,T020,U02,direct,
3043.5,T008,U06,relay,R02
3043.6,T007,U08,relay,R01
3043.8,T013,U05,direct,
3043.9,T019,U01,relay,R01
3044.4,T020,U02,direct,
3044.5,T008,U06,relay,R02
3044.6,T007,U08,relay,R01
3044.8,T013,U05,direct,
3044.9,T019,U01,relay,R01
3045.4,T020,U02,direct,
3045.5,T008,U06,relay,R02
3045.6,T007,U08,relay,R01
3045.8,T013,U05,direct,
3045.9,T019,U01,relay,R01
3046.4,T020,U02,direct,
3046.5,T008,U06,relay,R02
3046.6,T007,U08,relay,R01
3046.8,T013,U05,direct,
3046.9,T019,U01,relay,R01
3047.4,T020,U02,direct,
3047.5,T008,U06,relay,R02
3047.6,T007,U08,relay,R01
3047.8,T013,U05,direct,
3047.9,T019,U01,relay,R01
3048.4,T020,U02,direct,
3048.5,T008,U06,relay,R02
3048.6,T007,U08,relay,R01
3048.8,T013,U05,direct,
3048.9,T019,U01,relay,R01
3049.4,T020,U02,direct,
3049.5,T008,U06,relay,R02
3049.6,T007,U08,relay,R01
3049.8,T013,U05,direct,
3049.9,T019,U01,relay,R01
3050.4,T020,U02,direct,
3050.5,T008,U06,relay,R02
3050.6,T007,U08,relay,R01
3050.8,T013,U05,direct,
3050.9,T019,U01,relay,R01
3051.4,T020,U02,direct,
3051.5,T008,U06,relay,R02
3051.6,T007,U08,relay,R01
3051.8,T013,U05,direct,
3051.9,T019,U01,relay,R01
3052.4,T020,U02,direct,
3052.5,T008,U06,relay,R02
3052.6,T007,U08,relay,R01
3052.8,T013,U05,direct,
3052.9,T019,U01,relay,R01
3053.4,T020,U02,direct,
3053.5,T008,U06,relay,R02
3053.6,T007,U08,relay,R01
3053.8,T013,U05,direct,
3053.9,T019,U01,relay,R01
3054.4,T020,U02,direct,
3054.5,T008,U06,relay,R02
3054.6,T007,U08,relay,R01
3054.8,T013,U05,direct,
3054.9,T019,U01,relay,R01
3055.4,T020,U02,direct,
3055.5,T008,U06,relay,R02
3055.6,T007,U08,relay,R01
3055.8,T013,U05,direct,
3055.9,T019,U01,relay,R01
3056.4,T020,U02,direct,
3056.5,T008,U06,direct,
3056.6,T007,U08,relay,R01
3056.8,T013,U05,direct,
3056.9,T019,U01,relay,R01
3057.4,T020,U02,direct,
3057.5,T008,U06,direct,
3057.6,T007,U08,relay,R01
3057.8,T013,U05,direct,
3057.9,T019,U01,relay,R01
3058.4,T020,U02,direct,
3058.5,T008,U06,direct,
3058.6,T007,U08,relay,R01
3058.9,T019,U01,relay,R01
3059.4,T020,U02,direct,
3059.5,T008,U06,direct,
3059.6,T007,U08,relay,R01
3059.9,T019,U01,relay,R01
3060.4,T020,U02,direct,
3060.5,T008,U06,direct,
3060.6,T007,U08,relay,R01
3060.9,T019,U01,relay,R01
3061.4,T020,U02,direct,
3061.5,T008,U06,direct,
3061.6,T007,U08,relay,R01
3061.9,T019,U01,relay,R01
3062.4,T020,U02,direct,
3062.5,T008,U06,direct,
3062.6,T007,U08,relay,R01
3062.9,T019,U01,relay,R01
3063.4,T020,U02,direct,
3063.5,T008,U06,direct,
3063.6,T007,U08,relay,R01
3063.9,T019,U01,relay,R01
3064.4,T020,U02,direct,
3064.5,T008,U06,direct,
3064.6,T007,U08,relay,R01
3064.9,T019,U01,relay,R01
3065.4,T020,U02,direct,
3065.5,T008,U06,direct,
3065.6,T007,U08,relay,R01
3065.9,T019,U01,relay,R01
3066.4,T020,U02,direct,
3066.5,T008,U06,direct,
3066.6,T007,U08,relay,R01
3066.9,T019,U01,relay,R01
3067.4,T020,U02,direct,
3067.5,T008,U06,direct,
3067.6,T007,U08,relay,R01
3067.9,T019,U01,relay,R01
3068.4,T020,U02,direct,
3068.5,T008,U06,direct,
3068.6,T007,U08,relay,R01
3068.9,T019,U01,relay,R01
3069.4,T020,U02,direct,
3069.5,T008,U06,direct,
3069.6,T007,U08,relay,R01
3069.9,T019,U01,relay,R01
3070.4,T020,U02,direct,
3070.5,T008,U06,direct,
3070.6,T007,U08,relay,R01
3070.9,T019,U01,relay,R01
3071.4,T020,U02,direct,
3071.5,T008,U06,direct,
3071.6,T007,U08,relay,R01
3071.9,T019,U01,relay,R01
3072.4,T020,U02,direct,
3072.5,T008,U06,direct,
3072.6,T007,U08,relay,R01
3072.9,T019,U01,relay,R01
3073.4,T020,U02,direct,
3073.5,T008,U06,direct,
3073.6,T007,U08,relay,R01
3073.9,T019,U01,relay,R01
3074.4,T020,U02,direct,
3074.5,T008,U06,direct,
3074.6,T007,U08,relay,R01
3074.9,T019,U01,relay,R01
3075.4,T020,U02,direct,
3075.5,T008,U06,direct,
3075.6,T007,U08,relay,R01
3075.9,T019,U01,relay,R01
3076.4,T020,U02,direct,
3076.5,T008,U06,direct,
3076.6,T007,U08,relay,R01
3076.9,T019,U01,relay,R01
3077.4,T020,U02,direct,
3077.5,T008,U06,direct,
3077.6,T007,U08,relay,R01
3077.9,T019,U01,relay,R01
3078.4,T020,U02,direct,
3078.5,T008,U06,direct,
3078.6,T007,U08,relay,R01
3078.9,T019,U01,relay,R01
3079.4,T020,U02,direct,
3079.5,T008,U06,direct,
3079.6,T007,U08,relay,R01
3079.6,T021,U03,direct,
3079.9,T019,U01,relay,R01
3080.4,T020,U02,direct,
3080.5,T008,U06,direct,
3080.6,T007,U08,relay,R01
3080.6,T021,U03,direct,
3080.9,T019,U01,relay,R01
3081.4,T020,U02,direct,
3081.5,T008,U06,direct,
3081.6,T007,U08,relay,R01
3081.6,T021,U03,direct,
3081.9,T019,U01,relay,R01
3082.4,T020,U02,direct,
3082.5,T008,U06,direct,
3082.6,T007,U08,relay,R01
3082.6,T021,U03,direct,
3082.9,T019,U01,relay,R01
3083.4,T020,U02,direct,
3083.5,T008,U06,direct,
3083.6,T007,U08,relay,R01
3083.6,T021,U03,direct,
3083.9,T019,U01,relay,R01
3084.4,T020,U02,direct,
3084.5,T008,U06,direct,
3084.6,T007,U08,relay,R01
3084.6,T021,U03,direct,
3084.9,T019,U01,relay,R01
3085.4,T020,U02,direct,
3085.5,T008,U06,direct,
3085.6,T007,U08,relay,R01
3085.6,T021,U03,direct,
3085.9,T019,U01,relay,R01
3086.4,T020,U02,direct,
3086.5,T008,U06,direct,
3086.6,T007,U08,relay,R01
3086.6,T021,U03,direct,
3086.9,T019,U01,relay,R01
3087.4,T020,U02,direct,
3087.5,T008,U06,direct,
3087.6,T007,U08,relay,R01
3087.6,T021,U03,direct,
3087.9,T019,U01,relay,R01
3088.4,T020,U02,direct,
3088.5,T008,U06,direct,
3088.6,T007,U08,relay,R01
3088.6,T021,U03,direct,
3088.9,T019,U01,relay,R01
3089.4,T020,U02,direct,
3089.5,T008,U06,direct,
3089.6,T007,U08,relay,R01
3089.6,T021,U03,direct,
3089.9,T019,U01,relay,R01
3090.4,T020,U02,direct,
3090.5,T008,U06,direct,
3090.6,T007,U08,relay,R01
3090.6,T021,U03,direct,
3090.9,T019,U01,relay,R01
3091.4,T020,U02,direct,
3091.5,T008,U06,direct,
3091.6,T007,U08,relay,R01
3091.6,T021,U03,direct,
3091.9,T019,U01,relay,R01
3092.4,T020,U02,direct,
3092.5,T008,U06,direct,
3092.6,T007,U08,relay,R01
3092.6,T021,U03,direct,
3092.9,T019,U01,relay,R01
3093.4,T020,U02,direct,
3093.5,T008,U06,direct,
3093.6,T007,U08,relay,R01
3093.6,T021,U03,direct,
3093.9,T019,U01,relay,R01
3094.4,T020,U02,direct,
3094.5,T008,U06,direct,
3094.6,T007,U08,relay,R01
3094.6,T021,U03,direct,
3094.9,T019,U01,relay,R01
3095.4,T020,U02,direct,
3095.5,T008,U06,direct,
3095.6,T007,U08,relay,R01
3095.6,T021,U03,direct,
3095.9,T019,U01,relay,R01
3096.4,T020,U02,direct,
3096.5,T008,U06,direct,
3096.6,T007,U08,relay,R01
3096.6,T021,U03,direct,
3096.9,T019,U01,relay,R01
3097.4,T020,U02,direct,
3097.5,T008,U06,direct,
3097.6,T007,U08,relay,R01
3097.6,T021,U03,direct,
3097.9,T019,U01,relay,R01
3098.4,T020,U02,direct,
3098.5,T008,U06,direct,
3098.6,T007,U08,relay,R01
3098.6,T021,U03,direct,
3098.9,T019,U01,relay,R01
3099.4,T020,U02,direct,
3099.5,T008,U06,direct,
3099.6,T007,U08,relay,R01
3099.6,T021,U03,direct,
3099.9,T019,U01,relay,R01
3100.4,T020,U02,direct,
3100.5,T008,U06,direct,
3100.6,T007,U08,relay,R01
3100.6,T021,U03,direct,
3100.9,T019,U01,relay,R01
3101.4,T020,U02,direct,
3101.5,T008,U06,direct,
3101.6,T007,U08,relay,R01
3101.6,T021,U03,direct,
3101.9,T019,U01,relay,R01
3102.4,T020,U02,direct,
3102.5,T008,U06,direct,
3102.6,T007,U08,relay,R01
3102.6,T021,U03,direct,
3102.9,T019,U01,relay,R01
3103.4,T020,U02,direct,
3103.5,T008,U06,direct,
3103.6,T007,U08,relay,R01
3103.6,T021,U03,direct,
3103.9,T019,U01,relay,R01
3104.4,T020,U02,direct,
3104.5,T008,U06,direct,
3104.6,T007,U08,relay,R01
3104.6,T021,U03,direct,
3104.9,T019,U01,relay,R01
3105.4,T020,U02,direct,
3105.5,T008,U06,direct,
3105.6,T007,U08,relay,R01
3105.6,T021,U03,direct,
3105.9,T019,U01,relay,R01
3106.4,T020,U02,direct,
3106.5,T008,U06,direct,
3106.6,T007,U08,relay,R01
3106.6,T021,U03,direct,
3106.9,T019,U01,relay,R01
3107.4,T020,U02,direct,
3107.5,T008,U06,direct,
3107.6,T007,U08,relay,R01
3107.6,T021,U03,direct,
3107.9,T019,U01,relay,R01
3108.4,T020,U02,direct,
3108.5,T008,U06,direct,
3108.6,T007,U08,relay,R01
3108.6,T021,U03,direct,
3108.9,T019,U01,relay,R01
3109.4,T020,U02,direct,
3109.5,T008,U06,direct,
3109.6,T007,U08,relay,R01
3109.6,T021,U03,direct,
3109.9,T019,U01,relay,R01
3110.4,T020,U02,direct,
3110.5,T008,U06,direct,
3110.6,T007,U08,relay,R01
3110.6,T021,U03,direct,
3110.9,T019,U01,relay,R01
3111.4,T020,U02,direct,
3111.5,T008,U06,direct,
3111.6,T007,U08,relay,R01
3111.6,T021,U03,direct,
3111.9,T019,U01,relay,R01
3112.4,T020,U02,direct,
3112.5,T008,U06,direct,
3112.6,T007,U08,relay,R01
3112.6,T021,U03,direct,
3112.9,T019,U01,relay,R01
3113.4,T020,U02,direct,
3113.5,T008,U06,direct,
3113.6,T007,U08,relay,R01
3113.6,T021,U03,direct,
3113.9,T019,U01,relay,R01
3114.4,T020,U02,direct,
3114.5,T008,U06,direct,
3114.6,T007,U08,relay,R01
3114.6,T021,U03,direct,
3114.9,T019,U01,relay,R01
3115.4,T020,U02,direct,
3115.5,T008,U06,direct,
3115.6,T007,U08,relay,R01
3115.6,T021,U03,direct,
3115.9,T019,U01,relay,R01
3116.4,T020,U02,direct,
3116.5,T008,U06,direct,
3116.6,T007,U08,relay,R01
3116.6,T021,U03,direct,
3116.9,T019,U01,relay,R01
3117.4,T020,U02,direct,
3117.5,T008,U06,direct,
3117.6,T007,U08,relay,R01
3117.6,T021,U03,direct,
3117.9,T019,U01,relay,R01
3118.4,T020,U02,direct,
3118.5,T008,U06,direct,
3118.6,T007,U08,relay,R01
3118.6,T021,U03,direct,
3118.9,T019,U01,relay,R01
3119.4,T020,U02,direct,
3119.5,T008,U06,direct,
3119.6,T007,U08,relay,R01
3119.6,T021,U03,direct,
3119.9,T019,U01,relay,R01
3120.4,T020,U02,direct,
3120.5,T008,U06,direct,
3120.6,T007,U08,relay,R01
3120.6,T021,U03,direct,
3120.9,T019,U01,relay,R01
3121.4,T020,U02,direct,
3121.5,T008,U06,direct,
3121.6,T007,U08,relay,R01
3121.6,T021,U03,direct,
3121.9,T019,U01,relay,R01
3122.4,T020,U02,direct,
3122.5,T008,U06,direct,
3122.6,T007,U08,relay,R01
3122.6,T021,U03,direct,
3122.9,T019,U01,relay,R01
3123.4,T020,U02,direct,
3123.5,T008,U06,direct,
3123.6,T007,U08,relay,R01
3123.6,T021,U03,direct,
3123.9,T019,U01,relay,R01
3124.4,T020,U02,direct,
3124.5,T008,U06,direct,
3124.6,T007,U08,relay,R01
3124.6,T021,U03,direct,
3124.9,T019,U01,relay,R01
3125.4,T020,U02,direct,
3125.5,T008,U06,direct,
3125.6,T007,U08,relay,R01
3125.6,T021,U03,direct,
3125.9,T019,U01,relay,R01
3126.4,T020,U02,direct,
3126.5,T008,U06,direct,
3126.6,T007,U08,relay,R01
3126.6,T021,U03,direct,
3126.9,T019,U01,relay,R01
3127.4,T020,U02,direct,
3127.5,T008,U06,direct,
3127.6,T007,U08,relay,R01
3127.6,T021,U03,direct,
3127.9,T019,U01,relay,R01
3128.4,T020,U02,direct,
3128.5,T008,U06,direct,
3128.6,T007,U08,relay,R01
3128.6,T021,U03,direct,
3128.9,T019,U01,relay,R01
3129.4,T020,U02,direct,
3129.5,T008,U06,direct,
3129.6,T007,U08,relay,R01
3129.6,T021,U03,direct,
3129.9,T019,U01,relay,R01
3130.4,T020,U02,direct,
3130.5,T008,U06,direct,
3130.6,T007,U08,relay,R01
3130.6,T021,U03,direct,
3130.9,T019,U01,relay,R01
3131.4,T020,U02,direct,
3131.5,T008,U06,direct,
3131.6,T007,U08,relay,R01
3131.6,T021,U03,direct,
3131.9,T019,U01,relay,R01
3132.4,T020,U02,direct,
3132.5,T008,U06,direct,
3132.6,T007,U08,relay,R01
3132.6,T021,U03,direct,
3132.9,T019,U01,relay,R01
3133.4,T020,U02,direct,
3133.5,T008,U06,direct,
3133.6,T007,U08,relay,R01
3133.6,T021,U03,direct,
3133.9,T019,U01,relay,R01
3134.4,T020,U02,direct,
3134.5,T008,U06,direct,
3134.6,T007,U08,relay,R01
3134.6,T021,U03,direct,
3134.9,T019,U01,relay,R01
3135.4,T020,U02,direct,
3135.5,T008,U06,direct,
3135.6,T007,U08,relay,R01
3135.6,T021,U03,direct,
3135.9,T019,U01,relay,R01
3136.4,T020,U02,direct,
3136.5,T008,U06,direct,
3136.6,T007,U08,relay,R01
3136.6,T021,U03,direct,
3136.9,T019,U01,relay,R01
3137.4,T020,U02,direct,
3137.5,T008,U06,direct,
3137.6,T007,U08,relay,R01
3137.6,T021,U03,direct,
3137.9,T019,U01,relay,R01
3138.4,T020,U02,direct,
3138.5,T008,U06,direct,
3138.6,T007,U08,relay,R01
3138.6,T021,U03,direct,
3138.9,T019,U01,relay,R01
3139.4,T020,U02,direct,
3139.5,T008,U06,direct,
3139.6,T007,U08,relay,R01
3139.6,T021,U03,direct,
3139.9,T019,U01,relay,R01
3140.4,T020,U02,direct,
3140.5,T008,U06,direct,
3140.6,T007,U08,relay,R01
3140.6,T021,U03,direct,
3140.9,T019,U01,relay,R01
3141.4,T020,U02,direct,
3141.5,T008,U06,direct,
3141.6,T007,U08,relay,R01
3141.6,T021,U03,direct,
3141.9,T019,U01,relay,R01
3142.4,T020,U02,direct,
3142.5,T008,U06,direct,
3142.6,T007,U08,relay,R01
3142.6,T021,U03,direct,
3142.9,T019,U01,relay,R01
3143.4,T020,U02,direct,
3143.5,T008,U06,direct,
3143.6,T007,U08,relay,R01
3143.6,T021,U03,direct,
3143.9,T019,U01,relay,R01
3144.4,T020,U02,direct,
3144.5,T008,U06,direct,
3144.6,T007,U08,relay,R01
3144.6,T021,U03,direct,
3144.9,T019,U01,relay,R01
3145.4,T020,U02,direct,
3145.5,T008,U06,direct,
3145.6,T007,U08,relay,R01
3145.6,T021,U03,direct,
3145.9,T019,U01,relay,R01
3146.4,T020,U02,direct,
3146.5,T008,U06,direct,
3146.6,T007,U08,relay,R01
3146.6,T021,U03,direct,
3146.9,T019,U01,relay,R01
3147.4,T020,U02,direct,
3147.5,T008,U06,direct,
3147.6,T007,U08,relay,R01
3147.6,T021,U03,direct,
3147.9,T019,U01,relay,R01
3148.4,T020,U02,direct,
3148.5,T008,U06,direct,
3148.6,T007,U08,relay,R01
3148.6,T021,U03,direct,
3148.9,T019,U01,relay,R01
3149.4,T020,U02,direct,
3149.5,T008,U06,direct,
3149.6,T007,U08,relay,R01
3149.6,T021,U03,direct,
3149.9,T019,U01,relay,R01
3150.4,T020,U02,direct,
3150.5,T008,U06,direct,
3150.6,T007,U08,relay,R01
3150.6,T021,U03,direct,
3150.9,T019,U01,relay,R01
3151.4,T020,U02,direct,
3151.5,T008,U06,direct,
3151.6,T007,U08,relay,R01
3151.6,T021,U03,direct,
3151.9,T019,U01,relay,R01
3152.4,T020,U02,direct,
3152.5,T008,U06,direct,
3152.6,T007,U08,relay,R01
3152.6,T021,U03,direct,
3152.9,T019,U01,relay,R01
3153.4,T020,U02,direct,
3153.5,T008,U06,direct,
3153.6,T007,U08,relay,R01
3153.6,T021,U03,direct,
3153.9,T019,U01,relay,R01
3154.4,T020,U02,direct,
3154.5,T008,U06,direct,
3154.6,T007,U08,relay,R01
3154.6,T021,U03,direct,
3154.9,T019,U01,relay,R01
3155.4,T020,U02,direct,
3155.5,T008,U06,direct,
3155.6,T007,U08,relay,R01
3155.6,T021,U03,direct,
3155.9,T019,U01,relay,R01
3156.4,T020,U02,direct,
3156.5,T008,U06,direct,
3156.6,T007,U08,relay,R01
3156.6,T021,U03,direct,
3156.9,T019,U01,relay,R01
3157.4,T020,U02,direct,
3157.5,T008,U06,direct,
3157.6,T007,U08,relay,R01
3157.6,T021,U03,direct,
3157.9,T019,U01,relay,R01
3158.4,T020,U02,direct,
3158.5,T008,U06,direct,
3158.6,T007,U08,relay,R01
3158.6,T021,U03,direct,
3158.9,T019,U01,relay,R01
3159.4,T020,U02,direct,
3159.5,T008,U06,direct,
3159.6,T007,U08,relay,R01
3159.6,T021,U03,direct,
3159.9,T019,U01,relay,R01
3160.4,T020,U02,direct,
3160.5,T008,U06,direct,
3160.6,T007,U08,relay,R01
3160.6,T021,U03,direct,
3160.9,T019,U01,relay,R01
3161.4,T020,U02,direct,
3161.5,T008,U06,direct,
3161.6,T007,U08,relay,R01
3161.6,T021,U03,direct,
3161.9,T019,U01,relay,R01
3162.4,T020,U02,direct,
3162.5,T008,U06,direct,
3162.6,T007,U08,relay,R01
3162.6,T021,U03,direct,
3162.9,T019,U01,relay,R01
3163.4,T020,U02,direct,
3163.5,T008,U06,direct,
3163.6,T007,U08,relay,R01
3163.6,T021,U03,direct,
3163.9,T019,U01,relay,R01
3164.4,T020,U02,direct,
3164.5,T008,U06,direct,
3164.6,T007,U08,relay,R01
3164.6,T021,U03,direct,
3164.9,T019,U01,relay,R01
3165.4,T020,U02,direct,
3165.5,T008,U06,direct,
3165.6,T007,U08,relay,R01
3165.6,T021,U03,direct,
3165.9,T019,U01,relay,R01
3166.4,T020,U02,direct,
3166.5,T008,U06,direct,
3166.6,T007,U08,relay,R01
3166.6,T021,U03,direct,
3166.9,T019,U01,relay,R01
3167.4,T020,U02,direct,
3167.5,T008,U06,direct,
3167.6,T007,U08,relay,R01
3167.6,T021,U03,direct,
3167.9,T019,U01,relay,R01
3168.4,T020,U02,direct,
3168.5,T008,U06,direct,
3168.6,T007,U08,relay,R01
3168.6,T021,U03,direct,
3168.9,T019,U01,relay,R01
3169.4,T020,U02,direct,
3169.5,T008,U06,direct,
3169.6,T007,U08,relay,R01
3169.6,T021,U03,direct,
3169.9,T019,U01,relay,R01
3170.4,T020,U02,direct,
3170.5,T008,U06,direct,
3170.6,T007,U08,relay,R01
3170.6,T021,U03,direct,
3170.9,T019,U01,relay,R01
3171.4,T020,U02,direct,
3171.5,T008,U06,direct,
3171.6,T007,U08,relay,R01
3171.6,T021,U03,direct,
3171.9,T019,U01,relay,R01
3172.4,T020,U02,direct,
3172.5,T008,U06,direct,
3172.6,T007,U08,relay,R01
3172.6,T021,U03,direct,
3172.9,T019,U01,relay,R01
3173.4,T020,U02,direct,
3173.5,T008,U06,direct,
3173.6,T007,U08,relay,R01
3173.6,T021,U03,direct,
3173.9,T019,U01,relay,R01
3174.4,T020,U02,direct,
3174.5,T008,U06,direct,
3174.6,T007,U08,relay,R01
3174.6,T021,U03,direct,
3174.9,T019,U01,relay,R01
3175.4,T020,U02,direct,
3175.5,T008,U06,direct,
3175.6,T007,U08,relay,R01
3175.6,T021,U03,direct,
3175.9,T019,U01,relay,R01
3176.4,T020,U02,direct,
3176.5,T008,U06,direct,
3176.6,T007,U08,relay,R01
3176.6,T021,U03,direct,
3176.9,T019,U01,relay,R01
3177.4,T020,U02,direct,
3177.5,T008,U06,direct,
3177.6,T007,U08,relay,R01
3177.6,T021,U03,direct,
3177.9,T019,U01,relay,R01
3178.4,T020,U02,direct,
3178.5,T008,U06,direct,
3178.6,T007,U08,relay,R01
3178.6,T021,U03,direct,
3178.9,T019,U01,relay,R01
3179.4,T020,U02,direct,
3179.5,T008,U06,direct,
3179.6,T007,U08,relay,R01
3179.6,T021,U03,direct,
3179.9,T019,U01,relay,R01
3180.4,T020,U02,direct,
3180.5,T008,U06,direct,
3180.6,T007,U08,relay,R01
3180.6,T021,U03,direct,
3180.9,T019,U01,relay,R01
3181.4,T020,U02,direct,
3181.5,T008,U06,direct,
3181.6,T007,U08,relay,R01
3181.6,T021,U03,direct,
3181.9,T019,U01,relay,R01
3182.4,T020,U02,direct,
3182.5,T008,U06,direct,
3182.6,T007,U08,relay,R01
3182.6,T021,U03,direct,
3182.9,T019,U01,relay,R01
3183.4,T020,U02,direct,
3183.5,T008,U06,direct,
3183.6,T007,U08,relay,R01
3183.6,T021,U03,direct,
3183.9,T019,U01,relay,R01
3184.4,T020,U02,direct,
3184.5,T008,U06,direct,
3184.6,T007,U08,relay,R01
3184.6,T021,U03,direct,
3184.9,T019,U01,relay,R01
3185.4,T020,U02,direct,
3185.5,T008,U06,direct,
3185.6,T007,U08,relay,R01
3185.6,T021,U03,direct,
3185.9,T019,U01,relay,R01
3186.4,T020,U02,direct,
3186.5,T008,U06,direct,
3186.6,T007,U08,relay,R01
3186.6,T021,U03,direct,
3186.9,T019,U01,relay,R01
3187.4,T020,U02,direct,
3187.5,T008,U06,direct,
3187.6,T007,U08,relay,R01
3187.6,T021,U03,direct,
3187.9,T019,U01,relay,R01
3188.4,T020,U02,direct,
3188.5,T008,U06,direct,
3188.6,T007,U08,relay,R01
3188.6,T021,U03,direct,
3188.9,T019,U01,relay,R01
3189.4,T020,U02,direct,
3189.5,T008,U06,direct,
3189.6,T007,U08,relay,R01
3189.6,T021,U03,direct,
3189.9,T019,U01,relay,R01
3190.4,T020,U02,direct,
3190.5,T008,U06,direct,
3190.6,T007,U08,relay,R01
3190.6,T021,U03,direct,
3190.9,T019,U01,relay,R01
3191.4,T020,U02,direct,
3191.5,T008,U06,direct,
3191.6,T007,U08,relay,R01
3191.6,T021,U03,direct,
3191.9,T019,U01,relay,R01
3192.4,T020,U02,direct,
3192.5,T008,U06,direct,
3192.6,T007,U08,relay,R01
3192.6,T021,U03,direct,
3192.9,T019,U01,relay,R01
3193.4,T020,U02,direct,
3193.5,T008,U06,direct,
3193.6,T007,U08,relay,R01
3193.6,T021,U03,direct,
3193.9,T019,U01,relay,R01
3194.4,T020,U02,direct,
3194.5,T008,U06,direct,
3194.6,T007,U08,relay,R01
3194.6,T021,U03,direct,
3194.9,T019,U01,relay,R01
3195.4,T020,U02,direct,
3195.5,T008,U06,direct,
3195.6,T007,U08,relay,R01
3195.6,T021,U03,direct,
3195.9,T019,U01,relay,R01
3196.4,T020,U02,direct,
3196.5,T008,U06,direct,
3196.6,T007,U08,relay,R01
3196.6,T021,U03,direct,
3196.9,T019,U01,relay,R01
3197.4,T020,U02,direct,
3197.5,T008,U06,direct,
3197.6,T007,U08,relay,R01
3197.6,T021,U03,direct,
3197.9,T019,U01,relay,R01
3198.4,T020,U02,direct,
3198.5,T008,U06,direct,
3198.6,T007,U08,relay,R01
3198.6,T021,U03,direct,
3198.9,T019,U01,relay,R01
3199.4,T020,U02,direct,
3199.5,T008,U06,direct,
3199.6,T007,U08,relay,R01
3199.6,T021,U03,direct,
3199.9,T019,U01,relay,R01
3200.4,T020,U02,direct,
3200.5,T008,U06,direct,
3200.6,T007,U08,relay,R01
3200.6,T021,U03,direct,
3200.9,T019,U01,relay,R01
3201.4,T020,U02,direct,
3201.5,T008,U06,direct,
3201.6,T007,U08,relay,R01
3201.6,T021,U03,direct,
3201.9,T019,U01,relay,R01
3202.4,T020,U02,direct,
3202.5,T008,U06,direct,
3202.6,T007,U08,relay,R01
3202.6,T021,U03,direct,
3202.9,T019,U01,relay,R01
3203.4,T020,U02,direct,
3203.5,T008,U06,direct,
3203.6,T007,U08,relay,R01
3203.6,T021,U03,direct,
3203.9,T019,U01,relay,R01
3204.4,T020,U02,direct,
3204.5,T008,U06,direct,
3204.6,T007,U08,relay,R01
3204.6,T021,U03,direct,
3204.9,T019,U01,relay,R01
3205.4,T020,U02,direct,
3205.5,T008,U06,direct,
3205.6,T007,U08,relay,R01
3205.6,T021,U03,direct,
3205.9,T019,U01,relay,R01
3206.4,T020,U02,direct,
3206.5,T008,U06,direct,
3206.6,T007,U08,relay,R01
3206.6,T021,U03,direct,
3206.9,T019,U01,relay,R01
3207.4,T020,U02,direct,
3207.5,T008,U06,direct,
3207.6,T007,U08,relay,R01
3207.6,T021,U03,direct,
3207.9,T019,U01,relay,R01
3208.4,T020,U02,direct,
3208.5,T008,U06,direct,
3208.6,T007,U08,relay,R01
3208.6,T021,U03,direct,
3208.9,T019,U01,relay,R01
3209.4,T020,U02,direct,
3209.5,T008,U06,direct,
3209.6,T007,U08,relay,R01
3209.6,T021,U03,direct,
3209.9,T019,U01,relay,R01
3210.4,T020,U02,direct,
3210.5,T008,U06,direct,
3210.6,T007,U08,relay,R01
3210.6,T021,U03,direct,
3210.9,T019,U01,relay,R01
3211.4,T020,U02,direct,
3211.5,T008,U06,direct,
3211.6,T007,U08,relay,R01
3211.6,T021,U03,direct,
3211.9,T019,U01,relay,R01
3212.4,T020,U02,direct,
3212.5,T008,U06,direct,
3212.6,T007,U08,relay,R01
3212.6,T021,U03,direct,
3212.9,T019,U01,relay,R01
3213.4,T020,U02,direct,
3213.5,T008,U06,direct,
3213.6,T007,U08,relay,R01
3213.6,T021,U03,direct,
3213.9,T019,U01,relay,R01
3214.4,T020,U02,direct,
3214.5,T008,U06,direct,
3214.6,T007,U08,relay,R01
3214.6,T021,U03,direct,
3214.9,T019,U01,relay,R01
3215.4,T020,U02,direct,
3215.5,T008,U06,direct,
3215.6,T007,U08,relay,R01
3215.6,T021,U03,direct,
3215.9,T019,U01,relay,R01
3216.4,T020,U02,direct,
3216.5,T008,U06,direct,
3216.6,T007,U08,relay,R01
3216.6,T021,U03,direct,
3216.9,T019,U01,relay,R01
3217.4,T020,U02,direct,
3217.5,T008,U06,direct,
3217.6,T007,U08,relay,R01
3217.6,T021,U03,direct,
3217.9,T019,U01,relay,R01
3218.4,T020,U02,direct,
3218.5,T008,U06,direct,
3218.6,T007,U08,relay,R01
3218.6,T021,U03,direct,
3218.9,T019,U01,relay,R01
3219.4,T020,U02,direct,
3219.5,T008,U06,direct,
3219.6,T007,U08,relay,R01
3219.6,T021,U03,direct,
3219.9,T019,U01,relay,R01
3220.4,T020,U02,direct,
3220.5,T008,U06,direct,
3220.6,T007,U08,relay,R01
3220.6,T021,U03,direct,
3220.9,T019,U01,relay,R01
3221.4,T020,U02,direct,
3221.5,T008,U06,direct,
3221.6,T007,U08,relay,R01
3221.6,T021,U03,direct,
3221.9,T019,U01,relay,R01
3222.4,T020,U02,direct,
3222.5,T008,U06,direct,
3222.6,T007,U08,relay,R01
3222.6,T021,U03,direct,
3222.9,T019,U01,relay,R01
3223.4,T020,U02,direct,
3223.5,T008,U06,direct,
3223.6,T007,U08,relay,R01
3223.6,T021,U03,direct,
3223.9,T019,U01,relay,R01
3224.4,T020,U02,direct,
3224.5,T008,U06,direct,
3224.6,T007,U08,relay,R01
3224.6,T021,U03,direct,
3224.9,T019,U01,relay,R01
3225.4,T020,U02,direct,
3225.5,T008,U06,direct,
3225.6,T007,U08,relay,R01
3225.6,T021,U03,direct,
3225.9,T019,U01,relay,R01
3226.4,T020,U02,direct,
3226.5,T008,U06,direct,
3226.6,T007,U08,relay,R01
3226.6,T021,U03,direct,
3226.9,T019,U01,relay,R01
3227.4,T020,U02,direct,
3227.5,T008,U06,direct,
3227.6,T007,U08,relay,R01
3227.6,T021,U03,direct,
3227.9,T019,U01,relay,R01
3228.4,T020,U02,direct,
3228.5,T008,U06,direct,
3228.6,T007,U08,relay,R01
3228.6,T021,U03,direct,
3228.9,T019,U01,relay,R01
3229.4,T020,U02,direct,
3229.5,T008,U06,direct,
3229.6,T007,U08,relay,R01
3229.6,T021,U03,direct,
3229.9,T019,U01,relay,R01
3230.4,T020,U02,direct,
3230.5,T008,U06,direct,
3230.6,T007,U08,relay,R01
3230.6,T021,U03,direct,
3230.9,T019,U01,relay,R01
3231.4,T020,U02,direct,
3231.5,T008,U06,direct,
3231.6,T007,U08,relay,R01
3231.6,T021,U03,direct,
3231.9,T019,U01,relay,R01
3232.4,T020,U02,direct,
3232.5,T008,U06,direct,
3232.6,T007,U08,relay,R01
3232.6,T021,U03,direct,
3232.9,T019,U01,relay,R01
3233.4,T020,U02,direct,
3233.5,T008,U06,direct,
3233.6,T007,U08,relay,R01
3233.6,T021,U03,direct,
3233.9,T019,U01,relay,R01
3234.4,T020,U02,direct,
3234.5,T008,U06,direct,
3234.6,T007,U08,relay,R01
3234.6,T021,U03,direct,
3234.9,T019,U01,relay,R01
3235.4,T020,U02,direct,
3235.5,T008,U06,direct,
3235.6,T007,U08,relay,R01
3235.6,T021,U03,direct,
3235.9,T019,U01,relay,R01
3236.4,T020,U02,direct,
3236.5,T008,U06,direct,
3236.6,T007,U08,relay,R01
3236.6,T021,U03,direct,
3236.9,T019,U01,relay,R01
3237.4,T020,U02,direct,
3237.5,T008,U06,direct,
3237.6,T007,U08,relay,R01
3237.6,T021,U03,direct,
3237.9,T019,U01,relay,R01
3238.4,T020,U02,direct,
3238.5,T008,U06,direct,
3238.6,T007,U08,relay,R01
3238.6,T021,U03,direct,
3238.9,T019,U01,relay,R01
3239.4,T020,U02,direct,
3239.5,T008,U06,direct,
3239.6,T007,U08,relay,R01
3239.6,T021,U03,direct,
3239.9,T019,U01,relay,R01
3240.4,T020,U02,direct,
3240.5,T008,U06,direct,
3240.6,T007,U08,relay,R01
3240.6,T021,U03,direct,
3240.9,T019,U01,relay,R01
3241.4,T020,U02,direct,
3241.5,T008,U06,direct,
3241.6,T007,U08,relay,R01
3241.6,T021,U03,direct,
3241.9,T019,U01,relay,R01
3242.4,T020,U02,direct,
3242.5,T008,U06,direct,
3242.6,T007,U08,relay,R01
3242.6,T021,U03,direct,
3242.9,T019,U01,relay,R01
3243.4,T020,U02,direct,
3243.5,T008,U06,direct,
3243.6,T007,U08,relay,R01
3243.6,T021,U03,direct,
3243.9,T019,U01,relay,R01
3244.4,T020,U02,direct,
3244.5,T008,U06,direct,
3244.6,T007,U08,relay,R01
3244.6,T021,U03,direct,
3244.9,T019,U01,relay,R01
3245.4,T020,U02,direct,
3245.5,T008,U06,direct,
3245.6,T007,U08,relay,R01
3245.6,T021,U03,direct,
3245.9,T019,U01,relay,R01
3246.4,T020,U02,direct,
3246.5,T008,U06,direct,
3246.6,T007,U08,relay,R01
3246.6,T021,U03,direct,
3246.9,T019,U01,relay,R01
3247.4,T020,U02,direct,
3247.5,T008,U06,direct,
3247.6,T007,U08,relay,R01
3247.6,T021,U03,direct,
3247.9,T019,U01,relay,R01
3248.4,T020,U02,direct,
3248.5,T008,U06,direct,
3248.6,T007,U08,relay,R01
3248.6,T021,U03,direct,
3248.9,T019,U01,relay,R01
3249.4,T020,U02,direct,
3249.5,T008,U06,direct,
3249.6,T007,U08,relay,R01
3249.6,T021,U03,direct,
3249.9,T019,U01,relay,R01
3250.4,T020,U02,direct,
3250.5,T008,U06,direct,
3250.6,T007,U08,relay,R01
3250.6,T021,U03,direct,
3250.9,T019,U01,relay,R01
3251.4,T020,U02,direct,
3251.5,T008,U06,direct,
3251.6,T007,U08,relay,R01
3251.6,T021,U03,direct,
3251.9,T019,U01,relay,R01
3252.4,T020,U02,direct,
3252.5,T008,U06,direct,
3252.6,T007,U08,relay,R01
3252.6,T021,U03,direct,
3252.9,T019,U01,relay,R01
3253.4,T020,U02,direct,
3253.5,T008,U06,direct,
3253.6,T007,U08,relay,R01
3253.6,T021,U03,direct,
3253.9,T019,U01,relay,R01
3254.4,T020,U02,direct,
3254.5,T008,U06,direct,
3254.6,T007,U08,relay,R01
3254.6,T021,U03,direct,
3254.9,T019,U01,relay,R01
3255.4,T020,U02,direct,
3255.5,T008,U06,direct,
3255.6,T007,U08,relay,R01
3255.6,T021,U03,direct,
3255.9,T019,U01,relay,R01
3256.4,T020,U02,direct,
3256.5,T008,U06,direct,
3256.6,T007,U08,relay,R01
3256.6,T021,U03,direct,
3256.9,T019,U01,relay,R01
3257.4,T020,U02,direct,
3257.5,T008,U06,direct,
3257.6,T007,U08,relay,R01
3257.6,T021,U03,direct,
3257.9,T019,U01,relay,R01
3258.4,T020,U02,direct,
3258.5,T008,U06,direct,
3258.6,T007,U08,relay,R01
3258.6,T021,U03,direct,
3258.9,T019,U01,relay,R01
3259.4,T020,U02,direct,
3259.5,T008,U06,direct,
3259.6,T007,U08,relay,R01
3259.6,T021,U03,direct,
3259.9,T019,U01,relay,R01
3260.4,T020,U02,direct,
3260.5,T008,U06,direct,
3260.6,T007,U08,relay,R01
3260.6,T021,U03,direct,
3260.9,T019,U01,relay,R01
3261.4,T020,U02,direct,
3261.5,T008,U06,direct,
3261.6,T007,U08,relay,R01
3261.6,T021,U03,direct,
3261.9,T019,U01,relay,R01
3262.4,T020,U02,direct,
3262.5,T008,U06,direct,
3262.6,T007,U08,relay,R01
3262.6,T021,U03,direct,
3262.9,T019,U01,relay,R01
3263.4,T020,U02,direct,
3263.5,T008,U06,direct,
3263.6,T007,U08,relay,R01
3263.6,T021,U03,direct,
3263.9,T019,U01,relay,R01
3264.4,T020,U02,direct,
3264.5,T008,U06,direct,
3264.6,T007,U08,relay,R01
3264.6,T021,U03,direct,
3264.9,T019,U01,relay,R01
3265.4,T020,U02,direct,
3265.5,T008,U06,direct,
3265.6,T007,U08,relay,R01
3265.6,T021,U03,direct,
3265.9,T019,U01,relay,R01
3266.4,T020,U02,direct,
3266.5,T008,U06,direct,
3266.6,T007,U08,relay,R01
3266.6,T021,U03,direct,
3266.9,T019,U01,relay,R01
3267.4,T020,U02,direct,
3267.5,T008,U06,direct,
3267.6,T007,U08,relay,R01
3267.6,T021,U03,direct,
3267.9,T019,U01,relay,R01
3268.4,T020,U02,direct,
3268.5,T008,U06,direct,
3268.6,T007,U08,relay,R01
3268.6,T021,U03,direct,
3268.9,T019,U01,relay,R01
3269.4,T020,U02,direct,
3269.5,T008,U06,direct,
3269.6,T007,U08,relay,R01
3269.6,T021,U03,direct,
3269.9,T019,U01,relay,R01
3270.4,T020,U02,direct,
3270.5,T008,U06,direct,
3270.6,T007,U08,relay,R01
3270.6,T021,U03,direct,
3270.9,T019,U01,relay,R01
3271.4,T020,U02,direct,
3271.5,T008,U06,direct,
3271.6,T007,U08,relay,R01
3271.6,T021,U03,direct,
3271.9,T019,U01,relay,R01
3272.4,T020,U02,direct,
3272.5,T008,U06,direct,
3272.6,T007,U08,relay,R01
3272.6,T021,U03,direct,
3272.9,T019,U01,relay,R01
3273.4,T020,U02,direct,
3273.5,T008,U06,direct,
3273.6,T007,U08,relay,R01
3273.6,T021,U03,direct,
3273.9,T019,U01,relay,R01
3274.4,T020,U02,direct,
3274.5,T008,U06,direct,
3274.6,T007,U08,relay,R01
3274.6,T021,U03,direct,
3274.9,T019,U01,relay,R01
3275.4,T020,U02,direct,
3275.5,T008,U06,direct,
3275.6,T007,U08,relay,R01
3275.6,T021,U03,direct,
3275.9,T019,U01,relay,R01
3276.4,T020,U02,direct,
3276.5,T008,U06,direct,
3276.6,T007,U08,relay,R01
3276.6,T021,U03,direct,
3276.9,T019,U01,relay,R01
3277.4,T020,U02,direct,
3277.5,T008,U06,direct,
3277.6,T007,U08,relay,R01
3277.6,T021,U03,direct,
3277.9,T019,U01,relay,R01
3278.4,T020,U02,direct,
3278.5,T008,U06,direct,
3278.6,T007,U08,relay,R01
3278.6,T021,U03,direct,
3278.9,T019,U01,relay,R01
3279.4,T020,U02,direct,
3279.5,T008,U06,direct,
3279.6,T007,U08,relay,R01
3279.6,T021,U03,direct,
3279.9,T019,U01,relay,R01
3280.4,T020,U02,direct,
3280.5,T008,U06,direct,
3280.6,T007,U08,relay,R01
3280.6,T021,U03,direct,
3280.9,T019,U01,relay,R01
3281.4,T020,U02,direct,
3281.5,T008,U06,direct,
3281.6,T007,U08,relay,R01
3281.6,T021,U03,direct,
3281.9,T019,U01,relay,R01
3282.4,T020,U02,direct,
3282.5,T008,U06,direct,
3282.6,T007,U08,relay,R01
3282.6,T021,U03,direct,
3282.9,T019,U01,relay,R01
3283.4,T020,U02,direct,
3283.5,T008,U06,direct,
3283.6,T007,U08,relay,R01
3283.6,T021,U03,direct,
3283.9,T019,U01,relay,R01
3284.4,T020,U02,direct,
3284.5,T008,U06,direct,
3284.6,T007,U08,relay,R01
3284.6,T021,U03,direct,
3284.9,T019,U01,relay,R01
3285.4,T020,U02,direct,
3285.5,T008,U06,direct,
3285.6,T007,U08,relay,R01
3285.6,T021,U03,direct,
3285.9,T019,U01,relay,R01
3286.4,T020,U02,direct,
3286.5,T008,U06,direct,
3286.6,T007,U08,relay,R01
3286.6,T021,U03,direct,
3286.9,T019,U01,relay,R01
3287.4,T020,U02,direct,
3287.5,T008,U06,direct,
3287.6,T007,U08,relay,R01
3287.6,T021,U03,direct,
3287.9,T019,U01,relay,R01
3288.4,T020,U02,direct,
3288.5,T008,U06,direct,
3288.6,T007,U08,relay,R01
3288.6,T021,U03,direct,
3288.9,T019,U01,relay,R01
3289.4,T020,U02,direct,
3289.5,T008,U06,direct,
3289.6,T007,U08,relay,R01
3289.6,T021,U03,direct,
3289.9,T019,U01,relay,R01
3290.4,T020,U02,direct,
3290.5,T008,U06,direct,
3290.6,T007,U08,relay,R01
3290.6,T021,U03,direct,
3290.9,T019,U01,relay,R01
3291.4,T020,U02,direct,
3291.5,T008,U06,direct,
3291.6,T007,U08,relay,R01
3291.6,T021,U03,direct,
3291.9,T019,U01,relay,R01
3292.4,T020,U02,direct,
3292.5,T008,U06,direct,
3292.6,T007,U08,relay,R01
3292.6,T021,U03,direct,
3292.9,T019,U01,relay,R01
3293.4,T020,U02,direct,
3293.5,T008,U06,direct,
3293.6,T007,U08,relay,R01
3293.6,T021,U03,direct,
3293.9,T019,U01,relay,R01
3294.4,T020,U02,direct,
3294.5,T008,U06,direct,
3294.6,T007,U08,relay,R01
3294.6,T021,U03,direct,
3294.9,T019,U01,relay,R01
3295.4,T020,U02,direct,
3295.5,T008,U06,direct,
3295.6,T007,U08,relay,R01
3295.6,T021,U03,direct,
3295.9,T019,U01,relay,R01
3296.4,T020,U02,direct,
3296.5,T008,U06,direct,
3296.6,T007,U08,relay,R01
3296.6,T021,U03,direct,
3296.9,T019,U01,relay,R01
3297.4,T020,U02,direct,
3297.5,T008,U06,direct,
3297.6,T007,U08,relay,R01
3297.6,T021,U03,direct,
3297.9,T019,U01,relay,R01
3298.4,T020,U02,direct,
3298.5,T008,U06,direct,
3298.6,T007,U08,relay,R01
3298.6,T021,U03,direct,
3298.9,T019,U01,relay,R01
3299.4,T020,U02,direct,
3299.5,T008,U06,direct,
3299.6,T007,U08,relay,R01
3299.6,T021,U03,direct,
3299.9,T019,U01,relay,R01
3300.4,T020,U02,direct,
3300.5,T008,U06,direct,
3300.6,T007,U08,relay,R01
3300.6,T021,U03,direct,
3300.9,T019,U01,relay,R01
3301.4,T020,U02,direct,
3301.5,T008,U06,direct,
3301.6,T007,U08,relay,R01
3301.6,T021,U03,direct,
3301.9,T019,U01,relay,R01
3302.4,T020,U02,direct,
3302.5,T008,U06,direct,
3302.6,T007,U08,relay,R01
3302.6,T021,U03,direct,
3302.9,T019,U01,relay,R01
3303.4,T020,U02,direct,
3303.5,T008,U06,direct,
3303.6,T007,U08,relay,R01
3303.6,T021,U03,direct,
3303.9,T019,U01,relay,R01
3304.4,T020,U02,direct,
3304.5,T008,U06,direct,
3304.6,T007,U08,relay,R01
3304.6,T021,U03,direct,
3304.9,T019,U01,relay,R01
3305.4,T020,U02,direct,
3305.5,T008,U06,direct,
3305.6,T007,U08,relay,R01
3305.6,T021,U03,direct,
3305.9,T019,U01,relay,R01
3306.4,T020,U02,direct,
3306.5,T008,U06,direct,
3306.6,T007,U08,relay,R01
3306.6,T021,U03,direct,
3306.9,T019,U01,relay,R01
3307.4,T020,U02,direct,
3307.5,T008,U06,direct,
3307.6,T007,U08,relay,R01
3307.6,T021,U03,direct,
3307.9,T019,U01,relay,R01
3308.4,T020,U02,direct,
3308.5,T008,U06,direct,
3308.6,T007,U08,relay,R01
3308.6,T021,U03,direct,
3308.9,T019,U01,relay,R01
3309.4,T020,U02,direct,
3309.5,T008,U06,direct,
3309.6,T007,U08,relay,R01
3309.6,T021,U03,direct,
3309.9,T019,U01,relay,R01
3310.4,T020,U02,direct,
3310.5,T008,U06,direct,
3310.6,T007,U08,relay,R01
3310.6,T021,U03,direct,
3310.9,T019,U01,relay,R01
3311.4,T020,U02,direct,
3311.5,T008,U06,direct,
3311.6,T007,U08,relay,R01
3311.6,T021,U03,direct,
3311.9,T019,U01,relay,R01
3312.4,T020,U02,direct,
3312.5,T008,U06,direct,
3312.6,T007,U08,relay,R01
3312.6,T021,U03,direct,
3312.9,T019,U01,relay,R01
3313.4,T020,U02,direct,
3313.5,T008,U06,direct,
3313.6,T007,U08,relay,R01
3313.6,T021,U03,direct,
3313.9,T019,U01,relay,R01
3314.4,T020,U02,direct,
3314.5,T008,U06,direct,
3314.6,T007,U08,relay,R01
3314.6,T021,U03,direct,
3314.9,T019,U01,relay,R01
3315.4,T020,U02,direct,
3315.5,T008,U06,direct,
3315.6,T007,U08,relay,R01
3315.6,T021,U03,direct,
3315.9,T019,U01,relay,R01
3316.4,T020,U02,direct,
3316.5,T008,U06,direct,
3316.6,T007,U08,relay,R01
3316.6,T021,U03,direct,
3316.9,T019,U01,relay,R01
3317.4,T020,U02,direct,
3317.5,T008,U06,direct,
3317.6,T007,U08,relay,R01
3317.6,T021,U03,direct,
3317.9,T019,U01,relay,R01
3318.4,T020,U02,direct,
3318.5,T008,U06,direct,
3318.6,T007,U08,relay,R01
3318.6,T021,U03,direct,
3318.9,T019,U01,relay,R01
3319.4,T020,U02,direct,
3319.5,T008,U06,direct,
3319.6,T007,U08,relay,R01
3319.6,T021,U03,direct,
3319.9,T019,U01,relay,R01
3320.4,T020,U02,direct,
3320.5,T008,U06,direct,
3320.6,T007,U08,relay,R01
3320.6,T021,U03,direct,
3320.9,T019,U01,relay,R01
3321.4,T020,U02,direct,
3321.5,T008,U06,direct,
3321.6,T007,U08,relay,R01
3321.6,T021,U03,direct,
3321.9,T019,U01,relay,R01
3322.4,T020,U02,direct,
3322.5,T008,U06,direct,
3322.6,T007,U08,relay,R01
3322.6,T021,U03,direct,
3322.9,T019,U01,relay,R01
3323.4,T020,U02,direct,
3323.5,T008,U06,direct,
3323.6,T007,U08,relay,R01
3323.6,T021,U03,direct,
3323.9,T019,U01,relay,R01
3324.4,T020,U02,direct,
3324.5,T008,U06,direct,
3324.6,T007,U08,relay,R01
3324.6,T021,U03,direct,
3324.9,T019,U01,relay,R01
3325.4,T020,U02,direct,
3325.5,T008,U06,direct,
3325.6,T007,U08,relay,R01
3325.6,T021,U03,direct,
3325.9,T019,U01,relay,R01
3326.4,T020,U02,direct,
3326.5,T008,U06,direct,
3326.6,T007,U08,relay,R01
3326.6,T021,U03,direct,
3326.9,T019,U01,relay,R01
3327.4,T020,U02,direct,
3327.5,T008,U06,direct,
3327.6,T007,U08,relay,R01
3327.6,T021,U03,direct,
3327.9,T019,U01,relay,R01
3328.4,T020,U02,direct,
3328.5,T008,U06,direct,
3328.6,T007,U08,relay,R01
3328.6,T021,U03,direct,
3328.9,T019,U01,relay,R01
3329.4,T020,U02,direct,
3329.5,T008,U06,direct,
3329.6,T007,U08,relay,R01
3329.6,T021,U03,direct,
3329.9,T019,U01,relay,R01
3330.4,T020,U02,direct,
3330.5,T008,U06,direct,
3330.6,T007,U08,relay,R01
3330.6,T021,U03,direct,
3330.9,T019,U01,relay,R01
3331.4,T020,U02,direct,
3331.5,T008,U06,direct,
3331.6,T007,U08,relay,R01
3331.6,T021,U03,direct,
3331.9,T019,U01,relay,R01
3332.4,T020,U02,direct,
3332.5,T008,U06,direct,
3332.6,T007,U08,relay,R01
3332.6,T021,U03,direct,
3332.9,T019,U01,relay,R01
3333.4,T020,U02,direct,
3333.5,T008,U06,direct,
3333.6,T007,U08,relay,R01
3333.6,T021,U03,direct,
3333.9,T019,U01,relay,R01
3334.4,T020,U02,direct,
3334.5,T008,U06,direct,
3334.6,T007,U08,relay,R01
3334.6,T021,U03,direct,
3334.9,T019,U01,relay,R01
3335.4,T020,U02,direct,
3335.5,T008,U06,direct,
3335.6,T007,U08,relay,R01
3335.6,T021,U03,direct,
3335.9,T019,U01,relay,R01
3336.4,T020,U02,direct,
3336.5,T008,U06,direct,
3336.6,T007,U08,relay,R01
3336.6,T021,U03,direct,
3336.9,T019,U01,relay,R01
3337.4,T020,U02,direct,
3337.5,T008,U06,direct,
3337.6,T007,U08,relay,R01
3337.6,T021,U03,direct,
3337.9,T019,U01,relay,R01
3338.4,T020,U02,direct,
3338.5,T008,U06,direct,
3338.6,T007,U08,relay,R01
3338.6,T021,U03,direct,
3338.9,T019,U01,relay,R01
3339.4,T020,U02,direct,
3339.5,T008,U06,direct,
3339.6,T007,U08,relay,R01
3339.6,T021,U03,direct,
3339.9,T019,U01,relay,R01
3340.4,T020,U02,direct,
3340.5,T008,U06,direct,
3340.6,T007,U08,relay,R01
3340.6,T021,U03,direct,
3340.9,T019,U01,relay,R01
3341.4,T020,U02,direct,
3341.5,T008,U06,direct,
3341.6,T007,U08,relay,R01
3341.6,T021,U03,direct,
3341.9,T019,U01,relay,R01
3342.4,T020,U02,direct,
3342.5,T008,U06,direct,
3342.6,T007,U08,relay,R01
3342.6,T021,U03,direct,
3342.9,T019,U01,relay,R01
3343.4,T020,U02,direct,
3343.5,T008,U06,direct,
3343.6,T007,U08,relay,R01
3343.6,T021,U03,direct,
3343.9,T019,U01,relay,R01
3344.4,T020,U02,direct,
3344.5,T008,U06,direct,
3344.6,T007,U08,relay,R01
3344.6,T021,U03,direct,
3344.9,T019,U01,relay,R01
3345.4,T020,U02,direct,
3345.5,T008,U06,direct,
3345.6,T007,U08,relay,R01
3345.6,T021,U03,direct,
3345.9,T019,U01,relay,R01
3346.4,T020,U02,direct,
3346.5,T008,U06,direct,
3346.6,T007,U08,relay,R01
3346.6,T021,U03,direct,
3346.9,T019,U01,relay,R01
3347.4,T020,U02,direct,
3347.5,T008,U06,direct,
3347.6,T007,U08,relay,R01
3347.6,T021,U03,direct,
3347.9,T019,U01,relay,R01
3348.4,T020,U02,direct,
3348.5,T008,U06,direct,
3348.6,T007,U08,relay,R01
3348.6,T021,U03,direct,
3348.9,T019,U01,relay,R01
3349.4,T020,U02,direct,
3349.5,T008,U06,direct,
3349.6,T007,U08,relay,R01
3349.6,T021,U03,direct,
3349.9,T019,U01,relay,R01
3350.4,T020,U02,direct,
3350.5,T008,U06,direct,
3350.6,T007,U08,relay,R01
3350.6,T021,U03,direct,
3350.9,T019,U01,relay,R01
3351.4,T020,U02,direct,
3351.5,T008,U06,direct,
3351.6,T007,U08,relay,R01
3351.6,T021,U03,direct,
3351.9,T019,U01,relay,R01
3352.4,T020,U02,direct,
3352.5,T008,U06,direct,
3352.6,T007,U08,relay,R01
3352.6,T021,U03,direct,
3352.9,T019,U01,relay,R01
3353.4,T020,U02,direct,
3353.5,T008,U06,direct,
3353.6,T007,U08,relay,R01
3353.6,T021,U03,direct,
3353.9,T019,U01,relay,R01
3354.4,T020,U02,direct,
3354.5,T008,U06,direct,
3354.6,T007,U08,relay,R01
3354.6,T021,U03,direct,
3354.9,T019,U01,relay,R01
3355.4,T020,U02,direct,
3355.5,T008,U06,direct,
3355.6,T007,U08,relay,R01
3355.6,T021,U03,direct,
3355.9,T019,U01,relay,R01
3356.4,T020,U02,direct,
3356.5,T008,U06,direct,
3356.6,T007,U08,relay,R01
3356.6,T021,U03,direct,
3356.9,T019,U01,relay,R01
3357.4,T020,U02,direct,
3357.5,T008,U06,direct,
3357.6,T007,U08,relay,R01
3357.6,T021,U03,direct,
3357.9,T019,U01,relay,R01
3358.4,T020,U02,direct,
3358.5,T008,U06,direct,
3358.6,T007,U08,relay,R01
3358.6,T021,U03,direct,
3358.9,T019,U01,relay,R01
3359.4,T020,U02,direct,
3359.5,T008,U06,direct,
3359.6,T007,U08,relay,R01
3359.6,T021,U03,direct,
3359.9,T019,U01,relay,R01
3360.4,T020,U02,direct,
3360.5,T008,U06,direct,
3360.6,T007,U08,relay,R01
3360.6,T021,U03,direct,
3360.9,T019,U01,relay,R01
3361.4,T020,U02,direct,
3361.5,T008,U06,direct,
3361.6,T007,U08,relay,R01
3361.6,T021,U03,direct,
3361.9,T019,U01,relay,R01
3362.4,T020,U02,direct,
3362.5,T008,U06,direct,
3362.6,T007,U08,relay,R01
3362.6,T021,U03,direct,
3362.9,T019,U01,relay,R01
3363.4,T020,U02,direct,
3363.5,T008,U06,direct,
3363.6,T007,U08,relay,R01
3363.6,T021,U03,direct,
3363.9,T019,U01,relay,R01
3364.4,T020,U02,direct,
3364.5,T008,U06,direct,
3364.6,T007,U08,relay,R01
3364.6,T021,U03,direct,
3364.9,T019,U01,relay,R01
3365.4,T020,U02,direct,
3365.5,T008,U06,direct,
3365.6,T007,U08,relay,R01
3365.6,T021,U03,direct,
3365.9,T019,U01,relay,R01
3366.4,T020,U02,direct,
3366.5,T008,U06,direct,
3366.6,T007,U08,relay,R01
3366.6,T021,U03,direct,
3366.9,T019,U01,relay,R01
3367.4,T020,U02,direct,
3367.5,T008,U06,direct,
3367.6,T007,U08,relay,R01
3367.6,T021,U03,direct,
3367.9,T019,U01,relay,R01
3368.4,T020,U02,direct,
3368.5,T008,U06,direct,
3368.6,T007,U08,relay,R01
3368.6,T021,U03,direct,
3368.9,T019,U01,relay,R01
3369.4,T020,U02,direct,
3369.5,T008,U06,direct,
3369.6,T007,U08,relay,R01
3369.6,T021,U03,direct,
3369.9,T019,U01,relay,R01
3370.4,T020,U02,direct,
3370.5,T008,U06,direct,
3370.6,T007,U08,relay,R01
3370.6,T021,U03,direct,
3370.9,T019,U01,relay,R01
3371.4,T020,U02,direct,
3371.5,T008,U06,direct,
3371.6,T007,U08,relay,R01
3371.6,T021,U03,direct,
3371.9,T019,U01,relay,R01
3372.5,T008,U06,direct,
3372.6,T007,U08,relay,R01
3372.6,T021,U03,direct,
3372.9,T019,U01,relay,R01
3373.5,T008,U06,direct,
3373.6,T007,U08,relay,R01
3373.6,T021,U03,direct,
3373.9,T019,U01,relay,R01
3374.5,T008,U06,direct,
3374.6,T007,U08,relay,R01
3374.6,T021,U03,direct,
3374.9,T019,U01,relay,R01
3375.5,T008,U06,direct,
3375.6,T007,U08,relay,R01
3375.6,T021,U03,direct,
3375.9,T019,U01,relay,R01
3376.5,T008,U06,direct,
3376.6,T007,U08,relay,R01
3376.6,T021,U03,direct,
3376.9,T019,U01,relay,R01
3377.5,T008,U06,direct,
3377.6,T007,U08,relay,R01
3377.6,T021,U03,direct,
3377.9,T019,U01,relay,R01
3378.5,T008,U06,direct,
3378.6,T007,U08,relay,R01
3378.6,T021,U03,direct,
3378.9,T019,U01,relay,R01
3379.5,T008,U06,direct,
3379.6,T007,U08,relay,R01
3379.6,T021,U03,direct,
3379.9,T019,U01,relay,R01
3380.5,T008,U06,direct,
3380.6,T007,U08,relay,R01
3380.6,T021,U03,direct,
3380.9,T019,U01,relay,R01
3381.5,T008,U06,direct,
3381.6,T007,U08,relay,R01
3381.6,T021,U03,direct,
3381.9,T019,U01,relay,R01
3382.5,T008,U06,direct,
3382.6,T007,U08,relay,R01
3382.6,T021,U03,direct,
3382.9,T019,U01,relay,R01
3383.5,T008,U06,direct,
3383.6,T007,U08,relay,R01
3383.6,T021,U03,direct,
3383.9,T019,U01,relay,R01
3384.5,T008,U06,direct,
3384.6,T007,U08,relay,R01
3384.6,T021,U03,direct,
3384.9,T019,U01,relay,R01
3385.5,T008,U06,direct,
3385.6,T007,U08,relay,R01
3385.6,T021,U03,direct,
3385.9,T019,U01,relay,R01
3386.5,T008,U06,direct,
3386.6,T007,U08,relay,R01
3386.6,T021,U03,direct,
3386.9,T019,U01,relay,R01
3387.5,T008,U06,direct,
3387.6,T007,U08,relay,R01
3387.6,T021,U03,direct,
3387.9,T019,U01,relay,R01
3388.5,T008,U06,direct,
3388.6,T007,U08,relay,R01
3388.6,T021,U03,direct,
3388.9,T019,U01,relay,R01
3389.5,T008,U06,direct,
3389.6,T007,U08,relay,R01
3389.6,T021,U03,direct,
3389.9,T019,U01,relay,R01
3390.5,T008,U06,direct,
3390.6,T007,U08,relay,R01
3390.6,T021,U03,direct,
3390.9,T019,U01,relay,R01
3391.5,T008,U06,direct,
3391.6,T007,U08,relay,R01
3391.6,T021,U03,direct,
3391.9,T019,U01,relay,R01
3392.5,T008,U06,direct,
3392.6,T007,U08,relay,R01
3392.6,T021,U03,direct,
3392.9,T019,U01,relay,R01
3393.5,T008,U06,direct,
3393.6,T007,U08,relay,R01
3393.6,T021,U03,direct,
3393.9,T019,U01,relay,R01
3394.5,T008,U06,direct,
3394.6,T007,U08,relay,R01
3394.6,T021,U03,direct,
3394.9,T019,U01,relay,R01
3395.5,T008,U06,direct,
3395.6,T007,U08,relay,R01
3395.6,T021,U03,direct,
3395.9,T019,U01,relay,R01
3396.5,T008,U06,direct,
3396.6,T007,U08,relay,R01
3396.6,T021,U03,direct,
3396.9,T019,U01,relay,R01
3397.5,T008,U06,direct,
3397.6,T007,U08,relay,R01
3397.6,T021,U03,direct,
3397.9,T019,U01,relay,R01
3398.5,T008,U06,direct,
3398.6,T007,U08,relay,R01
3398.6,T021,U03,direct,
3398.9,T019,U01,relay,R01
3399.5,T008,U06,direct,
3399.6,T007,U08,relay,R01
3399.6,T021,U03,direct,
3399.9,T019,U01,relay,R01
3400.5,T008,U06,direct,
3400.6,T007,U08,relay,R01
3400.6,T021,U03,direct,
3400.9,T019,U01,relay,R01
3401.5,T008,U06,direct,
3401.6,T007,U08,relay,R01
3401.6,T021,U03,direct,
3401.9,T019,U01,relay,R01
3402.5,T008,U06,direct,
3402.6,T007,U08,relay,R01
3402.6,T021,U03,direct,
3402.9,T019,U01,relay,R01
3403.5,T008,U06,direct,
3403.6,T007,U08,relay,R01
3403.6,T021,U03,direct,
3403.9,T019,U01,relay,R01
3404.5,T008,U06,direct,
3404.6,T007,U08,relay,R01
3404.6,T021,U03,direct,
3404.9,T019,U01,relay,R01
3405.5,T008,U06,direct,
3405.6,T007,U08,relay,R01
3405.6,T021,U03,direct,
3405.9,T019,U01,relay,R01
3406.5,T008,U06,direct,
3406.6,T007,U08,relay,R01
3406.6,T021,U03,direct,
3406.9,T019,U01,relay,R01
3407.5,T008,U06,direct,
3407.6,T007,U08,relay,R01
3407.6,T021,U03,direct,
3407.9,T019,U01,relay,R01
3408.5,T008,U06,direct,
3408.6,T007,U08,relay,R01
3408.6,T021,U03,direct,
3408.9,T019,U01,relay,R01
3409.5,T008,U06,direct,
3409.6,T007,U08,relay,R01
3409.6,T021,U03,direct,
3409.9,T019,U01,relay,R01
3410.5,T008,U06,direct,
3410.6,T007,U08,relay,R01
3410.6,T021,U03,direct,
3410.9,T019,U01,relay,R01
3411.5,T008,U06,direct,
3411.6,T007,U08,relay,R01
3411.6,T021,U03,direct,
3411.9,T019,U01,relay,R01
3412.5,T008,U06,direct,
3412.6,T007,U08,relay,R01
3412.6,T021,U03,direct,
3412.9,T019,U01,relay,R01
3413.5,T008,U06,direct,
3413.6,T007,U08,relay,R01
3413.6,T021,U03,direct,
3413.9,T019,U01,relay,R01
3414.5,T008,U06,direct,
3414.6,T007,U08,relay,R01
3414.6,T021,U03,direct,
3414.9,T019,U01,relay,R01
3415.5,T008,U06,direct,
3415.6,T007,U08,relay,R01
3415.6,T021,U03,direct,
3415.9,T019,U01,relay,R01
3416.5,T008,U06,direct,
3416.6,T007,U08,relay,R01
3416.6,T021,U03,direct,
3416.9,T019,U01,relay,R01
3417.5,T008,U06,direct,
3417.6,T007,U08,relay,R01
3417.6,T021,U03,direct,
3417.9,T019,U01,relay,R01
3418.5,T008,U06,direct,
3418.6,T007,U08,relay,R01
3418.6,T021,U03,direct,
3418.9,T019,U01,relay,R01
3419.5,T008,U06,direct,
3419.6,T007,U08,relay,R01
3419.6,T021,U03,direct,
3419.9,T019,U01,relay,R01
3420.5,T008,U06,direct,
3420.6,T007,U08,relay,R01
3420.6,T021,U03,direct,
3420.9,T019,U01,relay,R01
3421.5,T008,U06,direct,
3421.6,T007,U08,relay,R01
3421.6,T021,U03,direct,
3421.9,T019,U01,relay,R01
3422.5,T008,U06,direct,
3422.6,T007,U08,relay,R01
3422.6,T021,U03,direct,
3422.9,T019,U01,relay,R01
3423.5,T008,U06,direct,
3423.6,T007,U08,relay,R01
3423.6,T021,U03,direct,
3423.9,T019,U01,relay,R01
3424.5,T008,U06,direct,
3424.6,T007,U08,relay,R01
3424.6,T021,U03,direct,
3424.9,T019,U01,relay,R01
3425.5,T008,U06,direct,
3425.6,T007,U08,relay,R01
3425.6,T021,U03,direct,
3425.9,T019,U01,relay,R01
3426.5,T008,U06,direct,
3426.6,T007,U08,relay,R01
3426.6,T021,U03,direct,
3426.9,T019,U01,relay,R01
3427.5,T008,U06,direct,
3427.6,T007,U08,relay,R01
3427.6,T021,U03,direct,
3427.9,T019,U01,relay,R01
3428.5,T008,U06,direct,
3428.6,T007,U08,relay,R01
3428.6,T021,U03,direct,
3428.9,T019,U01,relay,R01
3429.5,T008,U06,direct,
3429.6,T007,U08,relay,R01
3429.6,T021,U03,direct,
3429.9,T019,U01,relay,R01
3430.5,T008,U06,direct,
3430.6,T007,U08,relay,R01
3430.6,T021,U03,direct,
3430.9,T019,U01,relay,R01
3431.5,T008,U06,direct,
3431.6,T007,U08,relay,R01
3431.6,T021,U03,direct,
3431.9,T019,U01,relay,R01
3432.5,T008,U06,direct,
3432.6,T007,U08,relay,R01
3432.6,T021,U03,direct,
3432.9,T019,U01,relay,R01
3433.6,T007,U08,relay,R01
3433.6,T021,U03,direct,
3433.9,T019,U01,relay,R01
3434.6,T007,U08,relay,R01
3434.6,T021,U03,direct,
3434.9,T019,U01,relay,R01
3435.6,T007,U08,relay,R01
3435.6,T021,U03,direct,
3435.9,T019,U01,relay,R01
3436.6,T007,U08,relay,R01
3436.6,T021,U03,direct,
3436.9,T019,U01,relay,R01
3437.6,T007,U08,relay,R01
3437.6,T021,U03,direct,
3437.9,T019,U01,relay,R01
3438.6,T007,U08,relay,R01
3438.6,T021,U03,direct,
3438.9,T019,U01,relay,R01
3439.6,T007,U08,relay,R01
3439.6,T021,U03,direct,
3439.9,T019,U01,relay,R01
3440.6,T007,U08,relay,R01
3440.6,T021,U03,direct,
3440.9,T019,U01,relay,R01
3441.6,T007,U08,relay,R01
3441.6,T021,U03,direct,
3441.9,T019,U01,relay,R01
3442.6,T007,U08,relay,R01
3442.6,T021,U03,direct,
3442.9,T019,U01,relay,R01
3443.6,T007,U08,relay,R01
3443.6,T021,U03,direct,
3443.9,T019,U01,relay,R01
3444.6,T007,U08,relay,R01
3444.6,T021,U03,direct,
3444.9,T019,U01,relay,R01
3445.6,T007,U08,relay,R01
3445.6,T021,U03,direct,
3445.9,T019,U01,relay,R01
3446.6,T007,U08,relay,R01
3446.6,T021,U03,direct,
3446.9,T019,U01,relay,R01
3447.6,T007,U08,relay,R01
3447.6,T021,U03,direct,
3447.9,T019,U01,relay,R01
3448.2,T014,U05,direct,
3448.6,T007,U08,relay,R01
3448.6,T021,U03,direct,
3448.9,T019,U01,relay,R01
3449.2,T014,U05,direct,
3449.6,T007,U08,relay,R01
3449.6,T021,U03,direct,
3449.9,T019,U01,relay,R01
3450.2,T014,U05,direct,
3450.6,T007,U08,relay,R01
3450.6,T021,U03,direct,
3450.9,T019,U01,relay,R01
3451.2,T014,U05,direct,
3451.6,T007,U08,relay,R01
3451.6,T021,U03,direct,
3451.9,T019,U01,relay,R01
3452.2,T014,U05,direct,
3452.6,T007,U08,relay,R01
3452.6,T021,U03,direct,
3452.9,T019,U01,relay,R01
3453.2,T014,U05,direct,
3453.6,T007,U08,relay,R01
3453.6,T021,U03,direct,
3453.9,T019,U01,relay,R01
3454.2,T014,U05,direct,
3454.6,T007,U08,relay,R01
3454.6,T021,U03,direct,
3454.9,T019,U01,relay,R01
3455.2,T014,U05,direct,
3455.6,T007,U08,relay,R01
3455.6,T021,U03,direct,
3455.9,T019,U01,relay,R01
3456.2,T014,U05,direct,
3456.6,T007,U08,relay,R01
3456.6,T021,U03,direct,
3456.9,T019,U01,relay,R01
3457.2,T014,U05,direct,
3457.6,T007,U08,relay,R01
3457.6,T021,U03,direct,
3457.9,T019,U01,relay,R01
3458.2,T014,U05,direct,
3458.6,T007,U08,relay,R01
3458.6,T021,U03,direct,
3458.9,T019,U01,relay,R01
3459.2,T014,U05,direct,
3459.6,T007,U08,relay,R01
3459.6,T021,U03,direct,
3459.9,T019,U01,relay,R01
3460.2,T014,U05,direct,
3460.6,T007,U08,relay,R01
3460.6,T021,U03,direct,
3460.9,T019,U01,relay,R01
3461.2,T014,U05,direct,
3461.6,T007,U08,relay,R01
3461.6,T021,U03,direct,
3461.9,T019,U01,relay,R01
3462.2,T014,U05,direct,
3462.6,T007,U08,relay,R01
3462.6,T021,U03,direct,
3462.9,T019,U01,relay,R01
3463.2,T014,U05,direct,
3463.6,T007,U08,relay,R01
3463.6,T021,U03,direct,
3463.9,T019,U01,relay,R01
3464.2,T014,U05,direct,
3464.6,T007,U08,relay,R01
3464.6,T021,U03,direct,
3464.9,T019,U01,relay,R01
3465.2,T014,U05,direct,
3465.6,T007,U08,relay,R01
3465.6,T021,U03,direct,
3465.9,T019,U01,relay,R01
3466.2,T014,U05,direct,
3466.6,T007,U08,relay,R01
3466.6,T021,U03,direct,
3466.9,T019,U01,relay,R01
3467.2,T014,U05,direct,
3467.6,T007,U08,relay,R01
3467.6,T021,U03,direct,
3467.9,T019,U01,relay,R01
3468.2,T014,U05,direct,
3468.6,T007,U08,relay,R01
3468.6,T021,U03,direct,
3468.9,T019,U01,relay,R01
3469.2,T014,U05,direct,
3469.6,T007,U08,relay,R01
3469.6,T021,U03,direct,
3469.9,T019,U01,relay,R01
3470.2,T014,U05,direct,
3470.6,T007,U08,relay,R01
3470.6,T021,U03,direct,
3470.9,T019,U01,relay,R01
3471.2,T014,U05,direct,
3471.6,T007,U08,relay,R01
3471.6,T021,U03,direct,
3471.9,T019,U01,relay,R01
3472.2,T014,U05,direct,
3472.6,T007,U08,relay,R01
3472.6,T021,U03,direct,
3472.9,T019,U01,relay,R01
3473.2,T014,U05,direct,
3473.4,T011,U07,direct,
3473.6,T007,U08,relay,R01
3473.6,T021,U03,direct,
3473.9,T019,U01,relay,R01
3474.2,T014,U05,direct,
3474.4,T011,U07,direct,
3474.6,T007,U08,relay,R01
3474.6,T021,U03,direct,
3474.9,T019,U01,relay,R01
3475.2,T014,U05,direct,
3475.4,T011,U07,direct,
3475.6,T007,U08,relay,R01
3475.6,T021,U03,direct,
3475.9,T019,U01,relay,R01
3476.2,T014,U05,direct,
3476.4,T011,U07,direct,
3476.6,T007,U08,relay,R01
3476.6,T021,U03,direct,
3476.9,T019,U01,relay,R01
3477.2,T014,U05,direct,
3477.4,T011,U07,direct,
3477.6,T007,U08,relay,R01
3477.6,T021,U03,direct,
3477.9,T019,U01,relay,R01
3478.2,T014,U05,direct,
3478.4,T011,U07,direct,
3478.6,T007,U08,relay,R01
3478.6,T021,U03,direct,
3478.9,T019,U01,relay,R01
3479.2,T014,U05,direct,
3479.4,T011,U07,direct,
3479.6,T007,U08,relay,R01
3479.6,T021,U03,direct,
3479.9,T019,U01,relay,R01
3480.2,T014,U05,direct,
3480.4,T011,U07,direct,
3480.6,T007,U08,relay,R01
3480.6,T021,U03,direct,
3480.9,T019,U01,relay,R01
3481.2,T014,U05,direct,
3481.4,T011,U07,direct,
3481.6,T007,U08,relay,R01
3481.6,T021,U03,direct,
3481.9,T019,U01,relay,R01
3482.2,T014,U05,direct,
3482.4,T011,U07,direct,
3482.6,T007,U08,relay,R01
3482.6,T021,U03,direct,
3482.9,T019,U01,relay,R01
3483.2,T014,U05,direct,
3483.4,T011,U07,direct,
3483.6,T007,U08,relay,R01
3483.6,T021,U03,direct,
3483.9,T019,U01,relay,R01
3484.2,T014,U05,direct,
3484.4,T011,U07,direct,
3484.6,T007,U08,relay,R01
3484.6,T021,U03,direct,
3484.9,T019,U01,relay,R01
3485.2,T014,U05,direct,
3485.4,T011,U07,direct,
3485.6,T007,U08,relay,R01
3485.6,T021,U03,direct,
3485.9,T019,U01,relay,R01
3486.2,T014,U05,direct,
3486.4,T011,U07,direct,
3486.6,T007,U08,relay,R01
3486.6,T021,U03,direct,
3486.9,T019,U01,relay,R01
3487.2,T014,U05,direct,
3487.4,T011,U07,direct,
3487.6,T007,U08,relay,R01
3487.6,T021,U03,direct,
3487.9,T019,U01,relay,R01
3488.2,T014,U05,direct,
3488.4,T011,U07,direct,
3488.6,T007,U08,relay,R01
3488.6,T021,U03,direct,
3488.9,T019,U01,relay,R01
3489.2,T014,U05,direct,
3489.4,T011,U07,direct,
3489.6,T007,U08,relay,R01
3489.6,T021,U03,direct,
3489.9,T019,U01,relay,R01
3490.2,T014,U05,direct,
3490.4,T011,U07,direct,
3490.6,T007,U08,relay,R01
3490.6,T021,U03,direct,
3490.9,T019,U01,relay,R01
3491.2,T014,U05,direct,
3491.4,T011,U07,direct,
3491.6,T007,U08,relay,R01
3491.6,T021,U03,direct,
3491.9,T019,U01,relay,R01
3492.2,T014,U05,direct,
3492.4,T011,U07,direct,
3492.6,T007,U08,relay,R01
3492.6,T021,U03,direct,
3492.9,T019,U01,relay,R01
3493.2,T014,U05,direct,
3493.4,T011,U07,direct,
3493.6,T007,U08,relay,R01
3493.6,T021,U03,direct,
3493.9,T019,U01,relay,R01
3494.2,T014,U05,direct,
3494.4,T011,U07,direct,
3494.6,T007,U08,relay,R01
3494.6,T021,U03,direct,
3494.9,T019,U01,relay,R01
3495.2,T014,U05,direct,
3495.4,T011,U07,direct,
3495.6,T007,U08,relay,R01
3495.6,T021,U03,direct,
3495.9,T019,U01,relay,R01
3496.2,T014,U05,direct,
3496.4,T011,U07,direct,
3496.6,T007,U08,relay,R01
3496.6,T021,U03,direct,
3496.9,T019,U01,relay,R01
3497.2,T014,U05,direct,
3497.4,T011,U07,direct,
3497.6,T007,U08,relay,R01
3497.6,T021,U03,direct,
3497.9,T019,U01,relay,R01
3498.2,T014,U05,direct,
3498.4,T011,U07,direct,
3498.6,T007,U08,relay,R01
3498.6,T021,U03,direct,
3498.9,T019,U01,relay,R01
3499.2,T014,U05,direct,
3499.4,T011,U07,direct,
3499.6,T007,U08,relay,R01
3499.6,T021,U03,direct,
3499.9,T019,U01,relay,R01
3500.2,T014,U05,direct,
3500.4,T011,U07,direct,
3500.6,T007,U08,relay,R01
3500.6,T021,U03,direct,
3500.9,T019,U01,relay,R01
3501.2,T014,U05,direct,
3501.4,T011,U07,direct,
3501.6,T007,U08,relay,R01
3501.6,T021,U03,direct,
3501.9,T019,U01,relay,R01
3502.2,T014,U05,direct,
3502.4,T011,U07,direct,
3502.6,T007,U08,relay,R01
3502.6,T021,U03,direct,
3502.9,T019,U01,relay,R01
3503.2,T014,U05,direct,
3503.4,T011,U07,direct,
3503.6,T007,U08,relay,R01
3503.6,T021,U03,direct,
3503.9,T019,U01,relay,R01
3504.2,T014,U05,direct,
3504.4,T011,U07,direct,
3504.6,T007,U08,relay,R01
3504.6,T021,U03,direct,
3504.9,T019,U01,relay,R01
3505.2,T014,U05,direct,
3505.4,T011,U07,direct,
3505.6,T007,U08,relay,R01
3505.6,T021,U03,direct,
3505.9,T019,U01,relay,R01
3506.2,T014,U05,direct,
3506.4,T011,U07,direct,
3506.6,T007,U08,relay,R01
3506.6,T021,U03,direct,
3506.9,T019,U01,relay,R01
3507.2,T014,U05,direct,
3507.4,T011,U07,direct,
3507.6,T007,U08,relay,R01
3507.6,T021,U03,direct,
3507.9,T019,U01,relay,R01
3508.2,T014,U05,direct,
3508.4,T011,U07,direct,
3508.6,T007,U08,relay,R01
3508.6,T021,U03,direct,
3508.9,T019,U01,relay,R01
3509.2,T014,U05,direct,
3509.4,T011,U07,direct,
3509.6,T007,U08,relay,R01
3509.6,T021,U03,direct,
3509.9,T019,U01,relay,R01
3510.2,T014,U05,direct,
3510.4,T011,U07,direct,
3510.6,T007,U08,relay,R01
3510.6,T021,U03,direct,
3510.9,T019,U01,relay,R01
3511.2,T014,U05,direct,
3511.4,T011,U07,direct,
3511.6,T007,U08,relay,R01
3511.6,T021,U03,direct,
3511.9,T019,U01,relay,R01
3512.2,T014,U05,direct,
3512.4,T011,U07,direct,
3512.6,T007,U08,relay,R01
3512.6,T021,U03,direct,
3512.9,T019,U01,relay,R01
3513.2,T014,U05,direct,
3513.4,T011,U07,direct,
3513.6,T007,U08,relay,R01
3513.6,T021,U03,direct,
3513.9,T019,U01,relay,R01
3514.2,T014,U05,direct,
3514.4,T011,U07,direct,
3514.6,T007,U08,relay,R01
3514.6,T021,U03,direct,
3514.9,T019,U01,relay,R01
3515.2,T014,U05,direct,
3515.4,T011,U07,direct,
3515.6,T007,U08,relay,R01
3515.6,T021,U03,direct,
3515.9,T019,U01,relay,R01
3516.2,T014,U05,direct,
3516.4,T011,U07,direct,
3516.6,T007,U08,relay,R01
3516.6,T021,U03,direct,
3516.9,T019,U01,relay,R01
3517.2,T014,U05,direct,
3517.4,T011,U07,direct,
3517.6,T007,U08,relay,R01
3517.6,T021,U03,direct,
3517.9,T019,U01,relay,R01
3518.2,T014,U05,direct,
3518.4,T011,U07,direct,
3518.6,T007,U08,relay,R01
3518.6,T021,U03,direct,
3518.9,T019,U01,relay,R01
3519.2,T014,U05,direct,
3519.4,T011,U07,direct,
3519.6,T007,U08,relay,R01
3519.6,T021,U03,direct,
3519.7,T023,U04,direct,
3519.9,T019,U01,relay,R01
3520.2,T014,U05,direct,
3520.4,T011,U07,direct,
3520.6,T007,U08,relay,R01
3520.6,T021,U03,direct,
3520.7,T023,U04,direct,
3520.9,T019,U01,relay,R01
3521.2,T014,U05,direct,
3521.4,T011,U07,direct,
3521.6,T007,U08,relay,R01
3521.6,T021,U03,direct,
3521.7,T023,U04,direct,
3521.9,T019,U01,relay,R01
3522.2,T014,U05,direct,
3522.4,T011,U07,direct,
3522.6,T007,U08,relay,R01
3522.6,T021,U03,direct,
3522.7,T023,U04,direct,
3522.9,T019,U01,relay,R01
3523.2,T014,U05,direct,
3523.4,T011,U07,direct,
3523.6,T007,U08,relay,R01
3523.6,T021,U03,direct,
3523.7,T023,U04,direct,
3523.9,T019,U01,relay,R01
3524.2,T014,U05,direct,
3524.4,T011,U07,direct,
3524.6,T007,U08,relay,R01
3524.6,T021,U03,direct,
3524.7,T023,U04,direct,
3524.9,T019,U01,relay,R01
3525.2,T014,U05,direct,
3525.4,T011,U07,direct,
3525.6,T007,U08,relay,R01
3525.6,T021,U03,direct,
3525.7,T023,U04,direct,
3525.9,T019,U01,relay,R01
3526.2,T014,U05,direct,
3526.4,T011,U07,direct,
3526.6,T007,U08,relay,R01
3526.6,T021,U03,direct,
3526.7,T023,U04,direct,
3526.9,T019,U01,relay,R01
3527.2,T014,U05,direct,
3527.4,T011,U07,direct,
3527.6,T007,U08,relay,R01
3527.6,T021,U03,direct,
3527.7,T023,U04,direct,
3527.9,T019,U01,relay,R01
3528.2,T014,U05,direct,
3528.4,T011,U07,direct,
3528.6,T007,U08,relay,R01
3528.6,T021,U03,direct,
3528.7,T023,U04,direct,
3528.9,T019,U01,relay,R01
3529.2,T014,U05,direct,
3529.4,T011,U07,direct,
3529.6,T007,U08,relay,R01
3529.6,T021,U03,direct,
3529.7,T023,U04,direct,
3529.9,T019,U01,relay,R01
3530.2,T014,U05,direct,
3530.4,T011,U07,direct,
3530.6,T007,U08,relay,R01
3530.6,T021,U03,direct,
3530.7,T023,U04,direct,
3530.9,T019,U01,relay,R01
3531.2,T014,U05,direct,
3531.4,T011,U07,direct,
3531.6,T007,U08,relay,R01
3531.6,T021,U03,direct,
3531.7,T023,U04,direct,
3531.9,T019,U01,relay,R01
3532.2,T014,U05,direct,
3532.4,T011,U07,direct,
3532.6,T007,U08,relay,R01
3532.6,T021,U03,direct,
3532.7,T023,U04,direct,
3532.9,T019,U01,relay,R01
3533.2,T014,U05,direct,
3533.4,T011,U07,direct,
3533.6,T007,U08,relay,R01
3533.6,T021,U03,direct,
3533.7,T023,U04,direct,
3533.9,T019,U01,relay,R01
3534.2,T014,U05,direct,
3534.4,T011,U07,direct,
3534.6,T007,U08,relay,R01
3534.6,T021,U03,direct,
3534.7,T023,U04,direct,
3534.9,T019,U01,relay,R01
3535.2,T014,U05,direct,
3535.4,T011,U07,direct,
3535.6,T007,U08,relay,R01
3535.6,T021,U03,direct,
3535.7,T023,U04,direct,
3535.9,T019,U01,relay,R01
3536.2,T014,U05,direct,
3536.4,T011,U07,direct,
3536.6,T007,U08,relay,R01
3536.6,T021,U03,direct,
3536.7,T023,U04,direct,
3536.9,T019,U01,relay,R01
3537.2,T014,U05,direct,
3537.4,T011,U07,direct,
3537.6,T007,U08,relay,R01
3537.6,T021,U03,direct,
3537.7,T023,U04,direct,
3537.9,T019,U01,relay,R01
3538.2,T014,U05,direct,
3538.4,T011,U07,direct,
3538.6,T007,U08,relay,R01
3538.6,T021,U03,direct,
3538.7,T023,U04,direct,
3538.9,T019,U01,relay,R01
3539.2,T014,U05,direct,
3539.4,T011,U07,direct,
3539.6,T007,U08,relay,R01
3539.6,T021,U03,direct,
3539.7,T023,U04,direct,
3539.9,T019,U01,relay,R01
3540.2,T014,U05,direct,
3540.4,T011,U07,direct,
3540.6,T007,U08,relay,R01
3540.6,T021,U03,direct,
3540.7,T023,U04,direct,
3540.9,T019,U01,relay,R01
3541.2,T014,U05,direct,
3541.4,T011,U07,direct,
3541.6,T007,U08,relay,R01
3541.6,T021,U03,direct,
3541.7,T023,U04,direct,
3541.9,T019,U01,relay,R01
3542.2,T014,U05,direct,
3542.4,T011,U07,direct,
3542.6,T007,U08,relay,R01
3542.6,T021,U03,direct,
3542.7,T023,U04,direct,
3542.9,T019,U01,relay,R01
3543.2,T014,U05,direct,
3543.4,T011,U07,direct,
3543.6,T007,U08,relay,R01
3543.6,T021,U03,direct,
3543.7,T023,U04,direct,
3543.9,T019,U01,relay,R01
3544.2,T014,U05,direct,
3544.4,T011,U07,direct,
3544.6,T007,U08,relay,R01
3544.6,T021,U03,direct,
3544.7,T023,U04,direct,
3544.9,T019,U01,relay,R01
3545.2,T014,U05,direct,
3545.4,T011,U07,direct,
3545.6,T007,U08,relay,R01
3545.6,T021,U03,direct,
3545.7,T023,U04,direct,
3545.9,T019,U01,relay,R01
3546.2,T014,U05,direct,
3546.4,T011,U07,direct,
3546.6,T007,U08,relay,R01
3546.6,T021,U03,direct,
3546.7,T023,U04,direct,
3546.9,T019,U01,relay,R01
3547.2,T014,U05,direct,
3547.4,T011,U07,direct,
3547.6,T007,U08,relay,R01
3547.6,T021,U03,direct,
3547.7,T023,U04,direct,
3547.9,T019,U01,relay,R01
3548.2,T014,U05,direct,
3548.4,T011,U07,direct,
3548.6,T007,U08,relay,R01
3548.6,T021,U03,direct,
3548.7,T023,U04,direct,
3548.9,T019,U01,relay,R01
3549.2,T014,U05,direct,
3549.4,T011,U07,direct,
3549.6,T007,U08,relay,R01
3549.6,T021,U03,direct,
3549.7,T023,U04,direct,
3549.9,T019,U01,relay,R01
3550.2,T014,U05,direct,
3550.4,T011,U07,direct,
3550.6,T007,U08,relay,R01
3550.6,T021,U03,direct,
3550.7,T023,U04,direct,
3550.9,T019,U01,relay,R01
3551.2,T014,U05,direct,
3551.4,T011,U07,direct,
3551.6,T007,U08,relay,R01
3551.6,T021,U03,direct,
3551.7,T023,U04,direct,
3551.9,T019,U01,relay,R01
3552.2,T014,U05,direct,
3552.4,T011,U07,direct,
3552.6,T007,U08,relay,R01
3552.6,T021,U03,direct,
3552.7,T023,U04,direct,
3552.9,T019,U01,relay,R01
3553.2,T014,U05,direct,
3553.4,T011,U07,direct,
3553.6,T007,U08,relay,R01
3553.6,T021,U03,direct,
3553.7,T023,U04,direct,
3553.9,T019,U01,relay,R01
3554.2,T014,U05,direct,
3554.4,T011,U07,direct,
3554.6,T007,U08,relay,R01
3554.6,T021,U03,direct,
3554.7,T023,U04,direct,
3554.9,T019,U01,relay,R01
3555.2,T014,U05,direct,
3555.4,T011,U07,direct,
3555.6,T007,U08,relay,R01
3555.6,T021,U03,direct,
3555.7,T023,U04,direct,
3555.9,T019,U01,relay,R01
3556.2,T014,U05,direct,
3556.4,T011,U07,direct,
3556.6,T007,U08,relay,R01
3556.6,T021,U03,direct,
3556.7,T023,U04,direct,
3556.9,T019,U01,relay,R01
3557.2,T014,U05,direct,
3557.4,T011,U07,direct,
3557.6,T007,U08,relay,R01
3557.6,T021,U03,direct,
3557.7,T023,U04,direct,
3557.9,T019,U01,relay,R01
3558.2,T014,U05,direct,
3558.4,T011,U07,direct,
3558.6,T007,U08,relay,R01
3558.6,T021,U03,direct,
3558.7,T023,U04,direct,
3558.9,T019,U01,relay,R01
3559.2,T014,U05,direct,
3559.4,T011,U07,direct,
3559.6,T007,U08,relay,R01
3559.6,T021,U03,direct,
3559.7,T023,U04,direct,
3559.9,T019,U01,relay,R01
3560.2,T014,U05,direct,
3560.4,T011,U07,direct,
3560.6,T007,U08,relay,R01
3560.6,T021,U03,direct,
3560.7,T023,U04,direct,
3560.9,T019,U01,relay,R01
3561.2,T014,U05,direct,
3561.4,T011,U07,direct,
3561.6,T007,U08,relay,R01
3561.6,T021,U03,direct,
3561.7,T023,U04,direct,
3561.9,T019,U01,relay,R01
3562.2,T014,U05,direct,
3562.4,T011,U07,direct,
3562.6,T007,U08,relay,R01
3562.6,T021,U03,direct,
3562.7,T023,U04,direct,
3562.9,T019,U01,relay,R01
3563.2,T014,U05,direct,
3563.4,T011,U07,direct,
3563.6,T007,U08,relay,R02
3563.6,T021,U03,direct,
3563.7,T023,U04,direct,
3563.9,T019,U01,relay,R01
3564.2,T014,U05,direct,
3564.4,T011,U07,direct,
3564.6,T007,U08,relay,R02
3564.6,T021,U03,direct,
3564.7,T023,U04,direct,
3564.9,T019,U01,relay,R01
3565.2,T014,U05,direct,
3565.4,T011,U07,direct,
3565.6,T007,U08,relay,R02
3565.6,T021,U03,direct,
3565.7,T023,U04,direct,
3565.9,T019,U01,relay,R01
3566.2,T014,U05,direct,
3566.4,T011,U07,direct,
3566.6,T007,U08,relay,R02
3566.6,T021,U03,direct,
3566.7,T023,U04,direct,
3566.9,T019,U01,relay,R01
3567.2,T014,U05,direct,
3567.4,T011,U07,direct,
3567.6,T007,U08,relay,R02
3567.6,T021,U03,direct,
3567.7,T023,U04,direct,
3567.9,T019,U01,relay,R01
3568.2,T014,U05,direct,
3568.4,T011,U07,direct,
3568.6,T007,U08,relay,R02
3568.6,T021,U03,direct,
3568.7,T023,U04,direct,
3568.9,T019,U01,relay,R01
3569.2,T014,U05,direct,
3569.4,T011,U07,direct,
3569.6,T007,U08,relay,R02
3569.6,T021,U03,direct,
3569.7,T023,U04,direct,
3569.9,T019,U01,relay,R01
3570.2,T014,U05,direct,
3570.4,T011,U07,direct,
3570.6,T007,U08,relay,R02
3570.6,T021,U03,direct,
3570.7,T023,U04,direct,
3570.9,T019,U01,relay,R01
3571.2,T014,U05,direct,
3571.4,T011,U07,direct,
3571.6,T007,U08,relay,R02
3571.6,T021,U03,direct,
3571.7,T023,U04,direct,
3571.9,T019,U01,relay,R01
3572.2,T014,U05,direct,
3572.4,T011,U07,direct,
3572.6,T007,U08,relay,R02
3572.6,T021,U03,direct,
3572.7,T023,U04,direct,
3572.9,T019,U01,relay,R01
3573.2,T014,U05,direct,
3573.4,T011,U07,direct,
3573.6,T007,U08,relay,R02
3573.6,T021,U03,direct,
3573.7,T023,U04,direct,
3573.9,T019,U01,relay,R01
3574.2,T014,U05,direct,
3574.4,T011,U07,direct,
3574.6,T007,U08,relay,R02
3574.6,T021,U03,direct,
3574.7,T023,U04,direct,
3574.9,T019,U01,relay,R01
3575.2,T014,U05,direct,
3575.4,T011,U07,direct,
3575.6,T007,U08,relay,R02
3575.6,T021,U03,direct,
3575.7,T023,U04,direct,
3575.9,T019,U01,relay,R01
3576.2,T014,U05,direct,
3576.4,T011,U07,direct,
3576.6,T007,U08,relay,R02
3576.6,T021,U03,direct,
3576.7,T023,U04,direct,
3576.9,T019,U01,relay,R01
3577.2,T014,U05,direct,
3577.4,T011,U07,direct,
3577.6,T007,U08,relay,R02
3577.6,T021,U03,direct,
3577.7,T023,U04,direct,
3577.9,T019,U01,relay,R01
3578.2,T014,U05,direct,
3578.4,T011,U07,direct,
3578.6,T007,U08,relay,R02
3578.6,T021,U03,direct,
3578.7,T023,U04,direct,
3578.9,T019,U01,relay,R01
3579.2,T014,U05,direct,
3579.4,T011,U07,direct,
3579.6,T007,U08,relay,R02
3579.6,T021,U03,direct,
3579.7,T023,U04,direct,
3579.9,T019,U01,relay,R01
3580.2,T014,U05,direct,
3580.4,T011,U07,direct,
3580.6,T007,U08,relay,R02
3580.6,T021,U03,direct,
3580.7,T023,U04,direct,
3580.9,T019,U01,relay,R01
3581.2,T014,U05,direct,
3581.4,T011,U07,direct,
3581.6,T007,U08,relay,R02
3581.6,T021,U03,direct,
3581.7,T023,U04,direct,
3581.9,T019,U01,relay,R01
3582.2,T014,U05,direct,
3582.4,T011,U07,direct,
3582.6,T007,U08,relay,R02
3582.6,T021,U03,direct,
3582.7,T023,U04,direct,
3582.9,T019,U01,relay,R01
3583.2,T014,U05,direct,
3583.4,T011,U07,direct,
3583.6,T007,U08,relay,R02
3583.6,T021,U03,direct,
3583.7,T023,U04,direct,
3583.9,T019,U01,relay,R01
3584.2,T014,U05,direct,
3584.4,T011,U07,direct,
3584.6,T007,U08,relay,R02
3584.6,T021,U03,direct,
3584.7,T023,U04,direct,
3584.9,T019,U01,relay,R01
3585.2,T014,U05,direct,
3585.4,T011,U07,direct,
3585.6,T007,U08,relay,R02
3585.6,T021,U03,direct,
3585.7,T023,U04,direct,
3585.9,T019,U01,relay,R01
3586.2,T014,U05,direct,
3586.4,T011,U07,direct,
3586.6,T007,U08,relay,R02
3586.6,T021,U03,direct,
3586.7,T023,U04,direct,
3586.9,T019,U01,relay,R01
3587.2,T014,U05,direct,
3587.4,T011,U07,direct,
3587.6,T007,U08,relay,R02
3587.6,T021,U03,direct,
3587.7,T023,U04,direct,
3587.9,T019,U01,relay,R01
3588.2,T014,U05,direct,
3588.4,T011,U07,direct,
3588.6,T007,U08,relay,R02
3588.6,T021,U03,direct,
3588.7,T023,U04,direct,
3588.9,T019,U01,relay,R01
3589.2,T014,U05,direct,
3589.4,T011,U07,direct,
3589.6,T007,U08,relay,R02
3589.6,T021,U03,direct,
3589.7,T023,U04,direct,
3589.9,T019,U01,relay,R01
3590.2,T014,U05,direct,
3590.4,T011,U07,direct,
3590.6,T007,U08,relay,R02
3590.6,T021,U03,direct,
3590.7,T023,U04,direct,
3590.9,T019,U01,relay,R01
3591.2,T014,U05,direct,
3591.4,T011,U07,direct,
3591.6,T007,U08,relay,R02
3591.6,T021,U03,direct,
3591.7,T023,U04,direct,
3591.9,T019,U01,relay,R01
3592.2,T014,U05,direct,
3592.4,T011,U07,direct,
3592.6,T007,U08,relay,R02
3592.6,T021,U03,direct,
3592.7,T023,U04,direct,
3592.9,T019,U01,relay,R01
3593.2,T014,U05,direct,
3593.4,T011,U07,direct,
3593.6,T007,U08,relay,R02
3593.6,T021,U03,direct,
3593.7,T023,U04,direct,
3593.9,T019,U01,relay,R01
3594.2,T014,U05,direct,
3594.4,T011,U07,direct,
3594.6,T007,U08,relay,R02
3594.6,T021,U03,direct,
3594.7,T023,U04,direct,
3594.9,T019,U01,relay,R01
3595.2,T014,U05,direct,
3595.4,T011,U07,direct,
3595.6,T007,U08,relay,R02
3595.6,T021,U03,direct,
3595.7,T023,U04,direct,
3595.9,T019,U01,relay,R01
3596.2,T014,U05,direct,
3596.4,T011,U07,direct,
3596.6,T007,U08,relay,R02
3596.6,T021,U03,direct,
3596.7,T023,U04,direct,
3596.9,T019,U01,relay,R01
3597.2,T014,U05,direct,
3597.4,T011,U07,direct,
3597.6,T007,U08,relay,R02
3597.6,T021,U03,direct,
3597.7,T023,U04,direct,
3597.9,T019,U01,relay,R01
3598.2,T014,U05,direct,
3598.4,T011,U07,direct,
3598.6,T007,U08,relay,R02
3598.6,T021,U03,direct,
3598.7,T023,U04,direct,
3598.9,T019,U01,relay,R01
3599.2,T014,U05,direct,
3599.4,T011,U07,direct,
3599.6,T007,U08,relay,R02
3599.6,T021,U03,direct,
3599.7,T023,U04,direct,
3599.9,T019,U01,relay,R01
3600.2,T014,U05,direct,
3600.4,T011,U07,direct,
3600.6,T007,U08,relay,R02
3600.6,T021,U03,direct,
3600.7,T023,U04,direct,
3600.9,T019,U01,relay,R01
3601.2,T014,U05,direct,
3601.4,T011,U07,direct,
3601.6,T007,U08,relay,R02
3601.6,T021,U03,direct,
3601.7,T023,U04,direct,
3601.9,T019,U01,relay,R01
3602.2,T014,U05,direct,
3602.4,T011,U07,direct,
3602.6,T007,U08,relay,R02
3602.6,T021,U03,direct,
3602.7,T023,U04,direct,
3602.9,T019,U01,relay,R01
3603.2,T014,U05,direct,
3603.4,T011,U07,direct,
3603.6,T007,U08,relay,R02
3603.6,T021,U03,direct,
3603.7,T023,U04,direct,
3603.9,T019,U01,relay,R01
3604.2,T014,U05,direct,
3604.4,T011,U07,direct,
3604.6,T007,U08,relay,R02
3604.6,T021,U03,direct,
3604.7,T023,U04,direct,
3604.9,T019,U01,relay,R01
3605.2,T014,U05,direct,
3605.4,T011,U07,direct,
3605.6,T007,U08,relay,R02
3605.6,T021,U03,direct,
3605.7,T023,U04,direct,
3605.9,T019,U01,relay,R01
3606.2,T014,U05,direct,
3606.4,T011,U07,direct,
3606.6,T007,U08,relay,R02
3606.6,T021,U03,direct,
3606.7,T023,U04,direct,
3606.9,T019,U01,relay,R01
3607.2,T014,U05,direct,
3607.4,T011,U07,direct,
3607.6,T007,U08,relay,R02
3607.6,T021,U03,direct,
3607.7,T023,U04,direct,
3607.9,T019,U01,relay,R01
3608.2,T014,U05,direct,
3608.4,T011,U07,direct,
3608.6,T007,U08,relay,R02
3608.6,T021,U03,direct,
3608.7,T023,U04,direct,
3608.9,T019,U01,relay,R01
3609.2,T014,U05,direct,
3609.4,T011,U07,direct,
3609.6,T007,U08,relay,R02
3609.6,T021,U03,direct,
3609.7,T023,U04,direct,
3609.9,T019,U01,relay,R01
3610.2,T014,U05,direct,
3610.4,T011,U07,direct,
3610.6,T007,U08,relay,R02
3610.6,T021,U03,direct,
3610.7,T023,U04,direct,
3610.9,T019,U01,relay,R01
3611.2,T014,U05,direct,
3611.4,T011,U07,direct,
3611.6,T007,U08,relay,R02
3611.6,T021,U03,direct,
3611.7,T023,U04,direct,
3611.9,T019,U01,relay,R01
3612.2,T014,U05,direct,
3612.4,T011,U07,direct,
3612.6,T007,U08,relay,R02
3612.6,T021,U03,direct,
3612.7,T023,U04,direct,
3612.9,T019,U01,relay,R01
3613.2,T014,U05,direct,
3613.4,T011,U07,direct,
3613.6,T007,U08,relay,R02
3613.6,T021,U03,direct,
3613.7,T023,U04,direct,
3613.9,T019,U01,relay,R01
3614.2,T014,U05,direct,
3614.4,T011,U07,direct,
3614.6,T007,U08,relay,R02
3614.6,T021,U03,direct,
3614.7,T023,U04,direct,
3614.9,T019,U01,relay,R01
3615.2,T014,U05,direct,
3615.4,T011,U07,direct,
3615.6,T007,U08,relay,R02
3615.6,T021,U03,direct,
3615.7,T023,U04,direct,
3615.9,T019,U01,relay,R01
3616.2,T014,U05,direct,
3616.4,T011,U07,direct,
3616.6,T007,U08,relay,R02
3616.6,T021,U03,direct,
3616.7,T023,U04,direct,
3616.9,T019,U01,relay,R01
3617.2,T014,U05,direct,
3617.4,T011,U07,direct,
3617.6,T007,U08,relay,R02
3617.6,T021,U03,direct,
3617.7,T023,U04,direct,
3617.9,T019,U01,relay,R01
3618.2,T014,U05,direct,
3618.4,T011,U07,direct,
3618.6,T007,U08,relay,R02
3618.6,T021,U03,direct,
3618.7,T023,U04,direct,
3618.9,T019,U01,relay,R01
3619.2,T014,U05,direct,
3619.4,T011,U07,direct,
3619.6,T007,U08,relay,R02
3619.6,T021,U03,direct,
3619.7,T023,U04,direct,
3619.9,T019,U01,relay,R01
3620.2,T014,U05,direct,
3620.4,T011,U07,direct,
3620.6,T007,U08,relay,R02
3620.6,T021,U03,direct,
3620.7,T023,U04,direct,
3620.9,T019,U01,relay,R01
3621.2,T014,U05,direct,
3621.4,T011,U07,direct,
3621.6,T007,U08,relay,R02
3621.6,T021,U03,direct,
3621.7,T023,U04,direct,
3621.9,T019,U01,relay,R01
3622.2,T014,U05,direct,
3622.4,T011,U07,direct,
3622.6,T007,U08,relay,R02
3622.6,T021,U03,direct,
3622.7,T023,U04,direct,
3622.9,T019,U01,relay,R01
3623.2,T014,U05,direct,
3623.4,T011,U07,direct,
3623.6,T007,U08,relay,R02
3623.6,T021,U03,direct,
3623.7,T023,U04,direct,
3623.9,T019,U01,relay,R01
3624.2,T014,U05,direct,
3624.4,T011,U07,direct,
3624.6,T007,U08,relay,R02
3624.6,T021,U03,direct,
3624.7,T023,U04,direct,
3624.9,T019,U01,relay,R01
3625.2,T014,U05,direct,
3625.4,T011,U07,direct,
3625.6,T007,U08,relay,R02
3625.6,T021,U03,direct,
3625.7,T023,U04,direct,
3625.9,T019,U01,relay,R01
3626.2,T014,U05,direct,
3626.4,T011,U07,direct,
3626.6,T007,U08,relay,R02
3626.6,T021,U03,direct,
3626.7,T023,U04,direct,
3626.9,T019,U01,relay,R01
3627.2,T014,U05,direct,
3627.4,T011,U07,direct,
3627.6,T007,U08,relay,R02
3627.6,T021,U03,direct,
3627.7,T023,U04,direct,
3627.9,T019,U01,relay,R01
3628.2,T014,U05,direct,
3628.4,T011,U07,direct,
3628.6,T007,U08,relay,R02
3628.6,T021,U03,direct,
3628.7,T023,U04,direct,
3628.9,T019,U01,relay,R01
3629.2,T014,U05,direct,
3629.4,T011,U07,direct,
3629.6,T007,U08,relay,R02
3629.6,T021,U03,direct,
3629.7,T023,U04,direct,
3629.9,T019,U01,relay,R01
3630.2,T014,U05,direct,
3630.4,T011,U07,direct,
3630.6,T007,U08,relay,R02
3630.6,T021,U03,direct,
3630.7,T023,U04,direct,
3630.9,T019,U01,relay,R01
3631.2,T014,U05,direct,
3631.4,T011,U07,direct,
3631.6,T007,U08,relay,R02
3631.6,T021,U03,direct,
3631.7,T023,U04,direct,
3631.9,T019,U01,relay,R01
3632.2,T014,U05,direct,
3632.4,T011,U07,direct,
3632.6,T007,U08,relay,R02
3632.6,T021,U03,direct,
3632.7,T023,U04,direct,
3632.9,T019,U01,relay,R01
3633.2,T014,U05,direct,
3633.4,T011,U07,direct,
3633.6,T007,U08,relay,R02
3633.6,T021,U03,direct,
3633.7,T023,U04,direct,
3633.9,T019,U01,relay,R01
3634.2,T014,U05,direct,
3634.4,T011,U07,direct,
3634.6,T007,U08,relay,R02
3634.6,T021,U03,direct,
3634.7,T023,U04,direct,
3634.9,T019,U01,relay,R01
3635.2,T014,U05,direct,
3635.4,T011,U07,direct,
3635.6,T007,U08,relay,R02
3635.6,T021,U03,direct,
3635.7,T023,U04,direct,
3635.9,T019,U01,relay,R01
3636.2,T014,U05,direct,
3636.4,T011,U07,direct,
3636.6,T007,U08,relay,R02
3636.6,T021,U03,direct,
3636.7,T023,U04,direct,
3636.9,T019,U01,relay,R01
3637.2,T014,U05,direct,
3637.4,T011,U07,direct,
3637.6,T007,U08,relay,R02
3637.6,T021,U03,direct,
3637.7,T023,U04,direct,
3637.9,T019,U01,relay,R01
3638.2,T014,U05,direct,
3638.4,T011,U07,direct,
3638.6,T007,U08,relay,R02
3638.6,T021,U03,direct,
3638.7,T023,U04,direct,
3638.9,T019,U01,relay,R01
3639.2,T014,U05,direct,
3639.4,T011,U07,direct,
3639.6,T007,U08,relay,R02
3639.6,T021,U03,direct,
3639.7,T023,U04,direct,
3639.9,T019,U01,relay,R01
3640.2,T014,U05,direct,
3640.4,T011,U07,direct,
3640.6,T007,U08,relay,R02
3640.6,T021,U03,direct,
3640.7,T023,U04,direct,
3640.9,T019,U01,relay,R01
3641.2,T014,U05,direct,
3641.4,T011,U07,direct,
3641.6,T007,U08,relay,R02
3641.6,T021,U03,direct,
3641.7,T023,U04,direct,
3641.9,T019,U01,relay,R01
3642.2,T014,U05,direct,
3642.4,T011,U07,direct,
3642.6,T007,U08,relay,R02
3642.6,T021,U03,direct,
3642.7,T023,U04,direct,
3642.9,T019,U01,relay,R01
3643.2,T014,U05,direct,
3643.4,T011,U07,direct,
3643.6,T007,U08,relay,R02
3643.6,T021,U03,direct,
3643.7,T023,U04,direct,
3643.9,T019,U01,relay,R01
3644.2,T014,U05,direct,
3644.4,T011,U07,direct,
3644.6,T007,U08,relay,R02
3644.6,T021,U03,direct,
3644.7,T023,U04,direct,
3644.9,T019,U01,relay,R01
3645.2,T014,U05,direct,
3645.4,T011,U07,direct,
3645.6,T007,U08,relay,R02
3645.6,T021,U03,direct,
3645.7,T023,U04,direct,
3645.9,T019,U01,relay,R01
3646.2,T014,U05,direct,
3646.4,T011,U07,direct,
3646.6,T007,U08,relay,R02
3646.6,T021,U03,direct,
3646.7,T023,U04,direct,
3646.9,T019,U01,relay,R01
3647.2,T014,U05,direct,
3647.4,T011,U07,direct,
3647.6,T007,U08,relay,R02
3647.6,T021,U03,direct,
3647.7,T023,U04,direct,
3647.9,T019,U01,relay,R01
3648.2,T014,U05,direct,
3648.4,T011,U07,direct,
3648.6,T007,U08,relay,R02
3648.6,T021,U03,direct,
3648.7,T023,U04,direct,
3648.9,T019,U01,relay,R01
3649.2,T014,U05,direct,
3649.4,T011,U07,direct,
3649.6,T007,U08,relay,R02
3649.6,T021,U03,direct,
3649.7,T023,U04,direct,
3649.9,T019,U01,relay,R01
3650.2,T014,U05,direct,
3650.4,T011,U07,direct,
3650.6,T007,U08,relay,R02
3650.6,T021,U03,direct,
3650.7,T023,U04,direct,
3650.9,T019,U01,relay,R01
3651.2,T014,U05,direct,
3651.4,T011,U07,direct,
3651.6,T007,U08,relay,R02
3651.6,T021,U03,direct,
3651.7,T023,U04,direct,
3651.9,T019,U01,relay,R01
3652.2,T014,U05,direct,
3652.4,T011,U07,direct,
3652.6,T007,U08,relay,R02
3652.6,T021,U03,direct,
3652.7,T023,U04,direct,
3652.9,T019,U01,relay,R01
3653.2,T014,U05,direct,
3653.4,T011,U07,direct,
3653.6,T007,U08,relay,R02
3653.6,T021,U03,direct,
3653.7,T023,U04,direct,
3653.9,T019,U01,relay,R01
3654.2,T014,U05,direct,
3654.4,T011,U07,direct,
3654.6,T007,U08,relay,R02
3654.6,T021,U03,direct,
3654.7,T023,U04,direct,
3654.9,T019,U01,relay,R01
3655.2,T014,U05,direct,
3655.4,T011,U07,direct,
3655.6,T007,U08,relay,R02
3655.6,T021,U03,direct,
3655.7,T023,U04,direct,
3655.9,T019,U01,relay,R01
3656.2,T014,U05,direct,
3656.4,T011,U07,direct,
3656.6,T007,U08,relay,R02
3656.6,T021,U03,direct,
3656.7,T023,U04,direct,
3656.9,T019,U01,relay,R01
3657.2,T014,U05,direct,
3657.4,T011,U07,direct,
3657.6,T007,U08,relay,R02
3657.6,T021,U03,direct,
3657.7,T023,U04,direct,
3657.9,T019,U01,relay,R01
3658.2,T014,U05,direct,
3658.4,T011,U07,direct,
3658.6,T007,U08,relay,R02
3658.6,T021,U03,direct,
3658.7,T023,U04,direct,
3658.9,T019,U01,relay,R01
3659.2,T014,U05,direct,
3659.4,T011,U07,direct,
3659.6,T007,U08,relay,R02
3659.6,T021,U03,direct,
3659.7,T023,U04,direct,
3659.9,T019,U01,relay,R01
3660.2,T014,U05,direct,
3660.4,T011,U07,direct,
3660.6,T007,U08,relay,R02
3660.6,T021,U03,direct,
3660.7,T023,U04,direct,
3660.9,T019,U01,relay,R01
3661.2,T014,U05,direct,
3661.4,T011,U07,direct,
3661.6,T007,U08,direct,
3661.6,T021,U03,direct,
3661.7,T023,U04,direct,
3661.9,T019,U01,relay,R01
3662.2,T014,U05,direct,
3662.4,T011,U07,direct,
3662.6,T007,U08,direct,
3662.6,T021,U03,direct,
3662.7,T023,U04,direct,
3662.9,T019,U01,relay,R01
3663.2,T014,U05,direct,
3663.4,T011,U07,direct,
3663.6,T007,U08,direct,
3663.6,T021,U03,direct,
3663.7,T023,U04,direct,
3663.9,T019,U01,relay,R01
3664.2,T014,U05,direct,
3664.4,T011,U07,direct,
3664.6,T007,U08,direct,
3664.6,T021,U03,direct,
3664.7,T023,U04,direct,
3664.9,T019,U01,relay,R01
3665.2,T014,U05,direct,
3665.4,T011,U07,direct,
3665.6,T007,U08,direct,
3665.6,T021,U03,direct,
3665.7,T023,U04,direct,
3665.9,T019,U01,relay,R01
3666.2,T014,U05,direct,
3666.4,T011,U07,direct,
3666.6,T007,U08,direct,
3666.6,T021,U03,direct,
3666.7,T023,U04,direct,
3666.9,T019,U01,relay,R01
3667.2,T014,U05,direct,
3667.4,T011,U07,direct,
3667.6,T007,U08,direct,
3667.6,T021,U03,direct,
3667.7,T023,U04,direct,
3667.9,T019,U01,relay,R01
3668.2,T014,U05,direct,
3668.4,T011,U07,direct,
3668.6,T007,U08,direct,
3668.6,T021,U03,direct,
3668.7,T023,U04,direct,
3668.9,T019,U01,relay,R01
3669.2,T014,U05,direct,
3669.4,T011,U07,direct,
3669.6,T007,U08,direct,
3669.6,T021,U03,direct,
3669.7,T023,U04,direct,
3669.9,T019,U01,relay,R01
3670.2,T014,U05,direct,
3670.4,T011,U07,direct,
3670.6,T007,U08,direct,
3670.6,T021,U03,direct,
3670.7,T023,U04,direct,
3670.9,T019,U01,relay,R01
3671.2,T014,U05,direct,
3671.4,T011,U07,direct,
3671.6,T007,U08,direct,
3671.6,T021,U03,direct,
3671.7,T023,U04,direct,
3671.9,T019,U01,relay,R01
3672.2,T014,U05,direct,
3672.4,T011,U07,direct,
3672.6,T007,U08,direct,
3672.6,T021,U03,direct,
3672.7,T023,U04,direct,
3672.9,T019,U01,relay,R01
3673.2,T014,U05,direct,
3673.4,T011,U07,direct,
3673.6,T007,U08,direct,
3673.6,T021,U03,direct,
3673.7,T023,U04,direct,
3673.9,T019,U01,relay,R01
3674.2,T014,U05,direct,
3674.4,T011,U07,direct,
3674.6,T007,U08,direct,
3674.6,T021,U03,direct,
3674.7,T023,U04,direct,
3674.9,T019,U01,relay,R01
3675.2,T014,U05,direct,
3675.4,T011,U07,direct,
3675.6,T007,U08,direct,
3675.6,T021,U03,direct,
3675.7,T023,U04,direct,
3675.9,T019,U01,relay,R01
3676.2,T014,U05,direct,
3676.4,T011,U07,direct,
3676.6,T007,U08,direct,
3676.6,T021,U03,direct,
3676.7,T023,U04,direct,
3676.9,T019,U01,relay,R01
3677.2,T014,U05,direct,
3677.4,T011,U07,direct,
3677.6,T007,U08,direct,
3677.6,T021,U03,direct,
3677.7,T023,U04,direct,
3677.9,T019,U01,relay,R01
3678.2,T014,U05,direct,
3678.4,T011,U07,direct,
3678.6,T007,U08,direct,
3678.6,T021,U03,direct,
3678.7,T023,U04,direct,
3678.9,T019,U01,relay,R01
3679.2,T014,U05,direct,
3679.4,T011,U07,direct,
3679.6,T007,U08,direct,
3679.6,T021,U03,direct,
3679.7,T023,U04,direct,
3679.9,T019,U01,relay,R01
3680.2,T014,U05,direct,
3680.4,T011,U07,direct,
3680.6,T007,U08,direct,
3680.6,T021,U03,direct,
3680.7,T023,U04,direct,
3680.9,T019,U01,relay,R01
3681.2,T014,U05,direct,
3681.4,T011,U07,direct,
3681.6,T007,U08,direct,
3681.6,T021,U03,direct,
3681.7,T023,U04,direct,
3681.9,T019,U01,relay,R01
3682.2,T014,U05,direct,
3682.4,T011,U07,direct,
3682.6,T007,U08,direct,
3682.6,T021,U03,direct,
3682.7,T023,U04,direct,
3682.9,T019,U01,relay,R01
3683.2,T014,U05,direct,
3683.4,T011,U07,direct,
3683.6,T007,U08,direct,
3683.6,T021,U03,direct,
3683.7,T023,U04,direct,
3683.9,T019,U01,relay,R01
3684.2,T014,U05,direct,
3684.4,T011,U07,direct,
3684.6,T007,U08,direct,
3684.6,T021,U03,direct,
3684.7,T023,U04,direct,
3684.9,T019,U01,relay,R01
3685.2,T014,U05,direct,
3685.4,T011,U07,direct,
3685.6,T007,U08,direct,
3685.6,T021,U03,direct,
3685.7,T023,U04,direct,
3685.9,T019,U01,relay,R01
3686.2,T014,U05,direct,
3686.4,T011,U07,direct,
3686.6,T007,U08,direct,
3686.6,T021,U03,direct,
3686.7,T023,U04,direct,
3686.9,T019,U01,relay,R01
3687.2,T014,U05,direct,
3687.4,T011,U07,direct,
3687.6,T007,U08,direct,
3687.6,T021,U03,direct,
3687.7,T023,U04,direct,
3687.9,T019,U01,relay,R01
3688.2,T014,U05,direct,
3688.4,T011,U07,direct,
3688.6,T007,U08,direct,
3688.6,T021,U03,direct,
3688.7,T023,U04,direct,
3688.9,T019,U01,relay,R01
3689.2,T014,U05,direct,
3689.4,T011,U07,direct,
3689.6,T007,U08,direct,
3689.6,T021,U03,direct,
3689.7,T023,U04,direct,
3689.9,T019,U01,relay,R01
3690.2,T014,U05,direct,
3690.4,T011,U07,direct,
3690.6,T007,U08,direct,
3690.6,T021,U03,direct,
3690.7,T023,U04,direct,
3690.9,T019,U01,relay,R01
3691.2,T014,U05,direct,
3691.4,T011,U07,direct,
3691.6,T007,U08,direct,
3691.6,T021,U03,direct,
3691.7,T023,U04,direct,
3691.9,T019,U01,relay,R01
3692.2,T014,U05,direct,
3692.4,T011,U07,direct,
3692.6,T007,U08,direct,
3692.6,T021,U03,direct,
3692.7,T023,U04,direct,
3692.9,T019,U01,relay,R01
3693.2,T014,U05,direct,
3693.4,T011,U07,direct,
3693.6,T007,U08,direct,
3693.6,T021,U03,direct,
3693.7,T023,U04,direct,
3693.9,T019,U01,relay,R01
3694.2,T014,U05,direct,
3694.4,T011,U07,direct,
3694.6,T007,U08,direct,
3694.6,T021,U03,direct,
3694.7,T023,U04,direct,
3694.9,T019,U01,relay,R01
3695.2,T014,U05,direct,
3695.4,T011,U07,direct,
3695.6,T007,U08,direct,
3695.6,T021,U03,direct,
3695.7,T023,U04,direct,
3695.9,T019,U01,relay,R01
3696.2,T014,U05,direct,
3696.4,T011,U07,direct,
3696.6,T007,U08,direct,
3696.6,T021,U03,direct,
3696.7,T023,U04,direct,
3696.9,T019,U01,relay,R01
3697.2,T014,U05,direct,
3697.4,T011,U07,direct,
3697.6,T007,U08,direct,
3697.6,T021,U03,direct,
3697.7,T023,U04,direct,
3697.9,T019,U01,relay,R01
3698.2,T014,U05,direct,
3698.4,T011,U07,direct,
3698.6,T007,U08,direct,
3698.6,T021,U03,direct,
3698.7,T023,U04,direct,
3698.9,T019,U01,relay,R01
3699.2,T014,U05,direct,
3699.4,T011,U07,direct,
3699.6,T007,U08,direct,
3699.6,T021,U03,direct,
3699.7,T023,U04,direct,
3699.9,T019,U01,relay,R01
3700.2,T014,U05,direct,
3700.4,T011,U07,direct,
3700.6,T007,U08,direct,
3700.6,T021,U03,direct,
3700.7,T023,U04,direct,
3700.9,T019,U01,relay,R01
3701.2,T014,U05,direct,
3701.4,T011,U07,direct,
3701.6,T007,U08,direct,
3701.6,T021,U03,direct,
3701.7,T023,U04,direct,
3701.9,T019,U01,relay,R01
3702.2,T014,U05,direct,
3702.4,T011,U07,direct,
3702.6,T007,U08,direct,
3702.6,T021,U03,direct,
3702.7,T023,U04,direct,
3702.9,T019,U01,relay,R01
3703.2,T014,U05,direct,
3703.4,T011,U07,direct,
3703.6,T007,U08,direct,
3703.6,T021,U03,direct,
3703.7,T023,U04,direct,
3703.9,T019,U01,relay,R01
3704.2,T014,U05,direct,
3704.4,T011,U07,direct,
3704.6,T007,U08,direct,
3704.6,T021,U03,direct,
3704.7,T023,U04,direct,
3704.9,T019,U01,relay,R01
3705.2,T014,U05,direct,
3705.4,T011,U07,direct,
3705.6,T007,U08,direct,
3705.6,T021,U03,direct,
3705.7,T023,U04,direct,
3705.9,T019,U01,relay,R01
3706.2,T014,U05,direct,
3706.4,T011,U07,direct,
3706.6,T007,U08,direct,
3706.6,T021,U03,direct,
3706.7,T023,U04,direct,
3706.9,T019,U01,relay,R01
3707.2,T014,U05,direct,
3707.4,T011,U07,direct,
3707.6,T007,U08,direct,
3707.6,T021,U03,direct,
3707.7,T023,U04,direct,
3707.9,T019,U01,relay,R01
3708.2,T014,U05,direct,
3708.4,T011,U07,direct,
3708.6,T007,U08,direct,
3708.6,T021,U03,direct,
3708.7,T023,U04,direct,
3708.9,T019,U01,relay,R01
3709.2,T014,U05,direct,
3709.4,T011,U07,direct,
3709.6,T007,U08,direct,
3709.6,T021,U03,direct,
3709.7,T023,U04,direct,
3709.9,T019,U01,relay,R01
3710.2,T014,U05,direct,
3710.4,T011,U07,direct,
3710.6,T007,U08,direct,
3710.6,T021,U03,direct,
3710.7,T023,U04,direct,
3710.9,T019,U01,relay,R01
3711.2,T014,U05,direct,
3711.4,T011,U07,direct,
3711.6,T007,U08,direct,
3711.6,T021,U03,direct,
3711.7,T023,U04,direct,
3711.9,T019,U01,relay,R01
3712.2,T014,U05,direct,
3712.4,T011,U07,direct,
3712.6,T007,U08,direct,
3712.6,T021,U03,direct,
3712.7,T023,U04,direct,
3712.9,T019,U01,relay,R01
3713.2,T014,U05,direct,
3713.4,T011,U07,direct,
3713.6,T007,U08,direct,
3713.6,T021,U03,direct,
3713.7,T023,U04,direct,
3713.9,T019,U01,relay,R01
3714.2,T014,U05,direct,
3714.4,T011,U07,direct,
3714.6,T007,U08,direct,
3714.6,T021,U03,direct,
3714.7,T023,U04,direct,
3714.9,T019,U01,relay,R01
3715.2,T014,U05,direct,
3715.4,T011,U07,direct,
3715.6,T007,U08,direct,
3715.6,T021,U03,direct,
3715.7,T023,U04,direct,
3715.9,T019,U01,relay,R01
3716.2,T014,U05,direct,
3716.4,T011,U07,direct,
3716.6,T007,U08,direct,
3716.6,T021,U03,direct,
3716.7,T023,U04,direct,
3716.9,T019,U01,relay,R01
3717.2,T014,U05,direct,
3717.4,T011,U07,direct,
3717.6,T007,U08,direct,
3717.6,T021,U03,direct,
3717.7,T023,U04,direct,
3717.9,T019,U01,relay,R01
3718.2,T014,U05,direct,
3718.4,T011,U07,direct,
3718.6,T007,U08,direct,
3718.6,T021,U03,direct,
3718.7,T023,U04,direct,
3718.9,T019,U01,relay,R01
3719.2,T014,U05,direct,
3719.4,T011,U07,direct,
3719.6,T007,U08,direct,
3719.6,T021,U03,direct,
3719.7,T023,U04,direct,
3719.9,T019,U01,relay,R01
3720.2,T014,U05,direct,
3720.4,T011,U07,direct,
3720.6,T007,U08,direct,
3720.6,T021,U03,direct,
3720.7,T023,U04,direct,
3720.9,T019,U01,relay,R01
3721.2,T014,U05,direct,
3721.4,T011,U07,direct,
3721.6,T007,U08,direct,
3721.6,T021,U03,direct,
3721.7,T023,U04,direct,
3721.9,T019,U01,relay,R01
3722.2,T014,U05,direct,
3722.4,T011,U07,direct,
3722.6,T007,U08,direct,
3722.6,T021,U03,direct,
3722.7,T023,U04,direct,
3722.9,T019,U01,relay,R01
3723.2,T014,U05,direct,
3723.4,T011,U07,direct,
3723.6,T007,U08,direct,
3723.6,T021,U03,direct,
3723.7,T023,U04,direct,
3723.9,T019,U01,relay,R01
3724.2,T014,U05,direct,
3724.4,T011,U07,direct,
3724.6,T007,U08,direct,
3724.6,T021,U03,direct,
3724.7,T023,U04,direct,
3724.9,T019,U01,relay,R01
3725.2,T014,U05,direct,
3725.4,T011,U07,direct,
3725.6,T007,U08,direct,
3725.6,T021,U03,direct,
3725.7,T023,U04,direct,
3725.9,T019,U01,relay,R01
3726.2,T014,U05,direct,
3726.4,T011,U07,direct,
3726.6,T007,U08,direct,
3726.6,T021,U03,direct,
3726.7,T023,U04,direct,
3726.9,T019,U01,relay,R01
3727.2,T014,U05,direct,
3727.4,T011,U07,direct,
3727.6,T007,U08,direct,
3727.6,T021,U03,direct,
3727.7,T023,U04,direct,
3727.9,T019,U01,relay,R01
3728.2,T014,U05,direct,
3728.4,T011,U07,direct,
3728.6,T007,U08,direct,
3728.6,T021,U03,direct,
3728.7,T023,U04,direct,
3728.9,T019,U01,relay,R01
3729.2,T014,U05,direct,
3729.4,T011,U07,direct,
3729.6,T007,U08,direct,
3729.6,T021,U03,direct,
3729.7,T023,U04,direct,
3729.9,T019,U01,relay,R01
3730.2,T014,U05,direct,
3730.4,T011,U07,direct,
3730.6,T007,U08,direct,
3730.6,T021,U03,direct,
3730.7,T023,U04,direct,
3730.9,T019,U01,relay,R01
3731.2,T014,U05,direct,
3731.4,T011,U07,direct,
3731.6,T007,U08,direct,
3731.6,T021,U03,direct,
3731.7,T023,U04,direct,
3731.9,T019,U01,relay,R01
3732.2,T014,U05,direct,
3732.3,T025,U02,direct,
3732.4,T011,U07,direct,
3732.6,T007,U08,direct,
3732.6,T021,U03,direct,
3732.7,T023,U04,direct,
3732.9,T019,U01,relay,R01
3733.2,T014,U05,direct,
3733.3,T025,U02,direct,
3733.4,T011,U07,direct,
3733.6,T007,U08,direct,
3733.6,T021,U03,direct,
3733.7,T023,U04,direct,
3733.9,T019,U01,relay,R01
3734.2,T014,U05,direct,
3734.3,T025,U02,direct,
3734.4,T011,U07,direct,
3734.6,T007,U08,direct,
3734.6,T021,U03,direct,
3734.7,T023,U04,direct,
3734.9,T019,U01,relay,R01
3735.2,T014,U05,direct,
3735.3,T025,U02,direct,
3735.4,T011,U07,direct,
3735.6,T007,U08,direct,
3735.6,T021,U03,direct,
3735.7,T023,U04,direct,
3735.9,T019,U01,relay,R01
3736.2,T014,U05,direct,
3736.3,T025,U02,direct,
3736.4,T011,U07,direct,
3736.6,T007,U08,direct,
3736.6,T021,U03,direct,
3736.7,T023,U04,direct,
3736.9,T019,U01,relay,R01
3737.2,T014,U05,direct,
3737.3,T025,U02,direct,
3737.4,T011,U07,direct,
3737.6,T007,U08,direct,
3737.6,T021,U03,direct,
3737.7,T023,U04,direct,
3737.9,T019,U01,direct,
3738.2,T014,U05,direct,
3738.3,T025,U02,direct,
3738.4,T011,U07,direct,
3738.6,T007,U08,direct,
3738.6,T021,U03,direct,
3738.7,T023,U04,direct,
3738.9,T019,U01,direct,
3739.2,T014,U05,direct,
3739.3,T025,U02,direct,
3739.4,T011,U07,direct,
3739.6,T007,U08,direct,
3739.6,T021,U03,direct,
3739.7,T023,U04,direct,
3739.9,T019,U01,direct,
3740.2,T014,U05,direct,
3740.3,T025,U02,direct,
3740.4,T011,U07,direct,
3740.6,T007,U08,direct,
3740.6,T021,U03,direct,
3740.7,T023,U04,direct,
3740.9,T019,U01,direct,
3741.2,T014,U05,direct,
3741.3,T025,U02,direct,
3741.4,T011,U07,direct,
3741.6,T007,U08,direct,
3741.6,T021,U03,direct,
3741.7,T023,U04,direct,
3741.9,T019,U01,direct,
3742.2,T014,U05,direct,
3742.3,T025,U02,direct,
3742.4,T011,U07,direct,
3742.6,T007,U08,direct,
3742.6,T021,U03,direct,
3742.7,T023,U04,direct,
3742.9,T019,U01,direct,
3743.2,T014,U05,direct,
3743.3,T025,U02,direct,
3743.4,T011,U07,direct,
3743.6,T007,U08,direct,
3743.6,T021,U03,direct,
3743.7,T023,U04,direct,
3743.9,T019,U01,direct,
3744.2,T014,U05,direct,
3744.3,T025,U02,direct,
3744.4,T011,U07,direct,
3744.6,T007,U08,direct,
3744.6,T021,U03,direct,
3744.7,T023,U04,direct,
3744.9,T019,U01,direct,
3745.2,T014,U05,direct,
3745.3,T025,U02,direct,
3745.4,T011,U07,direct,
3745.6,T007,U08,direct,
3745.6,T021,U03,direct,
3745.7,T023,U04,direct,
3745.9,T019,U01,direct,
3746.2,T014,U05,direct,
3746.3,T025,U02,direct,
3746.4,T011,U07,direct,
3746.6,T007,U08,direct,
3746.6,T021,U03,direct,
3746.7,T023,U04,direct,
3746.9,T019,U01,direct,
3747.2,T014,U05,direct,
3747.3,T025,U02,direct,
3747.4,T011,U07,direct,
3747.6,T007,U08,direct,
3747.6,T021,U03,direct,
3747.7,T023,U04,direct,
3747.9,T019,U01,direct,
3748.2,T014,U05,direct,
3748.3,T025,U02,direct,
3748.4,T011,U07,direct,
3748.6,T007,U08,direct,
3748.6,T021,U03,direct,
3748.7,T023,U04,direct,
3748.9,T019,U01,direct,
3749.2,T014,U05,direct,
3749.3,T025,U02,direct,
3749.4,T011,U07,direct,
3749.6,T007,U08,direct,
3749.6,T021,U03,direct,
3749.7,T023,U04,direct,
3749.9,T019,U01,direct,
3750.2,T014,U05,direct,
3750.3,T025,U02,direct,
3750.4,T011,U07,direct,
3750.6,T007,U08,direct,
3750.6,T021,U03,direct,
3750.7,T023,U04,direct,
3750.9,T019,U01,direct,
3751.2,T014,U05,direct,
3751.3,T025,U02,direct,
3751.4,T011,U07,direct,
3751.6,T007,U08,direct,
3751.6,T021,U03,direct,
3751.7,T023,U04,direct,
3751.9,T019,U01,direct,
3752.2,T014,U05,direct,
3752.3,T025,U02,direct,
3752.4,T011,U07,direct,
3752.6,T007,U08,direct,
3752.6,T021,U03,direct,
3752.7,T023,U04,direct,
3752.9,T019,U01,direct,
3753.2,T014,U05,direct,
3753.3,T025,U02,direct,
3753.4,T011,U07,direct,
3753.6,T007,U08,direct,
3753.6,T021,U03,direct,
3753.7,T023,U04,direct,
3753.9,T019,U01,direct,
3754.2,T014,U05,direct,
3754.3,T025,U02,direct,
3754.4,T011,U07,direct,
3754.6,T007,U08,direct,
3754.6,T021,U03,direct,
3754.7,T023,U04,direct,
3754.9,T019,U01,direct,
3755.2,T014,U05,direct,
3755.3,T025,U02,direct,
3755.4,T011,U07,direct,
3755.6,T007,U08,direct,
3755.6,T021,U03,direct,
3755.7,T023,U04,direct,
3755.9,T019,U01,direct,
3756.2,T014,U05,direct,
3756.3,T025,U02,direct,
3756.4,T011,U07,direct,
3756.6,T007,U08,direct,
3756.6,T021,U03,direct,
3756.7,T023,U04,direct,
3756.9,T019,U01,direct,
3757.2,T014,U05,direct,
3757.3,T025,U02,direct,
3757.4,T011,U07,direct,
3757.6,T007,U08,direct,
3757.6,T021,U03,direct,
3757.7,T023,U04,direct,
3757.9,T019,U01,direct,
3758.2,T014,U05,direct,
3758.3,T025,U02,direct,
3758.4,T011,U07,direct,
3758.6,T007,U08,direct,
3758.6,T021,U03,direct,
3758.7,T023,U04,direct,
3758.9,T019,U01,direct,
3759.2,T014,U05,direct,
3759.3,T025,U02,direct,
3759.4,T011,U07,direct,
3759.6,T007,U08,direct,
3759.6,T021,U03,direct,
3759.7,T023,U04,direct,
3759.9,T019,U01,direct,
3760.2,T014,U05,direct,
3760.3,T025,U02,direct,
3760.4,T011,U07,direct,
3760.6,T007,U08,direct,
3760.6,T021,U03,direct,
3760.7,T023,U04,direct,
3760.9,T019,U01,direct,
3761.2,T014,U05,direct,
3761.3,T025,U02,direct,
3761.4,T011,U07,direct,
3761.6,T007,U08,direct,
3761.6,T021,U03,direct,
3761.7,T023,U04,direct,
3761.9,T019,U01,direct,
3762.2,T014,U05,direct,
3762.3,T025,U02,direct,
3762.4,T011,U07,direct,
3762.6,T007,U08,direct,
3762.6,T021,U03,direct,
3762.7,T023,U04,direct,
3762.9,T019,U01,direct,
3763.2,T014,U05,direct,
3763.3,T025,U02,direct,
3763.4,T011,U07,direct,
3763.6,T007,U08,direct,
3763.6,T021,U03,direct,
3763.7,T023,U04,direct,
3763.9,T019,U01,direct,
3764.2,T014,U05,direct,
3764.3,T025,U02,direct,
3764.4,T011,U07,direct,
3764.6,T007,U08,direct,
3764.6,T021,U03,direct,
3764.7,T023,U04,direct,
3764.9,T019,U01,direct,
3765.2,T014,U05,direct,
3765.3,T025,U02,direct,
3765.4,T011,U07,direct,
3765.6,T007,U08,direct,
3765.6,T021,U03,direct,
3765.7,T023,U04,direct,
3765.9,T019,U01,direct,
3766.2,T014,U05,direct,
3766.3,T025,U02,direct,
3766.4,T011,U07,direct,
3766.6,T007,U08,direct,
3766.6,T021,U03,direct,
3766.7,T023,U04,direct,
3766.9,T019,U01,direct,
3767.2,T014,U05,direct,
3767.3,T025,U02,direct,
3767.4,T011,U07,direct,
3767.6,T007,U08,direct,
3767.6,T021,U03,direct,
3767.7,T023,U04,direct,
3767.9,T019,U01,direct,
3768.2,T014,U05,relay,R02
3768.3,T025,U02,direct,
3768.4,T011,U07,direct,
3768.6,T007,U08,direct,
3768.6,T021,U03,direct,
3768.7,T023,U04,direct,
3768.9,T019,U01,direct,
3769.2,T014,U05,relay,R02
3769.3,T025,U02,direct,
3769.4,T011,U07,direct,
3769.6,T007,U08,direct,
3769.6,T021,U03,direct,
3769.7,T023,U04,direct,
3769.9,T019,U01,direct,
3770.2,T014,U05,relay,R02
3770.3,T025,U02,direct,
3770.4,T011,U07,direct,
3770.6,T007,U08,direct,
3770.6,T021,U03,direct,
3770.7,T023,U04,direct,
3770.9,T019,U01,direct,
3771.2,T014,U05,relay,R02
3771.3,T025,U02,direct,
3771.4,T011,U07,direct,
3771.6,T007,U08,direct,
3771.6,T021,U03,direct,
3771.7,T023,U04,direct,
3771.9,T019,U01,direct,
3772.2,T014,U05,relay,R02
3772.3,T025,U02,direct,
3772.4,T011,U07,direct,
3772.6,T007,U08,direct,
3772.6,T021,U03,direct,
3772.7,T023,U04,direct,
3772.9,T019,U01,direct,
3773.2,T014,U05,relay,R02
3773.3,T025,U02,direct,
3773.4,T011,U07,direct,
3773.6,T007,U08,direct,
3773.6,T021,U03,direct,
3773.7,T023,U04,direct,
3773.9,T019,U01,direct,
3774.2,T014,U05,relay,R02
3774.3,T025,U02,direct,
3774.4,T011,U07,direct,
3774.6,T007,U08,direct,
3774.6,T021,U03,direct,
3774.7,T023,U04,direct,
3774.9,T019,U01,direct,
3775.2,T014,U05,relay,R02
3775.3,T025,U02,direct,
3775.4,T011,U07,direct,
3775.6,T007,U08,direct,
3775.6,T021,U03,direct,
3775.7,T023,U04,direct,
3775.9,T019,U01,direct,
3776.2,T014,U05,relay,R02
3776.3,T025,U02,direct,
3776.4,T011,U07,direct,
3776.6,T007,U08,direct,
3776.6,T021,U03,direct,
3776.7,T023,U04,direct,
3776.9,T019,U01,direct,
3777.2,T014,U05,relay,R02
3777.3,T025,U02,direct,
3777.4,T011,U07,direct,
3777.6,T007,U08,direct,
3777.6,T021,U03,direct,
3777.7,T023,U04,direct,
3777.9,T019,U01,direct,
3778.2,T014,U05,relay,R02
3778.3,T025,U02,direct,
3778.4,T011,U07,direct,
3778.6,T007,U08,direct,
3778.6,T021,U03,direct,
3778.7,T023,U04,direct,
3778.9,T019,U01,direct,
3779.2,T014,U05,relay,R02
3779.3,T025,U02,direct,
3779.4,T011,U07,direct,
3779.6,T007,U08,direct,
3779.6,T021,U03,direct,
3779.7,T023,U04,direct,
3779.9,T019,U01,direct,
3780.2,T014,U05,relay,R02
3780.3,T025,U02,direct,
3780.4,T011,U07,direct,
3780.6,T007,U08,direct,
3780.6,T021,U03,direct,
3780.7,T023,U04,direct,
3780.9,T019,U01,direct,
3781.2,T014,U05,relay,R02
3781.3,T025,U02,direct,
3781.4,T011,U07,direct,
3781.6,T007,U08,direct,
3781.6,T021,U03,direct,
3781.7,T023,U04,direct,
3781.9,T019,U01,direct,
3782.2,T014,U05,relay,R02
3782.3,T025,U02,direct,
3782.4,T011,U07,direct,
3782.6,T007,U08,direct,
3782.6,T021,U03,direct,
3782.7,T023,U04,direct,
3782.9,T019,U01,direct,
3783.2,T014,U05,relay,R02
3783.3,T025,U02,direct,
3783.4,T011,U07,direct,
3783.6,T007,U08,direct,
3783.6,T021,U03,direct,
3783.7,T023,U04,direct,
3783.9,T019,U01,direct,
3784.2,T014,U05,relay,R02
3784.3,T025,U02,direct,
3784.4,T011,U07,direct,
3784.6,T007,U08,direct,
3784.6,T021,U03,direct,
3784.7,T023,U04,direct,
3784.9,T019,U01,direct,
3785.2,T014,U05,relay,R02
3785.3,T025,U02,direct,
3785.4,T011,U07,direct,
3785.6,T007,U08,direct,
3785.6,T021,U03,direct,
3785.7,T023,U04,direct,
3785.9,T019,U01,direct,
3786.2,T014,U05,relay,R02
3786.3,T025,U02,direct,
3786.4,T011,U07,direct,
3786.6,T007,U08,direct,
3786.6,T021,U03,direct,
3786.7,T023,U04,direct,
3786.9,T019,U01,direct,
3787.2,T014,U05,relay,R02
3787.3,T025,U02,direct,
3787.4,T011,U07,direct,
3787.6,T007,U08,direct,
3787.6,T021,U03,direct,
3787.7,T023,U04,direct,
3787.9,T019,U01,direct,
3788.2,T014,U05,relay,R02
3788.3,T025,U02,direct,
3788.4,T011,U07,direct,
3788.6,T007,U08,direct,
3788.6,T021,U03,direct,
3788.7,T023,U04,direct,
3788.9,T019,U01,direct,
3789.2,T014,U05,relay,R02
3789.3,T025,U02,direct,
3789.4,T011,U07,direct,
3789.6,T007,U08,direct,
3789.6,T021,U03,direct,
3789.7,T023,U04,direct,
3789.9,T019,U01,direct,
3790.2,T014,U05,relay,R02
3790.3,T025,U02,direct,
3790.4,T011,U07,direct,
3790.6,T007,U08,direct,
3790.6,T021,U03,direct,
3790.7,T023,U04,direct,
3790.9,T019,U01,direct,
3791.2,T014,U05,relay,R02
3791.3,T025,U02,direct,
3791.4,T011,U07,direct,
3791.6,T007,U08,direct,
3791.6,T021,U03,direct,
3791.7,T023,U04,direct,
3791.9,T019,U01,direct,
3792.2,T014,U05,relay,R02
3792.3,T025,U02,direct,
3792.4,T011,U07,direct,
3792.6,T007,U08,direct,
3792.6,T021,U03,direct,
3792.7,T023,U04,direct,
3792.9,T019,U01,direct,
3793.2,T014,U05,relay,R02
3793.3,T025,U02,direct,
3793.4,T011,U07,direct,
3793.6,T007,U08,direct,
3793.6,T021,U03,direct,
3793.7,T023,U04,direct,
3793.9,T019,U01,direct,
3794.2,T014,U05,relay,R02
3794.3,T025,U02,direct,
3794.4,T011,U07,direct,
3794.6,T007,U08,direct,
3794.6,T021,U03,direct,
3794.7,T023,U04,direct,
3794.9,T019,U01,direct,
3795.2,T014,U05,relay,R02
3795.3,T025,U02,direct,
3795.4,T011,U07,direct,
3795.6,T007,U08,direct,
3795.6,T021,U03,direct,
3795.7,T023,U04,direct,
3795.9,T019,U01,direct,
3796.2,T014,U05,relay,R02
3796.3,T025,U02,direct,
3796.4,T011,U07,direct,
3796.6,T007,U08,direct,
3796.6,T021,U03,direct,
3796.7,T023,U04,direct,
3796.9,T019,U01,direct,
3797.2,T014,U05,relay,R02
3797.3,T025,U02,direct,
3797.4,T011,U07,direct,
3797.6,T007,U08,direct,
3797.6,T021,U03,direct,
3797.7,T023,U04,direct,
3797.9,T019,U01,direct,
3798.2,T014,U05,relay,R02
3798.3,T025,U02,direct,
3798.4,T011,U07,direct,
3798.6,T007,U08,direct,
3798.6,T021,U03,direct,
3798.7,T023,U04,direct,
3798.9,T019,U01,direct,
3799.2,T014,U05,relay,R02
3799.3,T025,U02,direct,
3799.4,T011,U07,direct,
3799.6,T007,U08,direct,
3799.6,T021,U03,direct,
3799.7,T023,U04,direct,
3799.9,T019,U01,direct,
3800.2,T014,U05,relay,R02
3800.3,T025,U02,direct,
3800.4,T011,U07,direct,
3800.6,T007,U08,direct,
3800.6,T021,U03,direct,
3800.7,T023,U04,direct,
3800.9,T019,U01,direct,
3801.2,T014,U05,relay,R02
3801.3,T025,U02,direct,
3801.4,T011,U07,direct,
3801.6,T007,U08,direct,
3801.6,T021,U03,direct,
3801.7,T023,U04,direct,
3801.9,T019,U01,direct,
3802.2,T014,U05,relay,R02
3802.3,T025,U02,direct,
3802.4,T011,U07,direct,
3802.6,T007,U08,direct,
3802.6,T021,U03,direct,
3802.7,T023,U04,direct,
3802.9,T019,U01,direct,
3803.2,T014,U05,relay,R02
3803.3,T025,U02,direct,
3803.4,T011,U07,direct,
3803.6,T007,U08,direct,
3803.6,T021,U03,direct,
3803.7,T023,U04,direct,
3803.9,T019,U01,direct,
3804.2,T014,U05,relay,R02
3804.3,T025,U02,direct,
3804.4,T011,U07,direct,
3804.6,T007,U08,direct,
3804.6,T021,U03,direct,
3804.7,T023,U04,direct,
3804.9,T019,U01,direct,
3805.2,T014,U05,relay,R02
3805.3,T025,U02,direct,
3805.4,T011,U07,direct,
3805.6,T007,U08,direct,
3805.6,T021,U03,direct,
3805.7,T023,U04,direct,
3805.9,T019,U01,direct,
3806.2,T014,U05,relay,R02
3806.3,T025,U02,direct,
3806.4,T011,U07,direct,
3806.6,T007,U08,direct,
3806.6,T021,U03,direct,
3806.7,T023,U04,direct,
3806.9,T019,U01,direct,
3807.2,T014,U05,relay,R02
3807.3,T025,U02,direct,
3807.4,T011,U07,direct,
3807.6,T007,U08,direct,
3807.6,T021,U03,direct,
3807.7,T023,U04,direct,
3807.9,T019,U01,direct,
3808.2,T014,U05,relay,R02
3808.3,T025,U02,direct,
3808.4,T011,U07,direct,
3808.6,T007,U08,direct,
3808.6,T021,U03,direct,
3808.7,T023,U04,direct,
3808.9,T019,U01,direct,
3809.2,T014,U05,relay,R02
3809.3,T025,U02,direct,
3809.4,T011,U07,direct,
3809.6,T007,U08,direct,
3809.6,T021,U03,direct,
3809.7,T023,U04,direct,
3809.9,T019,U01,direct,
3810.2,T014,U05,relay,R02
3810.3,T025,U02,direct,
3810.4,T011,U07,direct,
3810.6,T007,U08,direct,
3810.6,T021,U03,direct,
3810.7,T023,U04,direct,
3810.9,T019,U01,direct,
3811.2,T014,U05,relay,R02
3811.3,T025,U02,direct,
3811.4,T011,U07,direct,
3811.6,T007,U08,direct,
3811.6,T021,U03,direct,
3811.7,T023,U04,direct,
3811.9,T019,U01,direct,
3812.2,T014,U05,relay,R02
3812.3,T025,U02,direct,
3812.4,T011,U07,direct,
3812.6,T007,U08,direct,
3812.6,T021,U03,direct,
3812.7,T023,U04,direct,
3812.9,T019,U01,direct,
3813.2,T014,U05,relay,R02
3813.3,T025,U02,direct,
3813.4,T011,U07,direct,
3813.6,T007,U08,direct,
3813.6,T021,U03,direct,
3813.7,T023,U04,direct,
3813.9,T019,U01,direct,
3814.2,T014,U05,relay,R02
3814.3,T025,U02,direct,
3814.4,T011,U07,direct,
3814.6,T007,U08,direct,
3814.6,T021,U03,direct,
3814.7,T023,U04,direct,
3814.9,T019,U01,direct,
3815.2,T014,U05,relay,R02
3815.3,T025,U02,direct,
3815.4,T011,U07,direct,
3815.6,T007,U08,direct,
3815.6,T021,U03,direct,
3815.7,T023,U04,direct,
3815.9,T019,U01,direct,
3816.2,T014,U05,relay,R02
3816.3,T025,U02,direct,
3816.4,T011,U07,direct,
3816.6,T007,U08,direct,
3816.6,T021,U03,direct,
3816.7,T023,U04,direct,
3816.9,T019,U01,direct,
3817.2,T014,U05,relay,R02
3817.3,T025,U02,direct,
3817.4,T011,U07,direct,
3817.6,T007,U08,direct,
3817.6,T021,U03,direct,
3817.7,T023,U04,direct,
3817.9,T019,U01,direct,
3818.2,T014,U05,relay,R02
3818.3,T025,U02,direct,
3818.4,T011,U07,direct,
3818.6,T007,U08,direct,
3818.6,T021,U03,direct,
3818.7,T023,U04,direct,
3818.9,T019,U01,direct,
3819.2,T014,U05,relay,R02
3819.3,T025,U02,direct,
3819.4,T011,U07,direct,
3819.6,T007,U08,direct,
3819.6,T021,U03,direct,
3819.7,T023,U04,direct,
3819.9,T019,U01,direct,
3820.2,T014,U05,relay,R02
3820.3,T025,U02,direct,
3820.4,T011,U07,direct,
3820.6,T007,U08,direct,
3820.6,T021,U03,direct,
3820.7,T023,U04,direct,
3820.9,T019,U01,direct,
3821.2,T014,U05,relay,R02
3821.3,T025,U02,direct,
3821.4,T011,U07,direct,
3821.6,T007,U08,direct,
3821.6,T021,U03,direct,
3821.7,T023,U04,direct,
3821.9,T019,U01,direct,
3822.2,T014,U05,relay,R02
3822.3,T025,U02,direct,
3822.4,T011,U07,direct,
3822.6,T007,U08,direct,
3822.6,T021,U03,direct,
3822.7,T023,U04,direct,
3822.9,T019,U01,direct,
3823.2,T014,U05,relay,R02
3823.3,T025,U02,direct,
3823.4,T011,U07,direct,
3823.6,T007,U08,direct,
3823.6,T021,U03,direct,
3823.7,T023,U04,direct,
3823.9,T017,U06,direct,
3823.9,T019,U01,direct,
3824.2,T014,U05,relay,R02
3824.3,T025,U02,direct,
3824.4,T011,U07,direct,
3824.6,T007,U08,direct,
3824.6,T021,U03,direct,
3824.7,T023,U04,direct,
3824.9,T017,U06,direct,
3824.9,T019,U01,direct,
3825.2,T014,U05,relay,R02
3825.3,T025,U02,direct,
3825.4,T011,U07,direct,
3825.6,T007,U08,direct,
3825.6,T021,U03,direct,
3825.7,T023,U04,direct,
3825.9,T017,U06,direct,
3825.9,T019,U01,direct,
3826.2,T014,U05,relay,R02
3826.3,T025,U02,direct,
3826.4,T011,U07,direct,
3826.6,T007,U08,direct,
3826.6,T021,U03,direct,
3826.7,T023,U04,direct,
3826.9,T017,U06,direct,
3826.9,T019,U01,direct,
3827.2,T014,U05,relay,R02
3827.3,T025,U02,direct,
3827.4,T011,U07,direct,
3827.6,T007,U08,direct,
3827.6,T021,U03,direct,
3827.7,T023,U04,direct,
3827.9,T017,U06,direct,
3827.9,T019,U01,direct,
3828.2,T014,U05,relay,R02
3828.3,T025,U02,direct,
3828.4,T011,U07,direct,
3828.6,T007,U08,direct,
3828.6,T021,U03,direct,
3828.7,T023,U04,direct,
3828.9,T017,U06,direct,
3828.9,T019,U01,direct,
3829.2,T014,U05,relay,R02
3829.3,T025,U02,direct,
3829.4,T011,U07,direct,
3829.6,T007,U08,direct,
3829.6,T021,U03,direct,
3829.7,T023,U04,direct,
3829.9,T017,U06,direct,
3829.9,T019,U01,direct,
3830.2,T014,U05,relay,R02
3830.3,T025,U02,direct,
3830.4,T011,U07,direct,
3830.6,T007,U08,direct,
3830.6,T021,U03,direct,
3830.7,T023,U04,direct,
3830.9,T017,U06,direct,
3830.9,T019,U01,direct,
3831.2,T014,U05,relay,R02
3831.3,T025,U02,direct,
3831.4,T011,U07,direct,
3831.6,T007,U08,direct,
3831.6,T021,U03,direct,
3831.7,T023,U04,direct,
3831.9,T017,U06,direct,
3831.9,T019,U01,direct,
3832.2,T014,U05,relay,R02
3832.3,T025,U02,direct,
3832.4,T011,U07,direct,
3832.6,T007,U08,direct,
3832.6,T021,U03,direct,
3832.7,T023,U04,direct,
3832.9,T017,U06,direct,
3832.9,T019,U01,direct,
3833.2,T014,U05,relay,R02
3833.3,T025,U02,direct,
3833.4,T011,U07,direct,
3833.6,T007,U08,direct,
3833.6,T021,U03,direct,
3833.7,T023,U04,direct,
3833.9,T017,U06,direct,
3833.9,T019,U01,direct,
3834.2,T014,U05,relay,R02
3834.3,T025,U02,direct,
3834.4,T011,U07,direct,
3834.6,T007,U08,direct,
3834.6,T021,U03,direct,
3834.7,T023,U04,direct,
3834.9,T017,U06,direct,
3834.9,T019,U01,direct,
3835.2,T014,U05,relay,R02
3835.3,T025,U02,direct,
3835.4,T011,U07,direct,
3835.6,T007,U08,direct,
3835.6,T021,U03,direct,
3835.7,T023,U04,direct,
3835.9,T017,U06,direct,
3835.9,T019,U01,direct,
3836.2,T014,U05,relay,R02
3836.3,T025,U02,direct,
3836.4,T011,U07,direct,
3836.6,T007,U08,direct,
3836.6,T021,U03,direct,
3836.7,T023,U04,direct,
3836.9,T017,U06,direct,
3836.9,T019,U01,direct,
3837.2,T014,U05,relay,R02
3837.3,T025,U02,direct,
3837.4,T011,U07,direct,
3837.6,T007,U08,direct,
3837.6,T021,U03,direct,
3837.7,T023,U04,direct,
3837.9,T017,U06,direct,
3837.9,T019,U01,direct,
3838.2,T014,U05,relay,R02
3838.3,T025,U02,direct,
3838.4,T011,U07,direct,
3838.6,T007,U08,direct,
3838.6,T021,U03,direct,
3838.7,T023,U04,direct,
3838.9,T017,U06,direct,
3838.9,T019,U01,direct,
3839.2,T014,U05,relay,R02
3839.3,T025,U02,direct,
3839.4,T011,U07,direct,
3839.6,T007,U08,direct,
3839.6,T021,U03,direct,
3839.7,T023,U04,direct,
3839.9,T017,U06,direct,
3839.9,T019,U01,direct,
3840.2,T014,U05,relay,R02
3840.3,T025,U02,direct,
3840.4,T011,U07,direct,
3840.6,T007,U08,direct,
3840.6,T021,U03,direct,
3840.7,T023,U04,direct,
3840.9,T017,U06,direct,
3840.9,T019,U01,direct,
3841.2,T014,U05,relay,R02
3841.3,T025,U02,direct,
3841.4,T011,U07,direct,
3841.6,T007,U08,direct,
3841.6,T021,U03,direct,
3841.7,T023,U04,direct,
3841.9,T017,U06,direct,
3841.9,T019,U01,direct,
3842.2,T014,U05,relay,R02
3842.3,T025,U02,direct,
3842.4,T011,U07,direct,
3842.6,T007,U08,direct,
3842.6,T021,U03,direct,
3842.7,T023,U04,direct,
3842.9,T017,U06,direct,
3842.9,T019,U01,direct,
3843.2,T014,U05,relay,R02
3843.3,T025,U02,direct,
3843.4,T011,U07,direct,
3843.6,T007,U08,direct,
3843.6,T021,U03,direct,
3843.7,T023,U04,direct,
3843.9,T017,U06,direct,
3843.9,T019,U01,direct,
3844.2,T014,U05,relay,R02
3844.3,T025,U02,direct,
3844.4,T011,U07,direct,
3844.6,T007,U08,direct,
3844.6,T021,U03,direct,
3844.7,T023,U04,direct,
3844.9,T017,U06,direct,
3844.9,T019,U01,direct,
3845.2,T014,U05,relay,R02
3845.3,T025,U02,direct,
3845.4,T011,U07,direct,
3845.6,T007,U08,direct,
3845.6,T021,U03,direct,
3845.7,T023,U04,direct,
3845.9,T017,U06,direct,
3845.9,T019,U01,direct,
3846.2,T014,U05,relay,R02
3846.3,T025,U02,direct,
3846.4,T011,U07,direct,
3846.6,T007,U08,direct,
3846.6,T021,U03,direct,
3846.7,T023,U04,direct,
3846.9,T017,U06,direct,
3846.9,T019,U01,direct,
3847.2,T014,U05,relay,R02
3847.3,T025,U02,direct,
3847.4,T011,U07,direct,
3847.6,T007,U08,direct,
3847.6,T021,U03,direct,
3847.7,T023,U04,direct,
3847.9,T017,U06,direct,
3847.9,T019,U01,direct,
3848.2,T014,U05,relay,R02
3848.3,T025,U02,direct,
3848.4,T011,U07,direct,
3848.6,T007,U08,direct,
3848.6,T021,U03,direct,
3848.7,T023,U04,direct,
3848.9,T017,U06,direct,
3848.9,T019,U01,direct,
3849.2,T014,U05,relay,R02
3849.3,T025,U02,direct,
3849.4,T011,U07,direct,
3849.6,T007,U08,direct,
3849.6,T021,U03,direct,
3849.7,T023,U04,direct,
3849.9,T017,U06,direct,
3849.9,T019,U01,direct,
3850.2,T014,U05,relay,R02
3850.3,T025,U02,direct,
3850.4,T011,U07,direct,
3850.6,T007,U08,direct,
3850.6,T021,U03,direct,
3850.7,T023,U04,direct,
3850.9,T017,U06,direct,
3850.9,T019,U01,direct,
3851.2,T014,U05,relay,R02
3851.3,T025,U02,direct,
3851.4,T011,U07,direct,
3851.6,T007,U08,direct,
3851.6,T021,U03,direct,
3851.7,T023,U04,direct,
3851.9,T017,U06,direct,
3851.9,T019,U01,direct,
3852.2,T014,U05,relay,R02
3852.3,T025,U02,direct,
3852.4,T011,U07,direct,
3852.6,T007,U08,direct,
3852.6,T021,U03,direct,
3852.7,T023,U04,direct,
3852.9,T017,U06,direct,
3852.9,T019,U01,direct,
3853.2,T014,U05,relay,R02
3853.3,T025,U02,direct,
3853.4,T011,U07,direct,
3853.6,T007,U08,direct,
3853.6,T021,U03,direct,
3853.7,T023,U04,direct,
3853.9,T017,U06,direct,
3853.9,T019,U01,direct,
3854.2,T014,U05,relay,R02
3854.3,T025,U02,direct,
3854.4,T011,U07,direct,
3854.6,T007,U08,direct,
3854.6,T021,U03,direct,
3854.7,T023,U04,direct,
3854.9,T017,U06,direct,
3854.9,T019,U01,direct,
3855.2,T014,U05,relay,R02
3855.3,T025,U02,direct,
3855.4,T011,U07,direct,
3855.6,T007,U08,direct,
3855.6,T021,U03,direct,
3855.7,T023,U04,direct,
3855.9,T017,U06,direct,
3855.9,T019,U01,direct,
3856.2,T014,U05,relay,R02
3856.3,T025,U02,direct,
3856.4,T011,U07,direct,
3856.6,T007,U08,direct,
3856.6,T021,U03,direct,
3856.7,T023,U04,direct,
3856.9,T017,U06,direct,
3856.9,T019,U01,direct,
3857.2,T014,U05,relay,R02
3857.3,T025,U02,direct,
3857.4,T011,U07,direct,
3857.6,T007,U08,direct,
3857.6,T021,U03,direct,
3857.7,T023,U04,direct,
3857.9,T017,U06,direct,
3857.9,T019,U01,direct,
3858.2,T014,U05,relay,R02
3858.3,T025,U02,direct,
3858.4,T011,U07,direct,
3858.6,T007,U08,direct,
3858.6,T021,U03,direct,
3858.7,T023,U04,direct,
3858.9,T017,U06,direct,
3858.9,T019,U01,direct,
3859.2,T014,U05,relay,R02
3859.3,T025,U02,direct,
3859.4,T011,U07,direct,
3859.6,T007,U08,direct,
3859.6,T021,U03,direct,
3859.7,T023,U04,direct,
3859.9,T017,U06,direct,
3859.9,T019,U01,direct,
3860.2,T014,U05,relay,R02
3860.3,T025,U02,direct,
3860.4,T011,U07,direct,
3860.6,T007,U08,direct,
3860.6,T021,U03,direct,
3860.7,T023,U04,direct,
3860.9,T017,U06,direct,
3860.9,T019,U01,direct,
3861.2,T014,U05,relay,R02
3861.3,T025,U02,direct,
3861.4,T011,U07,direct,
3861.6,T007,U08,direct,
3861.6,T021,U03,direct,
3861.7,T023,U04,direct,
3861.9,T017,U06,direct,
3861.9,T019,U01,direct,
3862.2,T014,U05,relay,R02
3862.3,T025,U02,direct,
3862.4,T011,U07,direct,
3862.6,T007,U08,direct,
3862.6,T021,U03,direct,
3862.7,T023,U04,direct,
3862.9,T017,U06,direct,
3862.9,T019,U01,direct,
3863.2,T014,U05,relay,R02
3863.3,T025,U02,direct,
3863.4,T011,U07,direct,
3863.6,T007,U08,direct,
3863.6,T021,U03,direct,
3863.7,T023,U04,direct,
3863.9,T017,U06,direct,
3863.9,T019,U01,direct,
3864.2,T014,U05,relay,R02
3864.3,T025,U02,direct,
3864.4,T011,U07,direct,
3864.6,T007,U08,direct,
3864.6,T021,U03,direct,
3864.7,T023,U04,direct,
3864.9,T017,U06,direct,
3864.9,T019,U01,direct,
3865.2,T014,U05,relay,R02
3865.3,T025,U02,direct,
3865.4,T011,U07,direct,
3865.6,T007,U08,direct,
3865.6,T021,U03,direct,
3865.7,T023,U04,direct,
3865.9,T017,U06,direct,
3865.9,T019,U01,direct,
3866.2,T014,U05,relay,R02
3866.3,T025,U02,direct,
3866.4,T011,U07,direct,
3866.6,T007,U08,direct,
3866.6,T021,U03,direct,
3866.7,T023,U04,direct,
3866.9,T017,U06,direct,
3866.9,T019,U01,direct,
3867.2,T014,U05,relay,R02
3867.3,T025,U02,direct,
3867.4,T011,U07,direct,
3867.6,T007,U08,direct,
3867.6,T021,U03,direct,
3867.7,T023,U04,direct,
3867.9,T017,U06,direct,
3867.9,T019,U01,direct,
3868.2,T014,U05,relay,R02
3868.3,T025,U02,direct,
3868.4,T011,U07,direct,
3868.6,T007,U08,direct,
3868.6,T021,U03,direct,
3868.7,T023,U04,direct,
3868.9,T017,U06,direct,
3868.9,T019,U01,direct,
3869.2,T014,U05,relay,R02
3869.3,T025,U02,direct,
3869.4,T011,U07,direct,
3869.6,T007,U08,direct,
3869.6,T021,U03,direct,
3869.7,T023,U04,direct,
3869.9,T017,U06,direct,
3869.9,T019,U01,direct,
3870.2,T014,U05,relay,R02
3870.3,T025,U02,direct,
3870.4,T011,U07,direct,
3870.6,T007,U08,direct,
3870.6,T021,U03,direct,
3870.7,T023,U04,direct,
3870.9,T017,U06,direct,
3870.9,T019,U01,direct,
3871.2,T014,U05,relay,R02
3871.3,T025,U02,direct,
3871.4,T011,U07,direct,
3871.6,T007,U08,direct,
3871.6,T021,U03,direct,
3871.7,T023,U04,direct,
3871.9,T017,U06,direct,
3871.9,T019,U01,direct,
3872.2,T014,U05,relay,R02
3872.3,T025,U02,direct,
3872.4,T011,U07,direct,
3872.6,T007,U08,direct,
3872.6,T021,U03,direct,
3872.7,T023,U04,direct,
3872.9,T017,U06,direct,
3872.9,T019,U01,direct,
3873.2,T014,U05,relay,R02
3873.3,T025,U02,direct,
3873.4,T011,U07,direct,
3873.6,T007,U08,direct,
3873.6,T021,U03,direct,
3873.7,T023,U04,direct,
3873.9,T017,U06,direct,
3873.9,T019,U01,direct,
3874.2,T014,U05,relay,R02
3874.3,T025,U02,direct,
3874.4,T011,U07,direct,
3874.6,T007,U08,direct,
3874.6,T021,U03,direct,
3874.7,T023,U04,direct,
3874.9,T017,U06,direct,
3874.9,T019,U01,direct,
3875.2,T014,U05,relay,R02
3875.3,T025,U02,direct,
3875.4,T011,U07,direct,
3875.6,T007,U08,direct,
3875.6,T021,U03,direct,
3875.7,T023,U04,direct,
3875.9,T017,U06,direct,
3875.9,T019,U01,direct,
3876.2,T014,U05,relay,R02
3876.3,T025,U02,direct,
3876.4,T011,U07,direct,
3876.6,T007,U08,direct,
3876.6,T021,U03,direct,
3876.7,T023,U04,direct,
3876.9,T017,U06,direct,
3876.9,T019,U01,direct,
3877.2,T014,U05,relay,R01
3877.3,T025,U02,direct,
3877.4,T011,U07,direct,
3877.6,T007,U08,direct,
3877.6,T021,U03,direct,
3877.7,T023,U04,direct,
3877.9,T017,U06,direct,
3877.9,T019,U01,direct,
3878.2,T014,U05,relay,R01
3878.3,T025,U02,direct,
3878.4,T011,U07,direct,
3878.6,T007,U08,direct,
3878.6,T021,U03,direct,
3878.7,T023,U04,direct,
3878.9,T017,U06,direct,
3878.9,T019,U01,direct,
3879.2,T014,U05,relay,R01
3879.3,T025,U02,direct,
3879.4,T011,U07,direct,
3879.6,T007,U08,direct,
3879.6,T021,U03,direct,
3879.7,T023,U04,direct,
3879.9,T017,U06,direct,
3879.9,T019,U01,direct,
3880.2,T014,U05,relay,R01
3880.3,T025,U02,direct,
3880.4,T011,U07,direct,
3880.6,T007,U08,direct,
3880.6,T021,U03,direct,
3880.7,T023,U04,direct,
3880.9,T017,U06,direct,
3880.9,T019,U01,direct,
3881.2,T014,U05,relay,R01
3881.3,T025,U02,direct,
3881.4,T011,U07,direct,
3881.6,T007,U08,direct,
3881.6,T021,U03,direct,
3881.7,T023,U04,direct,
3881.9,T017,U06,direct,
3881.9,T019,U01,direct,
3882.2,T014,U05,relay,R01
3882.3,T025,U02,direct,
3882.4,T011,U07,direct,
3882.6,T007,U08,direct,
3882.6,T021,U03,direct,
3882.7,T023,U04,direct,
3882.9,T017,U06,direct,
3882.9,T019,U01,direct,
3883.2,T014,U05,relay,R01
3883.3,T025,U02,direct,
3883.4,T011,U07,direct,
3883.6,T007,U08,direct,
3883.6,T021,U03,direct,
3883.7,T023,U04,direct,
3883.9,T017,U06,direct,
3883.9,T019,U01,direct,
3884.2,T014,U05,relay,R01
3884.3,T025,U02,direct,
3884.4,T011,U07,direct,
3884.6,T007,U08,direct,
3884.6,T021,U03,direct,
3884.7,T023,U04,direct,
3884.9,T017,U06,direct,
3884.9,T019,U01,direct,
3885.2,T014,U05,relay,R01
3885.3,T025,U02,direct,
3885.4,T011,U07,direct,
3885.6,T007,U08,direct,
3885.6,T021,U03,direct,
3885.7,T023,U04,direct,
3885.9,T017,U06,direct,
3885.9,T019,U01,direct,
3886.2,T014,U05,relay,R01
3886.3,T025,U02,direct,
3886.4,T011,U07,direct,
3886.6,T007,U08,direct,
3886.6,T021,U03,direct,
3886.7,T023,U04,direct,
3886.9,T017,U06,direct,
3886.9,T019,U01,direct,
3887.2,T014,U05,relay,R01
3887.3,T025,U02,direct,
3887.4,T011,U07,direct,
3887.6,T007,U08,direct,
3887.6,T021,U03,direct,
3887.7,T023,U04,direct,
3887.9,T017,U06,direct,
3887.9,T019,U01,direct,
3888.2,T014,U05,relay,R01
3888.3,T025,U02,direct,
3888.4,T011,U07,direct,
3888.6,T007,U08,direct,
3888.6,T021,U03,direct,
3888.7,T023,U04,direct,
3888.9,T017,U06,direct,
3888.9,T019,U01,direct,
3889.2,T014,U05,relay,R01
3889.3,T025,U02,direct,
3889.4,T011,U07,direct,
3889.6,T007,U08,direct,
3889.6,T021,U03,direct,
3889.7,T023,U04,direct,
3889.9,T017,U06,direct,
3889.9,T019,U01,direct,
3890.2,T014,U05,relay,R01
3890.3,T025,U02,direct,
3890.4,T011,U07,direct,
3890.6,T007,U08,direct,
3890.6,T021,U03,direct,
3890.7,T023,U04,direct,
3890.9,T017,U06,direct,
3890.9,T019,U01,direct,
3891.2,T014,U05,relay,R01
3891.3,T025,U02,direct,
3891.4,T011,U07,direct,
3891.6,T007,U08,direct,
3891.6,T021,U03,direct,
3891.7,T023,U04,direct,
3891.9,T017,U06,direct,
3891.9,T019,U01,direct,
3892.2,T014,U05,relay,R01
3892.3,T025,U02,direct,
3892.4,T011,U07,direct,
3892.6,T007,U08,direct,
3892.6,T021,U03,relay,R02
3892.7,T023,U04,direct,
3892.9,T017,U06,direct,
3892.9,T019,U01,direct,
3893.2,T014,U05,relay,R01
3893.3,T025,U02,direct,
3893.4,T011,U07,direct,
3893.6,T007,U08,direct,
3893.6,T021,U03,relay,R02
3893.7,T023,U04,direct,
3893.9,T017,U06,direct,
3893.9,T019,U01,direct,
3894.2,T014,U05,relay,R01
3894.3,T025,U02,direct,
3894.4,T011,U07,direct,
3894.6,T007,U08,direct,
3894.6,T021,U03,relay,R02
3894.7,T023,U04,direct,
3894.9,T017,U06,direct,
3894.9,T019,U01,direct,
3895.2,T014,U05,relay,R01
3895.3,T025,U02,direct,
3895.4,T011,U07,direct,
3895.6,T007,U08,direct,
3895.6,T021,U03,relay,R02
3895.7,T023,U04,direct,
3895.9,T017,U06,direct,
3895.9,T019,U01,direct,
3896.2,T014,U05,relay,R01
3896.3,T025,U02,direct,
3896.4,T011,U07,direct,
3896.6,T007,U08,direct,
3896.6,T021,U03,relay,R02
3896.7,T023,U04,direct,
3896.9,T017,U06,direct,
3896.9,T019,U01,direct,
3897.2,T014,U05,relay,R01
3897.3,T025,U02,direct,
3897.4,T011,U07,direct,
3897.6,T007,U08,direct,
3897.6,T021,U03,relay,R02
3897.7,T023,U04,direct,
3897.9,T017,U06,direct,
3897.9,T019,U01,direct,
3898.2,T014,U05,relay,R01
3898.3,T025,U02,direct,
3898.4,T011,U07,direct,
3898.6,T007,U08,direct,
3898.6,T021,U03,relay,R02
3898.7,T023,U04,direct,
3898.9,T017,U06,direct,
3898.9,T019,U01,direct,
3899.2,T014,U05,relay,R01
3899.3,T025,U02,direct,
3899.4,T011,U07,direct,
3899.6,T007,U08,direct,
3899.6,T021,U03,relay,R02
3899.7,T023,U04,direct,
3899.9,T017,U06,direct,
3899.9,T019,U01,direct,
3900.2,T014,U05,relay,R01
3900.3,T025,U02,direct,
3900.4,T011,U07,direct,
3900.6,T007,U08,direct,
3900.6,T021,U03,relay,R02
3900.7,T023,U04,direct,
3900.9,T017,U06,direct,
3900.9,T019,U01,direct,
3901.2,T014,U05,relay,R01
3901.3,T025,U02,direct,
3901.4,T011,U07,direct,
3901.6,T007,U08,direct,
3901.6,T021,U03,relay,R02
3901.7,T023,U04,direct,
3901.9,T017,U06,direct,
3901.9,T019,U01,direct,
3902.2,T014,U05,relay,R01
3902.3,T025,U02,direct,
3902.4,T011,U07,direct,
3902.6,T007,U08,direct,
3902.6,T021,U03,relay,R02
3902.7,T023,U04,direct,
3902.9,T017,U06,direct,
3902.9,T019,U01,direct,
3903.2,T014,U05,relay,R01
3903.3,T025,U02,direct,
3903.4,T011,U07,direct,
3903.6,T007,U08,direct,
3903.6,T021,U03,relay,R02
3903.7,T023,U04,direct,
3903.9,T017,U06,direct,
3903.9,T019,U01,direct,
3904.2,T014,U05,relay,R01
3904.3,T025,U02,direct,
3904.4,T011,U07,direct,
3904.6,T007,U08,direct,
3904.6,T021,U03,relay,R02
3904.7,T023,U04,direct,
3904.9,T017,U06,direct,
3904.9,T019,U01,direct,
3905.2,T014,U05,relay,R01
3905.3,T025,U02,direct,
3905.4,T011,U07,direct,
3905.6,T007,U08,direct,
3905.6,T021,U03,relay,R02
3905.7,T023,U04,direct,
3905.9,T017,U06,direct,
3905.9,T019,U01,direct,
3906.2,T014,U05,relay,R01
3906.3,T025,U02,direct,
3906.4,T011,U07,direct,
3906.6,T007,U08,direct,
3906.6,T021,U03,relay,R02
3906.7,T023,U04,direct,
3906.9,T017,U06,direct,
3906.9,T019,U01,direct,
3907.2,T014,U05,relay,R01
3907.3,T025,U02,direct,
3907.4,T011,U07,direct,
3907.6,T007,U08,direct,
3907.6,T021,U03,relay,R02
3907.7,T023,U04,direct,
3907.9,T017,U06,direct,
3907.9,T019,U01,direct,
3908.2,T014,U05,relay,R01
3908.3,T025,U02,direct,
3908.4,T011,U07,direct,
3908.6,T007,U08,direct,
3908.6,T021,U03,relay,R02
3908.7,T023,U04,direct,
3908.9,T017,U06,direct,
3908.9,T019,U01,direct,
3909.2,T014,U05,relay,R01
3909.3,T025,U02,direct,
3909.4,T011,U07,direct,
3909.6,T007,U08,direct,
3909.6,T021,U03,relay,R02
3909.7,T023,U04,direct,
3909.9,T017,U06,direct,
3909.9,T019,U01,direct,
3910.2,T014,U05,relay,R01
3910.3,T025,U02,direct,
3910.4,T011,U07,direct,
3910.6,T007,U08,direct,
3910.6,T021,U03,relay,R02
3910.7,T023,U04,direct,
3910.9,T017,U06,direct,
3910.9,T019,U01,direct,
3911.2,T014,U05,relay,R01
3911.3,T025,U02,direct,
3911.4,T011,U07,direct,
3911.6,T007,U08,direct,
3911.6,T021,U03,relay,R02
3911.7,T023,U04,direct,
3911.9,T017,U06,direct,
3911.9,T019,U01,direct,
3912.2,T014,U05,relay,R01
3912.3,T025,U02,direct,
3912.4,T011,U07,direct,
3912.6,T007,U08,direct,
3912.6,T021,U03,relay,R02
3912.7,T023,U04,direct,
3912.9,T017,U06,direct,
3912.9,T019,U01,direct,
3913.2,T014,U05,relay,R01
3913.3,T025,U02,direct,
3913.4,T011,U07,direct,
3913.6,T007,U08,direct,
3913.6,T021,U03,relay,R02
3913.7,T023,U04,direct,
3913.9,T017,U06,direct,
3913.9,T019,U01,direct,
3914.2,T014,U05,relay,R01
3914.3,T025,U02,direct,
3914.4,T011,U07,direct,
3914.6,T007,U08,direct,
3914.6,T021,U03,relay,R02
3914.7,T023,U04,direct,
3914.9,T017,U06,direct,
3914.9,T019,U01,direct,
3915.2,T014,U05,relay,R01
3915.3,T025,U02,direct,
3915.4,T011,U07,direct,
3915.6,T007,U08,direct,
3915.6,T021,U03,relay,R02
3915.7,T023,U04,relay,R01
3915.9,T017,U06,direct,
3915.9,T019,U01,direct,
3916.2,T014,U05,relay,R01
3916.3,T025,U02,direct,
3916.4,T011,U07,direct,
3916.6,T007,U08,direct,
3916.6,T021,U03,relay,R02
3916.7,T023,U04,relay,R01
3916.9,T017,U06,direct,
3916.9,T019,U01,direct,
3917.2,T014,U05,relay,R01
3917.3,T025,U02,direct,
3917.4,T011,U07,direct,
3917.6,T007,U08,direct,
3917.6,T021,U03,relay,R02
3917.7,T023,U04,relay,R01
3917.9,T017,U06,direct,
3917.9,T019,U01,direct,
3918.2,T014,U05,relay,R01
3918.3,T025,U02,direct,
3918.4,T011,U07,direct,
3918.6,T007,U08,direct,
3918.6,T021,U03,relay,R02
3918.7,T023,U04,relay,R01
3918.9,T017,U06,direct,
3918.9,T019,U01,direct,
3919.2,T014,U05,relay,R01
3919.3,T025,U02,direct,
3919.4,T011,U07,direct,
3919.6,T007,U08,direct,
3919.6,T021,U03,relay,R02
3919.7,T023,U04,relay,R01
3919.9,T017,U06,direct,
3919.9,T019,U01,direct,
3920.2,T014,U05,relay,R01
3920.3,T025,U02,direct,
3920.4,T011,U07,direct,
3920.6,T007,U08,direct,
3920.6,T021,U03,relay,R02
3920.7,T023,U04,relay,R01
3920.9,T017,U06,direct,
3920.9,T019,U01,direct,
3921.2,T014,U05,relay,R01
3921.3,T025,U02,direct,
3921.4,T011,U07,direct,
3921.6,T007,U08,direct,
3921.6,T021,U03,relay,R02
3921.7,T023,U04,relay,R01
3921.9,T017,U06,direct,
3921.9,T019,U01,direct,
3922.2,T014,U05,relay,R01
3922.3,T025,U02,direct,
3922.4,T011,U07,direct,
3922.6,T007,U08,direct,
3922.6,T021,U03,relay,R02
3922.7,T023,U04,relay,R01
3922.9,T017,U06,direct,
3922.9,T019,U01,direct,
3923.2,T014,U05,relay,R01
3923.3,T025,U02,direct,
3923.4,T011,U07,direct,
3923.6,T007,U08,direct,
3923.6,T021,U03,relay,R02
3923.7,T023,U04,relay,R01
3923.9,T017,U06,direct,
3923.9,T019,U01,direct,
3924.2,T014,U05,relay,R01
3924.3,T025,U02,direct,
3924.4,T011,U07,direct,
3924.6,T007,U08,direct,
3924.6,T021,U03,relay,R02
3924.7,T023,U04,relay,R01
3924.9,T017,U06,direct,
3924.9,T019,U01,direct,
3925.2,T014,U05,relay,R01
3925.3,T025,U02,direct,
3925.4,T011,U07,direct,
3925.6,T007,U08,direct,
3925.6,T021,U03,relay,R02
3925.7,T023,U04,relay,R01
3925.9,T017,U06,direct,
3925.9,T019,U01,direct,
3926.2,T014,U05,relay,R01
3926.3,T025,U02,direct,
3926.4,T011,U07,direct,
3926.6,T007,U08,direct,
3926.6,T021,U03,relay,R02
3926.7,T023,U04,relay,R01
3926.9,T017,U06,direct,
3926.9,T019,U01,direct,
3927.2,T014,U05,relay,R01
3927.3,T025,U02,direct,
3927.4,T011,U07,direct,
3927.6,T007,U08,direct,
3927.6,T021,U03,relay,R02
3927.7,T023,U04,relay,R01
3927.9,T017,U06,direct,
3927.9,T019,U01,direct,
3928.2,T014,U05,relay,R01
3928.3,T025,U02,direct,
3928.4,T011,U07,direct,
3928.6,T007,U08,direct,
3928.6,T021,U03,relay,R02
3928.7,T023,U04,relay,R01
3928.9,T017,U06,direct,
3928.9,T019,U01,direct,
3929.2,T014,U05,relay,R01
3929.3,T025,U02,direct,
3929.4,T011,U07,direct,
3929.6,T007,U08,direct,
3929.6,T021,U03,relay,R02
3929.7,T023,U04,relay,R01
3929.9,T017,U06,direct,
3929.9,T019,U01,direct,
3930.2,T014,U05,relay,R01
3930.3,T025,U02,direct,
3930.4,T011,U07,direct,
3930.6,T007,U08,direct,
3930.6,T021,U03,relay,R02
3930.7,T023,U04,relay,R01
3930.9,T017,U06,direct,
3930.9,T019,U01,direct,
3931.2,T014,U05,relay,R01
3931.3,T025,U02,direct,
3931.4,T011,U07,direct,
3931.6,T007,U08,direct,
3931.6,T021,U03,relay,R02
3931.7,T023,U04,relay,R01
3931.9,T017,U06,direct,
3931.9,T019,U01,direct,
3932.2,T014,U05,relay,R01
3932.3,T025,U02,direct,
3932.4,T011,U07,direct,
3932.6,T007,U08,direct,
3932.6,T021,U03,relay,R02
3932.7,T023,U04,relay,R01
3932.9,T017,U06,direct,
3932.9,T019,U01,direct,
3933.2,T014,U05,relay,R01
3933.3,T025,U02,direct,
3933.4,T011,U07,direct,
3933.6,T007,U08,direct,
3933.6,T021,U03,relay,R02
3933.7,T023,U04,relay,R01
3933.9,T017,U06,direct,
3933.9,T019,U01,direct,
3934.2,T014,U05,relay,R01
3934.3,T025,U02,direct,
3934.4,T011,U07,direct,
3934.6,T007,U08,direct,
3934.6,T021,U03,relay,R02
3934.7,T023,U04,relay,R01
3934.9,T017,U06,direct,
3934.9,T019,U01,direct,
3935.2,T014,U05,relay,R01
3935.3,T025,U02,direct,
3935.4,T011,U07,direct,
3935.6,T007,U08,direct,
3935.6,T021,U03,relay,R02
3935.7,T023,U04,relay,R01
3935.9,T017,U06,direct,
3935.9,T019,U01,direct,
3936.2,T014,U05,relay,R01
3936.3,T025,U02,direct,
3936.4,T011,U07,direct,
3936.6,T007,U08,direct,
3936.6,T021,U03,relay,R02
3936.7,T023,U04,relay,R01
3936.9,T017,U06,direct,
3936.9,T019,U01,direct,
3937.2,T014,U05,relay,R01
3937.3,T025,U02,direct,
3937.4,T011,U07,direct,
3937.6,T007,U08,direct,
3937.6,T021,U03,relay,R02
3937.7,T023,U04,relay,R01
3937.9,T017,U06,direct,
3937.9,T019,U01,direct,
3938.2,T014,U05,relay,R01
3938.3,T025,U02,direct,
3938.4,T011,U07,direct,
3938.6,T007,U08,direct,
3938.6,T021,U03,relay,R02
3938.7,T023,U04,relay,R01
3938.9,T017,U06,direct,
3938.9,T019,U01,direct,
3939.2,T014,U05,relay,R01
3939.3,T025,U02,direct,
3939.4,T011,U07,direct,
3939.6,T007,U08,direct,
3939.6,T021,U03,relay,R02
3939.7,T023,U04,relay,R01
3939.9,T017,U06,direct,
3939.9,T019,U01,direct,
3940.2,T014,U05,relay,R01
3940.3,T025,U02,direct,
3940.4,T011,U07,direct,
3940.6,T007,U08,direct,
3940.6,T021,U03,relay,R02
3940.7,T023,U04,relay,R01
3940.9,T017,U06,direct,
3940.9,T019,U01,direct,
3941.2,T014,U05,relay,R01
3941.3,T025,U02,direct,
3941.4,T011,U07,direct,
3941.6,T007,U08,direct,
3941.6,T021,U03,relay,R02
3941.7,T023,U04,relay,R01
3941.9,T017,U06,direct,
3941.9,T019,U01,direct,
3942.2,T014,U05,relay,R01
3942.3,T025,U02,direct,
3942.4,T011,U07,direct,
3942.6,T007,U08,direct,
3942.6,T021,U03,relay,R02
3942.7,T023,U04,relay,R01
3942.9,T017,U06,direct,
3942.9,T019,U01,direct,
3943.2,T014,U05,relay,R01
3943.3,T025,U02,direct,
3943.4,T011,U07,direct,
3943.6,T007,U08,direct,
3943.6,T021,U03,relay,R02
3943.7,T023,U04,relay,R01
3943.9,T017,U06,direct,
3943.9,T019,U01,direct,
3944.2,T014,U05,relay,R01
3944.3,T025,U02,direct,
3944.4,T011,U07,direct,
3944.6,T007,U08,direct,
3944.6,T021,U03,relay,R02
3944.7,T023,U04,relay,R01
3944.9,T017,U06,direct,
3944.9,T019,U01,direct,
3945.2,T014,U05,relay,R01
3945.3,T025,U02,direct,
3945.4,T011,U07,direct,
3945.6,T007,U08,direct,
3945.6,T021,U03,relay,R02
3945.7,T023,U04,relay,R01
3945.9,T017,U06,direct,
3945.9,T019,U01,direct,
3946.2,T014,U05,relay,R01
3946.3,T025,U02,direct,
3946.4,T011,U07,direct,
3946.6,T007,U08,direct,
3946.6,T021,U03,relay,R02
3946.7,T023,U04,relay,R01
3946.9,T017,U06,direct,
3946.9,T019,U01,direct,
3947.2,T014,U05,relay,R01
3947.3,T025,U02,direct,
3947.4,T011,U07,direct,
3947.6,T007,U08,direct,
3947.6,T021,U03,relay,R02
3947.7,T023,U04,relay,R01
3947.9,T017,U06,direct,
3947.9,T019,U01,direct,
3948.2,T014,U05,relay,R01
3948.3,T025,U02,direct,
3948.4,T011,U07,direct,
3948.6,T007,U08,direct,
3948.6,T021,U03,relay,R02
3948.7,T023,U04,relay,R01
3948.9,T017,U06,direct,
3948.9,T019,U01,direct,
3949.2,T014,U05,relay,R01
3949.3,T025,U02,direct,
3949.4,T011,U07,direct,
3949.6,T007,U08,direct,
3949.6,T021,U03,relay,R02
3949.7,T023,U04,relay,R01
3949.9,T017,U06,direct,
3949.9,T019,U01,direct,
3950.2,T014,U05,relay,R01
3950.3,T025,U02,direct,
3950.4,T011,U07,direct,
3950.6,T007,U08,direct,
3950.6,T021,U03,relay,R02
3950.7,T023,U04,relay,R01
3950.9,T017,U06,direct,
3950.9,T019,U01,direct,
3951.2,T014,U05,relay,R01
3951.3,T025,U02,direct,
3951.4,T011,U07,direct,
3951.6,T007,U08,direct,
3951.6,T021,U03,relay,R02
3951.7,T023,U04,relay,R01
3951.9,T017,U06,direct,
3951.9,T019,U01,direct,
3952.2,T014,U05,relay,R01
3952.3,T025,U02,direct,
3952.4,T011,U07,direct,
3952.6,T007,U08,direct,
3952.6,T021,U03,relay,R02
3952.7,T023,U04,relay,R01
3952.9,T017,U06,direct,
3952.9,T019,U01,direct,
3953.2,T014,U05,relay,R01
3953.3,T025,U02,direct,
3953.4,T011,U07,direct,
3953.6,T007,U08,direct,
3953.6,T021,U03,relay,R02
3953.7,T023,U04,relay,R01
3953.9,T017,U06,direct,
3953.9,T019,U01,direct,
3954.2,T014,U05,relay,R01
3954.3,T025,U02,direct,
3954.4,T011,U07,direct,
3954.6,T007,U08,direct,
3954.6,T021,U03,relay,R02
3954.7,T023,U04,relay,R01
3954.9,T017,U06,direct,
3954.9,T019,U01,direct,
3955.2,T014,U05,relay,R01
3955.3,T025,U02,direct,
3955.4,T011,U07,direct,
3955.6,T007,U08,direct,
3955.6,T021,U03,relay,R02
3955.7,T023,U04,relay,R01
3955.9,T017,U06,direct,
3955.9,T019,U01,direct,
3956.2,T014,U05,relay,R01
3956.3,T025,U02,direct,
3956.4,T011,U07,direct,
3956.6,T007,U08,direct,
3956.6,T021,U03,relay,R02
3956.7,T023,U04,relay,R01
3956.9,T017,U06,direct,
3956.9,T019,U01,direct,
3957.2,T014,U05,relay,R01
3957.3,T025,U02,direct,
3957.4,T011,U07,relay,R01
3957.6,T007,U08,direct,
3957.6,T021,U03,relay,R02
3957.7,T023,U04,relay,R01
3957.9,T017,U06,direct,
3957.9,T019,U01,direct,
3958.2,T014,U05,relay,R01
3958.3,T025,U02,direct,
3958.4,T011,U07,relay,R01
3958.6,T007,U08,direct,
3958.6,T021,U03,relay,R02
3958.7,T023,U04,relay,R01
3958.9,T017,U06,direct,
3958.9,T019,U01,direct,
3959.2,T014,U05,relay,R01
3959.3,T025,U02,direct,
3959.4,T011,U07,relay,R01
3959.6,T007,U08,direct,
3959.6,T021,U03,relay,R02
3959.7,T023,U04,relay,R01
3959.9,T017,U06,direct,
3959.9,T019,U01,direct,
3960.2,T014,U05,relay,R01
3960.3,T025,U02,direct,
3960.4,T011,U07,relay,R01
3960.6,T007,U08,direct,
3960.6,T021,U03,relay,R02
3960.7,T023,U04,relay,R01
3960.9,T017,U06,direct,
3960.9,T019,U01,direct,
3961.2,T014,U05,relay,R01
3961.3,T025,U02,direct,
3961.4,T011,U07,relay,R01
3961.6,T007,U08,direct,
3961.6,T021,U03,relay,R02
3961.7,T023,U04,relay,R01
3961.9,T017,U06,direct,
3961.9,T019,U01,direct,
3962.2,T014,U05,relay,R01
3962.3,T025,U02,direct,
3962.4,T011,U07,relay,R01
3962.6,T007,U08,direct,
3962.6,T021,U03,relay,R02
3962.7,T023,U04,relay,R01
3962.9,T017,U06,direct,
3962.9,T019,U01,direct,
3963.2,T014,U05,relay,R01
3963.3,T025,U02,direct,
3963.4,T011,U07,relay,R01
3963.6,T007,U08,direct,
3963.6,T021,U03,relay,R02
3963.7,T023,U04,relay,R01
3963.9,T017,U06,direct,
3963.9,T019,U01,direct,
3964.2,T014,U05,relay,R01
3964.3,T025,U02,direct,
3964.4,T011,U07,relay,R01
3964.6,T007,U08,direct,
3964.6,T021,U03,relay,R02
3964.7,T023,U04,relay,R01
3964.9,T017,U06,direct,
3964.9,T019,U01,direct,
3965.2,T014,U05,relay,R01
3965.3,T025,U02,direct,
3965.4,T011,U07,relay,R01
3965.6,T007,U08,direct,
3965.6,T021,U03,relay,R02
3965.7,T023,U04,relay,R01
3965.9,T017,U06,direct,
3965.9,T019,U01,direct,
3966.2,T014,U05,relay,R01
3966.3,T025,U02,direct,
3966.4,T011,U07,relay,R01
3966.6,T007,U08,direct,
3966.6,T021,U03,relay,R02
3966.7,T023,U04,relay,R01
3966.9,T017,U06,direct,
3966.9,T019,U01,direct,
3967.2,T014,U05,relay,R01
3967.3,T025,U02,direct,
3967.4,T011,U07,relay,R01
3967.6,T007,U08,direct,
3967.6,T021,U03,relay,R02
3967.7,T023,U04,relay,R01
3967.9,T017,U06,direct,
3967.9,T019,U01,direct,
3968.2,T014,U05,relay,R01
3968.3,T025,U02,direct,
3968.4,T011,U07,relay,R01
3968.6,T007,U08,direct,
3968.6,T021,U03,relay,R02
3968.7,T023,U04,relay,R01
3968.9,T017,U06,direct,
3968.9,T019,U01,direct,
3969.2,T014,U05,relay,R01
3969.3,T025,U02,direct,
3969.4,T011,U07,relay,R01
3969.6,T007,U08,direct,
3969.6,T021,U03,relay,R02
3969.7,T023,U04,relay,R01
3969.9,T017,U06,direct,
3969.9,T019,U01,direct,
3970.2,T014,U05,relay,R01
3970.3,T025,U02,direct,
3970.4,T011,U07,relay,R01
3970.6,T007,U08,direct,
3970.6,T021,U03,relay,R02
3970.7,T023,U04,relay,R01
3970.9,T017,U06,direct,
3970.9,T019,U01,direct,
3971.2,T014,U05,relay,R01
3971.3,T025,U02,direct,
3971.4,T011,U07,relay,R01
3971.6,T007,U08,direct,
3971.6,T021,U03,relay,R02
3971.7,T023,U04,relay,R01
3971.9,T017,U06,direct,
3971.9,T019,U01,direct,
3972.2,T014,U05,relay,R01
3972.3,T025,U02,direct,
3972.4,T011,U07,relay,R01
3972.6,T007,U08,direct,
3972.6,T021,U03,relay,R02
3972.7,T023,U04,relay,R01
3972.9,T017,U06,direct,
3972.9,T019,U01,direct,
3973.2,T014,U05,relay,R01
3973.3,T025,U02,direct,
3973.4,T011,U07,relay,R01
3973.6,T007,U08,direct,
3973.6,T021,U03,relay,R02
3973.7,T023,U04,relay,R01
3973.9,T017,U06,direct,
3973.9,T019,U01,direct,
3974.2,T014,U05,relay,R01
3974.3,T025,U02,direct,
3974.4,T011,U07,relay,R01
3974.6,T007,U08,direct,
3974.6,T021,U03,relay,R02
3974.7,T023,U04,relay,R01
3974.9,T017,U06,direct,
3974.9,T019,U01,direct,
3975.2,T014,U05,relay,R01
3975.3,T025,U02,direct,
3975.4,T011,U07,relay,R01
3975.6,T007,U08,direct,
3975.6,T021,U03,relay,R02
3975.7,T023,U04,relay,R01
3975.9,T017,U06,direct,
3975.9,T019,U01,direct,
3976.2,T014,U05,relay,R01
3976.3,T025,U02,direct,
3976.4,T011,U07,relay,R01
3976.6,T007,U08,direct,
3976.6,T021,U03,relay,R02
3976.7,T023,U04,relay,R01
3976.9,T017,U06,direct,
3976.9,T019,U01,direct,
3977.2,T014,U05,relay,R01
3977.3,T025,U02,direct,
3977.4,T011,U07,relay,R01
3977.6,T007,U08,direct,
3977.6,T021,U03,relay,R02
3977.7,T023,U04,relay,R01
3977.9,T017,U06,direct,
3977.9,T019,U01,direct,
3978.2,T014,U05,relay,R01
3978.3,T025,U02,direct,
3978.4,T011,U07,relay,R01
3978.6,T007,U08,direct,
3978.6,T021,U03,relay,R02
3978.7,T023,U04,relay,R01
3978.9,T017,U06,direct,
3978.9,T019,U01,direct,
3979.2,T014,U05,relay,R01
3979.3,T025,U02,direct,
3979.4,T011,U07,relay,R01
3979.6,T007,U08,direct,
3979.6,T021,U03,relay,R02
3979.7,T023,U04,relay,R01
3979.9,T017,U06,direct,
3979.9,T019,U01,direct,
3980.2,T014,U05,relay,R01
3980.3,T025,U02,direct,
3980.4,T011,U07,relay,R01
3980.6,T007,U08,direct,
3980.6,T021,U03,relay,R02
3980.7,T023,U04,relay,R01
3980.9,T017,U06,direct,
3980.9,T019,U01,direct,
3981.2,T014,U05,relay,R01
3981.3,T025,U02,direct,
3981.4,T011,U07,relay,R01
3981.6,T007,U08,direct,
3981.6,T021,U03,relay,R02
3981.7,T023,U04,relay,R01
3981.9,T017,U06,direct,
3981.9,T019,U01,direct,
3982.2,T014,U05,relay,R01
3982.3,T025,U02,direct,
3982.4,T011,U07,relay,R01
3982.6,T007,U08,direct,
3982.6,T021,U03,relay,R02
3982.7,T023,U04,relay,R01
3982.9,T017,U06,direct,
3982.9,T019,U01,direct,
3983.2,T014,U05,relay,R01
3983.3,T025,U02,direct,
3983.4,T011,U07,relay,R01
3983.6,T007,U08,direct,
3983.6,T021,U03,relay,R02
3983.7,T023,U04,relay,R01
3983.9,T017,U06,direct,
3983.9,T019,U01,direct,
3984.2,T014,U05,relay,R01
3984.3,T025,U02,direct,
3984.4,T011,U07,relay,R01
3984.6,T007,U08,direct,
3984.6,T021,U03,relay,R02
3984.7,T023,U04,relay,R01
3984.9,T017,U06,direct,
3984.9,T019,U01,direct,
3985.2,T014,U05,relay,R01
3985.3,T025,U02,direct,
3985.4,T011,U07,relay,R01
3985.6,T007,U08,direct,
3985.6,T021,U03,relay,R02
3985.7,T023,U04,relay,R01
3985.9,T017,U06,direct,
3985.9,T019,U01,direct,
3986.2,T014,U05,relay,R01
3986.3,T025,U02,direct,
3986.4,T011,U07,relay,R01
3986.6,T007,U08,direct,
3986.6,T021,U03,relay,R02
3986.7,T023,U04,relay,R01
3986.9,T017,U06,direct,
3986.9,T019,U01,direct,
3987.2,T014,U05,relay,R01
3987.3,T025,U02,direct,
3987.4,T011,U07,relay,R01
3987.6,T007,U08,direct,
3987.6,T021,U03,relay,R02
3987.7,T023,U04,relay,R01
3987.9,T017,U06,direct,
3987.9,T019,U01,direct,
3988.2,T014,U05,relay,R01
3988.3,T025,U02,direct,
3988.4,T011,U07,relay,R01
3988.6,T007,U08,direct,
3988.6,T021,U03,relay,R02
3988.7,T023,U04,relay,R01
3988.9,T017,U06,direct,
3988.9,T019,U01,direct,
3989.2,T014,U05,relay,R01
3989.3,T025,U02,direct,
3989.4,T011,U07,relay,R01
3989.6,T007,U08,direct,
3989.6,T021,U03,relay,R02
3989.7,T023,U04,relay,R01
3989.9,T017,U06,direct,
3989.9,T019,U01,direct,
3990.2,T014,U05,relay,R01
3990.3,T025,U02,direct,
3990.4,T011,U07,relay,R01
3990.6,T007,U08,direct,
3990.6,T021,U03,relay,R02
3990.7,T023,U04,relay,R01
3990.9,T017,U06,direct,
3990.9,T019,U01,direct,
3991.2,T014,U05,relay,R01
3991.3,T025,U02,direct,
3991.4,T011,U07,relay,R01
3991.6,T007,U08,direct,
3991.6,T021,U03,relay,R02
3991.7,T023,U04,relay,R01
3991.9,T017,U06,direct,
3991.9,T019,U01,direct,
3992.2,T014,U05,relay,R01
3992.3,T025,U02,direct,
3992.4,T011,U07,relay,R01
3992.6,T007,U08,direct,
3992.6,T021,U03,relay,R02
3992.7,T023,U04,relay,R01
3992.9,T017,U06,direct,
3992.9,T019,U01,direct,
3993.2,T014,U05,relay,R01
3993.3,T025,U02,direct,
3993.4,T011,U07,relay,R01
3993.6,T007,U08,direct,
3993.6,T021,U03,relay,R02
3993.7,T023,U04,relay,R01
3993.9,T017,U06,direct,
3993.9,T019,U01,direct,
3994.2,T014,U05,relay,R01
3994.3,T025,U02,direct,
3994.4,T011,U07,relay,R01
3994.6,T007,U08,direct,
3994.6,T021,U03,relay,R02
3994.7,T023,U04,relay,R01
3994.9,T017,U06,direct,
3994.9,T019,U01,direct,
3995.2,T014,U05,relay,R01
3995.3,T025,U02,direct,
3995.4,T011,U07,relay,R01
3995.6,T007,U08,direct,
3995.6,T021,U03,relay,R02
3995.7,T023,U04,relay,R01
3995.9,T017,U06,direct,
3995.9,T019,U01,direct,
3996.2,T014,U05,relay,R01
3996.3,T025,U02,direct,
3996.4,T011,U07,relay,R01
3996.6,T007,U08,direct,
3996.6,T021,U03,relay,R02
3996.7,T023,U04,relay,R01
3996.9,T017,U06,direct,
3996.9,T019,U01,direct,
3997.2,T014,U05,relay,R01
3997.3,T025,U02,direct,
3997.4,T011,U07,relay,R01
3997.6,T007,U08,direct,
3997.6,T021,U03,relay,R02
3997.7,T023,U04,relay,R01
3997.9,T017,U06,direct,
3997.9,T019,U01,direct,
3998.2,T014,U05,relay,R01
3998.3,T025,U02,direct,
3998.4,T011,U07,relay,R01
3998.6,T007,U08,direct,
3998.6,T021,U03,relay,R02
3998.7,T023,U04,relay,R01
3998.9,T017,U06,direct,
3998.9,T019,U01,direct,
3999.2,T014,U05,relay,R01
3999.3,T025,U02,direct,
3999.4,T011,U07,relay,R01
3999.6,T007,U08,direct,
3999.6,T021,U03,relay,R02
3999.7,T023,U04,relay,R01
3999.9,T017,U06,direct,
3999.9,T019,U01,direct,
4000.2,T014,U05,relay,R01
4000.3,T025,U02,direct,
4000.4,T011,U07,relay,R01
4000.6,T007,U08,direct,
4000.6,T021,U03,relay,R02
4000.7,T023,U04,relay,R01
4000.9,T017,U06,direct,
4000.9,T019,U01,direct,
4001.2,T014,U05,relay,R01
4001.3,T025,U02,direct,
4001.4,T011,U07,relay,R01
4001.6,T007,U08,direct,
4001.6,T021,U03,relay,R02
4001.7,T023,U04,relay,R01
4001.9,T017,U06,direct,
4001.9,T019,U01,direct,
4002.2,T014,U05,relay,R01
4002.3,T025,U02,direct,
4002.4,T011,U07,relay,R01
4002.6,T007,U08,direct,
4002.6,T021,U03,relay,R02
4002.7,T023,U04,relay,R01
4002.9,T017,U06,direct,
4002.9,T019,U01,direct,
4003.2,T014,U05,relay,R01
4003.3,T025,U02,direct,
4003.4,T011,U07,relay,R01
4003.6,T007,U08,direct,
4003.6,T021,U03,relay,R02
4003.7,T023,U04,relay,R01
4003.9,T017,U06,direct,
4003.9,T019,U01,direct,
4004.2,T014,U05,relay,R01
4004.3,T025,U02,direct,
4004.4,T011,U07,relay,R01
4004.6,T007,U08,direct,
4004.6,T021,U03,relay,R02
4004.7,T023,U04,relay,R01
4004.9,T017,U06,direct,
4004.9,T019,U01,direct,
4005.2,T014,U05,relay,R01
4005.3,T025,U02,direct,
4005.4,T011,U07,relay,R01
4005.6,T007,U08,direct,
4005.6,T021,U03,relay,R02
4005.7,T023,U04,relay,R01
4005.9,T017,U06,direct,
4005.9,T019,U01,direct,
4006.2,T014,U05,relay,R01
4006.3,T025,U02,direct,
4006.4,T011,U07,relay,R01
4006.6,T007,U08,direct,
4006.6,T021,U03,relay,R02
4006.7,T023,U04,relay,R01
4006.9,T017,U06,direct,
4006.9,T019,U01,direct,
4007.2,T014,U05,relay,R01
4007.3,T025,U02,direct,
4007.4,T011,U07,relay,R01
4007.6,T007,U08,direct,
4007.6,T021,U03,relay,R02
4007.7,T023,U04,relay,R01
4007.9,T017,U06,direct,
4007.9,T019,U01,direct,
4008.2,T014,U05,relay,R01
4008.3,T025,U02,direct,
4008.4,T011,U07,relay,R01
4008.6,T007,U08,direct,
4008.6,T021,U03,relay,R02
4008.7,T023,U04,relay,R01
4008.9,T017,U06,direct,
4008.9,T019,U01,direct,
4009.2,T014,U05,relay,R01
4009.3,T025,U02,direct,
4009.4,T011,U07,relay,R01
4009.6,T007,U08,direct,
4009.6,T021,U03,relay,R02
4009.7,T023,U04,relay,R01
4009.9,T017,U06,direct,
4009.9,T019,U01,direct,
4010.2,T014,U05,relay,R01
4010.3,T025,U02,direct,
4010.4,T011,U07,relay,R01
4010.6,T007,U08,direct,
4010.6,T021,U03,relay,R02
4010.7,T023,U04,relay,R01
4010.9,T017,U06,direct,
4010.9,T019,U01,direct,
4011.2,T014,U05,relay,R01
4011.3,T025,U02,direct,
4011.4,T011,U07,relay,R01
4011.6,T007,U08,direct,
4011.6,T021,U03,relay,R02
4011.7,T023,U04,relay,R01
4011.9,T017,U06,direct,
4011.9,T019,U01,direct,
4012.2,T014,U05,relay,R01
4012.3,T025,U02,direct,
4012.4,T011,U07,relay,R01
4012.6,T007,U08,direct,
4012.6,T021,U03,relay,R02
4012.7,T023,U04,relay,R01
4012.9,T017,U06,direct,
4012.9,T019,U01,direct,
4013.2,T014,U05,relay,R01
4013.3,T025,U02,direct,
4013.4,T011,U07,relay,R01
4013.6,T007,U08,direct,
4013.6,T021,U03,relay,R02
4013.7,T023,U04,relay,R01
4013.9,T017,U06,direct,
4013.9,T019,U01,direct,
4014.2,T014,U05,relay,R01
4014.3,T025,U02,direct,
4014.4,T011,U07,relay,R01
4014.6,T007,U08,direct,
4014.6,T021,U03,relay,R02
4014.7,T023,U04,relay,R01
4014.9,T017,U06,direct,
4014.9,T019,U01,direct,
4015.2,T014,U05,relay,R01
4015.3,T025,U02,direct,
4015.4,T011,U07,relay,R01
4015.6,T021,U03,relay,R02
4015.7,T023,U04,relay,R01
4015.9,T017,U06,direct,
4015.9,T019,U01,direct,
4016.2,T014,U05,relay,R01
4016.3,T025,U02,direct,
4016.4,T011,U07,relay,R01
4016.6,T021,U03,relay,R02
4016.7,T023,U04,relay,R01
4016.9,T017,U06,direct,
4016.9,T019,U01,direct,
4017.2,T014,U05,relay,R01
4017.3,T025,U02,direct,
4017.4,T011,U07,relay,R01
4017.6,T021,U03,relay,R02
4017.7,T023,U04,relay,R01
4017.9,T017,U06,direct,
4017.9,T019,U01,direct,
4018.2,T014,U05,relay,R01
4018.3,T025,U02,direct,
4018.4,T011,U07,relay,R01
4018.6,T021,U03,relay,R02
4018.7,T023,U04,relay,R01
4018.9,T017,U06,direct,
4018.9,T019,U01,direct,
4019.2,T014,U05,relay,R01
4019.3,T025,U02,direct,
4019.4,T011,U07,relay,R01
4019.6,T021,U03,relay,R02
4019.7,T023,U04,relay,R01
4019.9,T017,U06,direct,
4019.9,T019,U01,direct,
4020.2,T014,U05,relay,R01
4020.3,T025,U02,direct,
4020.4,T011,U07,relay,R01
4020.6,T021,U03,relay,R02
4020.7,T023,U04,relay,R01
4020.9,T017,U06,direct,
4020.9,T019,U01,direct,
4021.2,T014,U05,relay,R01
4021.3,T025,U02,direct,
4021.4,T011,U07,relay,R01
4021.6,T021,U03,relay,R02
4021.7,T023,U04,relay,R01
4021.9,T017,U06,direct,
4021.9,T019,U01,direct,
4022.2,T014,U05,relay,R01
4022.3,T025,U02,direct,
4022.4,T011,U07,relay,R01
4022.6,T021,U03,relay,R02
4022.7,T023,U04,relay,R01
4022.9,T017,U06,direct,
4022.9,T019,U01,direct,
4023.2,T014,U05,relay,R01
4023.3,T025,U02,direct,
4023.4,T011,U07,relay,R01
4023.6,T021,U03,relay,R02
4023.7,T023,U04,relay,R01
4023.9,T017,U06,direct,
4023.9,T019,U01,direct,
4024.2,T014,U05,relay,R01
4024.3,T025,U02,direct,
4024.4,T011,U07,relay,R01
4024.6,T021,U03,relay,R02
4024.7,T023,U04,relay,R01
4024.9,T017,U06,direct,
4024.9,T019,U01,direct,
4025.2,T014,U05,relay,R01
4025.3,T025,U02,direct,
4025.4,T011,U07,relay,R01
4025.6,T021,U03,relay,R02
4025.7,T023,U04,relay,R01
4025.9,T017,U06,direct,
4025.9,T019,U01,direct,
4026.2,T014,U05,relay,R01
4026.3,T025,U02,direct,
4026.4,T011,U07,relay,R01
4026.6,T021,U03,relay,R02
4026.7,T023,U04,relay,R01
4026.9,T017,U06,direct,
4026.9,T019,U01,direct,
4027.2,T014,U05,relay,R01
4027.3,T025,U02,direct,
4027.4,T011,U07,relay,R01
4027.6,T021,U03,relay,R02
4027.7,T023,U04,relay,R01
4027.9,T017,U06,direct,
4027.9,T019,U01,direct,
4028.2,T014,U05,relay,R01
4028.3,T025,U02,direct,
4028.4,T011,U07,relay,R01
4028.6,T021,U03,relay,R02
4028.7,T023,U04,relay,R01
4028.9,T017,U06,direct,
4028.9,T019,U01,direct,
4029.2,T014,U05,relay,R01
4029.3,T025,U02,direct,
4029.4,T011,U07,relay,R01
4029.6,T021,U03,relay,R02
4029.7,T023,U04,relay,R01
4029.9,T017,U06,direct,
4029.9,T019,U01,direct,
4030.2,T014,U05,relay,R01
4030.3,T025,U02,direct,
4030.4,T011,U07,relay,R01
4030.6,T021,U03,relay,R02
4030.7,T023,U04,relay,R01
4030.9,T017,U06,direct,
4030.9,T019,U01,direct,
4031.2,T014,U05,relay,R01
4031.3,T025,U02,direct,
4031.4,T011,U07,relay,R01
4031.6,T021,U03,relay,R02
4031.7,T023,U04,relay,R01
4031.9,T017,U06,direct,
4031.9,T019,U01,direct,
4032.2,T014,U05,relay,R01
4032.3,T025,U02,direct,
4032.4,T011,U07,relay,R01
4032.6,T021,U03,relay,R02
4032.7,T023,U04,relay,R01
4032.9,T017,U06,direct,
4032.9,T019,U01,direct,
4033.2,T014,U05,relay,R01
4033.3,T025,U02,direct,
4033.4,T011,U07,relay,R01
4033.6,T021,U03,relay,R02
4033.7,T023,U04,relay,R01
4033.9,T017,U06,direct,
4033.9,T019,U01,direct,
4034.2,T014,U05,relay,R01
4034.3,T025,U02,direct,
4034.4,T011,U07,relay,R01
4034.6,T021,U03,relay,R02
4034.7,T023,U04,relay,R01
4034.9,T017,U06,direct,
4034.9,T019,U01,direct,
4035.2,T014,U05,relay,R01
4035.3,T025,U02,direct,
4035.4,T011,U07,relay,R01
4035.6,T021,U03,relay,R02
4035.7,T023,U04,relay,R01
4035.9,T017,U06,direct,
4035.9,T019,U01,direct,
4036.2,T014,U05,relay,R01
4036.3,T025,U02,direct,
4036.4,T011,U07,relay,R01
4036.6,T021,U03,relay,R02
4036.7,T023,U04,relay,R01
4036.9,T017,U06,direct,
4036.9,T019,U01,direct,
4037.2,T014,U05,relay,R01
4037.3,T025,U02,direct,
4037.4,T011,U07,relay,R01
4037.6,T021,U03,relay,R02
4037.7,T023,U04,relay,R01
4037.9,T017,U06,direct,
4037.9,T019,U01,direct,
4038.2,T014,U05,relay,R01
4038.3,T025,U02,direct,
4038.4,T011,U07,relay,R01
4038.6,T021,U03,relay,R02
4038.7,T023,U04,relay,R01
4038.9,T017,U06,direct,
4038.9,T019,U01,direct,
4039.2,T014,U05,relay,R01
4039.3,T025,U02,direct,
4039.4,T011,U07,relay,R01
4039.6,T021,U03,relay,R02
4039.7,T023,U04,relay,R01
4039.9,T017,U06,direct,
4039.9,T019,U01,direct,
4040.2,T014,U05,relay,R01
4040.3,T025,U02,direct,
4040.4,T011,U07,relay,R01
4040.6,T021,U03,relay,R02
4040.7,T023,U04,relay,R01
4040.9,T017,U06,direct,
4040.9,T019,U01,direct,
4041.2,T014,U05,relay,R01
4041.3,T025,U02,direct,
4041.4,T011,U07,relay,R01
4041.6,T021,U03,relay,R02
4041.7,T023,U04,relay,R01
4041.9,T017,U06,direct,
4041.9,T019,U01,direct,
4042.2,T014,U05,relay,R01
4042.3,T025,U02,direct,
4042.4,T011,U07,relay,R01
4042.6,T021,U03,relay,R02
4042.7,T023,U04,relay,R01
4042.9,T017,U06,direct,
4042.9,T019,U01,direct,
4043.2,T014,U05,relay,R01
4043.3,T025,U02,direct,
4043.4,T011,U07,relay,R01
4043.6,T021,U03,relay,R02
4043.7,T023,U04,relay,R01
4043.9,T017,U06,direct,
4043.9,T019,U01,direct,
4044.2,T014,U05,relay,R01
4044.3,T025,U02,direct,
4044.4,T011,U07,relay,R01
4044.6,T021,U03,relay,R02
4044.7,T023,U04,relay,R01
4044.9,T017,U06,direct,
4044.9,T019,U01,direct,
4045.2,T014,U05,relay,R01
4045.3,T025,U02,direct,
4045.4,T011,U07,relay,R01
4045.6,T021,U03,relay,R02
4045.7,T023,U04,relay,R01
4045.9,T017,U06,direct,
4045.9,T019,U01,direct,
4046.2,T014,U05,relay,R01
4046.3,T025,U02,direct,
4046.4,T011,U07,relay,R01
4046.6,T021,U03,relay,R02
4046.7,T023,U04,relay,R01
4046.9,T017,U06,direct,
4046.9,T019,U01,direct,
4047.2,T014,U05,relay,R01
4047.3,T025,U02,direct,
4047.4,T011,U07,relay,R01
4047.6,T021,U03,relay,R02
4047.7,T023,U04,relay,R01
4047.9,T017,U06,direct,
4047.9,T019,U01,direct,
4048.2,T014,U05,relay,R01
4048.3,T025,U02,direct,
4048.4,T011,U07,relay,R01
4048.6,T021,U03,relay,R02
4048.7,T023,U04,relay,R01
4048.9,T017,U06,direct,
4048.9,T019,U01,direct,
4049.2,T014,U05,relay,R01
4049.3,T025,U02,direct,
4049.4,T011,U07,relay,R01
4049.6,T021,U03,relay,R02
4049.7,T023,U04,relay,R01
4049.9,T017,U06,direct,
4049.9,T019,U01,direct,
4050.2,T014,U05,relay,R01
4050.3,T025,U02,direct,
4050.4,T011,U07,relay,R01
4050.6,T021,U03,relay,R02
4050.7,T023,U04,relay,R01
4050.9,T017,U06,direct,
4050.9,T019,U01,direct,
4051.2,T014,U05,relay,R01
4051.3,T025,U02,direct,
4051.4,T011,U07,relay,R01
4051.6,T021,U03,relay,R02
4051.7,T023,U04,relay,R01
4051.9,T017,U06,direct,
4051.9,T019,U01,direct,
4052.2,T014,U05,relay,R01
4052.3,T025,U02,direct,
4052.4,T011,U07,relay,R01
4052.6,T021,U03,relay,R02
4052.7,T023,U04,relay,R01
4052.9,T017,U06,direct,
4052.9,T019,U01,direct,
4053.2,T014,U05,relay,R01
4053.3,T025,U02,direct,
4053.4,T011,U07,relay,R01
4053.6,T021,U03,relay,R02
4053.7,T023,U04,relay,R01
4053.9,T017,U06,direct,
4053.9,T019,U01,direct,
4054.2,T014,U05,relay,R01
4054.3,T025,U02,direct,
4054.4,T011,U07,relay,R01
4054.6,T021,U03,relay,R02
4054.7,T023,U04,relay,R01
4054.9,T017,U06,direct,
4054.9,T019,U01,direct,
4055.2,T014,U05,relay,R01
4055.3,T025,U02,direct,
4055.4,T011,U07,relay,R01
4055.6,T021,U03,relay,R02
4055.7,T023,U04,relay,R01
4055.9,T017,U06,direct,
4055.9,T019,U01,direct,
4056.2,T014,U05,relay,R01
4056.3,T025,U02,direct,
4056.4,T011,U07,relay,R01
4056.6,T021,U03,relay,R02
4056.7,T023,U04,relay,R01
4056.9,T017,U06,direct,
4056.9,T019,U01,direct,
4057.2,T014,U05,relay,R01
4057.3,T025,U02,direct,
4057.4,T011,U07,relay,R01
4057.6,T021,U03,relay,R02
4057.7,T023,U04,relay,R01
4057.9,T017,U06,direct,
4057.9,T019,U01,direct,
4058.2,T014,U05,relay,R01
4058.3,T025,U02,direct,
4058.4,T011,U07,relay,R01
4058.6,T021,U03,relay,R02
4058.7,T023,U04,relay,R01
4058.9,T017,U06,direct,
4058.9,T019,U01,direct,
4059.2,T014,U05,relay,R01
4059.3,T025,U02,direct,
4059.4,T011,U07,relay,R01
4059.6,T021,U03,relay,R02
4059.7,T023,U04,relay,R01
4059.9,T017,U06,direct,
4059.9,T019,U01,direct,
4060.2,T014,U05,relay,R01
4060.3,T025,U02,direct,
4060.4,T011,U07,relay,R01
4060.6,T021,U03,relay,R02
4060.7,T023,U04,relay,R01
4060.9,T017,U06,direct,
4060.9,T019,U01,direct,
4061.2,T014,U05,relay,R01
4061.3,T025,U02,direct,
4061.4,T011,U07,relay,R01
4061.6,T021,U03,relay,R02
4061.7,T023,U04,relay,R01
4061.9,T017,U06,direct,
4061.9,T019,U01,direct,
4062.2,T014,U05,relay,R01
4062.3,T025,U02,direct,
4062.4,T011,U07,relay,R01
4062.6,T021,U03,relay,R02
4062.7,T023,U04,relay,R01
4062.9,T017,U06,direct,
4062.9,T019,U01,direct,
4063.2,T014,U05,relay,R01
4063.3,T025,U02,direct,
4063.4,T011,U07,relay,R01
4063.6,T021,U03,relay,R02
4063.7,T023,U04,relay,R01
4063.9,T017,U06,direct,
4063.9,T019,U01,direct,
4064.2,T014,U05,relay,R01
4064.3,T025,U02,direct,
4064.4,T011,U07,relay,R01
4064.6,T021,U03,relay,R02
4064.7,T023,U04,relay,R01
4064.9,T017,U06,direct,
4064.9,T019,U01,direct,
4065.2,T014,U05,relay,R01
4065.3,T025,U02,direct,
4065.4,T011,U07,relay,R01
4065.6,T021,U03,relay,R02
4065.7,T023,U04,relay,R01
4065.9,T017,U06,direct,
4065.9,T019,U01,direct,
4066.2,T014,U05,relay,R01
4066.3,T025,U02,direct,
4066.4,T011,U07,relay,R01
4066.6,T021,U03,relay,R02
4066.7,T023,U04,relay,R01
4066.9,T017,U06,direct,
4066.9,T019,U01,direct,
4067.2,T014,U05,relay,R01
4067.3,T025,U02,direct,
4067.4,T011,U07,relay,R01
4067.6,T021,U03,relay,R02
4067.7,T023,U04,relay,R01
4067.9,T017,U06,direct,
4067.9,T019,U01,direct,
4068.2,T014,U05,relay,R01
4068.3,T025,U02,direct,
4068.4,T011,U07,relay,R01
4068.6,T021,U03,relay,R02
4068.7,T023,U04,relay,R01
4068.9,T017,U06,direct,
4068.9,T019,U01,direct,
4069.2,T014,U05,relay,R01
4069.3,T025,U02,direct,
4069.4,T011,U07,relay,R01
4069.6,T021,U03,relay,R02
4069.7,T023,U04,relay,R01
4069.9,T017,U06,direct,
4069.9,T019,U01,direct,
4070.2,T014,U05,relay,R01
4070.3,T025,U02,direct,
4070.4,T011,U07,relay,R01
4070.6,T021,U03,relay,R02
4070.7,T023,U04,relay,R01
4070.9,T017,U06,direct,
4070.9,T019,U01,direct,
4071.2,T014,U05,relay,R01
4071.3,T025,U02,direct,
4071.4,T011,U07,relay,R01
4071.6,T021,U03,relay,R02
4071.7,T023,U04,relay,R01
4071.9,T017,U06,direct,
4071.9,T019,U01,direct,
4072.2,T014,U05,relay,R01
4072.3,T025,U02,direct,
4072.4,T011,U07,relay,R01
4072.6,T021,U03,relay,R02
4072.7,T023,U04,relay,R01
4072.9,T017,U06,direct,
4072.9,T019,U01,direct,
4073.2,T014,U05,relay,R01
4073.3,T025,U02,direct,
4073.4,T011,U07,relay,R01
4073.6,T021,U03,relay,R02
4073.7,T023,U04,relay,R01
4073.9,T017,U06,direct,
4073.9,T019,U01,direct,
4074.2,T014,U05,relay,R01
4074.3,T025,U02,direct,
4074.4,T011,U07,relay,R01
4074.6,T021,U03,relay,R02
4074.7,T023,U04,relay,R01
4074.9,T017,U06,direct,
4074.9,T019,U01,direct,
4075.2,T014,U05,relay,R01
4075.3,T025,U02,direct,
4075.4,T011,U07,relay,R01
4075.6,T021,U03,relay,R02
4075.7,T023,U04,relay,R01
4075.9,T017,U06,direct,
4075.9,T019,U01,direct,
4076.2,T014,U05,relay,R01
4076.3,T025,U02,direct,
4076.4,T011,U07,relay,R01
4076.6,T021,U03,relay,R02
4076.7,T023,U04,relay,R01
4076.9,T017,U06,direct,
4076.9,T019,U01,direct,
4077.2,T014,U05,relay,R01
4077.3,T025,U02,direct,
4077.4,T011,U07,relay,R01
4077.6,T021,U03,relay,R02
4077.7,T023,U04,relay,R01
4077.9,T017,U06,direct,
4077.9,T019,U01,direct,
4078.2,T014,U05,relay,R01
4078.3,T025,U02,direct,
4078.4,T011,U07,relay,R01
4078.6,T021,U03,relay,R02
4078.7,T023,U04,relay,R01
4078.9,T017,U06,direct,
4078.9,T019,U01,direct,
4079.2,T014,U05,relay,R01
4079.3,T025,U02,direct,
4079.4,T011,U07,relay,R01
4079.6,T021,U03,relay,R02
4079.7,T023,U04,relay,R01
4079.9,T017,U06,direct,
4079.9,T019,U01,direct,
4080.2,T014,U05,relay,R01
4080.3,T025,U02,direct,
4080.4,T011,U07,relay,R01
4080.6,T021,U03,relay,R02
4080.7,T023,U04,relay,R01
4080.9,T017,U06,direct,
4080.9,T019,U01,direct,
4081.2,T014,U05,relay,R01
4081.3,T025,U02,direct,
4081.4,T011,U07,relay,R01
4081.6,T021,U03,relay,R02
4081.7,T023,U04,relay,R01
4081.9,T017,U06,direct,
4081.9,T019,U01,direct,
4082.2,T014,U05,relay,R01
4082.3,T025,U02,direct,
4082.4,T011,U07,relay,R01
4082.6,T021,U03,relay,R02
4082.7,T023,U04,relay,R01
4082.9,T017,U06,direct,
4082.9,T019,U01,direct,
4083.2,T014,U05,relay,R01
4083.3,T025,U02,direct,
4083.4,T011,U07,relay,R01
4083.6,T021,U03,relay,R02
4083.7,T023,U04,relay,R01
4083.9,T017,U06,direct,
4083.9,T019,U01,direct,
4084.2,T014,U05,relay,R01
4084.3,T025,U02,direct,
4084.4,T011,U07,relay,R01
4084.6,T021,U03,relay,R02
4084.7,T023,U04,relay,R01
4084.9,T017,U06,direct,
4084.9,T019,U01,direct,
4085.2,T014,U05,relay,R01
4085.3,T025,U02,direct,
4085.4,T011,U07,relay,R01
4085.6,T021,U03,relay,R02
4085.7,T023,U04,relay,R01
4085.9,T017,U06,direct,
4085.9,T019,U01,direct,
4086.2,T014,U05,relay,R01
4086.3,T025,U02,direct,
4086.4,T011,U07,relay,R01
4086.6,T021,U03,relay,R02
4086.7,T023,U04,relay,R01
4086.9,T017,U06,direct,
4086.9,T019,U01,direct,
4087.2,T014,U05,relay,R01
4087.3,T025,U02,direct,
4087.4,T011,U07,relay,R01
4087.6,T021,U03,relay,R02
4087.7,T023,U04,relay,R01
4087.9,T017,U06,direct,
4087.9,T019,U01,direct,
4088.2,T014,U05,relay,R01
4088.3,T025,U02,direct,
4088.4,T011,U07,relay,R01
4088.6,T021,U03,relay,R02
4088.7,T023,U04,relay,R01
4088.9,T017,U06,direct,
4088.9,T019,U01,direct,
4089.2,T014,U05,relay,R01
4089.3,T025,U02,direct,
4089.4,T011,U07,relay,R01
4089.6,T021,U03,relay,R02
4089.7,T023,U04,relay,R01
4089.9,T017,U06,direct,
4089.9,T019,U01,direct,
4090.2,T014,U05,relay,R01
4090.3,T025,U02,direct,
4090.4,T011,U07,relay,R01
4090.6,T021,U03,relay,R02
4090.7,T023,U04,relay,R01
4090.9,T017,U06,direct,
4090.9,T019,U01,direct,
4091.2,T014,U05,relay,R01
4091.3,T025,U02,direct,
4091.4,T011,U07,relay,R01
4091.6,T021,U03,relay,R02
4091.7,T023,U04,relay,R01
4091.9,T017,U06,direct,
4091.9,T019,U01,direct,
4092.2,T014,U05,relay,R01
4092.3,T025,U02,direct,
4092.4,T011,U07,relay,R01
4092.6,T021,U03,relay,R02
4092.7,T023,U04,relay,R01
4092.9,T017,U06,direct,
4092.9,T019,U01,direct,
4093.2,T014,U05,relay,R01
4093.3,T025,U02,direct,
4093.4,T011,U07,relay,R01
4093.6,T021,U03,relay,R02
4093.7,T023,U04,relay,R01
4093.9,T017,U06,direct,
4093.9,T019,U01,direct,
4094.2,T014,U05,relay,R01
4094.3,T025,U02,direct,
4094.4,T011,U07,relay,R01
4094.6,T021,U03,relay,R02
4094.7,T023,U04,relay,R01
4094.9,T017,U06,direct,
4094.9,T019,U01,direct,
4095.2,T014,U05,relay,R01
4095.3,T025,U02,direct,
4095.4,T011,U07,relay,R01
4095.6,T021,U03,relay,R02
4095.7,T023,U04,relay,R01
4095.9,T017,U06,direct,
4095.9,T019,U01,direct,
4096.2,T014,U05,relay,R01
4096.3,T025,U02,direct,
4096.4,T011,U07,relay,R01
4096.6,T021,U03,relay,R02
4096.7,T023,U04,relay,R01
4096.9,T017,U06,direct,
4096.9,T019,U01,direct,
4097.2,T014,U05,relay,R01
4097.3,T025,U02,direct,
4097.4,T011,U07,relay,R01
4097.6,T021,U03,relay,R02
4097.7,T023,U04,relay,R01
4097.9,T017,U06,direct,
4097.9,T019,U01,direct,
4098.2,T014,U05,relay,R01
4098.3,T025,U02,direct,
4098.4,T011,U07,relay,R01
4098.6,T021,U03,relay,R02
4098.7,T023,U04,relay,R01
4098.9,T017,U06,direct,
4098.9,T019,U01,direct,
4099.2,T014,U05,relay,R01
4099.3,T025,U02,direct,
4099.4,T011,U07,relay,R01
4099.6,T021,U03,relay,R02
4099.7,T023,U04,relay,R01
4099.9,T017,U06,direct,
4099.9,T019,U01,direct,
4100.2,T014,U05,relay,R01
4100.3,T025,U02,direct,
4100.4,T011,U07,relay,R01
4100.6,T021,U03,relay,R02
4100.7,T023,U04,relay,R01
4100.9,T017,U06,direct,
4100.9,T019,U01,direct,
4101.2,T014,U05,relay,R01
4101.3,T025,U02,direct,
4101.4,T011,U07,relay,R01
4101.6,T021,U03,relay,R02
4101.7,T023,U04,relay,R01
4101.9,T017,U06,direct,
4101.9,T019,U01,direct,
4102.2,T014,U05,relay,R01
4102.3,T025,U02,direct,
4102.4,T011,U07,relay,R01
4102.6,T021,U03,relay,R02
4102.7,T023,U04,relay,R01
4102.9,T017,U06,direct,
4102.9,T019,U01,direct,
4103.2,T014,U05,relay,R01
4103.3,T025,U02,direct,
4103.4,T011,U07,relay,R01
4103.6,T021,U03,relay,R02
4103.7,T023,U04,relay,R01
4103.9,T017,U06,direct,
4103.9,T019,U01,direct,
4104.2,T014,U05,relay,R01
4104.3,T025,U02,direct,
4104.4,T011,U07,relay,R01
4104.6,T021,U03,relay,R02
4104.7,T023,U04,relay,R01
4104.9,T017,U06,direct,
4104.9,T019,U01,direct,
4105.2,T014,U05,relay,R01
4105.3,T025,U02,direct,
4105.4,T011,U07,relay,R01
4105.6,T021,U03,relay,R02
4105.7,T023,U04,relay,R01
4105.9,T017,U06,direct,
4105.9,T019,U01,direct,
4106.2,T014,U05,relay,R01
4106.3,T025,U02,direct,
4106.4,T011,U07,relay,R01
4106.6,T021,U03,relay,R02
4106.7,T023,U04,relay,R01
4106.9,T017,U06,direct,
4106.9,T019,U01,direct,
4107.2,T014,U05,relay,R01
4107.3,T025,U02,direct,
4107.4,T011,U07,relay,R01
4107.6,T021,U03,relay,R02
4107.7,T023,U04,relay,R01
4107.9,T017,U06,direct,
4107.9,T019,U01,direct,
4108.2,T014,U05,relay,R01
4108.3,T025,U02,direct,
4108.4,T011,U07,relay,R01
4108.6,T021,U03,relay,R02
4108.7,T023,U04,relay,R01
4108.9,T017,U06,direct,
4108.9,T019,U01,direct,
4109.2,T014,U05,relay,R01
4109.3,T025,U02,direct,
4109.4,T011,U07,relay,R01
4109.6,T021,U03,relay,R02
4109.7,T023,U04,relay,R01
4109.9,T017,U06,direct,
4109.9,T019,U01,direct,
4110.2,T014,U05,relay,R01
4110.3,T025,U02,direct,
4110.4,T011,U07,relay,R01
4110.6,T021,U03,relay,R02
4110.7,T023,U04,relay,R01
4110.9,T017,U06,direct,
4110.9,T019,U01,direct,
4111.2,T014,U05,relay,R01
4111.3,T025,U02,direct,
4111.4,T011,U07,relay,R01
4111.6,T021,U03,relay,R02
4111.7,T023,U04,relay,R01
4111.9,T017,U06,direct,
4111.9,T019,U01,direct,
4112.2,T014,U05,relay,R01
4112.3,T025,U02,direct,
4112.4,T011,U07,relay,R01
4112.6,T021,U03,relay,R02
4112.7,T023,U04,relay,R01
4112.9,T017,U06,direct,
4112.9,T019,U01,direct,
4113.2,T014,U05,relay,R01
4113.3,T025,U02,direct,
4113.4,T011,U07,relay,R01
4113.6,T021,U03,relay,R02
4113.7,T023,U04,relay,R01
4113.9,T017,U06,direct,
4113.9,T019,U01,direct,
4114.2,T014,U05,relay,R01
4114.3,T025,U02,direct,
4114.4,T011,U07,relay,R01
4114.6,T021,U03,relay,R02
4114.7,T023,U04,relay,R01
4114.9,T017,U06,direct,
4114.9,T019,U01,direct,
4115.2,T014,U05,relay,R01
4115.3,T025,U02,direct,
4115.4,T011,U07,relay,R01
4115.6,T021,U03,relay,R02
4115.7,T023,U04,relay,R01
4115.9,T017,U06,direct,
4115.9,T019,U01,direct,
4116.2,T014,U05,relay,R01
4116.3,T025,U02,direct,
4116.4,T011,U07,relay,R01
4116.6,T021,U03,relay,R02
4116.7,T023,U04,relay,R01
4116.9,T017,U06,direct,
4116.9,T019,U01,direct,
4117.2,T014,U05,relay,R01
4117.3,T025,U02,direct,
4117.4,T011,U07,relay,R01
4117.6,T021,U03,relay,R02
4117.7,T023,U04,relay,R01
4117.9,T017,U06,direct,
4117.9,T019,U01,direct,
4118.2,T014,U05,relay,R01
4118.3,T025,U02,direct,
4118.4,T011,U07,relay,R01
4118.6,T021,U03,relay,R02
4118.7,T023,U04,relay,R01
4118.9,T017,U06,direct,
4118.9,T019,U01,direct,
4119.2,T014,U05,relay,R01
4119.3,T025,U02,direct,
4119.4,T011,U07,relay,R01
4119.6,T021,U03,relay,R02
4119.7,T023,U04,relay,R01
4119.9,T017,U06,direct,
4119.9,T019,U01,direct,
4120.2,T014,U05,relay,R01
4120.3,T025,U02,direct,
4120.4,T011,U07,relay,R01
4120.6,T021,U03,relay,R02
4120.7,T023,U04,relay,R01
4120.9,T017,U06,direct,
4120.9,T019,U01,direct,
4121.2,T014,U05,relay,R01
4121.3,T025,U02,direct,
4121.4,T011,U07,relay,R01
4121.6,T021,U03,relay,R02
4121.7,T023,U04,relay,R01
4121.9,T017,U06,direct,
4121.9,T019,U01,direct,
4122.2,T014,U05,relay,R01
4122.3,T025,U02,direct,
4122.4,T011,U07,relay,R01
4122.6,T021,U03,relay,R02
4122.7,T023,U04,relay,R01
4122.9,T017,U06,direct,
4122.9,T019,U01,direct,
4123.2,T014,U05,relay,R01
4123.3,T025,U02,direct,
4123.4,T011,U07,relay,R01
4123.6,T021,U03,relay,R02
4123.7,T023,U04,relay,R01
4123.9,T017,U06,direct,
4123.9,T019,U01,direct,
4124.2,T014,U05,relay,R01
4124.3,T025,U02,direct,
4124.4,T011,U07,relay,R01
4124.6,T021,U03,relay,R02
4124.7,T023,U04,relay,R01
4124.9,T017,U06,direct,
4124.9,T019,U01,direct,
4125.2,T014,U05,relay,R01
4125.3,T025,U02,direct,
4125.4,T011,U07,relay,R01
4125.6,T021,U03,relay,R02
4125.7,T023,U04,relay,R01
4125.9,T017,U06,direct,
4125.9,T019,U01,direct,
4126.2,T014,U05,relay,R01
4126.3,T025,U02,direct,
4126.4,T011,U07,relay,R01
4126.6,T021,U03,relay,R02
4126.7,T023,U04,relay,R01
4126.9,T017,U06,direct,
4126.9,T019,U01,direct,
4127.2,T014,U05,relay,R01
4127.3,T025,U02,direct,
4127.4,T011,U07,relay,R01
4127.6,T021,U03,relay,R02
4127.7,T023,U04,relay,R01
4127.9,T017,U06,direct,
4127.9,T019,U01,direct,
4128.2,T014,U05,relay,R01
4128.3,T025,U02,direct,
4128.4,T011,U07,relay,R01
4128.6,T021,U03,relay,R02
4128.7,T023,U04,relay,R01
4128.9,T017,U06,direct,
4128.9,T019,U01,direct,
4129.2,T014,U05,relay,R01
4129.3,T025,U02,direct,
4129.4,T011,U07,relay,R01
4129.6,T021,U03,relay,R02
4129.7,T023,U04,relay,R01
4129.9,T017,U06,direct,
4129.9,T019,U01,direct,
4130.2,T014,U05,relay,R01
4130.3,T025,U02,direct,
4130.4,T011,U07,relay,R01
4130.6,T021,U03,relay,R02
4130.7,T023,U04,relay,R01
4130.9,T017,U06,direct,
4130.9,T019,U01,direct,
4131.2,T014,U05,relay,R01
4131.3,T025,U02,direct,
4131.4,T011,U07,relay,R01
4131.6,T021,U03,relay,R02
4131.7,T023,U04,relay,R01
4131.9,T017,U06,direct,
4131.9,T019,U01,direct,
4132.2,T014,U05,relay,R01
4132.3,T025,U02,direct,
4132.4,T011,U07,relay,R01
4132.6,T021,U03,relay,R02
4132.7,T023,U04,relay,R01
4132.9,T017,U06,direct,
4132.9,T019,U01,direct,
4133.2,T014,U05,relay,R01
4133.3,T025,U02,direct,
4133.4,T011,U07,relay,R01
4133.6,T021,U03,relay,R02
4133.7,T023,U04,relay,R01
4133.9,T017,U06,direct,
4133.9,T019,U01,direct,
4134.2,T014,U05,relay,R01
4134.3,T025,U02,direct,
4134.4,T011,U07,relay,R01
4134.6,T021,U03,relay,R02
4134.7,T023,U04,relay,R01
4134.9,T017,U06,direct,
4134.9,T019,U01,direct,
4135.2,T014,U05,relay,R01
4135.3,T025,U02,direct,
4135.4,T011,U07,relay,R01
4135.6,T021,U03,relay,R02
4135.7,T023,U04,relay,R01
4135.9,T017,U06,direct,
4135.9,T019,U01,direct,
4136.2,T014,U05,relay,R01
4136.3,T025,U02,direct,
4136.4,T011,U07,relay,R01
4136.6,T021,U03,relay,R02
4136.7,T023,U04,relay,R01
4136.9,T017,U06,direct,
4136.9,T019,U01,direct,
4137.2,T014,U05,relay,R01
4137.3,T025,U02,direct,
4137.4,T011,U07,relay,R01
4137.6,T021,U03,relay,R02
4137.7,T023,U04,relay,R01
4137.9,T017,U06,direct,
4137.9,T019,U01,direct,
4138.2,T014,U05,relay,R01
4138.3,T025,U02,direct,
4138.4,T011,U07,relay,R01
4138.6,T021,U03,relay,R02
4138.7,T023,U04,relay,R01
4138.9,T017,U06,direct,
4138.9,T019,U01,direct,
4139.2,T014,U05,relay,R01
4139.3,T025,U02,direct,
4139.4,T011,U07,relay,R01
4139.6,T021,U03,relay,R02
4139.7,T023,U04,relay,R01
4139.9,T017,U06,direct,
4139.9,T019,U01,direct,
4140.2,T014,U05,relay,R01
4140.3,T025,U02,direct,
4140.4,T011,U07,relay,R01
4140.6,T021,U03,relay,R02
4140.7,T023,U04,relay,R01
4140.9,T017,U06,direct,
4140.9,T019,U01,direct,
4141.2,T014,U05,relay,R01
4141.3,T025,U02,direct,
4141.4,T011,U07,relay,R01
4141.6,T021,U03,relay,R02
4141.7,T023,U04,relay,R01
4141.9,T017,U06,direct,
4141.9,T019,U01,direct,
4142.2,T014,U05,relay,R01
4142.3,T025,U02,direct,
4142.4,T011,U07,relay,R01
4142.6,T021,U03,relay,R02
4142.7,T023,U04,relay,R01
4142.9,T017,U06,direct,
4142.9,T019,U01,direct,
4143.2,T014,U05,relay,R01
4143.3,T025,U02,direct,
4143.4,T011,U07,relay,R01
4143.6,T021,U03,relay,R02
4143.7,T023,U04,relay,R01
4143.9,T017,U06,direct,
4143.9,T019,U01,direct,
4144.2,T014,U05,relay,R01
4144.3,T025,U02,direct,
4144.4,T011,U07,relay,R01
4144.6,T021,U03,relay,R02
4144.7,T023,U04,relay,R01
4144.9,T017,U06,direct,
4144.9,T019,U01,direct,
4145.2,T014,U05,relay,R01
4145.3,T025,U02,direct,
4145.4,T011,U07,relay,R01
4145.6,T021,U03,relay,R02
4145.7,T023,U04,relay,R01
4145.9,T017,U06,direct,
4145.9,T019,U01,direct,
4146.2,T014,U05,relay,R01
4146.3,T025,U02,direct,
4146.4,T011,U07,relay,R01
4146.6,T021,U03,relay,R02
4146.7,T023,U04,relay,R01
4146.9,T017,U06,direct,
4146.9,T019,U01,direct,
4147.2,T014,U05,relay,R01
4147.3,T025,U02,direct,
4147.4,T011,U07,relay,R01
4147.6,T021,U03,relay,R02
4147.7,T023,U04,relay,R01
4147.9,T017,U06,direct,
4147.9,T019,U01,direct,
4148.2,T014,U05,relay,R01
4148.3,T025,U02,direct,
4148.4,T011,U07,relay,R01
4148.6,T021,U03,relay,R02
4148.7,T023,U04,relay,R01
4148.9,T017,U06,relay,R02
4148.9,T019,U01,direct,
4149.2,T014,U05,relay,R01
4149.3,T025,U02,direct,
4149.4,T011,U07,relay,R01
4149.6,T021,U03,relay,R02
4149.7,T023,U04,relay,R01
4149.9,T017,U06,relay,R02
4149.9,T019,U01,direct,
4150.2,T014,U05,relay,R01
4150.3,T025,U02,direct,
4150.4,T011,U07,relay,R01
4150.6,T021,U03,relay,R02
4150.7,T023,U04,relay,R01
4150.9,T017,U06,relay,R02
4150.9,T019,U01,direct,
4151.2,T014,U05,relay,R01
4151.3,T025,U02,direct,
4151.4,T011,U07,relay,R01
4151.6,T021,U03,relay,R02
4151.7,T023,U04,relay,R01
4151.9,T017,U06,relay,R02
4151.9,T019,U01,direct,
4152.2,T014,U05,relay,R01
4152.3,T025,U02,direct,
4152.4,T011,U07,relay,R01
4152.6,T021,U03,relay,R02
4152.7,T023,U04,relay,R01
4152.9,T017,U06,relay,R02
4152.9,T019,U01,direct,
4153.2,T014,U05,relay,R01
4153.3,T025,U02,direct,
4153.4,T011,U07,relay,R01
4153.6,T021,U03,relay,R02
4153.7,T023,U04,relay,R01
4153.9,T017,U06,relay,R02
4153.9,T019,U01,direct,
4154.2,T014,U05,relay,R01
4154.3,T025,U02,direct,
4154.4,T011,U07,relay,R01
4154.6,T021,U03,relay,R02
4154.7,T023,U04,relay,R01
4154.9,T017,U06,relay,R02
4154.9,T019,U01,direct,
4155.2,T014,U05,relay,R01
4155.3,T025,U02,direct,
4155.4,T011,U07,relay,R01
4155.6,T021,U03,relay,R02
4155.7,T023,U04,relay,R01
4155.9,T017,U06,relay,R02
4155.9,T019,U01,direct,
4156.2,T014,U05,relay,R01
4156.3,T025,U02,direct,
4156.4,T011,U07,relay,R01
4156.6,T021,U03,relay,R02
4156.7,T023,U04,relay,R01
4156.9,T017,U06,relay,R02
4156.9,T019,U01,direct,
4157.2,T014,U05,relay,R01
4157.3,T025,U02,direct,
4157.4,T011,U07,relay,R01
4157.6,T021,U03,relay,R02
4157.7,T023,U04,relay,R01
4157.9,T017,U06,relay,R02
4157.9,T019,U01,direct,
4158.2,T014,U05,relay,R01
4158.3,T025,U02,direct,
4158.4,T011,U07,relay,R01
4158.6,T021,U03,relay,R02
4158.7,T023,U04,relay,R01
4158.9,T017,U06,relay,R02
4158.9,T019,U01,direct,
4159.2,T014,U05,relay,R01
4159.3,T025,U02,direct,
4159.4,T011,U07,relay,R01
4159.6,T021,U03,relay,R02
4159.7,T023,U04,relay,R01
4159.9,T017,U06,relay,R02
4159.9,T019,U01,direct,
4160.2,T014,U05,relay,R01
4160.3,T025,U02,direct,
4160.4,T011,U07,relay,R01
4160.6,T021,U03,relay,R02
4160.7,T023,U04,relay,R01
4160.9,T017,U06,relay,R02
4160.9,T019,U01,direct,
4161.2,T014,U05,relay,R01
4161.3,T025,U02,direct,
4161.4,T011,U07,relay,R01
4161.6,T021,U03,relay,R02
4161.7,T023,U04,relay,R01
4161.9,T017,U06,relay,R02
4161.9,T019,U01,direct,
4162.2,T014,U05,relay,R01
4162.3,T025,U02,direct,
4162.4,T011,U07,relay,R01
4162.6,T021,U03,relay,R02
4162.7,T023,U04,relay,R01
4162.9,T017,U06,relay,R02
4162.9,T019,U01,direct,
4163.2,T014,U05,relay,R01
4163.3,T025,U02,direct,
4163.4,T011,U07,relay,R01
4163.6,T021,U03,relay,R02
4163.7,T023,U04,relay,R01
4163.9,T017,U06,relay,R02
4163.9,T019,U01,direct,
4164.2,T014,U05,relay,R01
4164.3,T025,U02,direct,
4164.4,T011,U07,relay,R01
4164.6,T021,U03,relay,R02
4164.7,T023,U04,relay,R01
4164.9,T017,U06,relay,R02
4164.9,T019,U01,direct,
4165.2,T014,U05,relay,R01
4165.3,T025,U02,direct,
4165.4,T011,U07,relay,R01
4165.6,T021,U03,relay,R02
4165.7,T023,U04,relay,R01
4165.9,T017,U06,relay,R02
4165.9,T019,U01,direct,
4166.2,T014,U05,relay,R01
4166.3,T025,U02,direct,
4166.4,T011,U07,relay,R01
4166.6,T021,U03,relay,R02
4166.7,T023,U04,relay,R01
4166.9,T017,U06,relay,R02
4166.9,T019,U01,direct,
4167.2,T014,U05,relay,R01
4167.3,T025,U02,direct,
4167.4,T011,U07,relay,R01
4167.6,T021,U03,relay,R02
4167.7,T023,U04,relay,R01
4167.9,T017,U06,relay,R02
4167.9,T019,U01,direct,
4168.2,T014,U05,relay,R01
4168.3,T025,U02,direct,
4168.4,T011,U07,relay,R01
4168.6,T021,U03,relay,R02
4168.7,T023,U04,relay,R01
4168.9,T017,U06,relay,R02
4168.9,T019,U01,direct,
4169.2,T014,U05,relay,R01
4169.3,T025,U02,direct,
4169.4,T011,U07,relay,R01
4169.6,T021,U03,relay,R02
4169.7,T023,U04,relay,R01
4169.9,T017,U06,relay,R02
4169.9,T019,U01,direct,
4170.2,T014,U05,relay,R01
4170.3,T025,U02,direct,
4170.4,T011,U07,relay,R01
4170.6,T021,U03,relay,R02
4170.7,T023,U04,relay,R01
4170.9,T017,U06,relay,R02
4170.9,T019,U01,direct,
4171.2,T014,U05,relay,R01
4171.3,T025,U02,direct,
4171.4,T011,U07,relay,R01
4171.6,T021,U03,relay,R02
4171.7,T023,U04,relay,R01
4171.9,T017,U06,relay,R02
4171.9,T019,U01,direct,
4172.2,T014,U05,relay,R01
4172.3,T025,U02,direct,
4172.4,T011,U07,relay,R01
4172.6,T021,U03,relay,R02
4172.7,T023,U04,relay,R01
4172.9,T017,U06,relay,R02
4172.9,T019,U01,direct,
4173.2,T014,U05,relay,R01
4173.3,T025,U02,direct,
4173.4,T011,U07,relay,R01
4173.6,T021,U03,relay,R02
4173.7,T023,U04,relay,R01
4173.9,T017,U06,relay,R02
4173.9,T019,U01,direct,
4174.2,T014,U05,relay,R01
4174.3,T025,U02,direct,
4174.4,T011,U07,outage,
4174.6,T021,U03,relay,R02
4174.7,T023,U04,relay,R01
4174.9,T017,U06,relay,R02
4174.9,T019,U01,direct,
4175.2,T014,U05,relay,R01
4175.3,T025,U02,direct,
4175.4,T011,U07,outage,
4175.6,T021,U03,relay,R02
4175.7,T023,U04,relay,R01
4175.9,T017,U06,relay,R02
4175.9,T019,U01,direct,
4176.2,T014,U05,relay,R01
4176.3,T025,U02,direct,
4176.4,T011,U07,outage,
4176.6,T021,U03,relay,R02
4176.7,T023,U04,relay,R01
4176.9,T017,U06,relay,R02
4176.9,T019,U01,direct,
4177.2,T014,U05,relay,R01
4177.3,T025,U02,direct,
4177.4,T011,U07,outage,
4177.6,T021,U03,relay,R02
4177.7,T023,U04,relay,R01
4177.9,T017,U06,relay,R02
4177.9,T019,U01,direct,
4178.2,T014,U05,relay,R02
4178.3,T025,U02,direct,
4178.4,T011,U07,outage,
4178.6,T021,U03,relay,R02
4178.7,T023,U04,relay,R01
4178.9,T017,U06,relay,R02
4178.9,T019,U01,direct,
4179.2,T014,U05,relay,R02
4179.3,T025,U02,direct,
4179.4,T011,U07,outage,
4179.6,T021,U03,relay,R02
4179.7,T023,U04,relay,R01
4179.9,T017,U06,relay,R02
4179.9,T019,U01,direct,
4180.2,T014,U05,relay,R02
4180.3,T025,U02,direct,
4180.4,T011,U07,outage,
4180.6,T021,U03,relay,R02
4180.7,T023,U04,relay,R01
4180.9,T017,U06,relay,R02
4180.9,T019,U01,direct,
4181.2,T014,U05,relay,R02
4181.3,T025,U02,direct,
4181.4,T011,U07,outage,
4181.6,T021,U03,relay,R02
4181.7,T023,U04,relay,R01
4181.9,T017,U06,relay,R02
4181.9,T019,U01,direct,
4182.2,T014,U05,relay,R02
4182.3,T025,U02,relay,R01
4182.4,T011,U07,outage,
4182.6,T021,U03,relay,R02
4182.7,T023,U04,relay,R01
4182.9,T017,U06,relay,R02
4182.9,T019,U01,direct,
4183.2,T014,U05,relay,R02
4183.3,T025,U02,relay,R01
4183.4,T011,U07,outage,
4183.6,T021,U03,relay,R02
4183.7,T023,U04,relay,R01
4183.9,T017,U06,relay,R02
4183.9,T019,U01,direct,
4184.2,T014,U05,relay,R02
4184.3,T025,U02,relay,R01
4184.4,T011,U07,outage,
4184.6,T021,U03,relay,R02
4184.7,T023,U04,relay,R01
4184.9,T017,U06,relay,R02
4184.9,T019,U01,direct,
4185.2,T014,U05,relay,R02
4185.3,T025,U02,relay,R01
4185.4,T011,U07,outage,
4185.6,T021,U03,relay,R02
4185.7,T023,U04,relay,R01
4185.9,T017,U06,relay,R02
4185.9,T019,U01,direct,
4186.2,T014,U05,relay,R02
4186.3,T025,U02,relay,R01
4186.4,T011,U07,outage,
4186.6,T021,U03,relay,R02
4186.7,T023,U04,relay,R01
4186.9,T017,U06,relay,R02
4186.9,T019,U01,direct,
4187.2,T014,U05,relay,R02
4187.3,T025,U02,relay,R01
4187.4,T011,U07,outage,
4187.6,T021,U03,relay,R02
4187.7,T023,U04,relay,R01
4187.9,T017,U06,relay,R02
4187.9,T019,U01,direct,
4188.2,T014,U05,relay,R02
4188.3,T025,U02,relay,R01
4188.4,T011,U07,outage,
4188.6,T021,U03,relay,R02
4188.7,T023,U04,relay,R01
4188.9,T017,U06,relay,R02
4188.9,T019,U01,direct,
4189.2,T014,U05,relay,R02
4189.3,T025,U02,relay,R01
4189.4,T011,U07,outage,
4189.6,T021,U03,relay,R02
4189.7,T023,U04,relay,R01
4189.9,T017,U06,relay,R02
4189.9,T019,U01,direct,
4190.2,T014,U05,relay,R02
4190.3,T025,U02,relay,R01
4190.4,T011,U07,outage,
4190.6,T021,U03,relay,R02
4190.7,T023,U04,relay,R01
4190.9,T017,U06,relay,R02
4190.9,T019,U01,direct,
4191.2,T014,U05,relay,R02
4191.3,T025,U02,relay,R01
4191.4,T011,U07,outage,
4191.6,T021,U03,relay,R02
4191.7,T023,U04,relay,R01
4191.9,T017,U06,relay,R02
4191.9,T019,U01,direct,
4192.2,T014,U05,relay,R02
4192.3,T025,U02,relay,R01
4192.4,T011,U07,outage,
4192.6,T021,U03,relay,R02
4192.7,T023,U04,relay,R01
4192.9,T017,U06,relay,R02
4192.9,T019,U01,direct,
4193.2,T014,U05,relay,R02
4193.3,T025,U02,relay,R01
4193.4,T011,U07,outage,
4193.6,T021,U03,relay,R02
4193.7,T023,U04,relay,R01
4193.9,T017,U06,relay,R02
4193.9,T019,U01,direct,
4194.2,T014,U05,relay,R02
4194.3,T025,U02,relay,R01
4194.4,T011,U07,outage,
4194.6,T021,U03,relay,R02
4194.7,T023,U04,relay,R01
4194.9,T017,U06,relay,R02
4194.9,T019,U01,direct,
4195.2,T014,U05,relay,R02
4195.3,T025,U02,relay,R01
4195.4,T011,U07,outage,
4195.6,T021,U03,relay,R02
4195.7,T023,U04,relay,R01
4195.9,T017,U06,relay,R02
4195.9,T019,U01,direct,
4196.2,T014,U05,relay,R02
4196.3,T025,U02,relay,R01
4196.4,T011,U07,outage,
4196.6,T021,U03,relay,R02
4196.7,T023,U04,relay,R01
4196.9,T017,U06,relay,R02
4196.9,T019,U01,direct,
4197.2,T014,U05,relay,R02
4197.3,T025,U02,relay,R01
4197.4,T011,U07,outage,
4197.6,T021,U03,relay,R02
4197.7,T023,U04,relay,R01
4197.9,T017,U06,relay,R02
4197.9,T019,U01,direct,
4198.2,T014,U05,relay,R02
4198.3,T025,U02,relay,R01
4198.4,T011,U07,outage,
4198.6,T021,U03,relay,R02
4198.7,T023,U04,relay,R01
4198.9,T017,U06,relay,R02
4198.9,T019,U01,direct,
4199.2,T014,U05,relay,R02
4199.3,T025,U02,relay,R01
4199.4,T011,U07,outage,
4199.6,T021,U03,relay,R02
4199.7,T023,U04,relay,R01
4199.9,T017,U06,relay,R02
4199.9,T019,U01,direct,
4200.2,T014,U05,relay,R02
4200.3,T025,U02,relay,R01
4200.4,T011,U07,outage,
4200.6,T021,U03,relay,R02
4200.7,T023,U04,relay,R01
4200.9,T017,U06,relay,R02
4200.9,T019,U01,direct,
4201.2,T014,U05,relay,R02
4201.3,T025,U02,relay,R01
4201.4,T011,U07,outage,
4201.6,T021,U03,relay,R02
4201.7,T023,U04,relay,R01
4201.9,T017,U06,relay,R02
4201.9,T019,U01,direct,
4202.2,T014,U05,relay,R02
4202.3,T025,U02,relay,R01
4202.4,T011,U07,outage,
4202.6,T021,U03,relay,R02
4202.7,T023,U04,relay,R01
4202.9,T017,U06,relay,R02
4202.9,T019,U01,direct,
4203.2,T014,U05,relay,R02
4203.3,T025,U02,relay,R01
4203.4,T011,U07,outage,
4203.6,T021,U03,relay,R02
4203.7,T023,U04,relay,R01
4203.9,T017,U06,relay,R02
4203.9,T019,U01,direct,
4204.2,T014,U05,relay,R02
4204.3,T025,U02,relay,R01
4204.4,T011,U07,outage,
4204.6,T021,U03,relay,R02
4204.7,T023,U04,relay,R01
4204.9,T017,U06,relay,R02
4204.9,T019,U01,direct,
4205.2,T014,U05,relay,R02
4205.3,T025,U02,relay,R01
4205.4,T011,U07,outage,
4205.6,T021,U03,relay,R02
4205.7,T023,U04,relay,R01
4205.9,T017,U06,relay,R02
4205.9,T019,U01,direct,
4206.2,T014,U05,relay,R02
4206.3,T025,U02,relay,R01
4206.4,T011,U07,outage,
4206.6,T021,U03,relay,R02
4206.7,T023,U04,relay,R01
4206.9,T017,U06,relay,R02
4206.9,T019,U01,direct,
4207.2,T014,U05,relay,R02
4207.3,T025,U02,relay,R01
4207.4,T011,U07,outage,
4207.6,T021,U03,relay,R02
4207.7,T023,U04,relay,R01
4207.9,T017,U06,relay,R02
4207.9,T019,U01,direct,
4208.2,T014,U05,relay,R02
4208.3,T025,U02,relay,R01
4208.4,T011,U07,outage,
4208.6,T021,U03,relay,R02
4208.7,T023,U04,relay,R01
4208.9,T017,U06,relay,R02
4208.9,T019,U01,direct,
4209.2,T014,U05,relay,R02
4209.3,T025,U02,relay,R01
4209.4,T011,U07,outage,
4209.6,T021,U03,relay,R02
4209.7,T023,U04,relay,R01
4209.9,T017,U06,relay,R02
4209.9,T019,U01,direct,
4210.2,T014,U05,relay,R02
4210.3,T025,U02,relay,R01
4210.4,T011,U07,outage,
4210.6,T021,U03,relay,R02
4210.7,T023,U04,relay,R01
4210.9,T017,U06,relay,R02
4210.9,T019,U01,direct,
4211.2,T014,U05,relay,R02
4211.3,T025,U02,relay,R01
4211.4,T011,U07,outage,
4211.6,T021,U03,relay,R02
4211.7,T023,U04,relay,R01
4211.9,T017,U06,relay,R02
4211.9,T019,U01,direct,
4212.2,T014,U05,relay,R02
4212.3,T025,U02,relay,R01
4212.4,T011,U07,outage,
4212.6,T021,U03,relay,R02
4212.7,T023,U04,relay,R01
4212.9,T017,U06,relay,R02
4212.9,T019,U01,direct,
4213.2,T014,U05,relay,R02
4213.3,T025,U02,relay,R01
4213.4,T011,U07,outage,
4213.6,T021,U03,relay,R02
4213.7,T023,U04,relay,R01
4213.9,T017,U06,relay,R02
4213.9,T019,U01,direct,
4214.2,T014,U05,relay,R02
4214.3,T025,U02,relay,R01
4214.4,T011,U07,outage,
4214.6,T021,U03,relay,R02
4214.7,T023,U04,relay,R01
4214.9,T017,U06,relay,R02
4214.9,T019,U01,direct,
4215.2,T014,U05,relay,R02
4215.3,T025,U02,relay,R01
4215.4,T011,U07,outage,
4215.6,T021,U03,relay,R02
4215.7,T023,U04,relay,R01
4215.9,T017,U06,relay,R02
4215.9,T019,U01,direct,
4216.2,T014,U05,relay,R02
4216.3,T025,U02,relay,R01
4216.4,T011,U07,outage,
4216.6,T021,U03,relay,R02
4216.7,T023,U04,relay,R01
4216.9,T017,U06,relay,R02
4216.9,T019,U01,direct,
4217.2,T014,U05,relay,R02
4217.3,T025,U02,relay,R01
4217.4,T011,U07,outage,
4217.6,T021,U03,relay,R02
4217.7,T023,U04,relay,R01
4217.9,T017,U06,relay,R02
4217.9,T019,U01,direct,
4218.2,T014,U05,relay,R02
4218.3,T025,U02,relay,R01
4218.4,T011,U07,outage,
4218.6,T021,U03,relay,R02
4218.7,T023,U04,relay,R01
4218.9,T017,U06,relay,R02
4218.9,T019,U01,direct,
4219.2,T014,U05,relay,R02
4219.3,T025,U02,relay,R01
4219.4,T011,U07,outage,
4219.6,T021,U03,relay,R02
4219.7,T023,U04,relay,R01
4219.9,T017,U06,relay,R02
4219.9,T019,U01,direct,
4220.2,T014,U05,relay,R02
4220.3,T025,U02,relay,R01
4220.4,T011,U07,outage,
4220.6,T021,U03,relay,R02
4220.7,T023,U04,relay,R01
4220.9,T017,U06,relay,R02
4220.9,T019,U01,direct,
4221.2,T014,U05,relay,R02
4221.3,T025,U02,relay,R01
4221.4,T011,U07,outage,
4221.6,T021,U03,relay,R02
4221.7,T023,U04,relay,R01
4221.9,T017,U06,relay,R02
4221.9,T019,U01,direct,
4222.2,T014,U05,relay,R02
4222.3,T025,U02,relay,R01
4222.4,T011,U07,outage,
4222.6,T021,U03,relay,R02
4222.7,T023,U04,relay,R01
4222.9,T017,U06,relay,R02
4222.9,T019,U01,direct,
4223.2,T014,U05,relay,R02
4223.3,T025,U02,relay,R01
4223.4,T011,U07,outage,
4223.6,T021,U03,relay,R02
4223.7,T023,U04,relay,R01
4223.9,T017,U06,relay,R02
4223.9,T019,U01,direct,
4224.2,T014,U05,relay,R02
4224.3,T025,U02,relay,R01
4224.4,T011,U07,outage,
4224.6,T021,U03,relay,R02
4224.7,T023,U04,relay,R01
4224.9,T017,U06,relay,R02
4224.9,T019,U01,direct,
4225.2,T014,U05,relay,R02
4225.3,T025,U02,relay,R01
4225.4,T011,U07,outage,
4225.6,T021,U03,relay,R02
4225.7,T023,U04,relay,R01
4225.9,T017,U06,relay,R02
4225.9,T019,U01,direct,
4226.2,T014,U05,relay,R02
4226.3,T025,U02,relay,R01
4226.4,T011,U07,outage,
4226.6,T021,U03,relay,R02
4226.7,T023,U04,relay,R01
4226.9,T017,U06,relay,R02
4226.9,T019,U01,direct,
4227.2,T014,U05,relay,R02
4227.3,T025,U02,relay,R01
4227.4,T011,U07,outage,
4227.6,T021,U03,relay,R02
4227.7,T023,U04,relay,R01
4227.9,T017,U06,relay,R02
4227.9,T019,U01,direct,
4228.2,T014,U05,relay,R02
4228.3,T025,U02,relay,R01
4228.4,T011,U07,outage,
4228.6,T021,U03,relay,R02
4228.7,T023,U04,relay,R01
4228.9,T017,U06,relay,R02
4228.9,T019,U01,direct,
4229.2,T014,U05,relay,R02
4229.3,T025,U02,relay,R01
4229.4,T011,U07,outage,
4229.6,T021,U03,relay,R02
4229.7,T023,U04,relay,R01
4229.9,T017,U06,relay,R02
4229.9,T019,U01,direct,
4230.2,T014,U05,relay,R02
4230.3,T025,U02,relay,R01
4230.4,T011,U07,outage,
4230.6,T021,U03,relay,R02
4230.7,T023,U04,relay,R01
4230.9,T017,U06,relay,R02
4230.9,T019,U01,direct,
4231.2,T014,U05,relay,R02
4231.3,T025,U02,relay,R01
4231.4,T011,U07,outage,
4231.6,T021,U03,relay,R02
4231.7,T023,U04,relay,R01
4231.9,T017,U06,relay,R02
4231.9,T019,U01,direct,
4232.2,T014,U05,relay,R02
4232.3,T025,U02,relay,R01
4232.4,T011,U07,outage,
4232.6,T021,U03,relay,R02
4232.7,T023,U04,relay,R01
4232.9,T017,U06,relay,R02
4232.9,T019,U01,direct,
4233.2,T014,U05,relay,R02
4233.3,T025,U02,relay,R01
4233.4,T011,U07,outage,
4233.6,T021,U03,relay,R02
4233.7,T023,U04,relay,R01
4233.9,T017,U06,relay,R02
4233.9,T019,U01,direct,
4234.2,T014,U05,relay,R02
4234.3,T025,U02,relay,R01
4234.4,T011,U07,outage,
4234.6,T021,U03,relay,R02
4234.7,T023,U04,relay,R01
4234.9,T017,U06,relay,R02
4234.9,T019,U01,direct,
4235.2,T014,U05,relay,R02
4235.3,T025,U02,relay,R01
4235.4,T011,U07,outage,
4235.6,T021,U03,relay,R02
4235.7,T023,U04,relay,R01
4235.9,T017,U06,relay,R02
4235.9,T019,U01,direct,
4236.2,T014,U05,relay,R02
4236.3,T025,U02,relay,R01
4236.4,T011,U07,outage,
4236.6,T021,U03,relay,R02
4236.7,T023,U04,relay,R01
4236.9,T017,U06,relay,R02
4236.9,T019,U01,direct,
4237.2,T014,U05,relay,R02
4237.3,T025,U02,relay,R01
4237.4,T011,U07,outage,
4237.6,T021,U03,relay,R02
4237.7,T023,U04,relay,R01
4237.9,T017,U06,relay,R02
4237.9,T019,U01,direct,
4238.2,T014,U05,relay,R02
4238.3,T025,U02,relay,R01
4238.4,T011,U07,outage,
4238.6,T021,U03,relay,R02
4238.7,T023,U04,relay,R01
4238.9,T017,U06,relay,R02
4238.9,T019,U01,direct,
4239.2,T014,U05,relay,R02
4239.3,T025,U02,relay,R01
4239.4,T011,U07,outage,
4239.6,T021,U03,relay,R02
4239.7,T023,U04,relay,R01
4239.9,T017,U06,relay,R02
4240.2,T014,U05,relay,R02
4240.3,T025,U02,relay,R01
4240.4,T011,U07,outage,
4240.6,T021,U03,relay,R02
4240.7,T023,U04,relay,R01
4240.9,T017,U06,relay,R02
4241.2,T014,U05,relay,R02
4241.3,T025,U02,relay,R01
4241.4,T011,U07,outage,
4241.6,T021,U03,relay,R02
4241.7,T023,U04,relay,R01
4241.9,T017,U06,relay,R02
4242.2,T014,U05,relay,R02
4242.3,T025,U02,relay,R01
4242.4,T011,U07,outage,
4242.6,T021,U03,relay,R02
4242.7,T023,U04,relay,R01
4242.9,T017,U06,relay,R02
4243.2,T014,U05,relay,R02
4243.3,T025,U02,relay,R01
4243.4,T011,U07,outage,
4243.6,T021,U03,relay,R02
4243.7,T023,U04,relay,R01
4243.9,T017,U06,relay,R02
4244.2,T014,U05,relay,R02
4244.3,T025,U02,relay,R01
4244.4,T011,U07,outage,
4244.6,T021,U03,relay,R02
4244.7,T023,U04,relay,R01
4244.9,T017,U06,relay,R02
4245.2,T014,U05,relay,R02
4245.3,T025,U02,relay,R01
4245.4,T011,U07,outage,
4245.6,T021,U03,relay,R02
4245.7,T023,U04,relay,R01
4245.9,T017,U06,relay,R01
4246.2,T014,U05,relay,R02
4246.3,T025,U02,relay,R01
4246.4,T011,U07,outage,
4246.6,T021,U03,relay,R02
4246.7,T023,U04,relay,R01
4246.9,T017,U06,relay,R01
4247.2,T014,U05,relay,R02
4247.3,T025,U02,relay,R01
4247.4,T011,U07,outage,
4247.6,T021,U03,relay,R02
4247.7,T023,U04,relay,R01
4247.9,T017,U06,relay,R01
4248.2,T014,U05,relay,R02
4248.3,T025,U02,relay,R01
4248.4,T011,U07,outage,
4248.6,T021,U03,relay,R02
4248.7,T023,U04,relay,R01
4248.9,T017,U06,relay,R01
4249.2,T014,U05,relay,R02
4249.3,T025,U02,relay,R01
4249.4,T011,U07,outage,
4249.6,T021,U03,relay,R02
4249.7,T023,U04,relay,R01
4249.9,T017,U06,relay,R01
4250.2,T014,U05,relay,R02
4250.3,T025,U02,relay,R01
4250.4,T011,U07,outage,
4250.6,T021,U03,relay,R02
4250.7,T023,U04,relay,R01
4250.9,T017,U06,relay,R01
4251.2,T014,U05,relay,R02
4251.3,T025,U02,relay,R01
4251.4,T011,U07,outage,
4251.6,T021,U03,relay,R02
4251.7,T023,U04,relay,R01
4251.9,T017,U06,relay,R01
4252.2,T014,U05,relay,R02
4252.3,T025,U02,relay,R01
4252.4,T011,U07,outage,
4252.6,T021,U03,relay,R02
4252.7,T023,U04,relay,R01
4252.9,T017,U06,relay,R01
4253.2,T014,U05,relay,R02
4253.3,T025,U02,relay,R01
4253.4,T011,U07,outage,
4253.6,T021,U03,relay,R02
4253.7,T023,U04,relay,R01
4253.9,T017,U06,relay,R01
4254.2,T014,U05,relay,R02
4254.3,T025,U02,relay,R01
4254.4,T011,U07,outage,
4254.6,T021,U03,relay,R02
4254.7,T023,U04,relay,R01
4254.9,T017,U06,relay,R01
4255.2,T014,U05,relay,R02
4255.3,T025,U02,relay,R01
4255.4,T011,U07,outage,
4255.6,T021,U03,relay,R02
4255.7,T023,U04,relay,R01
4255.9,T017,U06,relay,R01
4256.2,T014,U05,relay,R02
4256.3,T025,U02,relay,R01
4256.4,T011,U07,outage,
4256.6,T021,U03,relay,R02
4256.7,T023,U04,relay,R01
4256.9,T017,U06,relay,R01
4257.2,T014,U05,relay,R02
4257.3,T025,U02,relay,R01
4257.4,T011,U07,outage,
4257.6,T021,U03,relay,R02
4257.7,T023,U04,relay,R01
4257.9,T017,U06,relay,R01
4258.2,T014,U05,relay,R02
4258.3,T025,U02,relay,R01
4258.4,T011,U07,outage,
4258.6,T021,U03,relay,R02
4258.7,T023,U04,relay,R01
4258.9,T017,U06,relay,R01
4259.2,T014,U05,relay,R02
4259.3,T025,U02,relay,R01
4259.4,T011,U07,outage,
4259.6,T021,U03,relay,R02
4259.7,T023,U04,relay,R01
4259.9,T017,U06,relay,R01
4260.2,T014,U05,relay,R02
4260.3,T025,U02,relay,R01
4260.4,T011,U07,outage,
4260.6,T021,U03,relay,R02
4260.7,T023,U04,relay,R01
4260.9,T017,U06,relay,R01
4261.2,T014,U05,relay,R02
4261.3,T025,U02,relay,R01
4261.4,T011,U07,outage,
4261.6,T021,U03,relay,R02
4261.7,T023,U04,relay,R01
4261.9,T017,U06,relay,R01
4262.2,T014,U05,relay,R02
4262.3,T025,U02,relay,R01
4262.4,T011,U07,outage,
4262.6,T021,U03,relay,R02
4262.7,T023,U04,relay,R01
4262.9,T017,U06,relay,R01
4263.2,T014,U05,relay,R02
4263.3,T025,U02,relay,R01
4263.4,T011,U07,outage,
4263.6,T021,U03,relay,R02
4263.7,T023,U04,relay,R01
4263.9,T017,U06,relay,R01
4264.2,T014,U05,relay,R02
4264.3,T025,U02,relay,R01
4264.4,T011,U07,outage,
4264.6,T021,U03,relay,R02
4264.7,T023,U04,relay,R01
4264.9,T017,U06,relay,R01
4265.2,T014,U05,relay,R02
4265.3,T025,U02,relay,R01
4265.4,T011,U07,outage,
4265.6,T021,U03,relay,R02
4265.7,T023,U04,relay,R01
4265.9,T017,U06,relay,R01
4266.2,T014,U05,relay,R02
4266.3,T025,U02,relay,R01
4266.4,T011,U07,outage,
4266.6,T021,U03,relay,R02
4266.7,T023,U04,relay,R01
4266.9,T017,U06,relay,R01
4267.2,T014,U05,relay,R02
4267.3,T025,U02,relay,R01
4267.4,T011,U07,outage,
4267.6,T021,U03,relay,R02
4267.7,T023,U04,relay,R01
4267.9,T017,U06,relay,R01
4268.2,T014,U05,relay,R02
4268.3,T025,U02,relay,R01
4268.4,T011,U07,outage,
4268.6,T021,U03,relay,R02
4268.7,T023,U04,relay,R01
4268.9,T017,U06,relay,R01
4269.2,T014,U05,relay,R02
4269.3,T025,U02,relay,R01
4269.4,T011,U07,outage,
4269.6,T021,U03,relay,R02
4269.7,T023,U04,relay,R01
4269.9,T017,U06,relay,R01
4270.2,T014,U05,relay,R02
4270.3,T025,U02,relay,R01
4270.4,T011,U07,outage,
4270.6,T021,U03,relay,R02
4270.7,T023,U04,relay,R01
4270.9,T017,U06,relay,R01
4271.2,T014,U05,relay,R02
4271.3,T025,U02,relay,R01
4271.4,T011,U07,outage,
4271.6,T021,U03,relay,R02
4271.7,T023,U04,relay,R01
4271.9,T017,U06,relay,R01
4272.2,T014,U05,relay,R02
4272.3,T025,U02,relay,R01
4272.4,T011,U07,outage,
4272.6,T021,U03,relay,R02
4272.7,T023,U04,relay,R01
4272.9,T017,U06,relay,R01
4273.2,T014,U05,relay,R02
4273.3,T025,U02,relay,R01
4273.4,T011,U07,outage,
4273.6,T021,U03,relay,R02
4273.7,T023,U04,relay,R01
4273.9,T017,U06,relay,R01
4274.2,T014,U05,relay,R02
4274.3,T025,U02,relay,R01
4274.4,T011,U07,outage,
4274.6,T021,U03,relay,R02
4274.7,T023,U04,relay,R01
4274.9,T017,U06,relay,R01
4275.2,T014,U05,relay,R02
4275.3,T025,U02,relay,R01
4275.4,T011,U07,outage,
4275.6,T021,U03,relay,R02
4275.7,T023,U04,relay,R01
4275.9,T017,U06,relay,R01
4276.2,T014,U05,relay,R02
4276.3,T025,U02,relay,R01
4276.4,T011,U07,outage,
4276.6,T021,U03,relay,R02
4276.7,T023,U04,relay,R01
4276.9,T017,U06,relay,R01
4277.2,T014,U05,relay,R02
4277.3,T025,U02,relay,R01
4277.4,T011,U07,outage,
4277.6,T021,U03,relay,R02
4277.7,T023,U04,relay,R01
4277.9,T017,U06,relay,R01
4278.2,T014,U05,relay,R02
4278.3,T025,U02,relay,R01
4278.4,T011,U07,outage,
4278.6,T021,U03,relay,R02
4278.7,T023,U04,relay,R01
4278.9,T017,U06,relay,R01
4279.2,T014,U05,relay,R02
4279.3,T025,U02,relay,R01
4279.4,T011,U07,outage,
4279.6,T021,U03,relay,R02
4279.7,T023,U04,relay,R01
4279.9,T017,U06,relay,R01
4280.2,T014,U05,relay,R02
4280.3,T025,U02,relay,R01
4280.4,T011,U07,outage,
4280.6,T021,U03,relay,R02
4280.7,T023,U04,relay,R01
4280.9,T017,U06,relay,R01
4281.2,T014,U05,relay,R02
4281.3,T025,U02,relay,R01
4281.4,T011,U07,outage,
4281.6,T021,U03,relay,R02
4281.7,T023,U04,relay,R01
4281.9,T017,U06,relay,R01
4282.2,T014,U05,relay,R02
4282.3,T025,U02,relay,R01
4282.4,T011,U07,outage,
4282.6,T021,U03,relay,R02
4282.7,T023,U04,relay,R01
4282.9,T017,U06,relay,R01
4283.2,T014,U05,relay,R02
4283.3,T025,U02,relay,R01
4283.4,T011,U07,outage,
4283.6,T021,U03,relay,R02
4283.7,T023,U04,relay,R01
4283.9,T017,U06,relay,R01
4284.2,T014,U05,relay,R02
4284.3,T025,U02,relay,R01
4284.4,T011,U07,outage,
4284.6,T021,U03,relay,R02
4284.7,T023,U04,relay,R01
4284.9,T017,U06,relay,R01
4285.2,T014,U05,relay,R02
4285.3,T025,U02,relay,R01
4285.4,T011,U07,outage,
4285.6,T021,U03,relay,R02
4285.7,T023,U04,relay,R01
4285.9,T017,U06,relay,R01
4286.2,T014,U05,relay,R02
4286.3,T025,U02,relay,R01
4286.4,T011,U07,outage,
4286.6,T021,U03,relay,R02
4286.7,T023,U04,relay,R01
4286.9,T017,U06,relay,R01
4287.2,T014,U05,direct,
4287.3,T025,U02,relay,R01
4287.4,T011,U07,outage,
4287.6,T021,U03,relay,R02
4287.7,T023,U04,relay,R01
4287.9,T017,U06,relay,R01
4288.2,T014,U05,direct,
4288.3,T025,U02,relay,R01
4288.4,T011,U07,outage,
4288.6,T021,U03,relay,R02
4288.7,T023,U04,relay,R01
4288.9,T017,U06,relay,R01
4289.2,T014,U05,direct,
4289.3,T025,U02,relay,R01
4289.4,T011,U07,outage,
4289.6,T021,U03,relay,R02
4289.7,T023,U04,relay,R01
4289.9,T017,U06,relay,R01
4290.2,T014,U05,direct,
4290.3,T025,U02,relay,R01
4290.4,T011,U07,outage,
4290.6,T021,U03,relay,R02
4290.7,T023,U04,relay,R01
4290.9,T017,U06,relay,R01
4291.2,T014,U05,direct,
4291.3,T025,U02,relay,R01
4291.4,T011,U07,outage,
4291.6,T021,U03,relay,R02
4291.7,T023,U04,relay,R01
4291.9,T017,U06,relay,R01
4292.2,T014,U05,direct,
4292.3,T025,U02,relay,R01
4292.4,T011,U07,outage,
4292.6,T021,U03,relay,R02
4292.7,T023,U04,relay,R01
4292.9,T017,U06,relay,R01
4293.2,T014,U05,direct,
4293.3,T025,U02,relay,R01
4293.4,T011,U07,outage,
4293.6,T021,U03,relay,R02
4293.7,T023,U04,relay,R01
4293.9,T017,U06,relay,R01
4294.2,T014,U05,direct,
4294.3,T025,U02,relay,R01
4294.4,T011,U07,outage,
4294.6,T021,U03,relay,R02
4294.7,T023,U04,relay,R01
4294.9,T017,U06,relay,R01
4295.2,T014,U05,direct,
4295.3,T025,U02,relay,R01
4295.4,T011,U07,outage,
4295.6,T021,U03,outage,
4295.7,T023,U04,relay,R01
4295.9,T017,U06,relay,R01
4296.2,T014,U05,direct,
4296.3,T025,U02,relay,R01
4296.4,T011,U07,outage,
4296.6,T021,U03,outage,
4296.7,T023,U04,relay,R01
4296.9,T017,U06,relay,R01
4297.2,T014,U05,direct,
4297.3,T025,U02,relay,R01
4297.4,T011,U07,outage,
4297.6,T021,U03,outage,
4297.7,T023,U04,relay,R01
4297.9,T017,U06,relay,R01
4298.2,T014,U05,direct,
4298.3,T025,U02,relay,R01
4298.4,T011,U07,outage,
4298.6,T021,U03,outage,
4298.7,T023,U04,relay,R01
4298.9,T017,U06,relay,R01
4299.2,T014,U05,direct,
4299.3,T025,U02,relay,R01
4299.4,T011,U07,outage,
4299.6,T021,U03,direct,
4299.7,T023,U04,relay,R01
4299.9,T017,U06,relay,R01
4300.2,T014,U05,direct,
4300.3,T025,U02,relay,R01
4300.4,T011,U07,outage,
4300.6,T021,U03,direct,
4300.7,T023,U04,relay,R01
4300.9,T017,U06,relay,R01
4301.2,T014,U05,direct,
4301.3,T025,U02,relay,R01
4301.4,T011,U07,outage,
4301.6,T021,U03,direct,
4301.7,T023,U04,relay,R01
4301.9,T017,U06,relay,R01
4302.2,T014,U05,direct,
4302.3,T025,U02,relay,R01
4302.4,T011,U07,outage,
4302.6,T021,U03,direct,
4302.7,T023,U04,relay,R01
4302.9,T017,U06,relay,R01
4303.2,T014,U05,direct,
4303.3,T025,U02,relay,R01
4303.4,T011,U07,outage,
4303.6,T021,U03,direct,
4303.7,T023,U04,relay,R01
4303.9,T017,U06,relay,R01
4304.2,T014,U05,direct,
4304.3,T025,U02,relay,R01
4304.4,T011,U07,outage,
4304.6,T021,U03,direct,
4304.7,T023,U04,relay,R01
4304.9,T017,U06,relay,R01
4305.2,T014,U05,direct,
4305.3,T025,U02,relay,R01
4305.4,T011,U07,outage,
4305.6,T021,U03,direct,
4305.7,T023,U04,relay,R01
4305.9,T017,U06,relay,R01
4306.2,T014,U05,direct,
4306.3,T025,U02,relay,R01
4306.4,T011,U07,outage,
4306.6,T021,U03,direct,
4306.7,T023,U04,relay,R01
4306.9,T017,U06,relay,R01
4307.2,T014,U05,direct,
4307.3,T025,U02,relay,R01
4307.4,T011,U07,outage,
4307.6,T021,U03,direct,
4307.7,T023,U04,relay,R01
4307.9,T017,U06,relay,R01
4308.2,T014,U05,direct,
4308.3,T025,U02,relay,R01
4308.4,T011,U07,outage,
4308.6,T021,U03,direct,
4308.7,T023,U04,relay,R01
4308.9,T017,U06,relay,R01
4309.2,T014,U05,direct,
4309.3,T025,U02,relay,R01
4309.4,T011,U07,outage,
4309.6,T021,U03,direct,
4309.7,T023,U04,relay,R01
4309.9,T017,U06,relay,R01
4310.2,T014,U05,direct,
4310.3,T025,U02,relay,R01
4310.4,T011,U07,outage,
4310.6,T021,U03,direct,
4310.7,T023,U04,relay,R01
4310.9,T017,U06,relay,R01
4311.2,T014,U05,direct,
4311.3,T025,U02,relay,R01
4311.4,T011,U07,outage,
4311.6,T021,U03,direct,
4311.7,T023,U04,relay,R01
4311.9,T017,U06,relay,R01
4312.2,T014,U05,direct,
4312.3,T025,U02,relay,R01
4312.4,T011,U07,outage,
4312.6,T021,U03,direct,
4312.7,T023,U04,relay,R01
4312.9,T017,U06,relay,R01
4313.2,T014,U05,direct,
4313.3,T025,U02,relay,R01
4313.4,T011,U07,outage,
4313.6,T021,U03,direct,
4313.7,T023,U04,relay,R01
4313.9,T017,U06,relay,R01
4314.2,T014,U05,direct,
4314.3,T025,U02,relay,R01
4314.4,T011,U07,outage,
4314.6,T021,U03,direct,
4314.7,T023,U04,relay,R01
4314.9,T017,U06,relay,R01
4315.2,T014,U05,direct,
4315.3,T025,U02,relay,R01
4315.4,T011,U07,outage,
4315.6,T021,U03,direct,
4315.7,T023,U04,relay,R01
4315.9,T017,U06,relay,R01
4316.2,T014,U05,direct,
4316.3,T025,U02,relay,R01
4316.4,T011,U07,outage,
4316.6,T021,U03,direct,
4316.7,T023,U04,relay,R01
4316.9,T017,U06,relay,R01
4317.2,T014,U05,direct,
4317.3,T025,U02,relay,R01
4317.4,T011,U07,outage,
4317.6,T021,U03,direct,
4317.7,T023,U04,relay,R01
4317.9,T017,U06,relay,R01
4318.2,T014,U05,direct,
4318.3,T025,U02,relay,R01
4318.4,T011,U07,outage,
4318.6,T021,U03,direct,
4318.7,T023,U04,relay,R01
4318.9,T017,U06,relay,R01
4319.2,T014,U05,direct,
4319.3,T025,U02,relay,R01
4319.4,T011,U07,outage,
4319.6,T021,U03,direct,
4319.7,T023,U04,relay,R01
4319.9,T017,U06,relay,R01
4320.2,T014,U05,direct,
4320.3,T025,U02,relay,R01
4320.4,T011,U07,outage,
4320.6,T021,U03,direct,
4320.7,T023,U04,relay,R01
4320.9,T017,U06,relay,R01
4321.2,T014,U05,direct,
4321.3,T025,U02,relay,R01
4321.4,T011,U07,outage,
4321.6,T021,U03,direct,
4321.7,T023,U04,relay,R01
4321.9,T017,U06,relay,R01
4322.2,T014,U05,direct,
4322.3,T025,U02,relay,R01
4322.4,T011,U07,outage,
4322.6,T021,U03,direct,
4322.7,T023,U04,relay,R01
4322.9,T017,U06,relay,R01
4323.2,T014,U05,direct,
4323.3,T025,U02,relay,R01
4323.4,T011,U07,outage,
4323.6,T021,U03,direct,
4323.7,T023,U04,relay,R01
4323.9,T017,U06,relay,R01
4324.2,T014,U05,direct,
4324.3,T025,U02,relay,R01
4324.4,T011,U07,outage,
4324.6,T021,U03,direct,
4324.7,T023,U04,relay,R01
4324.9,T017,U06,relay,R01
4325.2,T014,U05,direct,
4325.3,T025,U02,relay,R01
4325.4,T011,U07,outage,
4325.6,T021,U03,direct,
4325.7,T023,U04,relay,R01
4325.9,T017,U06,relay,R01
4326.2,T014,U05,direct,
4326.3,T025,U02,relay,R01
4326.4,T011,U07,outage,
4326.6,T021,U03,direct,
4326.7,T023,U04,relay,R01
4326.9,T017,U06,relay,R01
4327.2,T014,U05,direct,
4327.3,T025,U02,relay,R01
4327.4,T011,U07,outage,
4327.6,T021,U03,direct,
4327.7,T023,U04,relay,R01
4327.9,T017,U06,relay,R01
4328.2,T014,U05,direct,
4328.3,T025,U02,relay,R01
4328.4,T011,U07,outage,
4328.6,T021,U03,direct,
4328.7,T023,U04,relay,R01
4328.9,T017,U06,relay,R01
4329.2,T014,U05,direct,
4329.3,T025,U02,relay,R01
4329.4,T011,U07,outage,
4329.6,T021,U03,direct,
4329.7,T023,U04,relay,R01
4329.9,T017,U06,relay,R01
4330.2,T014,U05,direct,
4330.3,T025,U02,relay,R01
4330.4,T011,U07,outage,
4330.6,T021,U03,direct,
4330.7,T023,U04,relay,R01
4330.9,T017,U06,relay,R01
4331.2,T014,U05,direct,
4331.3,T025,U02,relay,R01
4331.4,T011,U07,outage,
4331.6,T021,U03,direct,
4331.7,T023,U04,relay,R01
4331.9,T017,U06,relay,R01
4332.2,T014,U05,direct,
4332.3,T025,U02,relay,R01
4332.4,T011,U07,outage,
4332.6,T021,U03,direct,
4332.7,T023,U04,relay,R01
4332.9,T017,U06,relay,R01
4333.2,T014,U05,direct,
4333.3,T025,U02,relay,R01
4333.4,T011,U07,outage,
4333.6,T021,U03,direct,
4333.7,T023,U04,relay,R01
4333.9,T017,U06,relay,R01
4334.2,T014,U05,direct,
4334.3,T025,U02,relay,R01
4334.4,T011,U07,outage,
4334.6,T021,U03,direct,
4334.7,T023,U04,relay,R01
4334.9,T017,U06,relay,R01
4335.2,T014,U05,direct,
4335.3,T025,U02,relay,R01
4335.4,T011,U07,outage,
4335.6,T021,U03,direct,
4335.7,T023,U04,relay,R01
4335.9,T017,U06,relay,R01
4336.2,T014,U05,direct,
4336.3,T025,U02,relay,R01
4336.4,T011,U07,outage,
4336.6,T021,U03,direct,
4336.7,T023,U04,relay,R01
4336.9,T017,U06,relay,R01
4337.2,T014,U05,direct,
4337.3,T025,U02,relay,R01
4337.4,T011,U07,outage,
4337.6,T021,U03,direct,
4337.7,T023,U04,relay,R01
4337.9,T017,U06,relay,R01
4338.2,T014,U05,direct,
4338.3,T025,U02,relay,R01
4338.4,T011,U07,outage,
4338.6,T021,U03,direct,
4338.7,T023,U04,relay,R01
4338.9,T017,U06,relay,R01
4339.2,T014,U05,direct,
4339.3,T025,U02,relay,R01
4339.4,T011,U07,outage,
4339.6,T021,U03,direct,
4339.7,T023,U04,relay,R01
4339.9,T017,U06,relay,R01
4340.2,T014,U05,direct,
4340.3,T025,U02,relay,R01
4340.4,T011,U07,outage,
4340.6,T021,U03,direct,
4340.7,T023,U04,relay,R01
4340.9,T017,U06,relay,R01
4341.2,T014,U05,direct,
4341.3,T025,U02,relay,R01
4341.4,T011,U07,outage,
4341.6,T021,U03,direct,
4341.7,T023,U04,relay,R01
4341.9,T017,U06,relay,R01
4342.2,T014,U05,direct,
4342.3,T025,U02,relay,R01
4342.4,T011,U07,outage,
4342.6,T021,U03,direct,
4342.7,T023,U04,relay,R01
4342.9,T017,U06,relay,R01
4343.2,T014,U05,direct,
4343.3,T025,U02,relay,R01
4343.4,T011,U07,outage,
4343.6,T021,U03,direct,
4343.7,T023,U04,relay,R01
4343.9,T017,U06,relay,R01
4344.2,T014,U05,direct,
4344.3,T025,U02,relay,R01
4344.4,T011,U07,outage,
4344.6,T021,U03,direct,
4344.7,T023,U04,relay,R01
4344.9,T017,U06,relay,R01
4345.2,T014,U05,direct,
4345.3,T025,U02,relay,R01
4345.4,T011,U07,outage,
4345.6,T021,U03,direct,
4345.7,T023,U04,relay,R01
4345.9,T017,U06,relay,R01
4346.2,T014,U05,direct,
4346.3,T025,U02,relay,R01
4346.4,T011,U07,outage,
4346.6,T021,U03,direct,
4346.7,T023,U04,relay,R01
4346.9,T017,U06,relay,R01
4347.2,T014,U05,direct,
4347.3,T025,U02,relay,R01
4347.4,T011,U07,outage,
4347.6,T021,U03,direct,
4347.7,T023,U04,relay,R01
4347.9,T017,U06,relay,R01
4348.2,T014,U05,direct,
4348.3,T025,U02,relay,R01
4348.4,T011,U07,outage,
4348.6,T021,U03,direct,
4348.7,T023,U04,relay,R01
4348.9,T017,U06,relay,R01
4349.2,T014,U05,direct,
4349.3,T025,U02,relay,R01
4349.4,T011,U07,outage,
4349.6,T021,U03,direct,
4349.7,T023,U04,relay,R01
4349.9,T017,U06,relay,R01
4350.2,T014,U05,direct,
4350.3,T025,U02,relay,R01
4350.4,T011,U07,outage,
4350.6,T021,U03,direct,
4350.7,T023,U04,relay,R01
4350.9,T017,U06,relay,R01
4351.2,T014,U05,direct,
4351.3,T025,U02,relay,R01
4351.4,T011,U07,outage,
4351.6,T021,U03,direct,
4351.7,T023,U04,relay,R01
4351.9,T017,U06,relay,R01
4352.2,T014,U05,direct,
4352.3,T025,U02,relay,R01
4352.4,T011,U07,outage,
4352.6,T021,U03,direct,
4352.7,T023,U04,relay,R01
4352.9,T017,U06,relay,R01
4353.2,T014,U05,direct,
4353.3,T025,U02,relay,R01
4353.4,T011,U07,outage,
4353.6,T021,U03,direct,
4353.7,T023,U04,relay,R01
4353.9,T017,U06,relay,R01
4354.2,T014,U05,direct,
4354.3,T025,U02,relay,R01
4354.4,T011,U07,outage,
4354.6,T021,U03,direct,
4354.7,T023,U04,relay,R01
4354.9,T017,U06,relay,R01
4355.2,T014,U05,direct,
4355.3,T025,U02,relay,R01
4355.4,T011,U07,outage,
4355.6,T021,U03,direct,
4355.7,T023,U04,relay,R01
4355.9,T017,U06,relay,R01
4356.2,T014,U05,direct,
4356.3,T025,U02,relay,R01
4356.4,T011,U07,outage,
4356.6,T021,U03,direct,
4356.7,T023,U04,relay,R01
4356.9,T017,U06,relay,R01
4357.2,T014,U05,direct,
4357.3,T025,U02,relay,R01
4357.4,T011,U07,outage,
4357.6,T021,U03,direct,
4357.7,T023,U04,relay,R01
4357.9,T017,U06,relay,R01
4358.2,T014,U05,direct,
4358.3,T025,U02,relay,R01
4358.4,T011,U07,outage,
4358.6,T021,U03,direct,
4358.7,T023,U04,relay,R01
4358.9,T017,U06,relay,R01
4359.2,T014,U05,direct,
4359.3,T025,U02,relay,R01
4359.4,T011,U07,outage,
4359.6,T021,U03,direct,
4359.7,T023,U04,relay,R01
4359.9,T017,U06,relay,R01
4360.2,T014,U05,direct,
4360.3,T025,U02,relay,R01
4360.4,T011,U07,outage,
4360.6,T021,U03,direct,
4360.7,T023,U04,relay,R01
4360.9,T017,U06,relay,R01
4361.2,T014,U05,direct,
4361.3,T025,U02,relay,R01
4361.4,T011,U07,outage,
4361.6,T021,U03,direct,
4361.7,T023,U04,relay,R01
4361.9,T017,U06,relay,R01
4362.2,T014,U05,direct,
4362.3,T025,U02,relay,R01
4362.4,T011,U07,outage,
4362.6,T021,U03,direct,
4362.7,T023,U04,relay,R01
4362.9,T017,U06,relay,R01
4363.2,T014,U05,direct,
4363.3,T025,U02,relay,R01
4363.4,T011,U07,outage,
4363.6,T021,U03,direct,
4363.7,T023,U04,relay,R01
4363.9,T017,U06,relay,R01
4364.2,T014,U05,direct,
4364.3,T025,U02,relay,R01
4364.4,T011,U07,outage,
4364.6,T021,U03,direct,
4364.7,T023,U04,relay,R01
4364.9,T017,U06,relay,R01
4365.2,T014,U05,direct,
4365.3,T025,U02,relay,R01
4365.4,T011,U07,outage,
4365.6,T021,U03,direct,
4365.7,T023,U04,relay,R01
4365.9,T017,U06,relay,R01
4366.2,T014,U05,direct,
4366.3,T025,U02,relay,R01
4366.4,T011,U07,outage,
4366.6,T021,U03,direct,
4366.7,T023,U04,relay,R01
4366.9,T017,U06,relay,R01
4367.2,T014,U05,direct,
4367.3,T025,U02,relay,R01
4367.4,T011,U07,outage,
4367.6,T021,U03,direct,
4367.7,T023,U04,relay,R01
4367.9,T017,U06,relay,R01
4368.2,T014,U05,direct,
4368.3,T025,U02,relay,R01
4368.4,T011,U07,outage,
4368.6,T021,U03,direct,
4368.7,T023,U04,relay,R01
4368.9,T017,U06,relay,R01
4369.2,T014,U05,direct,
4369.3,T025,U02,relay,R01
4369.4,T011,U07,outage,
4369.6,T021,U03,direct,
4369.7,T023,U04,relay,R01
4369.9,T017,U06,relay,R01
4370.2,T014,U05,direct,
4370.3,T025,U02,relay,R01
4370.4,T011,U07,outage,
4370.6,T021,U03,direct,
4370.7,T023,U04,relay,R01
4370.9,T017,U06,relay,R01
4371.2,T014,U05,direct,
4371.3,T025,U02,relay,R01
4371.4,T011,U07,outage,
4371.6,T021,U03,direct,
4371.7,T023,U04,relay,R01
4371.9,T017,U06,relay,R01
4372.2,T014,U05,direct,
4372.3,T025,U02,relay,R01
4372.4,T011,U07,outage,
4372.6,T021,U03,direct,
4372.7,T023,U04,relay,R01
4372.9,T017,U06,relay,R01
4373.2,T014,U05,direct,
4373.3,T025,U02,relay,R01
4373.4,T011,U07,outage,
4373.6,T021,U03,direct,
4373.7,T023,U04,relay,R01
4373.9,T017,U06,relay,R01
4374.2,T014,U05,direct,
4374.3,T025,U02,relay,R01
4374.4,T011,U07,outage,
4374.6,T021,U03,direct,
4374.7,T023,U04,relay,R01
4374.9,T017,U06,relay,R01
4375.2,T014,U05,direct,
4375.3,T025,U02,relay,R01
4375.4,T011,U07,outage,
4375.6,T021,U03,direct,
4375.7,T023,U04,relay,R01
4375.9,T017,U06,relay,R01
4376.2,T014,U05,direct,
4376.3,T025,U02,relay,R01
4376.4,T011,U07,outage,
4376.6,T021,U03,direct,
4376.7,T023,U04,relay,R01
4376.9,T017,U06,relay,R01
4377.2,T014,U05,direct,
4377.3,T025,U02,relay,R01
4377.4,T011,U07,outage,
4377.6,T021,U03,direct,
4377.7,T023,U04,relay,R01
4377.9,T017,U06,relay,R01
4378.2,T014,U05,direct,
4378.3,T025,U02,relay,R01
4378.4,T011,U07,outage,
4378.6,T021,U03,direct,
4378.7,T023,U04,relay,R01
4378.9,T017,U06,relay,R01
4379.2,T014,U05,direct,
4379.3,T025,U02,relay,R01
4379.4,T011,U07,outage,
4379.6,T021,U03,direct,
4379.7,T023,U04,relay,R01
4379.9,T017,U06,relay,R01
4380.2,T014,U05,direct,
4380.3,T025,U02,relay,R01
4380.4,T011,U07,outage,
4380.6,T021,U03,direct,
4380.7,T023,U04,relay,R01
4380.9,T017,U06,relay,R01
4381.2,T014,U05,direct,
4381.3,T025,U02,relay,R01
4381.4,T011,U07,outage,
4381.6,T021,U03,direct,
4381.7,T023,U04,relay,R01
4381.9,T017,U06,relay,R01
4382.2,T014,U05,direct,
4382.3,T025,U02,relay,R01
4382.4,T011,U07,outage,
4382.6,T021,U03,direct,
4382.7,T023,U04,relay,R01
4382.9,T017,U06,relay,R01
4383.2,T014,U05,direct,
4383.3,T025,U02,relay,R01
4383.4,T011,U07,outage,
4383.6,T021,U03,direct,
4383.7,T023,U04,relay,R01
4383.9,T017,U06,relay,R01
4384.2,T014,U05,direct,
4384.3,T025,U02,relay,R01
4384.4,T011,U07,outage,
4384.6,T021,U03,direct,
4384.7,T023,U04,relay,R01
4384.9,T017,U06,relay,R01
4385.2,T014,U05,direct,
4385.3,T025,U02,relay,R01
4385.4,T011,U07,outage,
4385.6,T021,U03,direct,
4385.7,T023,U04,relay,R01
4385.9,T017,U06,relay,R01
4386.2,T014,U05,direct,
4386.3,T025,U02,relay,R01
4386.4,T011,U07,outage,
4386.6,T021,U03,direct,
4386.7,T023,U04,relay,R01
4386.9,T017,U06,relay,R01
4387.2,T014,U05,direct,
4387.3,T025,U02,relay,R01
4387.4,T011,U07,outage,
4387.6,T021,U03,direct,
4387.7,T023,U04,relay,R01
4387.9,T017,U06,relay,R01
4388.2,T014,U05,direct,
4388.3,T025,U02,relay,R01
4388.4,T011,U07,outage,
4388.6,T021,U03,direct,
4388.7,T023,U04,relay,R01
4388.9,T017,U06,relay,R01
4389.2,T014,U05,direct,
4389.3,T025,U02,relay,R01
4389.4,T011,U07,outage,
4389.6,T021,U03,direct,
4389.7,T023,U04,relay,R01
4389.9,T017,U06,relay,R01
4390.2,T014,U05,direct,
4390.3,T025,U02,relay,R01
4390.4,T011,U07,outage,
4390.6,T021,U03,direct,
4390.7,T023,U04,relay,R01
4390.9,T017,U06,relay,R01
4391.2,T014,U05,direct,
4391.3,T025,U02,relay,R01
4391.4,T011,U07,outage,
4391.6,T021,U03,direct,
4391.7,T023,U04,relay,R01
4391.9,T017,U06,relay,R01
4392.2,T014,U05,direct,
4392.3,T025,U02,relay,R01
4392.4,T011,U07,outage,
4392.6,T021,U03,direct,
4392.7,T023,U04,relay,R01
4392.9,T017,U06,relay,R01
4393.2,T014,U05,direct,
4393.3,T025,U02,relay,R01
4393.4,T011,U07,outage,
4393.6,T021,U03,direct,
4393.7,T023,U04,relay,R01
4393.9,T017,U06,relay,R01
4394.2,T014,U05,direct,
4394.3,T025,U02,relay,R01
4394.4,T011,U07,outage,
4394.6,T021,U03,direct,
4394.7,T023,U04,relay,R01
4394.9,T017,U06,relay,R01
4395.2,T014,U05,direct,
4395.3,T025,U02,relay,R01
4395.4,T011,U07,outage,
4395.6,T021,U03,direct,
4395.7,T023,U04,relay,R01
4395.9,T017,U06,relay,R01
4396.2,T014,U05,direct,
4396.3,T025,U02,relay,R01
4396.4,T011,U07,outage,
4396.6,T021,U03,direct,
4396.7,T023,U04,relay,R01
4396.9,T017,U06,relay,R01
4397.2,T014,U05,direct,
4397.3,T025,U02,relay,R01
4397.4,T011,U07,outage,
4397.6,T021,U03,direct,
4397.7,T023,U04,relay,R01
4397.9,T017,U06,relay,R01
4398.2,T014,U05,direct,
4398.3,T025,U02,relay,R01
4398.4,T011,U07,outage,
4398.6,T021,U03,direct,
4398.7,T023,U04,relay,R01
4398.9,T017,U06,relay,R01
4399.2,T014,U05,direct,
4399.3,T025,U02,relay,R01
4399.4,T011,U07,outage,
4399.6,T021,U03,direct,
4399.7,T023,U04,relay,R01
4399.9,T017,U06,relay,R01
4400.2,T014,U05,direct,
4400.3,T025,U02,relay,R01
4400.4,T011,U07,outage,
4400.6,T021,U03,direct,
4400.7,T023,U04,relay,R01
4400.9,T017,U06,relay,R01
4401.2,T014,U05,direct,
4401.3,T025,U02,relay,R01
4401.4,T011,U07,outage,
4401.6,T021,U03,direct,
4401.7,T023,U04,relay,R01
4401.9,T017,U06,relay,R01
4402.2,T014,U05,direct,
4402.3,T025,U02,relay,R01
4402.4,T011,U07,outage,
4402.6,T021,U03,direct,
4402.7,T023,U04,relay,R01
4402.9,T017,U06,relay,R01
4403.2,T014,U05,direct,
4403.3,T025,U02,relay,R01
4403.4,T011,U07,outage,
4403.6,T021,U03,direct,
4403.7,T023,U04,relay,R01
4403.9,T017,U06,relay,R01
4404.2,T014,U05,direct,
4404.3,T025,U02,relay,R01
4404.4,T011,U07,outage,
4404.6,T021,U03,direct,
4404.7,T023,U04,relay,R01
4404.9,T017,U06,relay,R01
4405.2,T014,U05,direct,
4405.3,T025,U02,relay,R01
4405.4,T011,U07,outage,
4405.6,T021,U03,direct,
4405.7,T023,U04,relay,R01
4405.9,T017,U06,relay,R01
4406.2,T014,U05,direct,
4406.3,T025,U02,relay,R01
4406.4,T011,U07,outage,
4406.6,T021,U03,direct,
4406.7,T023,U04,relay,R01
4406.9,T017,U06,relay,R01
4407.2,T014,U05,direct,
4407.3,T025,U02,relay,R01
4407.4,T011,U07,outage,
4407.6,T021,U03,direct,
4407.7,T023,U04,relay,R01
4407.9,T017,U06,relay,R01
4408.2,T014,U05,direct,
4408.3,T025,U02,relay,R01
4408.4,T011,U07,outage,
4408.6,T021,U03,direct,
4408.7,T023,U04,relay,R01
4408.9,T017,U06,relay,R01
4409.2,T014,U05,direct,
4409.3,T025,U02,relay,R01
4409.4,T011,U07,outage,
4409.6,T021,U03,direct,
4409.7,T023,U04,relay,R01
4409.9,T017,U06,relay,R01
4410.2,T014,U05,direct,
4410.3,T025,U02,relay,R01
4410.4,T011,U07,outage,
4410.6,T021,U03,direct,
4410.7,T023,U04,relay,R01
4410.9,T017,U06,relay,R01
4411.2,T014,U05,direct,
4411.3,T025,U02,relay,R01
4411.4,T011,U07,outage,
4411.6,T021,U03,direct,
4411.7,T023,U04,relay,R01
4411.9,T017,U06,relay,R01
4412.2,T014,U05,direct,
4412.3,T025,U02,relay,R01
4412.4,T011,U07,outage,
4412.6,T021,U03,direct,
4412.7,T023,U04,relay,R01
4412.9,T017,U06,relay,R01
4413.2,T014,U05,direct,
4413.3,T025,U02,relay,R01
4413.4,T011,U07,outage,
4413.6,T021,U03,direct,
4413.7,T023,U04,relay,R01
4413.9,T017,U06,relay,R01
4414.2,T014,U05,direct,
4414.3,T025,U02,relay,R01
4414.4,T011,U07,outage,
4414.6,T021,U03,direct,
4414.7,T023,U04,relay,R01
4414.9,T017,U06,relay,R01
4415.2,T014,U05,direct,
4415.3,T025,U02,relay,R01
4415.4,T011,U07,outage,
4415.6,T021,U03,direct,
4415.7,T023,U04,relay,R01
4415.9,T017,U06,relay,R01
4416.2,T014,U05,direct,
4416.3,T025,U02,relay,R01
4416.4,T011,U07,outage,
4416.6,T021,U03,direct,
4416.7,T023,U04,relay,R01
4416.9,T017,U06,relay,R01
4417.2,T014,U05,direct,
4417.3,T025,U02,relay,R01
4417.4,T011,U07,outage,
4417.6,T021,U03,direct,
4417.7,T023,U04,relay,R01
4417.9,T017,U06,relay,R01
4418.2,T014,U05,direct,
4418.3,T025,U02,relay,R01
4418.4,T011,U07,outage,
4418.6,T021,U03,direct,
4418.7,T023,U04,relay,R01
4418.9,T017,U06,relay,R01
4419.2,T014,U05,direct,
4419.3,T025,U02,relay,R01
4419.4,T011,U07,outage,
4419.6,T021,U03,direct,
4419.7,T023,U04,relay,R01
4419.9,T017,U06,relay,R01
4420.2,T014,U05,direct,
4420.3,T025,U02,relay,R01
4420.4,T011,U07,outage,
4420.6,T021,U03,direct,
4420.7,T023,U04,relay,R01
4420.9,T017,U06,relay,R01
4421.2,T014,U05,direct,
4421.3,T025,U02,relay,R01
4421.4,T011,U07,outage,
4421.6,T021,U03,direct,
4421.7,T023,U04,relay,R01
4421.9,T017,U06,relay,R01
4422.2,T014,U05,direct,
4422.3,T025,U02,relay,R01
4422.4,T011,U07,outage,
4422.6,T021,U03,direct,
4422.7,T023,U04,relay,R01
4422.9,T017,U06,relay,R01
4423.2,T014,U05,direct,
4423.3,T025,U02,relay,R01
4423.4,T011,U07,outage,
4423.6,T021,U03,direct,
4423.7,T023,U04,relay,R01
4423.9,T017,U06,relay,R01
4424.2,T014,U05,direct,
4424.3,T025,U02,relay,R01
4424.4,T011,U07,outage,
4424.6,T021,U03,direct,
4424.7,T023,U04,relay,R01
4424.9,T017,U06,relay,R01
4425.2,T014,U05,direct,
4425.3,T025,U02,relay,R01
4425.4,T011,U07,outage,
4425.6,T021,U03,direct,
4425.7,T023,U04,relay,R01
4425.9,T017,U06,relay,R01
4426.2,T014,U05,direct,
4426.3,T025,U02,relay,R01
4426.4,T011,U07,outage,
4426.6,T021,U03,direct,
4426.7,T023,U04,relay,R01
4426.9,T017,U06,relay,R01
4427.2,T014,U05,direct,
4427.3,T025,U02,relay,R01
4427.4,T011,U07,outage,
4427.6,T021,U03,direct,
4427.7,T023,U04,relay,R01
4427.9,T017,U06,relay,R01
4428.2,T014,U05,direct,
4428.3,T025,U02,relay,R01
4428.4,T011,U07,outage,
4428.6,T021,U03,direct,
4428.7,T023,U04,relay,R01
4428.9,T017,U06,relay,R01
4429.2,T014,U05,direct,
4429.3,T025,U02,relay,R01
4429.4,T011,U07,outage,
4429.6,T021,U03,direct,
4429.7,T023,U04,relay,R01
4429.9,T017,U06,relay,R01
4430.2,T014,U05,direct,
4430.3,T025,U02,relay,R01
4430.4,T011,U07,outage,
4430.6,T021,U03,direct,
4430.7,T023,U04,relay,R01
4430.9,T017,U06,relay,R01
4431.2,T014,U05,direct,
4431.3,T025,U02,relay,R01
4431.4,T011,U07,outage,
4431.6,T021,U03,direct,
4431.7,T023,U04,relay,R01
4431.9,T017,U06,relay,R01
4432.2,T014,U05,direct,
4432.3,T025,U02,relay,R01
4432.4,T011,U07,outage,
4432.6,T021,U03,direct,
4432.7,T023,U04,relay,R01
4432.9,T017,U06,relay,R01
4433.2,T014,U05,direct,
4433.3,T025,U02,relay,R01
4433.4,T011,U07,outage,
4433.6,T021,U03,direct,
4433.7,T023,U04,relay,R01
4433.9,T017,U06,relay,R01
4434.2,T014,U05,direct,
4434.3,T025,U02,relay,R01
4434.4,T011,U07,outage,
4434.6,T021,U03,direct,
4434.7,T023,U04,relay,R01
4434.9,T017,U06,relay,R01
4435.2,T014,U05,direct,
4435.3,T025,U02,relay,R01
4435.4,T011,U07,outage,
4435.6,T021,U03,direct,
4435.7,T023,U04,relay,R01
4435.9,T017,U06,relay,R01
4436.2,T014,U05,direct,
4436.3,T025,U02,relay,R01
4436.4,T011,U07,outage,
4436.6,T021,U03,direct,
4436.7,T023,U04,relay,R01
4436.9,T017,U06,relay,R01
4437.2,T014,U05,direct,
4437.3,T025,U02,relay,R01
4437.4,T011,U07,outage,
4437.6,T021,U03,direct,
4437.7,T023,U04,relay,R01
4437.9,T017,U06,relay,R01
4438.2,T014,U05,direct,
4438.3,T025,U02,relay,R01
4438.4,T011,U07,outage,
4438.6,T021,U03,direct,
4438.7,T023,U04,relay,R01
4438.9,T017,U06,relay,R01
4439.2,T014,U05,direct,
4439.3,T025,U02,relay,R01
4439.4,T011,U07,outage,
4439.6,T021,U03,direct,
4439.7,T023,U04,relay,R01
4439.9,T017,U06,relay,R01
4440.2,T014,U05,direct,
4440.3,T025,U02,relay,R01
4440.4,T011,U07,outage,
4440.6,T021,U03,direct,
4440.7,T023,U04,relay,R01
4440.9,T017,U06,relay,R01
4441.2,T014,U05,direct,
4441.3,T025,U02,relay,R01
4441.4,T011,U07,outage,
4441.6,T021,U03,direct,
4441.7,T023,U04,relay,R01
4441.9,T017,U06,relay,R01
4442.2,T014,U05,direct,
4442.3,T025,U02,relay,R01
4442.4,T011,U07,outage,
4442.6,T021,U03,direct,
4442.7,T023,U04,direct,
4442.9,T017,U06,relay,R01
4443.2,T014,U05,direct,
4443.3,T025,U02,relay,R01
4443.4,T011,U07,outage,
4443.6,T021,U03,direct,
4443.7,T023,U04,direct,
4443.9,T017,U06,relay,R01
4444.2,T014,U05,direct,
4444.3,T025,U02,relay,R01
4444.4,T011,U07,outage,
4444.6,T021,U03,direct,
4444.7,T023,U04,direct,
4444.9,T017,U06,relay,R01
4445.2,T014,U05,direct,
4445.3,T025,U02,relay,R01
4445.4,T011,U07,outage,
4445.6,T021,U03,direct,
4445.7,T023,U04,direct,
4445.9,T017,U06,relay,R01
4446.2,T014,U05,direct,
4446.3,T025,U02,relay,R01
4446.4,T011,U07,outage,
4446.6,T021,U03,direct,
4446.7,T023,U04,direct,
4446.9,T017,U06,relay,R01
4447.2,T014,U05,direct,
4447.3,T025,U02,relay,R01
4447.4,T011,U07,outage,
4447.6,T021,U03,direct,
4447.7,T023,U04,direct,
4447.9,T017,U06,relay,R01
4448.2,T014,U05,direct,
4448.3,T025,U02,relay,R01
4448.4,T011,U07,outage,
4448.6,T021,U03,direct,
4448.7,T023,U04,direct,
4448.9,T017,U06,relay,R01
4449.2,T014,U05,direct,
4449.3,T025,U02,relay,R01
4449.4,T011,U07,outage,
4449.6,T021,U03,direct,
4449.7,T023,U04,direct,
4449.9,T017,U06,relay,R01
4450.2,T014,U05,direct,
4450.3,T025,U02,relay,R01
4450.4,T011,U07,outage,
4450.6,T021,U03,direct,
4450.7,T023,U04,direct,
4450.9,T017,U06,relay,R01
4451.2,T014,U05,direct,
4451.3,T025,U02,relay,R01
4451.4,T011,U07,outage,
4451.6,T021,U03,direct,
4451.7,T023,U04,direct,
4451.9,T017,U06,relay,R01
4452.2,T014,U05,direct,
4452.3,T025,U02,relay,R01
4452.4,T011,U07,outage,
4452.6,T021,U03,direct,
4452.7,T023,U04,direct,
4452.9,T017,U06,relay,R01
4453.2,T014,U05,direct,
4453.3,T025,U02,relay,R01
4453.4,T011,U07,outage,
4453.6,T021,U03,direct,
4453.7,T023,U04,direct,
4453.9,T017,U06,relay,R01
4454.2,T014,U05,direct,
4454.3,T025,U02,relay,R01
4454.4,T011,U07,outage,
4454.6,T021,U03,direct,
4454.7,T023,U04,direct,
4454.9,T017,U06,relay,R01
4455.2,T014,U05,direct,
4455.3,T025,U02,relay,R01
4455.4,T011,U07,outage,
4455.6,T021,U03,direct,
4455.7,T023,U04,direct,
4455.9,T017,U06,relay,R01
4456.2,T014,U05,direct,
4456.3,T025,U02,relay,R01
4456.4,T011,U07,outage,
4456.6,T021,U03,direct,
4456.7,T023,U04,direct,
4456.9,T017,U06,relay,R01
4457.2,T014,U05,direct,
4457.3,T025,U02,relay,R01
4457.4,T011,U07,outage,
4457.6,T021,U03,direct,
4457.7,T023,U04,direct,
4457.9,T017,U06,relay,R01
4458.2,T014,U05,direct,
4458.3,T025,U02,relay,R01
4458.4,T011,U07,outage,
4458.6,T021,U03,direct,
4458.7,T023,U04,direct,
4458.9,T017,U06,relay,R01
4459.2,T014,U05,direct,
4459.3,T025,U02,relay,R01
4459.4,T011,U07,outage,
4459.6,T021,U03,direct,
4459.7,T023,U04,direct,
4459.9,T017,U06,relay,R01
4460.2,T014,U05,direct,
4460.3,T025,U02,relay,R01
4460.4,T011,U07,outage,
4460.6,T021,U03,direct,
4460.7,T023,U04,direct,
4460.9,T017,U06,relay,R01
4461.2,T014,U05,direct,
4461.3,T025,U02,relay,R01
4461.4,T011,U07,outage,
4461.6,T021,U03,direct,
4461.7,T023,U04,direct,
4461.9,T017,U06,relay,R01
4462.2,T014,U05,direct,
4462.3,T025,U02,relay,R01
4462.4,T011,U07,outage,
4462.6,T021,U03,direct,
4462.7,T023,U04,direct,
4462.9,T017,U06,relay,R01
4463.2,T014,U05,direct,
4463.3,T025,U02,relay,R01
4463.4,T011,U07,outage,
4463.6,T021,U03,direct,
4463.7,T023,U04,direct,
4463.9,T017,U06,relay,R01
4464.2,T014,U05,direct,
4464.3,T025,U02,relay,R01
4464.4,T011,U07,outage,
4464.6,T021,U03,direct,
4464.7,T023,U04,direct,
4464.9,T017,U06,relay,R01
4465.2,T014,U05,direct,
4465.3,T025,U02,relay,R01
4465.4,T011,U07,outage,
4465.6,T021,U03,direct,
4465.7,T023,U04,direct,
4465.9,T017,U06,relay,R01
4466.2,T014,U05,direct,
4466.3,T025,U02,relay,R01
4466.4,T011,U07,outage,
4466.6,T021,U03,direct,
4466.7,T023,U04,direct,
4466.9,T017,U06,relay,R01
4467.2,T014,U05,direct,
4467.3,T025,U02,relay,R01
4467.4,T011,U07,outage,
4467.6,T021,U03,direct,
4467.7,T023,U04,direct,
4467.9,T017,U06,relay,R01
4468.2,T014,U05,direct,
4468.3,T025,U02,relay,R01
4468.4,T011,U07,outage,
4468.6,T021,U03,direct,
4468.7,T023,U04,direct,
4468.9,T017,U06,relay,R01
4469.2,T014,U05,direct,
4469.3,T025,U02,relay,R01
4469.4,T011,U07,outage,
4469.6,T021,U03,direct,
4469.7,T023,U04,direct,
4469.9,T017,U06,relay,R01
4470.2,T014,U05,direct,
4470.3,T025,U02,relay,R01
4470.4,T011,U07,outage,
4470.6,T021,U03,direct,
4470.7,T023,U04,direct,
4470.9,T017,U06,relay,R01
4471.2,T014,U05,direct,
4471.3,T025,U02,relay,R01
4471.4,T011,U07,outage,
4471.6,T021,U03,direct,
4471.7,T023,U04,direct,
4471.9,T017,U06,relay,R01
4472.2,T014,U05,direct,
4472.3,T025,U02,relay,R01
4472.4,T011,U07,outage,
4472.6,T021,U03,direct,
4472.7,T023,U04,direct,
4472.9,T017,U06,relay,R01
4473.2,T014,U05,direct,
4473.3,T025,U02,relay,R01
4473.4,T011,U07,outage,
4473.6,T021,U03,direct,
4473.7,T023,U04,direct,
4473.9,T017,U06,relay,R01
4474.2,T014,U05,direct,
4474.3,T025,U02,relay,R01
4474.4,T011,U07,outage,
4474.6,T021,U03,direct,
4474.7,T023,U04,direct,
4474.9,T017,U06,relay,R01
4475.2,T014,U05,direct,
4475.3,T025,U02,relay,R01
4475.4,T011,U07,outage,
4475.6,T021,U03,direct,
4475.7,T023,U04,direct,
4475.9,T017,U06,relay,R01
4476.2,T014,U05,direct,
4476.3,T025,U02,relay,R01
4476.4,T011,U07,outage,
4476.6,T021,U03,direct,
4476.7,T023,U04,direct,
4476.9,T017,U06,relay,R01
4477.2,T014,U05,direct,
4477.3,T025,U02,relay,R01
4477.4,T011,U07,outage,
4477.6,T021,U03,direct,
4477.7,T023,U04,direct,
4477.9,T017,U06,relay,R01
4478.2,T014,U05,direct,
4478.3,T025,U02,relay,R01
4478.4,T011,U07,outage,
4478.6,T021,U03,direct,
4478.7,T023,U04,direct,
4478.9,T017,U06,relay,R01
4479.2,T014,U05,direct,
4479.3,T025,U02,relay,R01
4479.4,T011,U07,outage,
4479.6,T021,U03,direct,
4479.7,T023,U04,direct,
4479.9,T017,U06,relay,R01
4480.2,T014,U05,direct,
4480.3,T025,U02,relay,R01
4480.4,T011,U07,outage,
4480.6,T021,U03,direct,
4480.7,T023,U04,direct,
4480.9,T017,U06,relay,R01
4481.2,T014,U05,direct,
4481.3,T025,U02,relay,R01
4481.4,T011,U07,outage,
4481.6,T021,U03,direct,
4481.7,T023,U04,direct,
4481.9,T017,U06,relay,R01
4482.2,T014,U05,direct,
4482.3,T025,U02,relay,R01
4482.4,T011,U07,outage,
4482.6,T021,U03,direct,
4482.7,T023,U04,direct,
4482.9,T017,U06,relay,R01
4483.2,T014,U05,direct,
4483.3,T025,U02,relay,R01
4483.4,T011,U07,outage,
4483.6,T021,U03,direct,
4483.7,T023,U04,direct,
4483.9,T017,U06,relay,R01
4484.2,T014,U05,direct,
4484.3,T025,U02,relay,R01
4484.4,T011,U07,outage,
4484.6,T021,U03,direct,
4484.7,T023,U04,direct,
4484.9,T017,U06,relay,R01
4485.2,T014,U05,direct,
4485.3,T025,U02,relay,R01
4485.4,T011,U07,outage,
4485.6,T021,U03,direct,
4485.7,T023,U04,direct,
4485.9,T017,U06,relay,R01
4486.2,T014,U05,direct,
4486.3,T025,U02,relay,R01
4486.4,T011,U07,outage,
4486.6,T021,U03,direct,
4486.7,T023,U04,direct,
4486.9,T017,U06,relay,R01
4487.2,T014,U05,direct,
4487.3,T025,U02,relay,R01
4487.4,T011,U07,outage,
4487.6,T021,U03,direct,
4487.7,T023,U04,direct,
4487.9,T017,U06,relay,R01
4488.2,T014,U05,direct,
4488.3,T025,U02,relay,R01
4488.4,T011,U07,outage,
4488.6,T021,U03,direct,
4488.7,T023,U04,direct,
4488.9,T017,U06,relay,R01
4489.2,T014,U05,direct,
4489.3,T025,U02,relay,R01
4489.4,T011,U07,outage,
4489.6,T021,U03,direct,
4489.7,T023,U04,direct,
4489.9,T017,U06,relay,R01
4490.2,T014,U05,direct,
4490.3,T025,U02,relay,R01
4490.4,T011,U07,outage,
4490.6,T021,U03,direct,
4490.7,T023,U04,direct,
4490.9,T017,U06,relay,R01
4491.2,T014,U05,direct,
4491.3,T025,U02,relay,R01
4491.4,T011,U07,outage,
4491.6,T021,U03,direct,
4491.7,T023,U04,direct,
4491.9,T017,U06,relay,R01
4492.2,T014,U05,direct,
4492.3,T025,U02,relay,R01
4492.4,T011,U07,outage,
4492.6,T021,U03,direct,
4492.7,T023,U04,direct,
4492.9,T017,U06,relay,R01
4493.2,T014,U05,direct,
4493.3,T025,U02,relay,R01
4493.4,T011,U07,outage,
4493.6,T021,U03,direct,
4493.7,T023,U04,direct,
4493.9,T017,U06,relay,R01
4494.2,T014,U05,direct,
4494.3,T025,U02,relay,R01
4494.4,T011,U07,outage,
4494.6,T021,U03,direct,
4494.7,T023,U04,direct,
4494.9,T017,U06,relay,R01
4495.2,T014,U05,direct,
4495.3,T025,U02,relay,R01
4495.4,T011,U07,outage,
4495.6,T021,U03,direct,
4495.7,T023,U04,direct,
4495.9,T017,U06,relay,R01
4496.2,T014,U05,direct,
4496.3,T025,U02,relay,R01
4496.4,T011,U07,outage,
4496.6,T021,U03,direct,
4496.7,T023,U04,direct,
4496.9,T017,U06,relay,R01
4497.2,T014,U05,direct,
4497.3,T025,U02,relay,R01
4497.4,T011,U07,outage,
4497.6,T021,U03,direct,
4497.7,T023,U04,direct,
4497.9,T017,U06,relay,R01
4498.2,T014,U05,direct,
4498.3,T025,U02,relay,R01
4498.4,T011,U07,outage,
4498.6,T021,U03,direct,
4498.7,T023,U04,direct,
4498.9,T017,U06,relay,R01
4499.2,T014,U05,direct,
4499.3,T025,U02,relay,R01
4499.4,T011,U07,outage,
4499.6,T021,U03,direct,
4499.7,T023,U04,direct,
4499.9,T017,U06,relay,R01
4500.2,T014,U05,direct,
4500.3,T025,U02,relay,R01
4500.4,T011,U07,outage,
4500.6,T021,U03,direct,
4500.7,T023,U04,direct,
4500.9,T017,U06,relay,R01
4501.2,T014,U05,direct,
4501.3,T025,U02,relay,R01
4501.4,T011,U07,outage,
4501.6,T021,U03,direct,
4501.7,T023,U04,direct,
4501.9,T017,U06,relay,R01
4502.2,T014,U05,direct,
4502.3,T025,U02,relay,R01
4502.4,T011,U07,outage,
4502.6,T021,U03,direct,
4502.7,T023,U04,direct,
4502.9,T017,U06,relay,R01
4503.2,T014,U05,direct,
4503.3,T025,U02,relay,R01
4503.4,T011,U07,outage,
4503.6,T021,U03,direct,
4503.7,T023,U04,direct,
4503.9,T017,U06,relay,R01
4504.2,T014,U05,direct,
4504.3,T025,U02,relay,R01
4504.4,T011,U07,outage,
4504.6,T021,U03,direct,
4504.7,T023,U04,direct,
4504.9,T017,U06,relay,R01
4505.2,T014,U05,direct,
4505.3,T025,U02,relay,R01
4505.4,T011,U07,outage,
4505.6,T021,U03,direct,
4505.7,T023,U04,direct,
4505.9,T017,U06,relay,R01
4506.2,T014,U05,direct,
4506.3,T025,U02,relay,R01
4506.4,T011,U07,outage,
4506.6,T021,U03,direct,
4506.7,T023,U04,direct,
4506.9,T017,U06,relay,R01
4507.2,T014,U05,direct,
4507.3,T025,U02,relay,R01
4507.4,T011,U07,outage,
4507.6,T021,U03,direct,
4507.7,T023,U04,direct,
4507.9,T017,U06,relay,R01
4508.2,T014,U05,direct,
4508.3,T025,U02,relay,R01
4508.4,T011,U07,outage,
4508.6,T021,U03,direct,
4508.7,T023,U04,direct,
4508.9,T017,U06,relay,R01
4509.2,T014,U05,direct,
4509.3,T025,U02,relay,R01
4509.4,T011,U07,outage,
4509.6,T021,U03,direct,
4509.7,T023,U04,direct,
4509.9,T017,U06,relay,R01
4510.2,T014,U05,direct,
4510.3,T025,U02,relay,R01
4510.4,T011,U07,outage,
4510.6,T021,U03,direct,
4510.7,T023,U04,direct,
4510.9,T017,U06,relay,R01
4511.2,T014,U05,direct,
4511.3,T025,U02,relay,R01
4511.4,T011,U07,outage,
4511.6,T021,U03,direct,
4511.7,T023,U04,direct,
4511.9,T017,U06,relay,R01
4512.2,T014,U05,direct,
4512.3,T025,U02,relay,R01
4512.4,T011,U07,outage,
4512.6,T021,U03,direct,
4512.7,T023,U04,direct,
4512.9,T017,U06,relay,R01
4513.2,T014,U05,direct,
4513.3,T025,U02,relay,R01
4513.4,T011,U07,outage,
4513.6,T021,U03,direct,
4513.7,T023,U04,direct,
4513.9,T017,U06,relay,R01
4514.2,T014,U05,direct,
4514.3,T025,U02,relay,R01
4514.4,T011,U07,outage,
4514.6,T021,U03,direct,
4514.7,T023,U04,direct,
4514.9,T017,U06,relay,R01
4515.2,T014,U05,direct,
4515.3,T025,U02,relay,R01
4515.4,T011,U07,outage,
4515.6,T021,U03,direct,
4515.7,T023,U04,direct,
4515.9,T017,U06,relay,R01
4516.2,T014,U05,direct,
4516.3,T025,U02,relay,R01
4516.4,T011,U07,outage,
4516.6,T021,U03,direct,
4516.7,T023,U04,direct,
4516.9,T017,U06,relay,R01
4517.2,T014,U05,direct,
4517.3,T025,U02,relay,R01
4517.4,T011,U07,outage,
4517.6,T021,U03,direct,
4517.7,T023,U04,direct,
4517.9,T017,U06,relay,R01
4518.2,T014,U05,direct,
4518.3,T025,U02,relay,R01
4518.4,T011,U07,outage,
4518.6,T021,U03,direct,
4518.7,T023,U04,direct,
4518.9,T017,U06,relay,R01
4519.2,T014,U05,direct,
4519.3,T025,U02,relay,R01
4519.4,T011,U07,outage,
4519.6,T021,U03,direct,
4519.7,T023,U04,direct,
4519.9,T017,U06,relay,R01
4520.2,T014,U05,direct,
4520.3,T025,U02,relay,R01
4520.4,T011,U07,outage,
4520.6,T021,U03,direct,
4520.7,T023,U04,direct,
4520.9,T017,U06,relay,R01
4521.2,T014,U05,direct,
4521.3,T025,U02,relay,R01
4521.4,T011,U07,outage,
4521.6,T021,U03,direct,
4521.7,T023,U04,direct,
4521.9,T017,U06,relay,R01
4522.2,T014,U05,direct,
4522.3,T025,U02,relay,R01
4522.4,T011,U07,outage,
4522.6,T021,U03,direct,
4522.7,T023,U04,direct,
4522.9,T017,U06,relay,R01
4523.2,T014,U05,direct,
4523.3,T025,U02,relay,R01
4523.4,T011,U07,outage,
4523.6,T021,U03,direct,
4523.7,T023,U04,direct,
4523.9,T017,U06,relay,R01
4524.2,T014,U05,direct,
4524.3,T025,U02,relay,R01
4524.4,T011,U07,outage,
4524.6,T021,U03,direct,
4524.7,T023,U04,direct,
4524.9,T017,U06,relay,R01
4525.2,T014,U05,direct,
4525.3,T025,U02,relay,R01
4525.4,T011,U07,outage,
4525.4,T012,U08,direct,
4525.6,T021,U03,direct,
4525.7,T023,U04,direct,
4525.9,T017,U06,relay,R01
4526.2,T014,U05,direct,
4526.3,T025,U02,relay,R01
4526.4,T011,U07,outage,
4526.4,T012,U08,direct,
4526.6,T021,U03,direct,
4526.7,T023,U04,direct,
4526.9,T017,U06,relay,R01
4527.2,T014,U05,direct,
4527.3,T025,U02,relay,R01
4527.4,T011,U07,outage,
4527.4,T012,U08,direct,
4527.6,T021,U03,direct,
4527.7,T023,U04,direct,
4527.9,T017,U06,relay,R01
4528.2,T014,U05,direct,
4528.3,T025,U02,relay,R01
4528.4,T011,U07,outage,
4528.4,T012,U08,direct,
4528.6,T021,U03,direct,
4528.7,T023,U04,direct,
4528.9,T017,U06,relay,R01
4529.2,T014,U05,direct,
4529.3,T025,U02,relay,R01
4529.4,T011,U07,outage,
4529.4,T012,U08,direct,
4529.6,T021,U03,direct,
4529.7,T023,U04,direct,
4529.9,T017,U06,relay,R01
4530.2,T014,U05,direct,
4530.3,T025,U02,relay,R01
4530.4,T011,U07,outage,
4530.4,T012,U08,direct,
4530.6,T021,U03,direct,
4530.7,T023,U04,direct,
4530.9,T017,U06,relay,R01
4531.2,T014,U05,direct,
4531.3,T025,U02,relay,R01
4531.4,T011,U07,outage,
4531.4,T012,U08,direct,
4531.6,T021,U03,direct,
4531.7,T023,U04,direct,
4531.9,T017,U06,relay,R01
4532.2,T014,U05,direct,
4532.3,T025,U02,relay,R01
4532.4,T011,U07,outage,
4532.4,T012,U08,direct,
4532.6,T021,U03,direct,
4532.7,T023,U04,direct,
4532.9,T017,U06,relay,R01
4533.2,T014,U05,direct,
4533.3,T025,U02,relay,R01
4533.4,T011,U07,outage,
4533.4,T012,U08,direct,
4533.6,T021,U03,direct,
4533.7,T023,U04,direct,
4533.9,T017,U06,relay,R01
4534.2,T014,U05,direct,
4534.3,T025,U02,relay,R01
4534.4,T011,U07,outage,
4534.4,T012,U08,direct,
4534.6,T021,U03,direct,
4534.7,T023,U04,direct,
4534.9,T017,U06,relay,R01
4535.2,T014,U05,direct,
4535.3,T025,U02,relay,R01
4535.4,T011,U07,outage,
4535.4,T012,U08,direct,
4535.6,T021,U03,direct,
4535.7,T023,U04,direct,
4535.9,T017,U06,relay,R01
4536.2,T014,U05,direct,
4536.3,T025,U02,relay,R01
4536.4,T011,U07,outage,
4536.4,T012,U08,direct,
4536.6,T021,U03,direct,
4536.7,T023,U04,direct,
4536.9,T017,U06,relay,R01
4537.2,T014,U05,direct,
4537.3,T025,U02,relay,R01
4537.4,T011,U07,outage,
4537.4,T012,U08,direct,
4537.6,T021,U03,direct,
4537.7,T023,U04,direct,
4537.9,T017,U06,relay,R01
4538.2,T014,U05,direct,
4538.3,T025,U02,relay,R01
4538.4,T011,U07,outage,
4538.4,T012,U08,direct,
4538.6,T021,U03,direct,
4538.7,T023,U04,direct,
4538.9,T017,U06,relay,R01
4539.2,T014,U05,direct,
4539.3,T025,U02,relay,R01
4539.4,T011,U07,outage,
4539.4,T012,U08,direct,
4539.6,T021,U03,direct,
4539.7,T023,U04,direct,
4539.9,T017,U06,relay,R01
4540.2,T014,U05,direct,
4540.3,T025,U02,relay,R01
4540.4,T011,U07,outage,
4540.4,T012,U08,direct,
4540.6,T021,U03,direct,
4540.7,T023,U04,direct,
4540.9,T017,U06,relay,R01
4541.2,T014,U05,direct,
4541.3,T025,U02,relay,R01
4541.4,T011,U07,outage,
4541.4,T012,U08,direct,
4541.6,T021,U03,direct,
4541.7,T023,U04,direct,
4541.9,T017,U06,relay,R01
4542.2,T014,U05,direct,
4542.3,T025,U02,relay,R01
4542.4,T011,U07,outage,
4542.4,T012,U08,direct,
4542.6,T021,U03,direct,
4542.7,T023,U04,direct,
4542.9,T017,U06,relay,R01
4543.2,T014,U05,direct,
4543.3,T025,U02,relay,R01
4543.4,T011,U07,outage,
4543.4,T012,U08,direct,
4543.6,T021,U03,direct,
4543.7,T023,U04,direct,
4543.9,T017,U06,relay,R01
4544.2,T014,U05,direct,
4544.3,T025,U02,relay,R01
4544.4,T011,U07,outage,
4544.4,T012,U08,direct,
4544.6,T021,U03,direct,
4544.7,T023,U04,direct,
4544.9,T017,U06,relay,R01
4545.2,T014,U05,direct,
4545.3,T025,U02,relay,R01
4545.4,T011,U07,outage,
4545.4,T012,U08,direct,
4545.6,T021,U03,direct,
4545.7,T023,U04,direct,
4545.9,T017,U06,relay,R01
4546.2,T014,U05,direct,
4546.3,T025,U02,relay,R01
4546.4,T011,U07,outage,
4546.4,T012,U08,direct,
4546.6,T021,U03,direct,
4546.7,T023,U04,direct,
4546.9,T017,U06,relay,R01
4547.2,T014,U05,direct,
4547.3,T025,U02,relay,R01
4547.4,T011,U07,outage,
4547.4,T012,U08,direct,
4547.6,T021,U03,direct,
4547.7,T023,U04,direct,
4547.9,T017,U06,relay,R01
4548.2,T014,U05,direct,
4548.3,T025,U02,relay,R01
4548.4,T011,U07,outage,
4548.4,T012,U08,direct,
4548.6,T021,U03,direct,
4548.7,T023,U04,direct,
4548.9,T017,U06,relay,R01
4549.2,T014,U05,direct,
4549.3,T025,U02,relay,R01
4549.4,T011,U07,outage,
4549.4,T012,U08,direct,
4549.6,T021,U03,direct,
4549.7,T023,U04,direct,
4549.9,T017,U06,relay,R01
4550.2,T014,U05,direct,
4550.3,T025,U02,relay,R01
4550.4,T011,U07,outage,
4550.4,T012,U08,direct,
4550.6,T021,U03,direct,
4550.7,T023,U04,direct,
4550.9,T017,U06,relay,R01
4551.2,T014,U05,direct,
4551.3,T025,U02,relay,R01
4551.4,T011,U07,outage,
4551.4,T012,U08,direct,
4551.6,T021,U03,direct,
4551.7,T023,U04,direct,
4551.9,T017,U06,relay,R01
4552.2,T014,U05,direct,
4552.3,T025,U02,relay,R01
4552.4,T011,U07,outage,
4552.4,T012,U08,direct,
4552.6,T021,U03,direct,
4552.7,T023,U04,direct,
4552.9,T017,U06,relay,R01
4553.2,T014,U05,direct,
4553.3,T025,U02,relay,R01
4553.4,T011,U07,outage,
4553.4,T012,U08,direct,
4553.6,T021,U03,direct,
4553.7,T023,U04,direct,
4553.9,T017,U06,relay,R01
4554.2,T014,U05,direct,
4554.3,T025,U02,relay,R01
4554.4,T011,U07,outage,
4554.4,T012,U08,direct,
4554.6,T021,U03,direct,
4554.7,T023,U04,direct,
4554.9,T017,U06,relay,R01
4555.2,T014,U05,direct,
4555.3,T025,U02,relay,R01
4555.4,T011,U07,outage,
4555.4,T012,U08,direct,
4555.6,T021,U03,direct,
4555.7,T023,U04,direct,
4555.9,T017,U06,relay,R01
4556.2,T014,U05,direct,
4556.3,T025,U02,relay,R01
4556.4,T011,U07,outage,
4556.4,T012,U08,direct,
4556.6,T021,U03,direct,
4556.7,T023,U04,direct,
4556.9,T017,U06,relay,R01
4557.2,T014,U05,direct,
4557.3,T025,U02,relay,R01
4557.4,T011,U07,outage,
4557.4,T012,U08,direct,
4557.6,T021,U03,direct,
4557.7,T023,U04,direct,
4557.9,T017,U06,relay,R01
4558.2,T014,U05,direct,
4558.3,T025,U02,relay,R01
4558.4,T011,U07,outage,
4558.4,T012,U08,direct,
4558.6,T021,U03,direct,
4558.7,T023,U04,direct,
4558.9,T017,U06,relay,R01
4559.2,T014,U05,direct,
4559.3,T025,U02,relay,R01
4559.4,T011,U07,outage,
4559.4,T012,U08,direct,
4559.6,T021,U03,direct,
4559.7,T023,U04,direct,
4559.9,T017,U06,relay,R01
4560.2,T014,U05,direct,
4560.3,T025,U02,relay,R01
4560.4,T011,U07,outage,
4560.4,T012,U08,direct,
4560.6,T021,U03,direct,
4560.7,T023,U04,direct,
4560.9,T017,U06,relay,R01
4561.2,T014,U05,direct,
4561.3,T025,U02,relay,R01
4561.4,T011,U07,outage,
4561.4,T012,U08,direct,
4561.6,T021,U03,direct,
4561.7,T023,U04,direct,
4561.9,T017,U06,relay,R01
4562.2,T014,U05,direct,
4562.3,T025,U02,relay,R01
4562.4,T011,U07,outage,
4562.4,T012,U08,direct,
4562.6,T021,U03,direct,
4562.7,T023,U04,direct,
4562.9,T017,U06,relay,R01
4563.2,T014,U05,direct,
4563.3,T025,U02,relay,R01
4563.4,T011,U07,outage,
4563.4,T012,U08,direct,
4563.6,T021,U03,direct,
4563.7,T023,U04,direct,
4563.9,T017,U06,relay,R01
4564.2,T014,U05,direct,
4564.3,T025,U02,relay,R01
4564.4,T011,U07,outage,
4564.4,T012,U08,direct,
4564.6,T021,U03,direct,
4564.7,T023,U04,direct,
4564.9,T017,U06,relay,R01
4565.2,T014,U05,direct,
4565.3,T025,U02,relay,R01
4565.4,T011,U07,outage,
4565.4,T012,U08,direct,
4565.6,T021,U03,direct,
4565.7,T023,U04,direct,
4565.9,T017,U06,relay,R01
4566.2,T014,U05,direct,
4566.3,T025,U02,relay,R01
4566.4,T011,U07,outage,
4566.4,T012,U08,direct,
4566.6,T021,U03,direct,
4566.7,T023,U04,direct,
4566.9,T017,U06,relay,R01
4567.2,T014,U05,direct,
4567.3,T025,U02,relay,R01
4567.4,T011,U07,outage,
4567.4,T012,U08,direct,
4567.6,T021,U03,direct,
4567.7,T023,U04,direct,
4567.9,T017,U06,relay,R01
4568.2,T014,U05,direct,
4568.3,T025,U02,relay,R01
4568.4,T011,U07,outage,
4568.4,T012,U08,direct,
4568.6,T021,U03,direct,
4568.7,T023,U04,direct,
4568.9,T017,U06,relay,R01
4569.2,T014,U05,direct,
4569.2,T026,U01,direct,
4569.3,T025,U02,relay,R01
4569.4,T011,U07,outage,
4569.4,T012,U08,direct,
4569.6,T021,U03,direct,
4569.7,T023,U04,direct,
4569.9,T017,U06,relay,R01
4570.2,T014,U05,direct,
4570.2,T026,U01,direct,
4570.3,T025,U02,relay,R01
4570.4,T011,U07,outage,
4570.4,T012,U08,direct,
4570.6,T021,U03,direct,
4570.7,T023,U04,direct,
4570.9,T017,U06,relay,R01
4571.2,T014,U05,direct,
4571.2,T026,U01,direct,
4571.3,T025,U02,relay,R01
4571.4,T011,U07,outage,
4571.4,T012,U08,direct,
4571.6,T021,U03,direct,
4571.7,T023,U04,direct,
4571.9,T017,U06,relay,R01
4572.2,T014,U05,direct,
4572.2,T026,U01,direct,
4572.3,T025,U02,relay,R01
4572.4,T011,U07,outage,
4572.4,T012,U08,direct,
4572.6,T021,U03,direct,
4572.7,T023,U04,direct,
4572.9,T017,U06,relay,R01
4573.2,T014,U05,direct,
4573.2,T026,U01,direct,
4573.3,T025,U02,relay,R01
4573.4,T011,U07,outage,
4573.4,T012,U08,direct,
4573.6,T021,U03,direct,
4573.7,T023,U04,direct,
4573.9,T017,U06,relay,R01
4574.2,T014,U05,direct,
4574.2,T026,U01,direct,
4574.3,T025,U02,relay,R01
4574.4,T011,U07,outage,
4574.4,T012,U08,direct,
4574.6,T021,U03,direct,
4574.7,T023,U04,direct,
4574.9,T017,U06,relay,R01
4575.2,T014,U05,direct,
4575.2,T026,U01,direct,
4575.3,T025,U02,relay,R01
4575.4,T011,U07,outage,
4575.4,T012,U08,direct,
4575.6,T021,U03,direct,
4575.7,T023,U04,direct,
4575.9,T017,U06,relay,R01
4576.2,T014,U05,direct,
4576.2,T026,U01,direct,
4576.3,T025,U02,relay,R01
4576.4,T011,U07,outage,
4576.4,T012,U08,direct,
4576.6,T021,U03,direct,
4576.7,T023,U04,direct,
4576.9,T017,U06,relay,R01
4577.2,T014,U05,direct,
4577.2,T026,U01,direct,
4577.3,T025,U02,relay,R01
4577.4,T011,U07,outage,
4577.4,T012,U08,direct,
4577.6,T021,U03,direct,
4577.7,T023,U04,direct,
4577.9,T017,U06,relay,R01
4578.2,T014,U05,direct,
4578.2,T026,U01,direct,
4578.3,T025,U02,relay,R01
4578.4,T011,U07,outage,
4578.4,T012,U08,direct,
4578.6,T021,U03,direct,
4578.7,T023,U04,direct,
4578.9,T017,U06,relay,R01
4579.2,T014,U05,direct,
4579.2,T026,U01,direct,
4579.3,T025,U02,relay,R01
4579.4,T011,U07,outage,
4579.4,T012,U08,direct,
4579.6,T021,U03,direct,
4579.7,T023,U04,direct,
4579.9,T017,U06,relay,R01
4580.2,T014,U05,direct,
4580.2,T026,U01,direct,
4580.3,T025,U02,relay,R01
4580.4,T011,U07,outage,
4580.4,T012,U08,direct,
4580.6,T021,U03,direct,
4580.7,T023,U04,direct,
4580.9,T017,U06,relay,R01
4581.2,T014,U05,direct,
4581.2,T026,U01,direct,
4581.3,T025,U02,relay,R01
4581.4,T011,U07,outage,
4581.4,T012,U08,direct,
4581.6,T021,U03,direct,
4581.7,T023,U04,direct,
4581.9,T017,U06,relay,R01
4582.2,T014,U05,direct,
4582.2,T026,U01,direct,
4582.3,T025,U02,relay,R01
4582.4,T011,U07,outage,
4582.4,T012,U08,direct,
4582.6,T021,U03,direct,
4582.7,T023,U04,direct,
4582.9,T017,U06,relay,R01
4583.2,T014,U05,direct,
4583.2,T026,U01,direct,
4583.3,T025,U02,relay,R01
4583.4,T011,U07,relay,R01
4583.4,T012,U08,direct,
4583.6,T021,U03,direct,
4583.7,T023,U04,direct,
4583.9,T017,U06,relay,R01
4584.2,T014,U05,direct,
4584.2,T026,U01,direct,
4584.3,T025,U02,relay,R01
4584.4,T011,U07,relay,R01
4584.4,T012,U08,direct,
4584.6,T021,U03,direct,
4584.7,T023,U04,direct,
4584.9,T017,U06,relay,R01
4585.2,T014,U05,direct,
4585.2,T026,U01,direct,
4585.3,T025,U02,relay,R01
4585.4,T011,U07,relay,R01
4585.4,T012,U08,direct,
4585.6,T021,U03,direct,
4585.7,T023,U04,direct,
4585.9,T017,U06,relay,R01
4586.2,T014,U05,direct,
4586.2,T026,U01,direct,
4586.3,T025,U02,relay,R01
4586.4,T011,U07,relay,R01
4586.4,T012,U08,direct,
4586.6,T021,U03,direct,
4586.7,T023,U04,direct,
4586.9,T017,U06,relay,R01
4587.2,T014,U05,direct,
4587.2,T026,U01,direct,
4587.3,T025,U02,relay,R01
4587.4,T011,U07,relay,R01
4587.4,T012,U08,direct,
4587.6,T021,U03,direct,
4587.7,T023,U04,direct,
4587.9,T017,U06,relay,R01
4588.2,T014,U05,direct,
4588.2,T026,U01,direct,
4588.3,T025,U02,relay,R01
4588.4,T011,U07,relay,R01
4588.4,T012,U08,direct,
4588.6,T021,U03,direct,
4588.7,T023,U04,direct,
4588.9,T017,U06,relay,R01
4589.2,T014,U05,direct,
4589.2,T026,U01,direct,
4589.3,T025,U02,relay,R01
4589.4,T011,U07,relay,R01
4589.4,T012,U08,direct,
4589.6,T021,U03,direct,
4589.7,T023,U04,direct,
4589.9,T017,U06,relay,R01
4590.2,T014,U05,direct,
4590.2,T026,U01,direct,
4590.3,T025,U02,relay,R01
4590.4,T011,U07,relay,R01
4590.4,T012,U08,direct,
4590.6,T021,U03,direct,
4590.7,T023,U04,direct,
4590.9,T017,U06,relay,R01
4591.2,T014,U05,direct,
4591.2,T026,U01,direct,
4591.3,T025,U02,relay,R01
4591.4,T011,U07,relay,R01
4591.4,T012,U08,direct,
4591.6,T021,U03,direct,
4591.7,T023,U04,direct,
4591.9,T017,U06,relay,R01
4592.2,T014,U05,direct,
4592.2,T026,U01,direct,
4592.3,T025,U02,relay,R01
4592.4,T011,U07,relay,R01
4592.4,T012,U08,direct,
4592.6,T021,U03,direct,
4592.7,T023,U04,direct,
4592.9,T017,U06,relay,R01
4593.2,T014,U05,direct,
4593.2,T026,U01,direct,
4593.3,T025,U02,relay,R01
4593.4,T011,U07,relay,R01
4593.4,T012,U08,direct,
4593.6,T021,U03,direct,
4593.7,T023,U04,direct,
4593.9,T017,U06,relay,R01
4594.2,T014,U05,direct,
4594.2,T026,U01,direct,
4594.3,T025,U02,relay,R01
4594.4,T011,U07,relay,R01
4594.4,T012,U08,direct,
4594.6,T021,U03,direct,
4594.7,T023,U04,direct,
4594.9,T017,U06,relay,R01
4595.2,T014,U05,direct,
4595.2,T026,U01,direct,
4595.3,T025,U02,relay,R01
4595.4,T011,U07,relay,R01
4595.4,T012,U08,direct,
4595.6,T021,U03,direct,
4595.7,T023,U04,direct,
4595.9,T017,U06,relay,R01
4596.2,T014,U05,direct,
4596.2,T026,U01,direct,
4596.3,T025,U02,relay,R01
4596.4,T011,U07,relay,R01
4596.4,T012,U08,direct,
4596.6,T021,U03,direct,
4596.7,T023,U04,direct,
4596.9,T017,U06,relay,R01
4597.2,T014,U05,direct,
4597.2,T026,U01,direct,
4597.3,T025,U02,relay,R01
4597.4,T011,U07,relay,R01
4597.4,T012,U08,direct,
4597.6,T021,U03,direct,
4597.7,T023,U04,direct,
4597.9,T017,U06,relay,R01
4598.2,T014,U05,direct,
4598.2,T026,U01,direct,
4598.3,T025,U02,relay,R01
4598.4,T011,U07,relay,R01
4598.4,T012,U08,direct,
4598.6,T021,U03,direct,
4598.7,T023,U04,direct,
4598.9,T017,U06,relay,R01
4599.2,T014,U05,direct,
4599.2,T026,U01,direct,
4599.3,T025,U02,relay,R01
4599.4,T011,U07,relay,R01
4599.4,T012,U08,direct,
4599.6,T021,U03,direct,
4599.7,T023,U04,direct,
4599.9,T017,U06,relay,R01
4600.2,T014,U05,direct,
4600.2,T026,U01,direct,
4600.3,T025,U02,relay,R01
4600.4,T011,U07,relay,R01
4600.4,T012,U08,direct,
4600.6,T021,U03,direct,
4600.7,T023,U04,direct,
4600.9,T017,U06,relay,R01
4601.2,T014,U05,direct,
4601.2,T026,U01,direct,
4601.3,T025,U02,relay,R01
4601.4,T011,U07,relay,R01
4601.4,T012,U08,direct,
4601.6,T021,U03,direct,
4601.7,T023,U04,direct,
4601.9,T017,U06,relay,R01
4602.2,T014,U05,direct,
4602.2,T026,U01,direct,
4602.3,T025,U02,relay,R01
4602.4,T011,U07,relay,R01
4602.4,T012,U08,direct,
4602.6,T021,U03,direct,
4602.7,T023,U04,direct,
4602.9,T017,U06,relay,R01
4603.2,T014,U05,direct,
4603.2,T026,U01,direct,
4603.3,T025,U02,relay,R01
4603.4,T011,U07,relay,R01
4603.4,T012,U08,direct,
4603.6,T021,U03,direct,
4603.7,T023,U04,direct,
4603.9,T017,U06,relay,R01
4604.2,T014,U05,direct,
4604.2,T026,U01,direct,
4604.3,T025,U02,relay,R01
4604.4,T011,U07,relay,R01
4604.4,T012,U08,direct,
4604.6,T021,U03,direct,
4604.7,T023,U04,direct,
4604.9,T017,U06,relay,R01
4605.2,T014,U05,direct,
4605.2,T026,U01,direct,
4605.3,T025,U02,relay,R01
4605.4,T011,U07,relay,R01
4605.4,T012,U08,direct,
4605.6,T021,U03,direct,
4605.7,T023,U04,direct,
4605.9,T017,U06,relay,R01
4606.2,T014,U05,direct,
4606.2,T026,U01,direct,
4606.3,T025,U02,relay,R01
4606.4,T011,U07,relay,R01
4606.4,T012,U08,direct,
4606.6,T021,U03,direct,
4606.7,T023,U04,direct,
4606.9,T017,U06,relay,R01
4607.2,T014,U05,direct,
4607.2,T026,U01,direct,
4607.3,T025,U02,relay,R01
4607.4,T011,U07,relay,R01
4607.4,T012,U08,direct,
4607.6,T021,U03,direct,
4607.7,T023,U04,direct,
4607.9,T017,U06,relay,R01
4608.2,T014,U05,direct,
4608.2,T026,U01,direct,
4608.3,T025,U02,relay,R01
4608.4,T011,U07,relay,R01
4608.4,T012,U08,direct,
4608.6,T021,U03,direct,
4608.7,T023,U04,direct,
4608.9,T017,U06,relay,R01
4609.2,T014,U05,direct,
4609.2,T026,U01,direct,
4609.3,T025,U02,relay,R01
4609.4,T011,U07,relay,R01
4609.4,T012,U08,direct,
4609.6,T021,U03,direct,
4609.7,T023,U04,direct,
4609.9,T017,U06,relay,R01
4610.2,T014,U05,direct,
4610.2,T026,U01,direct,
4610.3,T025,U02,relay,R01
4610.4,T011,U07,relay,R01
4610.4,T012,U08,direct,
4610.6,T021,U03,direct,
4610.7,T023,U04,direct,
4610.9,T017,U06,relay,R01
4611.2,T014,U05,direct,
4611.2,T026,U01,direct,
4611.3,T025,U02,relay,R01
4611.4,T011,U07,relay,R01
4611.4,T012,U08,direct,
4611.6,T021,U03,direct,
4611.7,T023,U04,direct,
4611.9,T017,U06,relay,R01
4612.2,T014,U05,direct,
4612.2,T026,U01,direct,
4612.3,T025,U02,relay,R01
4612.4,T011,U07,relay,R01
4612.4,T012,U08,direct,
4612.6,T021,U03,direct,
4612.7,T023,U04,direct,
4612.9,T017,U06,relay,R01
4613.2,T014,U05,direct,
4613.2,T026,U01,direct,
4613.3,T025,U02,relay,R01
4613.4,T011,U07,relay,R01
4613.4,T012,U08,direct,
4613.6,T021,U03,direct,
4613.7,T023,U04,direct,
4613.9,T017,U06,relay,R01
4614.2,T014,U05,direct,
4614.2,T026,U01,direct,
4614.3,T025,U02,relay,R01
4614.4,T011,U07,relay,R01
4614.4,T012,U08,direct,
4614.6,T021,U03,direct,
4614.7,T023,U04,direct,
4614.9,T017,U06,relay,R01
4615.2,T014,U05,direct,
4615.2,T026,U01,direct,
4615.3,T025,U02,relay,R01
4615.4,T011,U07,relay,R01
4615.4,T012,U08,direct,
4615.6,T021,U03,direct,
4615.7,T023,U04,direct,
4615.9,T017,U06,relay,R01
4616.2,T014,U05,direct,
4616.2,T026,U01,direct,
4616.3,T025,U02,relay,R01
4616.4,T011,U07,relay,R01
4616.4,T012,U08,direct,
4616.6,T021,U03,direct,
4616.7,T023,U04,direct,
4616.9,T017,U06,relay,R01
4617.2,T026,U01,direct,
4617.3,T025,U02,relay,R01
4617.4,T011,U07,relay,R01
4617.4,T012,U08,direct,
4617.6,T021,U03,direct,
4617.7,T023,U04,direct,
4617.9,T017,U06,relay,R01
4618.2,T026,U01,direct,
4618.3,T025,U02,relay,R01
4618.4,T011,U07,relay,R01
4618.4,T012,U08,direct,
4618.6,T021,U03,direct,
4618.7,T023,U04,direct,
4618.9,T017,U06,relay,R01
4619.2,T026,U01,direct,
4619.3,T025,U02,relay,R01
4619.4,T011,U07,relay,R01
4619.4,T012,U08,direct,
4619.6,T021,U03,direct,
4619.7,T023,U04,direct,
4619.9,T017,U06,relay,R01
4620.2,T026,U01,direct,
4620.3,T025,U02,relay,R01
4620.4,T011,U07,relay,R01
4620.4,T012,U08,direct,
4620.6,T021,U03,direct,
4620.7,T023,U04,direct,
4620.9,T017,U06,relay,R01
4621.2,T026,U01,direct,
4621.3,T025,U02,relay,R01
4621.4,T011,U07,relay,R01
4621.4,T012,U08,direct,
4621.6,T021,U03,direct,
4621.7,T023,U04,direct,
4621.9,T017,U06,relay,R01
4622.2,T026,U01,direct,
4622.3,T025,U02,relay,R01
4622.4,T011,U07,relay,R01
4622.4,T012,U08,direct,
4622.6,T021,U03,direct,
4622.7,T023,U04,direct,
4622.9,T017,U06,relay,R01
4623.2,T026,U01,direct,
4623.3,T025,U02,relay,R01
4623.4,T011,U07,relay,R01
4623.4,T012,U08,direct,
4623.6,T021,U03,direct,
4623.7,T023,U04,direct,
4623.9,T017,U06,relay,R01
4624.2,T026,U01,direct,
4624.3,T025,U02,relay,R01
4624.4,T011,U07,relay,R01
4624.4,T012,U08,direct,
4624.6,T021,U03,direct,
4624.7,T023,U04,direct,
4624.9,T017,U06,relay,R01
4625.2,T026,U01,direct,
4625.3,T025,U02,relay,R01
4625.4,T011,U07,relay,R01
4625.4,T012,U08,direct,
4625.6,T021,U03,direct,
4625.7,T023,U04,direct,
4625.9,T017,U06,relay,R01
4626.2,T026,U01,direct,
4626.3,T025,U02,relay,R01
4626.4,T011,U07,relay,R01
4626.4,T012,U08,direct,
4626.6,T021,U03,direct,
4626.7,T023,U04,direct,
4626.9,T017,U06,relay,R01
4627.2,T026,U01,direct,
4627.3,T025,U02,relay,R01
4627.4,T011,U07,relay,R01
4627.4,T012,U08,direct,
4627.6,T021,U03,direct,
4627.7,T023,U04,direct,
4627.9,T017,U06,relay,R01
4628.2,T026,U01,direct,
4628.3,T025,U02,relay,R01
4628.4,T011,U07,relay,R01
4628.4,T012,U08,direct,
4628.6,T021,U03,direct,
4628.7,T023,U04,direct,
4628.9,T017,U06,relay,R01
4629.2,T026,U01,direct,
4629.3,T025,U02,relay,R01
4629.4,T011,U07,relay,R01
4629.4,T012,U08,direct,
4629.6,T021,U03,direct,
4629.7,T023,U04,direct,
4629.9,T017,U06,relay,R01
4630.2,T026,U01,direct,
4630.3,T025,U02,relay,R01
4630.4,T011,U07,relay,R01
4630.4,T012,U08,direct,
4630.6,T021,U03,direct,
4630.7,T023,U04,direct,
4630.9,T017,U06,relay,R01
4631.2,T026,U01,direct,
4631.3,T025,U02,relay,R01
4631.4,T011,U07,relay,R01
4631.4,T012,U08,direct,
4631.6,T021,U03,direct,
4631.7,T023,U04,direct,
4631.9,T017,U06,relay,R01
4632.2,T026,U01,direct,
4632.3,T025,U02,relay,R01
4632.4,T011,U07,relay,R01
4632.4,T012,U08,direct,
4632.6,T021,U03,direct,
4632.7,T023,U04,direct,
4632.9,T017,U06,relay,R01
4633.2,T026,U01,direct,
4633.3,T025,U02,relay,R01
4633.4,T011,U07,relay,R01
4633.4,T012,U08,direct,
4633.6,T021,U03,direct,
4633.7,T023,U04,direct,
4633.9,T017,U06,relay,R01
4634.2,T026,U01,direct,
4634.3,T025,U02,relay,R01
4634.4,T011,U07,relay,R01
4634.4,T012,U08,direct,
4634.6,T021,U03,direct,
4634.7,T023,U04,direct,
4634.9,T017,U06,relay,R01
4635.2,T026,U01,direct,
4635.3,T025,U02,relay,R01
4635.4,T011,U07,relay,R01
4635.4,T012,U08,direct,
4635.6,T021,U03,direct,
4635.7,T023,U04,direct,
4635.9,T017,U06,relay,R01
4636.2,T026,U01,direct,
4636.3,T025,U02,relay,R01
4636.4,T011,U07,relay,R01
4636.4,T012,U08,direct,
4636.6,T021,U03,direct,
4636.7,T023,U04,direct,
4636.9,T017,U06,relay,R01
4637.2,T026,U01,direct,
4637.3,T025,U02,relay,R01
4637.4,T011,U07,relay,R01
4637.4,T012,U08,direct,
4637.6,T021,U03,direct,
4637.7,T023,U04,direct,
4637.9,T017,U06,relay,R01
4638.2,T026,U01,direct,
4638.3,T025,U02,relay,R01
4638.4,T011,U07,relay,R01
4638.4,T012,U08,direct,
4638.6,T021,U03,direct,
4638.7,T023,U04,direct,
4638.9,T017,U06,relay,R01
4639.2,T026,U01,direct,
4639.3,T025,U02,relay,R01
4639.4,T011,U07,relay,R01
4639.4,T012,U08,direct,
4639.6,T021,U03,direct,
4639.7,T023,U04,direct,
4639.9,T017,U06,relay,R01
4640.2,T026,U01,direct,
4640.3,T025,U02,relay,R01
4640.4,T011,U07,relay,R01
4640.4,T012,U08,direct,
4640.6,T021,U03,direct,
4640.7,T023,U04,direct,
4640.9,T017,U06,relay,R01
4641.2,T026,U01,direct,
4641.3,T025,U02,relay,R01
4641.4,T011,U07,relay,R01
4641.4,T012,U08,direct,
4641.6,T021,U03,direct,
4641.7,T023,U04,direct,
4641.9,T017,U06,relay,R01
4642.2,T026,U01,direct,
4642.3,T025,U02,relay,R01
4642.4,T011,U07,relay,R01
4642.4,T012,U08,direct,
4642.6,T021,U03,direct,
4642.7,T023,U04,direct,
4642.9,T017,U06,relay,R01
4643.2,T026,U01,direct,
4643.3,T025,U02,relay,R01
4643.4,T011,U07,relay,R01
4643.4,T012,U08,direct,
4643.6,T021,U03,direct,
4643.7,T023,U04,direct,
4643.9,T017,U06,relay,R01
4644.2,T026,U01,direct,
4644.3,T025,U02,relay,R01
4644.4,T011,U07,relay,R01
4644.4,T012,U08,direct,
4644.6,T021,U03,direct,
4644.7,T023,U04,direct,
4644.9,T017,U06,relay,R01
4645.2,T026,U01,direct,
4645.3,T025,U02,relay,R01
4645.4,T011,U07,relay,R01
4645.4,T012,U08,direct,
4645.6,T021,U03,direct,
4645.7,T023,U04,direct,
4645.9,T017,U06,relay,R01
4646.2,T026,U01,direct,
4646.3,T025,U02,relay,R01
4646.4,T011,U07,relay,R01
4646.4,T012,U08,direct,
4646.6,T021,U03,direct,
4646.7,T023,U04,direct,
4646.9,T017,U06,relay,R01
4647.2,T026,U01,direct,
4647.3,T025,U02,relay,R01
4647.4,T011,U07,relay,R01
4647.4,T012,U08,direct,
4647.6,T021,U03,direct,
4647.7,T023,U04,direct,
4647.9,T017,U06,relay,R01
4648.2,T026,U01,direct,
4648.3,T025,U02,relay,R01
4648.4,T011,U07,relay,R01
4648.4,T012,U08,direct,
4648.6,T021,U03,direct,
4648.7,T023,U04,direct,
4648.9,T017,U06,relay,R01
4649.2,T026,U01,direct,
4649.3,T025,U02,relay,R01
4649.4,T011,U07,relay,R01
4649.4,T012,U08,direct,
4649.6,T021,U03,direct,
4649.7,T023,U04,direct,
4649.9,T017,U06,relay,R01
4650.2,T026,U01,direct,
4650.3,T025,U02,relay,R01
4650.4,T011,U07,relay,R01
4650.4,T012,U08,direct,
4650.6,T021,U03,direct,
4650.7,T023,U04,direct,
4650.9,T017,U06,relay,R01
4651.2,T026,U01,direct,
4651.3,T025,U02,relay,R01
4651.4,T011,U07,relay,R01
4651.4,T012,U08,direct,
4651.6,T021,U03,direct,
4651.7,T023,U04,direct,
4651.9,T017,U06,relay,R01
4652.2,T026,U01,direct,
4652.3,T025,U02,relay,R01
4652.4,T011,U07,relay,R01
4652.4,T012,U08,direct,
4652.6,T021,U03,direct,
4652.7,T023,U04,direct,
4652.9,T017,U06,relay,R01
4653.2,T026,U01,direct,
4653.3,T025,U02,relay,R01
4653.4,T011,U07,relay,R01
4653.4,T012,U08,direct,
4653.6,T021,U03,direct,
4653.7,T023,U04,direct,
4653.9,T017,U06,relay,R01
4654.2,T026,U01,direct,
4654.3,T025,U02,relay,R01
4654.4,T011,U07,relay,R01
4654.4,T012,U08,direct,
4654.6,T021,U03,direct,
4654.7,T023,U04,direct,
4654.9,T017,U06,relay,R01
4655.2,T026,U01,direct,
4655.3,T025,U02,relay,R01
4655.4,T011,U07,relay,R01
4655.4,T012,U08,direct,
4655.6,T021,U03,direct,
4655.7,T023,U04,direct,
4655.9,T017,U06,relay,R01
4656.2,T026,U01,direct,
4656.3,T025,U02,relay,R01
4656.4,T011,U07,relay,R01
4656.4,T012,U08,direct,
4656.6,T021,U03,direct,
4656.7,T023,U04,direct,
4656.9,T017,U06,relay,R01
4657.2,T026,U01,direct,
4657.3,T025,U02,relay,R01
4657.4,T011,U07,relay,R01
4657.4,T012,U08,direct,
4657.6,T021,U03,direct,
4657.7,T023,U04,direct,
4657.9,T017,U06,relay,R01
4658.2,T026,U01,direct,
4658.3,T025,U02,relay,R01
4658.4,T011,U07,relay,R01
4658.4,T012,U08,direct,
4658.6,T021,U03,direct,
4658.7,T023,U04,direct,
4658.9,T017,U06,relay,R01
4659.2,T026,U01,direct,
4659.3,T025,U02,relay,R01
4659.4,T011,U07,relay,R01
4659.4,T012,U08,direct,
4659.6,T021,U03,direct,
4659.7,T023,U04,direct,
4659.9,T017,U06,relay,R01
4660.2,T026,U01,direct,
4660.3,T025,U02,relay,R01
4660.4,T011,U07,relay,R01
4660.4,T012,U08,direct,
4660.6,T021,U03,direct,
4660.7,T023,U04,direct,
4660.9,T017,U06,relay,R01
4661.2,T026,U01,direct,
4661.3,T025,U02,relay,R01
4661.4,T011,U07,relay,R01
4661.4,T012,U08,direct,
4661.6,T021,U03,direct,
4661.7,T023,U04,direct,
4661.9,T017,U06,relay,R01
4662.2,T026,U01,direct,
4662.3,T025,U02,relay,R01
4662.4,T011,U07,relay,R01
4662.4,T012,U08,direct,
4662.6,T021,U03,direct,
4662.7,T023,U04,direct,
4662.9,T017,U06,relay,R01
4663.2,T026,U01,direct,
4663.3,T025,U02,relay,R01
4663.4,T011,U07,relay,R01
4663.4,T012,U08,direct,
4663.6,T021,U03,direct,
4663.7,T023,U04,direct,
4663.9,T017,U06,relay,R01
4664.2,T026,U01,direct,
4664.3,T025,U02,relay,R01
4664.4,T011,U07,relay,R01
4664.4,T012,U08,direct,
4664.6,T021,U03,direct,
4664.7,T023,U04,direct,
4664.9,T017,U06,relay,R01
4665.2,T026,U01,direct,
4665.3,T025,U02,relay,R01
4665.4,T011,U07,relay,R01
4665.4,T012,U08,direct,
4665.6,T021,U03,direct,
4665.7,T023,U04,direct,
4665.9,T017,U06,relay,R01
4666.2,T026,U01,direct,
4666.3,T025,U02,relay,R01
4666.4,T011,U07,relay,R01
4666.4,T012,U08,direct,
4666.6,T021,U03,direct,
4666.7,T023,U04,direct,
4666.9,T017,U06,relay,R01
4667.2,T026,U01,direct,
4667.3,T025,U02,relay,R01
4667.4,T011,U07,relay,R01
4667.4,T012,U08,direct,
4667.6,T021,U03,direct,
4667.7,T023,U04,direct,
4667.9,T017,U06,relay,R01
4668.2,T026,U01,direct,
4668.3,T025,U02,relay,R01
4668.4,T011,U07,relay,R01
4668.4,T012,U08,direct,
4668.6,T021,U03,direct,
4668.7,T023,U04,direct,
4668.9,T017,U06,relay,R01
4669.2,T026,U01,direct,
4669.3,T025,U02,relay,R01
4669.4,T011,U07,relay,R01
4669.4,T012,U08,direct,
4669.6,T021,U03,direct,
4669.7,T023,U04,direct,
4669.9,T017,U06,relay,R01
4670.2,T026,U01,direct,
4670.3,T025,U02,relay,R01
4670.4,T011,U07,relay,R01
4670.4,T012,U08,direct,
4670.6,T021,U03,direct,
4670.7,T023,U04,direct,
4670.9,T017,U06,relay,R01
4671.2,T026,U01,direct,
4671.3,T025,U02,relay,R01
4671.4,T011,U07,relay,R01
4671.4,T012,U08,direct,
4671.6,T021,U03,direct,
4671.7,T023,U04,direct,
4671.9,T017,U06,relay,R01
4672.2,T026,U01,direct,
4672.3,T025,U02,relay,R01
4672.4,T011,U07,relay,R01
4672.4,T012,U08,direct,
4672.6,T021,U03,direct,
4672.7,T023,U04,direct,
4672.9,T017,U06,relay,R01
4673.2,T026,U01,direct,
4673.3,T025,U02,relay,R01
4673.4,T011,U07,relay,R01
4673.4,T012,U08,direct,
4673.6,T021,U03,direct,
4673.7,T023,U04,direct,
4673.9,T017,U06,relay,R01
4674.2,T026,U01,direct,
4674.3,T025,U02,relay,R01
4674.4,T011,U07,relay,R01
4674.4,T012,U08,direct,
4674.6,T021,U03,direct,
4674.7,T023,U04,direct,
4674.9,T017,U06,relay,R01
4675.2,T026,U01,direct,
4675.3,T025,U02,relay,R01
4675.4,T011,U07,relay,R01
4675.4,T012,U08,direct,
4675.6,T021,U03,direct,
4675.7,T023,U04,direct,
4675.9,T017,U06,relay,R01
4676.2,T026,U01,direct,
4676.3,T025,U02,relay,R01
4676.4,T011,U07,relay,R01
4676.4,T012,U08,direct,
4676.6,T021,U03,direct,
4676.7,T023,U04,direct,
4676.9,T017,U06,relay,R01
4677.2,T026,U01,direct,
4677.3,T025,U02,relay,R01
4677.4,T011,U07,relay,R01
4677.4,T012,U08,direct,
4677.6,T021,U03,direct,
4677.7,T023,U04,direct,
4677.9,T017,U06,relay,R01
4678.2,T026,U01,direct,
4678.3,T025,U02,relay,R01
4678.4,T011,U07,relay,R01
4678.4,T012,U08,direct,
4678.6,T021,U03,direct,
4678.7,T023,U04,direct,
4678.9,T017,U06,relay,R01
4679.2,T026,U01,direct,
4679.3,T025,U02,relay,R01
4679.4,T011,U07,relay,R01
4679.4,T012,U08,direct,
4679.6,T021,U03,direct,
4679.7,T023,U04,direct,
4679.9,T017,U06,relay,R01
4680.2,T026,U01,direct,
4680.3,T025,U02,relay,R01
4680.4,T011,U07,relay,R01
4680.4,T012,U08,direct,
4680.6,T021,U03,direct,
4680.7,T023,U04,direct,
4680.9,T017,U06,relay,R01
4681.2,T026,U01,direct,
4681.3,T025,U02,relay,R01
4681.4,T011,U07,relay,R01
4681.4,T012,U08,direct,
4681.6,T021,U03,direct,
4681.7,T023,U04,direct,
4681.9,T017,U06,relay,R01
4682.2,T026,U01,direct,
4682.3,T025,U02,relay,R01
4682.4,T011,U07,relay,R01
4682.4,T012,U08,direct,
4682.6,T021,U03,direct,
4682.7,T023,U04,direct,
4682.9,T017,U06,relay,R01
4683.2,T026,U01,direct,
4683.3,T025,U02,relay,R01
4683.4,T011,U07,relay,R01
4683.4,T012,U08,direct,
4683.6,T021,U03,direct,
4683.7,T023,U04,direct,
4683.9,T017,U06,relay,R01
4684.2,T026,U01,direct,
4684.3,T025,U02,relay,R01
4684.4,T011,U07,relay,R01
4684.4,T012,U08,direct,
4684.6,T021,U03,direct,
4684.7,T023,U04,direct,
4684.9,T017,U06,relay,R01
4685.2,T026,U01,direct,
4685.3,T025,U02,relay,R01
4685.4,T011,U07,relay,R01
4685.4,T012,U08,direct,
4685.6,T021,U03,direct,
4685.7,T023,U04,direct,
4685.9,T017,U06,relay,R01
4686.2,T026,U01,direct,
4686.3,T025,U02,relay,R01
4686.4,T011,U07,relay,R01
4686.4,T012,U08,direct,
4686.6,T021,U03,direct,
4686.7,T023,U04,direct,
4686.9,T017,U06,relay,R01
4687.2,T026,U01,direct,
4687.3,T025,U02,relay,R01
4687.4,T011,U07,relay,R01
4687.4,T012,U08,direct,
4687.6,T021,U03,direct,
4687.7,T023,U04,direct,
4687.9,T017,U06,relay,R01
4688.2,T026,U01,direct,
4688.3,T025,U02,relay,R01
4688.4,T011,U07,relay,R01
4688.4,T012,U08,direct,
4688.6,T021,U03,direct,
4688.7,T023,U04,direct,
4688.9,T017,U06,relay,R01
4689.2,T026,U01,direct,
4689.3,T025,U02,relay,R01
4689.4,T011,U07,relay,R01
4689.4,T012,U08,direct,
4689.6,T021,U03,direct,
4689.7,T023,U04,direct,
4689.9,T017,U06,relay,R01
4690.2,T026,U01,direct,
4690.3,T025,U02,relay,R01
4690.4,T011,U07,relay,R01
4690.4,T012,U08,direct,
4690.6,T021,U03,direct,
4690.7,T023,U04,direct,
4690.9,T017,U06,relay,R01
4691.2,T026,U01,direct,
4691.3,T025,U02,relay,R01
4691.4,T011,U07,relay,R01
4691.4,T012,U08,direct,
4691.6,T021,U03,direct,
4691.7,T023,U04,direct,
4691.9,T017,U06,relay,R01
4692.2,T026,U01,direct,
4692.3,T025,U02,relay,R01
4692.4,T011,U07,relay,R01
4692.4,T012,U08,direct,
4692.6,T021,U03,direct,
4692.7,T023,U04,direct,
4692.9,T017,U06,relay,R01
4693.2,T026,U01,direct,
4693.3,T025,U02,relay,R01
4693.4,T011,U07,relay,R01
4693.4,T012,U08,direct,
4693.6,T021,U03,direct,
4693.7,T023,U04,direct,
4693.9,T017,U06,relay,R01
4694.2,T026,U01,direct,
4694.3,T025,U02,relay,R01
4694.4,T011,U07,relay,R01
4694.4,T012,U08,direct,
4694.6,T021,U03,direct,
4694.7,T023,U04,direct,
4694.9,T017,U06,relay,R01
4695.2,T026,U01,direct,
4695.3,T025,U02,relay,R01
4695.4,T011,U07,relay,R01
4695.4,T012,U08,direct,
4695.6,T021,U03,direct,
4695.7,T023,U04,direct,
4695.9,T017,U06,relay,R01
4696.2,T026,U01,direct,
4696.3,T025,U02,relay,R01
4696.4,T011,U07,relay,R01
4696.4,T012,U08,direct,
4696.6,T021,U03,direct,
4696.7,T023,U04,direct,
4696.9,T017,U06,relay,R01
4697.2,T026,U01,direct,
4697.3,T025,U02,relay,R01
4697.4,T011,U07,relay,R01
4697.4,T012,U08,direct,
4697.6,T021,U03,direct,
4697.7,T023,U04,direct,
4697.9,T017,U06,relay,R01
4698.2,T026,U01,direct,
4698.3,T025,U02,relay,R01
4698.4,T011,U07,relay,R01
4698.4,T012,U08,direct,
4698.6,T021,U03,direct,
4698.7,T023,U04,direct,
4698.9,T017,U06,relay,R01
4699.2,T026,U01,direct,
4699.3,T025,U02,relay,R01
4699.4,T011,U07,relay,R01
4699.4,T012,U08,direct,
4699.6,T021,U03,direct,
4699.7,T023,U04,direct,
4699.9,T017,U06,relay,R01
4700.2,T026,U01,direct,
4700.3,T025,U02,relay,R01
4700.4,T011,U07,relay,R01
4700.4,T012,U08,direct,
4700.6,T021,U03,direct,
4700.7,T023,U04,direct,
4700.9,T017,U06,relay,R01
4701.2,T026,U01,direct,
4701.3,T025,U02,relay,R01
4701.4,T011,U07,relay,R01
4701.4,T012,U08,direct,
4701.6,T021,U03,direct,
4701.7,T023,U04,direct,
4701.9,T017,U06,relay,R01
4702.2,T026,U01,direct,
4702.3,T025,U02,relay,R01
4702.4,T011,U07,relay,R01
4702.4,T012,U08,direct,
4702.6,T021,U03,direct,
4702.7,T023,U04,direct,
4702.9,T017,U06,relay,R01
4703.2,T026,U01,direct,
4703.3,T025,U02,relay,R01
4703.4,T011,U07,relay,R01
4703.4,T012,U08,direct,
4703.6,T021,U03,direct,
4703.7,T023,U04,direct,
4703.9,T017,U06,relay,R01
4704.2,T026,U01,direct,
4704.3,T025,U02,relay,R01
4704.4,T011,U07,relay,R01
4704.4,T012,U08,direct,
4704.6,T021,U03,direct,
4704.7,T023,U04,direct,
4704.9,T017,U06,relay,R01
4705.2,T026,U01,direct,
4705.3,T025,U02,relay,R01
4705.4,T011,U07,relay,R01
4705.4,T012,U08,direct,
4705.6,T021,U03,direct,
4705.7,T023,U04,direct,
4705.9,T017,U06,relay,R01
4706.2,T026,U01,direct,
4706.3,T025,U02,relay,R01
4706.4,T011,U07,relay,R01
4706.4,T012,U08,direct,
4706.6,T021,U03,direct,
4706.7,T023,U04,direct,
4706.9,T017,U06,relay,R01
4707.2,T026,U01,direct,
4707.3,T025,U02,relay,R01
4707.4,T011,U07,relay,R01
4707.4,T012,U08,direct,
4707.6,T021,U03,direct,
4707.7,T023,U04,direct,
4707.9,T017,U06,relay,R01
4708.2,T026,U01,direct,
4708.3,T025,U02,relay,R01
4708.4,T011,U07,relay,R01
4708.4,T012,U08,direct,
4708.6,T021,U03,direct,
4708.7,T023,U04,direct,
4708.9,T017,U06,relay,R01
4709.2,T026,U01,direct,
4709.3,T025,U02,relay,R01
4709.4,T011,U07,relay,R01
4709.4,T012,U08,direct,
4709.6,T021,U03,direct,
4709.7,T023,U04,direct,
4709.9,T017,U06,relay,R01
4710.2,T026,U01,direct,
4710.3,T025,U02,relay,R01
4710.4,T011,U07,relay,R01
4710.4,T012,U08,direct,
4710.6,T021,U03,direct,
4710.7,T023,U04,direct,
4710.9,T017,U06,relay,R01
4711.2,T026,U01,direct,
4711.3,T025,U02,relay,R01
4711.4,T011,U07,relay,R01
4711.4,T012,U08,direct,
4711.6,T021,U03,direct,
4711.7,T023,U04,direct,
4711.9,T017,U06,relay,R01
4712.2,T026,U01,direct,
4712.3,T025,U02,relay,R01
4712.4,T011,U07,relay,R01
4712.4,T012,U08,direct,
4712.6,T021,U03,direct,
4712.7,T023,U04,direct,
4712.9,T017,U06,relay,R01
4713.2,T026,U01,direct,
4713.3,T025,U02,relay,R01
4713.4,T011,U07,relay,R01
4713.4,T012,U08,direct,
4713.6,T021,U03,direct,
4713.7,T023,U04,direct,
4713.9,T017,U06,relay,R01
4714.2,T026,U01,direct,
4714.3,T025,U02,relay,R01
4714.4,T011,U07,relay,R01
4714.4,T012,U08,direct,
4714.6,T021,U03,direct,
4714.7,T023,U04,direct,
4714.9,T017,U06,relay,R01
4715.2,T026,U01,direct,
4715.3,T025,U02,relay,R01
4715.4,T011,U07,relay,R01
4715.4,T012,U08,direct,
4715.6,T021,U03,direct,
4715.7,T023,U04,direct,
4715.9,T017,U06,relay,R01
4716.2,T026,U01,direct,
4716.3,T025,U02,relay,R01
4716.4,T011,U07,relay,R01
4716.4,T012,U08,direct,
4716.6,T021,U03,direct,
4716.7,T023,U04,direct,
4716.9,T017,U06,relay,R01
4717.2,T026,U01,direct,
4717.3,T025,U02,relay,R01
4717.4,T011,U07,relay,R01
4717.4,T012,U08,direct,
4717.6,T021,U03,direct,
4717.7,T023,U04,direct,
4717.9,T017,U06,relay,R01
4718.2,T026,U01,direct,
4718.3,T025,U02,relay,R01
4718.4,T011,U07,relay,R01
4718.4,T012,U08,direct,
4718.6,T021,U03,direct,
4718.7,T023,U04,direct,
4718.9,T017,U06,relay,R01
4719.2,T026,U01,direct,
4719.3,T025,U02,relay,R01
4719.4,T011,U07,relay,R01
4719.4,T012,U08,direct,
4719.6,T021,U03,direct,
4719.7,T023,U04,direct,
4719.9,T017,U06,relay,R01
4720.2,T026,U01,direct,
4720.3,T025,U02,relay,R01
4720.4,T011,U07,relay,R01
4720.4,T012,U08,direct,
4720.6,T021,U03,direct,
4720.7,T023,U04,direct,
4720.9,T017,U06,relay,R01
4721.2,T026,U01,direct,
4721.3,T025,U02,relay,R01
4721.4,T011,U07,relay,R01
4721.4,T012,U08,direct,
4721.6,T021,U03,direct,
4721.7,T023,U04,direct,
4721.9,T017,U06,relay,R01
4722.2,T026,U01,direct,
4722.3,T025,U02,relay,R01
4722.4,T011,U07,relay,R01
4722.4,T012,U08,direct,
4722.6,T021,U03,direct,
4722.7,T023,U04,direct,
4722.9,T017,U06,relay,R01
4723.2,T026,U01,direct,
4723.3,T025,U02,relay,R01
4723.4,T011,U07,relay,R01
4723.4,T012,U08,direct,
4723.6,T021,U03,direct,
4723.7,T023,U04,direct,
4723.9,T017,U06,relay,R01
4724.2,T026,U01,direct,
4724.3,T025,U02,relay,R01
4724.4,T011,U07,relay,R01
4724.4,T012,U08,direct,
4724.6,T021,U03,direct,
4724.7,T023,U04,direct,
4724.9,T017,U06,relay,R01
4725.2,T026,U01,direct,
4725.3,T025,U02,relay,R01
4725.4,T011,U07,relay,R01
4725.4,T012,U08,direct,
4725.6,T021,U03,direct,
4725.7,T023,U04,direct,
4725.9,T017,U06,relay,R01
4726.2,T026,U01,direct,
4726.3,T025,U02,relay,R01
4726.4,T011,U07,relay,R01
4726.4,T012,U08,direct,
4726.6,T021,U03,direct,
4726.7,T023,U04,direct,
4726.9,T017,U06,relay,R01
4727.2,T026,U01,direct,
4727.3,T025,U02,relay,R01
4727.4,T011,U07,relay,R01
4727.4,T012,U08,direct,
4727.6,T021,U03,direct,
4727.7,T023,U04,direct,
4727.9,T017,U06,relay,R01
4728.2,T026,U01,direct,
4728.3,T025,U02,relay,R01
4728.4,T011,U07,relay,R01
4728.4,T012,U08,direct,
4728.6,T021,U03,direct,
4728.7,T023,U04,direct,
4728.9,T017,U06,relay,R01
4729.2,T026,U01,direct,
4729.3,T025,U02,relay,R01
4729.4,T011,U07,relay,R01
4729.4,T012,U08,direct,
4729.6,T021,U03,direct,
4729.7,T023,U04,direct,
4729.9,T017,U06,relay,R01
4730.2,T026,U01,direct,
4730.3,T025,U02,relay,R01
4730.4,T011,U07,relay,R01
4730.4,T012,U08,direct,
4730.6,T021,U03,direct,
4730.7,T023,U04,direct,
4730.9,T017,U06,relay,R01
4731.2,T026,U01,direct,
4731.3,T025,U02,relay,R01
4731.4,T011,U07,relay,R01
4731.4,T012,U08,direct,
4731.6,T021,U03,direct,
4731.7,T023,U04,direct,
4731.9,T017,U06,relay,R01
4732.2,T026,U01,direct,
4732.3,T025,U02,relay,R01
4732.4,T011,U07,relay,R01
4732.4,T012,U08,direct,
4732.6,T021,U03,direct,
4732.7,T023,U04,direct,
4732.9,T017,U06,relay,R01
4733.2,T026,U01,direct,
4733.3,T025,U02,relay,R01
4733.4,T011,U07,relay,R01
4733.4,T012,U08,direct,
4733.6,T021,U03,direct,
4733.7,T023,U04,direct,
4733.9,T017,U06,relay,R01
4734.2,T026,U01,direct,
4734.3,T025,U02,relay,R01
4734.4,T011,U07,relay,R01
4734.4,T012,U08,direct,
4734.6,T021,U03,direct,
4734.7,T023,U04,direct,
4734.9,T017,U06,relay,R01
4735.2,T026,U01,direct,
4735.3,T025,U02,relay,R01
4735.4,T011,U07,relay,R01
4735.4,T012,U08,direct,
4735.6,T021,U03,direct,
4735.7,T023,U04,direct,
4735.9,T017,U06,relay,R01
4736.2,T026,U01,direct,
4736.3,T025,U02,relay,R01
4736.4,T011,U07,relay,R01
4736.4,T012,U08,direct,
4736.6,T021,U03,direct,
4736.7,T023,U04,direct,
4736.9,T017,U06,relay,R01
4737.2,T026,U01,direct,
4737.3,T025,U02,relay,R01
4737.4,T011,U07,relay,R01
4737.4,T012,U08,direct,
4737.6,T021,U03,direct,
4737.7,T023,U04,direct,
4737.9,T017,U06,relay,R01
4738.2,T026,U01,direct,
4738.3,T025,U02,relay,R01
4738.4,T011,U07,relay,R01
4738.4,T012,U08,direct,
4738.6,T021,U03,direct,
4738.7,T023,U04,direct,
4738.9,T017,U06,relay,R01
4739.2,T026,U01,direct,
4739.3,T025,U02,relay,R01
4739.4,T011,U07,relay,R01
4739.4,T012,U08,direct,
4739.6,T021,U03,direct,
4739.7,T023,U04,direct,
4739.9,T017,U06,relay,R01
4740.2,T026,U01,direct,
4740.3,T025,U02,relay,R01
4740.4,T011,U07,relay,R01
4740.4,T012,U08,direct,
4740.6,T021,U03,direct,
4740.7,T023,U04,direct,
4740.9,T017,U06,relay,R01
4741.2,T026,U01,direct,
4741.3,T025,U02,relay,R01
4741.4,T011,U07,relay,R01
4741.4,T012,U08,direct,
4741.6,T021,U03,direct,
4741.7,T023,U04,direct,
4741.9,T017,U06,relay,R01
4742.2,T026,U01,direct,
4742.3,T025,U02,relay,R01
4742.4,T011,U07,relay,R01
4742.4,T012,U08,direct,
4742.6,T021,U03,direct,
4742.7,T023,U04,direct,
4742.9,T017,U06,relay,R01
4743.2,T026,U01,direct,
4743.3,T025,U02,relay,R01
4743.4,T011,U07,relay,R01
4743.4,T012,U08,direct,
4743.6,T021,U03,direct,
4743.7,T023,U04,direct,
4743.9,T017,U06,relay,R01
4744.2,T026,U01,direct,
4744.3,T025,U02,relay,R01
4744.4,T011,U07,relay,R01
4744.4,T012,U08,direct,
4744.6,T021,U03,direct,
4744.7,T023,U04,direct,
4744.9,T017,U06,relay,R01
4745.2,T026,U01,direct,
4745.3,T025,U02,relay,R01
4745.4,T011,U07,relay,R01
4745.4,T012,U08,direct,
4745.6,T021,U03,direct,
4745.7,T023,U04,direct,
4745.9,T017,U06,relay,R01
4746.2,T026,U01,direct,
4746.3,T025,U02,relay,R01
4746.4,T011,U07,relay,R01
4746.4,T012,U08,direct,
4746.6,T021,U03,direct,
4746.7,T023,U04,direct,
4746.9,T017,U06,relay,R01
4747.2,T026,U01,direct,
4747.3,T025,U02,relay,R01
4747.4,T011,U07,relay,R01
4747.4,T012,U08,direct,
4747.6,T021,U03,direct,
4747.7,T023,U04,direct,
4747.9,T017,U06,relay,R01
4748.2,T026,U01,direct,
4748.3,T025,U02,relay,R01
4748.4,T011,U07,relay,R01
4748.4,T012,U08,direct,
4748.6,T021,U03,direct,
4748.7,T023,U04,direct,
4748.9,T017,U06,relay,R01
4749.2,T026,U01,direct,
4749.3,T025,U02,relay,R01
4749.4,T011,U07,relay,R01
4749.4,T012,U08,direct,
4749.6,T021,U03,direct,
4749.7,T023,U04,direct,
4749.9,T017,U06,relay,R01
4750.2,T026,U01,direct,
4750.3,T025,U02,relay,R01
4750.4,T011,U07,relay,R01
4750.4,T012,U08,direct,
4750.6,T021,U03,direct,
4750.7,T023,U04,direct,
4750.9,T017,U06,relay,R01
4751.2,T026,U01,direct,
4751.3,T025,U02,relay,R01
4751.4,T011,U07,relay,R01
4751.4,T012,U08,direct,
4751.7,T023,U04,direct,
4751.9,T017,U06,relay,R01
4752.2,T026,U01,direct,
4752.3,T025,U02,relay,R01
4752.4,T011,U07,relay,R01
4752.4,T012,U08,direct,
4752.7,T023,U04,direct,
4752.9,T017,U06,relay,R01
4753.2,T026,U01,direct,
4753.3,T025,U02,relay,R01
4753.4,T011,U07,relay,R01
4753.4,T012,U08,direct,
4753.7,T023,U04,direct,
4753.9,T017,U06,relay,R01
4754.2,T026,U01,direct,
4754.3,T025,U02,relay,R01
4754.4,T011,U07,relay,R01
4754.4,T012,U08,direct,
4754.7,T023,U04,direct,
4754.9,T017,U06,relay,R01
4755.2,T026,U01,direct,
4755.3,T025,U02,relay,R01
4755.4,T011,U07,relay,R01
4755.4,T012,U08,direct,
4755.7,T023,U04,direct,
4755.9,T017,U06,relay,R01
4756.2,T026,U01,direct,
4756.3,T025,U02,relay,R01
4756.4,T011,U07,relay,R01
4756.4,T012,U08,direct,
4756.7,T023,U04,direct,
4756.9,T017,U06,relay,R01
4757.2,T026,U01,direct,
4757.3,T025,U02,relay,R01
4757.4,T011,U07,relay,R01
4757.4,T012,U08,direct,
4757.7,T023,U04,direct,
4757.9,T017,U06,relay,R01
4758.2,T026,U01,direct,
4758.3,T025,U02,relay,R01
4758.4,T011,U07,relay,R01
4758.4,T012,U08,direct,
4758.7,T023,U04,direct,
4758.9,T017,U06,relay,R01
4759.2,T026,U01,direct,
4759.3,T025,U02,relay,R01
4759.4,T011,U07,relay,R01
4759.4,T012,U08,direct,
4759.7,T023,U04,direct,
4759.9,T017,U06,relay,R01
4760.2,T026,U01,direct,
4760.3,T025,U02,relay,R01
4760.4,T011,U07,relay,R01
4760.4,T012,U08,direct,
4760.7,T023,U04,direct,
4760.9,T017,U06,relay,R01
4761.2,T026,U01,direct,
4761.3,T025,U02,relay,R01
4761.4,T011,U07,relay,R01
4761.4,T012,U08,direct,
4761.7,T023,U04,direct,
4761.9,T017,U06,relay,R01
4762.2,T026,U01,direct,
4762.3,T025,U02,relay,R01
4762.4,T011,U07,relay,R01
4762.4,T012,U08,direct,
4762.7,T023,U04,direct,
4762.9,T017,U06,relay,R01
4763.2,T026,U01,direct,
4763.3,T025,U02,relay,R01
4763.4,T011,U07,relay,R01
4763.4,T012,U08,direct,
4763.7,T023,U04,direct,
4763.9,T017,U06,relay,R01
4764.2,T026,U01,direct,
4764.3,T025,U02,relay,R01
4764.4,T011,U07,relay,R01
4764.4,T012,U08,direct,
4764.7,T023,U04,direct,
4764.9,T017,U06,relay,R01
4765.2,T026,U01,direct,
4765.3,T025,U02,relay,R01
4765.4,T011,U07,relay,R01
4765.4,T012,U08,direct,
4765.7,T023,U04,direct,
4765.9,T017,U06,relay,R01
4766.2,T026,U01,direct,
4766.3,T025,U02,relay,R01
4766.4,T011,U07,relay,R01
4766.4,T012,U08,direct,
4766.7,T023,U04,direct,
4766.9,T017,U06,relay,R01
4767.2,T026,U01,direct,
4767.3,T025,U02,relay,R01
4767.4,T011,U07,relay,R01
4767.4,T012,U08,direct,
4767.7,T023,U04,direct,
4767.9,T017,U06,relay,R01
4768.2,T026,U01,direct,
4768.3,T025,U02,relay,R01
4768.4,T011,U07,relay,R01
4768.4,T012,U08,direct,
4768.7,T023,U04,direct,
4768.9,T017,U06,relay,R01
4769.2,T026,U01,direct,
4769.3,T025,U02,relay,R01
4769.4,T011,U07,relay,R01
4769.4,T012,U08,direct,
4769.7,T023,U04,direct,
4769.9,T017,U06,relay,R01
4770.2,T026,U01,direct,
4770.3,T025,U02,relay,R01
4770.4,T011,U07,relay,R01
4770.4,T012,U08,direct,
4770.7,T023,U04,direct,
4770.9,T017,U06,relay,R01
4771.2,T026,U01,direct,
4771.3,T025,U02,relay,R01
4771.4,T011,U07,relay,R01
4771.4,T012,U08,direct,
4771.7,T023,U04,direct,
4771.9,T017,U06,relay,R01
4772.2,T026,U01,direct,
4772.3,T025,U02,relay,R01
4772.4,T011,U07,relay,R01
4772.4,T012,U08,direct,
4772.7,T023,U04,direct,
4772.9,T017,U06,relay,R01
4773.2,T026,U01,direct,
4773.3,T025,U02,relay,R01
4773.4,T011,U07,relay,R01
4773.4,T012,U08,direct,
4773.7,T023,U04,direct,
4773.9,T017,U06,relay,R01
4774.2,T026,U01,direct,
4774.3,T025,U02,relay,R01
4774.4,T011,U07,relay,R01
4774.4,T012,U08,direct,
4774.7,T023,U04,direct,
4774.9,T017,U06,relay,R01
4775.2,T026,U01,direct,
4775.3,T025,U02,relay,R01
4775.4,T011,U07,relay,R01
4775.4,T012,U08,direct,
4775.7,T023,U04,direct,
4775.9,T017,U06,relay,R01
4776.2,T026,U01,direct,
4776.3,T025,U02,relay,R01
4776.4,T011,U07,relay,R01
4776.4,T012,U08,direct,
4776.7,T023,U04,direct,
4776.9,T017,U06,relay,R01
4777.2,T026,U01,direct,
4777.3,T025,U02,relay,R01
4777.4,T011,U07,relay,R01
4777.4,T012,U08,direct,
4777.7,T023,U04,direct,
4777.9,T017,U06,relay,R01
4778.2,T026,U01,direct,
4778.3,T025,U02,relay,R01
4778.4,T011,U07,relay,R01
4778.4,T012,U08,direct,
4778.7,T023,U04,direct,
4778.9,T017,U06,relay,R01
4779.2,T026,U01,direct,
4779.3,T025,U02,relay,R01
4779.4,T011,U07,relay,R01
4779.4,T012,U08,direct,
4779.7,T023,U04,direct,
4779.9,T017,U06,relay,R01
4780.2,T026,U01,direct,
4780.3,T025,U02,relay,R01
4780.4,T011,U07,relay,R01
4780.4,T012,U08,direct,
4780.7,T023,U04,direct,
4780.9,T017,U06,relay,R01
4781.2,T026,U01,direct,
4781.3,T025,U02,relay,R01
4781.4,T011,U07,relay,R01
4781.4,T012,U08,direct,
4781.7,T023,U04,direct,
4781.9,T017,U06,relay,R01
4782.2,T026,U01,direct,
4782.3,T025,U02,relay,R01
4782.4,T011,U07,relay,R01
4782.4,T012,U08,direct,
4782.7,T023,U04,direct,
4782.9,T017,U06,relay,R01
4783.2,T026,U01,direct,
4783.3,T025,U02,relay,R01
4783.4,T011,U07,relay,R01
4783.4,T012,U08,direct,
4783.7,T023,U04,direct,
4783.9,T017,U06,relay,R01
4784.2,T026,U01,direct,
4784.3,T025,U02,relay,R01
4784.4,T011,U07,direct,
4784.4,T012,U08,direct,
4784.7,T023,U04,direct,
4784.9,T017,U06,relay,R01
4785.2,T026,U01,direct,
4785.3,T025,U02,relay,R01
4785.4,T011,U07,direct,
4785.4,T012,U08,direct,
4785.7,T023,U04,direct,
4785.9,T017,U06,relay,R01
4786.2,T026,U01,direct,
4786.3,T025,U02,relay,R01
4786.4,T011,U07,direct,
4786.4,T012,U08,direct,
4786.7,T023,U04,direct,
4786.9,T017,U06,relay,R01
4787.2,T026,U01,direct,
4787.3,T025,U02,relay,R01
4787.4,T011,U07,direct,
4787.4,T012,U08,direct,
4787.7,T023,U04,direct,
4787.9,T017,U06,relay,R01
4788.2,T026,U01,direct,
4788.3,T025,U02,relay,R01
4788.4,T011,U07,direct,
4788.4,T012,U08,direct,
4788.7,T023,U04,direct,
4788.9,T017,U06,relay,R01
4789.2,T026,U01,direct,
4789.3,T025,U02,relay,R01
4789.4,T011,U07,direct,
4789.4,T012,U08,direct,
4789.7,T023,U04,direct,
4789.9,T017,U06,relay,R01
4790.2,T026,U01,direct,
4790.3,T025,U02,relay,R01
4790.4,T011,U07,direct,
4790.4,T012,U08,direct,
4790.7,T023,U04,direct,
4790.9,T017,U06,relay,R01
4791.2,T026,U01,direct,
4791.3,T025,U02,relay,R01
4791.4,T011,U07,direct,
4791.4,T012,U08,direct,
4791.7,T023,U04,direct,
4791.9,T017,U06,relay,R01
4792.2,T026,U01,direct,
4792.3,T025,U02,relay,R01
4792.4,T011,U07,direct,
4792.4,T012,U08,direct,
4792.7,T023,U04,direct,
4792.9,T017,U06,relay,R01
4793.2,T026,U01,direct,
4793.3,T025,U02,relay,R01
4793.4,T011,U07,direct,
4793.4,T012,U08,direct,
4793.7,T023,U04,direct,
4793.9,T017,U06,relay,R01
4794.2,T026,U01,direct,
4794.3,T025,U02,relay,R01
4794.4,T011,U07,direct,
4794.4,T012,U08,direct,
4794.7,T023,U04,direct,
4794.9,T017,U06,relay,R01
4795.2,T026,U01,direct,
4795.3,T025,U02,relay,R01
4795.4,T011,U07,direct,
4795.4,T012,U08,direct,
4795.7,T023,U04,direct,
4795.9,T017,U06,relay,R01
4796.2,T026,U01,direct,
4796.3,T025,U02,relay,R01
4796.4,T011,U07,direct,
4796.4,T012,U08,direct,
4796.7,T023,U04,direct,
4796.9,T017,U06,relay,R01
4797.2,T026,U01,direct,
4797.3,T025,U02,relay,R01
4797.4,T011,U07,direct,
4797.4,T012,U08,direct,
4797.7,T023,U04,direct,
4797.9,T017,U06,relay,R01
4798.2,T026,U01,direct,
4798.3,T025,U02,relay,R01
4798.4,T011,U07,direct,
4798.4,T012,U08,direct,
4798.7,T023,U04,direct,
4798.9,T017,U06,relay,R01
4799.2,T026,U01,direct,
4799.3,T025,U02,relay,R01
4799.4,T011,U07,direct,
4799.4,T012,U08,direct,
4799.7,T023,U04,direct,
4799.9,T017,U06,relay,R01
4800.2,T026,U01,direct,
4800.3,T025,U02,relay,R01
4800.4,T011,U07,direct,
4800.4,T012,U08,direct,
4800.7,T023,U04,direct,
4800.9,T017,U06,relay,R01
4801.2,T026,U01,direct,
4801.3,T025,U02,relay,R01
4801.4,T011,U07,direct,
4801.4,T012,U08,direct,
4801.7,T023,U04,direct,
4801.9,T017,U06,relay,R01
4802.2,T026,U01,direct,
4802.3,T025,U02,relay,R01
4802.4,T011,U07,direct,
4802.4,T012,U08,direct,
4802.7,T023,U04,direct,
4802.9,T017,U06,relay,R01
4803.2,T026,U01,direct,
4803.3,T025,U02,relay,R01
4803.4,T011,U07,direct,
4803.4,T012,U08,direct,
4803.7,T023,U04,direct,
4803.9,T017,U06,relay,R01
4804.2,T026,U01,direct,
4804.3,T025,U02,relay,R01
4804.4,T011,U07,direct,
4804.4,T012,U08,direct,
4804.7,T023,U04,direct,
4804.9,T017,U06,relay,R01
4805.2,T026,U01,direct,
4805.3,T025,U02,relay,R01
4805.4,T011,U07,direct,
4805.4,T012,U08,direct,
4805.7,T023,U04,direct,
4805.9,T017,U06,relay,R01
4806.2,T026,U01,direct,
4806.3,T025,U02,relay,R01
4806.4,T011,U07,direct,
4806.4,T012,U08,direct,
4806.7,T023,U04,direct,
4806.9,T017,U06,relay,R01
4807.2,T026,U01,direct,
4807.3,T025,U02,relay,R01
4807.4,T011,U07,direct,
4807.4,T012,U08,direct,
4807.7,T023,U04,direct,
4807.9,T017,U06,relay,R01
4808.2,T026,U01,direct,
4808.3,T025,U02,relay,R01
4808.4,T011,U07,direct,
4808.4,T012,U08,direct,
4808.7,T023,U04,direct,
4808.9,T017,U06,relay,R01
4809.2,T026,U01,direct,
4809.3,T025,U02,relay,R01
4809.4,T011,U07,direct,
4809.4,T012,U08,direct,
4809.7,T023,U04,direct,
4809.9,T017,U06,relay,R01
4810.2,T026,U01,direct,
4810.3,T025,U02,relay,R01
4810.4,T011,U07,direct,
4810.4,T012,U08,direct,
4810.7,T023,U04,direct,
4810.9,T017,U06,relay,R01
4811.2,T026,U01,direct,
4811.3,T025,U02,relay,R01
4811.4,T011,U07,direct,
4811.4,T012,U08,direct,
4811.7,T023,U04,direct,
4811.9,T017,U06,relay,R01
4812.2,T026,U01,direct,
4812.3,T025,U02,relay,R01
4812.4,T011,U07,direct,
4812.4,T012,U08,direct,
4812.7,T023,U04,direct,
4812.9,T017,U06,relay,R01
4813.2,T026,U01,direct,
4813.3,T025,U02,relay,R01
4813.4,T011,U07,direct,
4813.4,T012,U08,direct,
4813.7,T023,U04,direct,
4813.9,T017,U06,relay,R01
4814.2,T026,U01,direct,
4814.3,T025,U02,relay,R01
4814.4,T011,U07,direct,
4814.4,T012,U08,direct,
4814.7,T023,U04,direct,
4814.9,T017,U06,relay,R01
4815.2,T026,U01,direct,
4815.3,T025,U02,relay,R01
4815.4,T011,U07,direct,
4815.4,T012,U08,direct,
4815.7,T023,U04,direct,
4815.9,T017,U06,relay,R01
4816.2,T026,U01,direct,
4816.3,T025,U02,relay,R01
4816.4,T011,U07,direct,
4816.4,T012,U08,direct,
4816.7,T023,U04,direct,
4816.9,T017,U06,relay,R01
4817.2,T026,U01,direct,
4817.3,T025,U02,relay,R01
4817.4,T011,U07,direct,
4817.4,T012,U08,direct,
4817.7,T023,U04,direct,
4817.9,T017,U06,relay,R01
4818.2,T026,U01,direct,
4818.3,T025,U02,relay,R01
4818.4,T011,U07,direct,
4818.4,T012,U08,direct,
4818.7,T023,U04,direct,
4818.9,T017,U06,relay,R01
4819.2,T026,U01,direct,
4819.3,T025,U02,relay,R01
4819.4,T011,U07,direct,
4819.4,T012,U08,direct,
4819.7,T023,U04,direct,
4819.9,T017,U06,relay,R01
4820.2,T026,U01,direct,
4820.3,T025,U02,relay,R01
4820.4,T011,U07,direct,
4820.4,T012,U08,direct,
4820.7,T023,U04,direct,
4820.9,T017,U06,relay,R01
4821.2,T026,U01,direct,
4821.3,T025,U02,relay,R01
4821.4,T011,U07,direct,
4821.4,T012,U08,direct,
4821.7,T023,U04,direct,
4821.9,T017,U06,relay,R01
4822.2,T026,U01,direct,
4822.3,T025,U02,relay,R01
4822.4,T011,U07,direct,
4822.4,T012,U08,direct,
4822.7,T023,U04,direct,
4822.9,T017,U06,relay,R01
4823.2,T026,U01,direct,
4823.3,T025,U02,relay,R01
4823.4,T011,U07,direct,
4823.4,T012,U08,direct,
4823.7,T023,U04,direct,
4823.9,T017,U06,relay,R01
4824.2,T026,U01,direct,
4824.3,T025,U02,relay,R01
4824.4,T011,U07,direct,
4824.4,T012,U08,direct,
4824.7,T023,U04,direct,
4824.9,T017,U06,relay,R01
4825.2,T026,U01,direct,
4825.3,T025,U02,relay,R01
4825.4,T011,U07,direct,
4825.4,T012,U08,direct,
4825.7,T023,U04,direct,
4825.9,T017,U06,relay,R01
4826.2,T026,U01,direct,
4826.3,T025,U02,relay,R01
4826.4,T011,U07,direct,
4826.4,T012,U08,direct,
4826.7,T023,U04,direct,
4826.9,T017,U06,relay,R01
4827.2,T026,U01,direct,
4827.3,T025,U02,relay,R01
4827.4,T011,U07,direct,
4827.4,T012,U08,direct,
4827.7,T023,U04,direct,
4827.9,T017,U06,relay,R01
4828.2,T026,U01,direct,
4828.3,T025,U02,relay,R01
4828.4,T011,U07,direct,
4828.4,T012,U08,direct,
4828.7,T023,U04,direct,
4828.9,T017,U06,relay,R01
4829.2,T026,U01,direct,
4829.3,T025,U02,relay,R01
4829.4,T011,U07,direct,
4829.4,T012,U08,direct,
4829.7,T023,U04,direct,
4829.9,T017,U06,relay,R01
4830.2,T026,U01,direct,
4830.3,T025,U02,relay,R01
4830.4,T011,U07,direct,
4830.4,T012,U08,direct,
4830.7,T023,U04,direct,
4830.9,T017,U06,relay,R01
4831.2,T026,U01,direct,
4831.3,T025,U02,relay,R01
4831.4,T011,U07,direct,
4831.4,T012,U08,direct,
4831.7,T023,U04,direct,
4831.9,T017,U06,relay,R01
4832.2,T026,U01,direct,
4832.3,T025,U02,relay,R01
4832.4,T011,U07,direct,
4832.4,T012,U08,direct,
4832.7,T023,U04,direct,
4832.9,T017,U06,relay,R01
4833.2,T026,U01,direct,
4833.3,T025,U02,relay,R01
4833.4,T011,U07,direct,
4833.4,T012,U08,direct,
4833.7,T023,U04,direct,
4833.9,T017,U06,relay,R01
4834.2,T026,U01,direct,
4834.3,T025,U02,relay,R01
4834.4,T011,U07,direct,
4834.4,T012,U08,direct,
4834.7,T023,U04,direct,
4834.9,T017,U06,relay,R01
4835.2,T026,U01,direct,
4835.3,T025,U02,relay,R01
4835.4,T011,U07,direct,
4835.4,T012,U08,direct,
4835.7,T023,U04,direct,
4835.9,T017,U06,relay,R01
4836.2,T026,U01,direct,
4836.3,T025,U02,relay,R01
4836.4,T011,U07,direct,
4836.4,T012,U08,direct,
4836.7,T023,U04,direct,
4836.9,T017,U06,relay,R01
4837.2,T026,U01,direct,
4837.3,T025,U02,relay,R01
4837.4,T011,U07,direct,
4837.4,T012,U08,direct,
4837.7,T023,U04,direct,
4837.9,T017,U06,relay,R01
4838.2,T026,U01,direct,
4838.3,T025,U02,relay,R01
4838.4,T011,U07,direct,
4838.4,T012,U08,direct,
4838.7,T023,U04,direct,
4838.9,T017,U06,relay,R01
4839.2,T026,U01,direct,
4839.3,T025,U02,relay,R01
4839.4,T011,U07,direct,
4839.4,T012,U08,direct,
4839.7,T023,U04,direct,
4839.9,T017,U06,relay,R01
4840.2,T026,U01,direct,
4840.3,T025,U02,relay,R01
4840.4,T011,U07,direct,
4840.4,T012,U08,direct,
4840.7,T023,U04,direct,
4840.9,T017,U06,relay,R01
4841.2,T026,U01,direct,
4841.3,T025,U02,relay,R01
4841.4,T011,U07,direct,
4841.4,T012,U08,direct,
4841.7,T023,U04,direct,
4841.9,T017,U06,relay,R01
4842.2,T026,U01,direct,
4842.3,T025,U02,relay,R01
4842.4,T011,U07,direct,
4842.4,T012,U08,direct,
4842.7,T023,U04,direct,
4842.9,T017,U06,relay,R01
4843.2,T026,U01,direct,
4843.3,T025,U02,relay,R01
4843.4,T011,U07,direct,
4843.4,T012,U08,direct,
4843.7,T023,U04,direct,
4843.9,T017,U06,relay,R01
4844.2,T026,U01,direct,
4844.3,T025,U02,relay,R01
4844.4,T011,U07,direct,
4844.4,T012,U08,direct,
4844.7,T023,U04,direct,
4844.9,T017,U06,relay,R01
4845.2,T026,U01,direct,
4845.3,T025,U02,relay,R01
4845.4,T011,U07,direct,
4845.4,T012,U08,direct,
4845.7,T023,U04,direct,
4845.9,T017,U06,relay,R01
4846.2,T026,U01,direct,
4846.3,T025,U02,relay,R01
4846.4,T011,U07,direct,
4846.4,T012,U08,direct,
4846.7,T023,U04,direct,
4846.9,T017,U06,relay,R01
4847.2,T026,U01,direct,
4847.3,T025,U02,relay,R01
4847.4,T011,U07,direct,
4847.4,T012,U08,direct,
4847.7,T023,U04,direct,
4847.9,T017,U06,relay,R01
4848.2,T026,U01,direct,
4848.3,T025,U02,relay,R01
4848.4,T011,U07,direct,
4848.4,T012,U08,direct,
4848.7,T023,U04,direct,
4848.9,T017,U06,relay,R01
4849.2,T026,U01,direct,
4849.3,T025,U02,relay,R01
4849.4,T011,U07,direct,
4849.4,T012,U08,direct,
4849.7,T023,U04,direct,
4849.9,T017,U06,relay,R01
4850.2,T026,U01,direct,
4850.3,T025,U02,relay,R01
4850.4,T011,U07,direct,
4850.4,T012,U08,direct,
4850.7,T023,U04,direct,
4850.9,T017,U06,relay,R01
4851.2,T026,U01,direct,
4851.3,T025,U02,relay,R01
4851.4,T011,U07,direct,
4851.4,T012,U08,direct,
4851.7,T023,U04,direct,
4851.9,T017,U06,relay,R01
4852.2,T026,U01,direct,
4852.3,T025,U02,relay,R01
4852.4,T011,U07,direct,
4852.4,T012,U08,direct,
4852.9,T017,U06,relay,R01
4853.2,T026,U01,direct,
4853.3,T025,U02,relay,R01
4853.4,T011,U07,direct,
4853.4,T012,U08,direct,
4853.9,T017,U06,relay,R01
4854.2,T026,U01,direct,
4854.3,T025,U02,relay,R01
4854.4,T011,U07,direct,
4854.4,T012,U08,direct,
4854.9,T017,U06,relay,R01
4855.2,T026,U01,direct,
4855.3,T025,U02,relay,R01
4855.4,T011,U07,direct,
4855.4,T012,U08,direct,
4855.9,T017,U06,relay,R01
4856.2,T026,U01,direct,
4856.3,T025,U02,relay,R01
4856.4,T011,U07,direct,
4856.4,T012,U08,direct,
4856.9,T017,U06,relay,R01
4857.2,T026,U01,direct,
4857.3,T025,U02,relay,R01
4857.4,T011,U07,direct,
4857.4,T012,U08,direct,
4857.9,T017,U06,relay,R01
4858.2,T026,U01,direct,
4858.3,T025,U02,relay,R01
4858.4,T011,U07,direct,
4858.4,T012,U08,direct,
4858.9,T017,U06,relay,R01
4859.2,T026,U01,direct,
4859.3,T025,U02,relay,R01
4859.4,T011,U07,direct,
4859.4,T012,U08,direct,
4859.9,T017,U06,relay,R01
4860.2,T026,U01,direct,
4860.3,T025,U02,relay,R01
4860.4,T011,U07,direct,
4860.4,T012,U08,direct,
4860.9,T017,U06,relay,R01
4861.2,T026,U01,direct,
4861.3,T025,U02,relay,R01
4861.4,T011,U07,direct,
4861.4,T012,U08,direct,
4861.9,T017,U06,relay,R01
4862.2,T026,U01,direct,
4862.3,T025,U02,relay,R01
4862.4,T011,U07,direct,
4862.4,T012,U08,direct,
4862.9,T017,U06,relay,R01
4863.2,T026,U01,direct,
4863.3,T025,U02,relay,R01
4863.4,T011,U07,direct,
4863.4,T012,U08,direct,
4863.9,T017,U06,relay,R01
4864.2,T026,U01,direct,
4864.3,T025,U02,relay,R01
4864.4,T011,U07,direct,
4864.4,T012,U08,direct,
4864.9,T017,U06,relay,R01
4865.2,T026,U01,direct,
4865.3,T025,U02,relay,R01
4865.4,T011,U07,direct,
4865.4,T012,U08,direct,
4865.9,T017,U06,relay,R01
4866.2,T026,U01,direct,
4866.3,T025,U02,relay,R01
4866.4,T011,U07,direct,
4866.4,T012,U08,direct,
4866.9,T017,U06,relay,R01
4867.2,T026,U01,direct,
4867.3,T025,U02,relay,R01
4867.4,T011,U07,direct,
4867.4,T012,U08,direct,
4867.9,T017,U06,relay,R01
4868.2,T026,U01,direct,
4868.3,T025,U02,relay,R01
4868.4,T011,U07,direct,
4868.4,T012,U08,direct,
4868.9,T017,U06,relay,R01
4869.2,T026,U01,direct,
4869.3,T025,U02,relay,R01
4869.4,T011,U07,direct,
4869.4,T012,U08,direct,
4869.9,T017,U06,relay,R01
4870.2,T026,U01,direct,
4870.3,T025,U02,relay,R01
4870.4,T011,U07,direct,
4870.4,T012,U08,direct,
4870.9,T017,U06,relay,R01
4871.2,T026,U01,direct,
4871.3,T025,U02,relay,R01
4871.4,T011,U07,direct,
4871.4,T012,U08,direct,
4871.9,T017,U06,relay,R01
4872.2,T026,U01,direct,
4872.3,T025,U02,relay,R01
4872.4,T011,U07,direct,
4872.4,T012,U08,direct,
4872.9,T017,U06,relay,R01
4873.2,T026,U01,direct,
4873.3,T025,U02,relay,R01
4873.4,T011,U07,direct,
4873.4,T012,U08,direct,
4873.9,T017,U06,relay,R01
4874.2,T026,U01,direct,
4874.3,T025,U02,relay,R01
4874.4,T011,U07,direct,
4874.4,T012,U08,direct,
4874.9,T017,U06,relay,R01
4875.2,T026,U01,direct,
4875.3,T025,U02,relay,R01
4875.4,T011,U07,direct,
4875.4,T012,U08,direct,
4875.9,T017,U06,relay,R01
4876.2,T026,U01,direct,
4876.3,T025,U02,relay,R01
4876.4,T011,U07,direct,
4876.4,T012,U08,direct,
4876.9,T017,U06,relay,R01
4877.2,T026,U01,direct,
4877.3,T025,U02,relay,R01
4877.4,T011,U07,direct,
4877.4,T012,U08,direct,
4877.9,T017,U06,relay,R01
4878.2,T026,U01,direct,
4878.3,T025,U02,relay,R01
4878.4,T011,U07,direct,
4878.4,T012,U08,direct,
4878.9,T017,U06,relay,R01
4879.2,T026,U01,direct,
4879.3,T025,U02,relay,R01
4879.4,T011,U07,direct,
4879.4,T012,U08,direct,
4879.9,T017,U06,relay,R01
4880.2,T026,U01,direct,
4880.3,T025,U02,relay,R01
4880.4,T011,U07,direct,
4880.4,T012,U08,direct,
4880.9,T017,U06,relay,R01
4881.2,T026,U01,direct,
4881.3,T025,U02,relay,R01
4881.4,T011,U07,direct,
4881.4,T012,U08,direct,
4881.9,T017,U06,relay,R01
4882.2,T026,U01,direct,
4882.3,T025,U02,relay,R01
4882.4,T011,U07,direct,
4882.4,T012,U08,direct,
4882.9,T017,U06,relay,R01
4883.2,T026,U01,direct,
4883.3,T025,U02,relay,R01
4883.4,T011,U07,direct,
4883.4,T012,U08,direct,
4883.9,T017,U06,relay,R01
4884.2,T026,U01,direct,
4884.3,T025,U02,relay,R01
4884.4,T011,U07,direct,
4884.4,T012,U08,direct,
4884.9,T017,U06,direct,
4885.2,T026,U01,direct,
4885.3,T025,U02,relay,R01
4885.4,T011,U07,direct,
4885.4,T012,U08,direct,
4885.9,T017,U06,direct,
4886.2,T026,U01,direct,
4886.3,T025,U02,relay,R01
4886.4,T011,U07,direct,
4886.4,T012,U08,direct,
4886.9,T017,U06,direct,
4887.2,T026,U01,direct,
4887.3,T025,U02,relay,R01
4887.4,T011,U07,direct,
4887.4,T012,U08,direct,
4887.9,T017,U06,direct,
4888.2,T026,U01,direct,
4888.3,T025,U02,relay,R01
4888.4,T011,U07,direct,
4888.4,T012,U08,direct,
4888.9,T017,U06,direct,
4889.2,T026,U01,direct,
4889.3,T025,U02,relay,R01
4889.4,T011,U07,direct,
4889.4,T012,U08,direct,
4889.9,T017,U06,direct,
4890.2,T026,U01,direct,
4890.3,T025,U02,relay,R01
4890.4,T011,U07,direct,
4890.4,T012,U08,direct,
4890.9,T017,U06,direct,
4891.2,T026,U01,direct,
4891.3,T025,U02,relay,R01
4891.4,T011,U07,direct,
4891.4,T012,U08,direct,
4891.9,T017,U06,direct,
4892.2,T026,U01,direct,
4892.3,T025,U02,relay,R01
4892.4,T011,U07,direct,
4892.4,T012,U08,direct,
4892.9,T017,U06,direct,
4893.2,T026,U01,direct,
4893.3,T025,U02,relay,R01
4893.4,T011,U07,direct,
4893.4,T012,U08,direct,
4893.9,T017,U06,direct,
4894.2,T026,U01,direct,
4894.3,T025,U02,relay,R01
4894.4,T011,U07,direct,
4894.4,T012,U08,direct,
4894.9,T017,U06,direct,
4895.2,T026,U01,direct,
4895.3,T025,U02,relay,R01
4895.4,T011,U07,direct,
4895.4,T012,U08,direct,
4895.9,T017,U06,direct,
4896.2,T026,U01,direct,
4896.3,T025,U02,relay,R01
4896.4,T011,U07,direct,
4896.4,T012,U08,direct,
4896.9,T017,U06,direct,
4897.2,T026,U01,direct,
4897.3,T025,U02,relay,R01
4897.4,T011,U07,direct,
4897.4,T012,U08,direct,
4897.9,T017,U06,direct,
4898.2,T026,U01,direct,
4898.3,T025,U02,relay,R01
4898.4,T011,U07,direct,
4898.4,T012,U08,direct,
4898.9,T017,U06,direct,
4899.2,T026,U01,direct,
4899.3,T025,U02,relay,R01
4899.4,T011,U07,direct,
4899.4,T012,U08,direct,
4899.9,T017,U06,direct,
4900.2,T026,U01,direct,
4900.3,T025,U02,relay,R01
4900.4,T011,U07,direct,
4900.4,T012,U08,direct,
4900.9,T017,U06,direct,
4901.2,T026,U01,direct,
4901.3,T025,U02,relay,R01
4901.4,T011,U07,direct,
4901.4,T012,U08,direct,
4901.9,T017,U06,direct,
4902.2,T026,U01,direct,
4902.3,T025,U02,relay,R01
4902.4,T011,U07,direct,
4902.4,T012,U08,direct,
4902.9,T017,U06,direct,
4903.2,T026,U01,direct,
4903.3,T025,U02,relay,R01
4903.4,T011,U07,direct,
4903.4,T012,U08,direct,
4903.9,T017,U06,direct,
4904.2,T026,U01,direct,
4904.3,T025,U02,relay,R01
4904.4,T011,U07,direct,
4904.4,T012,U08,direct,
4904.9,T017,U06,direct,
4905.2,T026,U01,direct,
4905.3,T025,U02,relay,R01
4905.4,T011,U07,direct,
4905.4,T012,U08,direct,
4905.9,T017,U06,direct,
4906.2,T026,U01,direct,
4906.3,T025,U02,relay,R01
4906.4,T011,U07,direct,
4906.4,T012,U08,direct,
4906.9,T017,U06,direct,
4907.2,T026,U01,direct,
4907.3,T025,U02,relay,R01
4907.4,T011,U07,direct,
4907.4,T012,U08,direct,
4907.9,T017,U06,direct,
4908.2,T026,U01,direct,
4908.3,T025,U02,relay,R01
4908.4,T011,U07,direct,
4908.4,T012,U08,direct,
4908.9,T017,U06,direct,
4909.2,T026,U01,direct,
4909.3,T025,U02,relay,R01
4909.4,T011,U07,direct,
4909.4,T012,U08,direct,
4909.9,T017,U06,direct,
4910.2,T026,U01,direct,
4910.3,T025,U02,relay,R01
4910.4,T011,U07,direct,
4910.4,T012,U08,direct,
4910.9,T017,U06,direct,
4911.2,T026,U01,direct,
4911.3,T025,U02,relay,R01
4911.4,T011,U07,direct,
4911.4,T012,U08,direct,
4911.9,T017,U06,direct,
4912.2,T026,U01,direct,
4912.3,T025,U02,relay,R01
4912.4,T011,U07,direct,
4912.4,T012,U08,direct,
4912.9,T017,U06,direct,
4913.2,T026,U01,direct,
4913.3,T025,U02,relay,R01
4913.4,T011,U07,direct,
4913.4,T012,U08,direct,
4913.9,T017,U06,direct,
4914.2,T026,U01,direct,
4914.3,T025,U02,relay,R01
4914.4,T011,U07,direct,
4914.4,T012,U08,direct,
4914.9,T017,U06,direct,
4915.2,T026,U01,direct,
4915.3,T025,U02,relay,R01
4915.4,T011,U07,direct,
4915.4,T012,U08,direct,
4915.9,T017,U06,direct,
4916.2,T026,U01,direct,
4916.3,T025,U02,relay,R01
4916.4,T011,U07,direct,
4916.4,T012,U08,direct,
4916.9,T017,U06,direct,
4917.2,T026,U01,direct,
4917.3,T025,U02,relay,R01
4917.4,T011,U07,direct,
4917.4,T012,U08,direct,
4917.9,T017,U06,direct,
4918.2,T026,U01,direct,
4918.3,T025,U02,relay,R01
4918.4,T011,U07,direct,
4918.4,T012,U08,direct,
4918.9,T017,U06,direct,
4919.2,T026,U01,direct,
4919.3,T025,U02,relay,R01
4919.4,T011,U07,direct,
4919.4,T012,U08,direct,
4919.9,T017,U06,direct,
4920.2,T026,U01,direct,
4920.3,T025,U02,relay,R01
4920.4,T011,U07,direct,
4920.4,T012,U08,direct,
4920.9,T017,U06,direct,
4921.2,T026,U01,direct,
4921.3,T025,U02,relay,R01
4921.4,T011,U07,direct,
4921.4,T012,U08,direct,
4921.9,T017,U06,direct,
4922.2,T026,U01,direct,
4922.3,T025,U02,relay,R01
4922.4,T011,U07,direct,
4922.4,T012,U08,direct,
4922.9,T017,U06,direct,
4923.2,T026,U01,direct,
4923.3,T025,U02,relay,R01
4923.4,T011,U07,direct,
4923.4,T012,U08,direct,
4923.9,T017,U06,direct,
4924.2,T026,U01,direct,
4924.3,T025,U02,relay,R01
4924.4,T011,U07,direct,
4924.4,T012,U08,direct,
4924.9,T017,U06,direct,
4925.2,T026,U01,direct,
4925.3,T025,U02,relay,R01
4925.4,T011,U07,direct,
4925.4,T012,U08,direct,
4925.9,T017,U06,direct,
4926.2,T026,U01,direct,
4926.3,T025,U02,relay,R01
4926.4,T011,U07,direct,
4926.4,T012,U08,direct,
4926.9,T017,U06,direct,
4927.2,T026,U01,direct,
4927.3,T025,U02,relay,R01
4927.4,T011,U07,direct,
4927.4,T012,U08,direct,
4927.9,T017,U06,direct,
4928.2,T026,U01,direct,
4928.3,T025,U02,relay,R01
4928.4,T011,U07,direct,
4928.4,T012,U08,direct,
4928.9,T017,U06,direct,
4929.2,T026,U01,direct,
4929.3,T025,U02,relay,R01
4929.4,T011,U07,direct,
4929.4,T012,U08,direct,
4929.9,T017,U06,direct,
4930.2,T026,U01,direct,
4930.3,T025,U02,relay,R01
4930.4,T011,U07,direct,
4930.4,T012,U08,direct,
4930.9,T017,U06,direct,
4931.2,T026,U01,direct,
4931.3,T025,U02,relay,R01
4931.4,T011,U07,direct,
4931.4,T012,U08,direct,
4931.9,T017,U06,direct,
4932.2,T026,U01,direct,
4932.3,T025,U02,relay,R01
4932.4,T011,U07,direct,
4932.4,T012,U08,direct,
4932.9,T017,U06,direct,
4933.2,T026,U01,direct,
4933.3,T025,U02,relay,R01
4933.4,T011,U07,direct,
4933.4,T012,U08,direct,
4933.9,T017,U06,direct,
4934.2,T026,U01,direct,
4934.3,T025,U02,relay,R01
4934.4,T011,U07,direct,
4934.4,T012,U08,direct,
4934.9,T017,U06,direct,
4935.2,T026,U01,direct,
4935.3,T025,U02,relay,R01
4935.4,T011,U07,direct,
4935.4,T012,U08,direct,
4935.9,T017,U06,direct,
4936.2,T026,U01,direct,
4936.3,T025,U02,relay,R01
4936.4,T011,U07,direct,
4936.4,T012,U08,direct,
4936.9,T017,U06,direct,
4937.2,T026,U01,direct,
4937.3,T025,U02,relay,R01
4937.4,T011,U07,direct,
4937.4,T012,U08,direct,
4937.9,T017,U06,direct,
4938.2,T026,U01,direct,
4938.3,T025,U02,relay,R01
4938.4,T011,U07,direct,
4938.4,T012,U08,direct,
4938.9,T017,U06,direct,
4939.2,T026,U01,direct,
4939.3,T025,U02,relay,R01
4939.4,T011,U07,direct,
4939.4,T012,U08,direct,
4939.9,T017,U06,direct,
4940.2,T026,U01,direct,
4940.3,T025,U02,relay,R01
4940.4,T011,U07,direct,
4940.4,T012,U08,direct,
4940.9,T017,U06,direct,
4941.2,T026,U01,direct,
4941.3,T025,U02,relay,R01
4941.4,T011,U07,direct,
4941.4,T012,U08,direct,
4941.9,T017,U06,direct,
4942.2,T026,U01,direct,
4942.3,T025,U02,relay,R01
4942.4,T011,U07,direct,
4942.4,T012,U08,direct,
4942.9,T017,U06,direct,
4943.2,T026,U01,direct,
4943.3,T025,U02,relay,R01
4943.4,T011,U07,direct,
4943.4,T012,U08,direct,
4943.9,T017,U06,direct,
4944.2,T026,U01,direct,
4944.3,T025,U02,relay,R01
4944.4,T011,U07,direct,
4944.4,T012,U08,direct,
4944.9,T017,U06,direct,
4945.2,T026,U01,direct,
4945.3,T025,U02,relay,R01
4945.4,T011,U07,direct,
4945.4,T012,U08,direct,
4945.9,T017,U06,direct,
4946.2,T026,U01,direct,
4946.3,T025,U02,relay,R01
4946.4,T011,U07,direct,
4946.4,T012,U08,direct,
4946.9,T017,U06,direct,
4947.2,T026,U01,direct,
4947.3,T025,U02,relay,R01
4947.4,T011,U07,direct,
4947.4,T012,U08,direct,
4947.9,T017,U06,direct,
4948.2,T026,U01,direct,
4948.3,T025,U02,relay,R01
4948.4,T011,U07,direct,
4948.4,T012,U08,direct,
4948.9,T017,U06,direct,
4949.2,T026,U01,direct,
4949.3,T025,U02,relay,R01
4949.4,T011,U07,direct,
4949.4,T012,U08,direct,
4949.9,T017,U06,direct,
4950.2,T026,U01,direct,
4950.3,T025,U02,relay,R01
4950.4,T011,U07,direct,
4950.4,T012,U08,direct,
4950.9,T017,U06,direct,
4951.2,T026,U01,direct,
4951.3,T025,U02,relay,R01
4951.4,T011,U07,direct,
4951.4,T012,U08,direct,
4951.9,T017,U06,direct,
4952.2,T026,U01,direct,
4952.3,T025,U02,relay,R01
4952.4,T011,U07,direct,
4952.4,T012,U08,direct,
4952.9,T017,U06,direct,
4953.2,T026,U01,direct,
4953.3,T025,U02,relay,R01
4953.4,T011,U07,direct,
4953.4,T012,U08,direct,
4953.9,T017,U06,direct,
4954.2,T026,U01,direct,
4954.3,T025,U02,relay,R01
4954.4,T011,U07,direct,
4954.4,T012,U08,direct,
4954.9,T017,U06,direct,
4955.2,T026,U01,direct,
4955.3,T025,U02,relay,R01
4955.4,T011,U07,direct,
4955.4,T012,U08,direct,
4955.9,T017,U06,direct,
4956.2,T026,U01,direct,
4956.3,T025,U02,relay,R01
4956.4,T011,U07,direct,
4956.4,T012,U08,direct,
4956.9,T017,U06,direct,
4957.2,T026,U01,direct,
4957.3,T025,U02,relay,R01
4957.4,T011,U07,direct,
4957.4,T012,U08,direct,
4957.9,T017,U06,direct,
4958.2,T026,U01,direct,
4958.3,T025,U02,relay,R01
4958.4,T011,U07,direct,
4958.4,T012,U08,direct,
4958.9,T017,U06,direct,
4959.2,T026,U01,direct,
4959.3,T025,U02,relay,R01
4959.4,T011,U07,direct,
4959.4,T012,U08,direct,
4959.9,T017,U06,direct,
4960.2,T026,U01,direct,
4960.3,T025,U02,relay,R01
4960.4,T011,U07,direct,
4960.4,T012,U08,direct,
4960.9,T017,U06,direct,
4961.2,T026,U01,direct,
4961.3,T025,U02,relay,R01
4961.4,T011,U07,direct,
4961.4,T012,U08,direct,
4961.9,T017,U06,direct,
4962.2,T026,U01,direct,
4962.3,T025,U02,relay,R01
4962.4,T011,U07,direct,
4962.4,T012,U08,relay,R01
4962.9,T017,U06,direct,
4963.2,T026,U01,direct,
4963.3,T025,U02,relay,R01
4963.4,T011,U07,direct,
4963.4,T012,U08,relay,R01
4963.9,T017,U06,direct,
4964.2,T026,U01,direct,
4964.3,T025,U02,relay,R01
4964.4,T011,U07,direct,
4964.4,T012,U08,relay,R01
4964.9,T017,U06,direct,
4965.2,T026,U01,direct,
4965.3,T025,U02,relay,R01
4965.4,T011,U07,direct,
4965.4,T012,U08,relay,R01
4965.9,T017,U06,direct,
4966.2,T026,U01,direct,
4966.3,T025,U02,relay,R01
4966.4,T011,U07,direct,
4966.4,T012,U08,relay,R01
4966.9,T017,U06,direct,
4967.2,T026,U01,direct,
4967.3,T025,U02,relay,R01
4967.4,T011,U07,direct,
4967.4,T012,U08,relay,R01
4967.9,T017,U06,direct,
4968.2,T026,U01,direct,
4968.3,T025,U02,relay,R01
4968.4,T011,U07,direct,
4968.4,T012,U08,relay,R01
4968.9,T017,U06,direct,
4969.2,T026,U01,direct,
4969.3,T025,U02,relay,R01
4969.4,T011,U07,direct,
4969.4,T012,U08,relay,R01
4969.9,T017,U06,direct,
4970.2,T026,U01,direct,
4970.3,T025,U02,relay,R01
4970.4,T011,U07,direct,
4970.4,T012,U08,relay,R01
4970.9,T017,U06,direct,
4971.2,T026,U01,direct,
4971.3,T025,U02,relay,R01
4971.4,T011,U07,direct,
4971.4,T012,U08,relay,R01
4971.9,T017,U06,direct,
4972.2,T026,U01,direct,
4972.3,T025,U02,relay,R01
4972.4,T011,U07,direct,
4972.4,T012,U08,relay,R01
4972.9,T017,U06,direct,
4973.2,T026,U01,direct,
4973.3,T025,U02,relay,R01
4973.4,T011,U07,direct,
4973.4,T012,U08,relay,R01
4973.9,T017,U06,direct,
4974.2,T026,U01,direct,
4974.3,T025,U02,relay,R01
4974.4,T011,U07,direct,
4974.4,T012,U08,relay,R01
4974.9,T017,U06,direct,
4975.2,T026,U01,direct,
4975.3,T025,U02,relay,R01
4975.4,T011,U07,direct,
4975.4,T012,U08,relay,R01
4975.9,T017,U06,direct,
4976.2,T026,U01,direct,
4976.3,T025,U02,relay,R01
4976.4,T011,U07,direct,
4976.4,T012,U08,relay,R01
4976.6,T022,U05,direct,
4976.9,T017,U06,direct,
4977.2,T026,U01,direct,
4977.3,T025,U02,relay,R01
4977.4,T011,U07,direct,
4977.4,T012,U08,relay,R01
4977.6,T022,U05,direct,
4977.9,T017,U06,direct,
4978.2,T026,U01,direct,
4978.3,T025,U02,relay,R01
4978.4,T011,U07,direct,
4978.4,T012,U08,relay,R01
4978.6,T022,U05,direct,
4978.9,T017,U06,direct,
4979.2,T026,U01,direct,
4979.3,T025,U02,relay,R01
4979.4,T011,U07,direct,
4979.4,T012,U08,relay,R01
4979.6,T022,U05,direct,
4979.9,T017,U06,direct,
4980.2,T026,U01,direct,
4980.3,T025,U02,relay,R01
4980.4,T011,U07,direct,
4980.4,T012,U08,relay,R01
4980.6,T022,U05,direct,
4980.9,T017,U06,direct,
4981.2,T026,U01,direct,
4981.3,T025,U02,relay,R01
4981.4,T011,U07,direct,
4981.4,T012,U08,relay,R01
4981.6,T022,U05,direct,
4981.9,T017,U06,direct,
4982.2,T026,U01,direct,
4982.3,T025,U02,relay,R01
4982.4,T011,U07,direct,
4982.4,T012,U08,relay,R01
4982.6,T022,U05,direct,
4982.9,T017,U06,direct,
4983.2,T026,U01,direct,
4983.3,T025,U02,relay,R01
4983.4,T011,U07,direct,
4983.4,T012,U08,relay,R01
4983.6,T022,U05,direct,
4983.9,T017,U06,direct,
4984.2,T026,U01,direct,
4984.3,T025,U02,relay,R01
4984.4,T011,U07,direct,
4984.4,T012,U08,relay,R01
4984.6,T022,U05,direct,
4984.9,T017,U06,direct,
4985.2,T026,U01,direct,
4985.3,T025,U02,relay,R01
4985.4,T011,U07,direct,
4985.4,T012,U08,relay,R01
4985.6,T022,U05,direct,
4985.9,T017,U06,direct,
4986.2,T026,U01,direct,
4986.3,T025,U02,relay,R01
4986.4,T011,U07,direct,
4986.4,T012,U08,relay,R01
4986.6,T022,U05,direct,
4986.9,T017,U06,direct,
4987.2,T026,U01,direct,
4987.3,T025,U02,relay,R01
4987.4,T011,U07,direct,
4987.4,T012,U08,relay,R01
4987.6,T022,U05,direct,
4987.9,T017,U06,direct,
4988.2,T026,U01,direct,
4988.3,T025,U02,relay,R01
4988.4,T011,U07,direct,
4988.4,T012,U08,relay,R01
4988.6,T022,U05,direct,
4988.9,T017,U06,direct,
4989.2,T026,U01,direct,
4989.3,T025,U02,relay,R01
4989.4,T011,U07,direct,
4989.4,T012,U08,relay,R01
4989.6,T022,U05,direct,
4989.9,T017,U06,direct,
4990.2,T026,U01,direct,
4990.3,T025,U02,relay,R01
4990.4,T011,U07,direct,
4990.4,T012,U08,relay,R01
4990.6,T022,U05,direct,
4990.9,T017,U06,direct,
4991.2,T026,U01,direct,
4991.3,T025,U02,relay,R01
4991.4,T011,U07,direct,
4991.4,T012,U08,relay,R01
4991.6,T022,U05,direct,
4991.9,T017,U06,direct,
4992.2,T026,U01,direct,
4992.3,T025,U02,relay,R01
4992.4,T011,U07,direct,
4992.4,T012,U08,relay,R01
4992.6,T022,U05,direct,
4992.9,T017,U06,direct,
4993.2,T026,U01,direct,
4993.3,T025,U02,relay,R01
4993.4,T011,U07,direct,
4993.4,T012,U08,relay,R01
4993.6,T022,U05,direct,
4993.9,T017,U06,direct,
4994.2,T026,U01,direct,
4994.3,T025,U02,relay,R01
4994.4,T011,U07,direct,
4994.4,T012,U08,relay,R01
4994.6,T022,U05,direct,
4994.9,T017,U06,direct,
4995.2,T026,U01,direct,
4995.3,T025,U02,relay,R01
4995.4,T011,U07,direct,
4995.4,T012,U08,relay,R01
4995.6,T022,U05,direct,
4995.9,T017,U06,direct,
4996.2,T026,U01,direct,
4996.3,T025,U02,relay,R01
4996.4,T011,U07,direct,
4996.4,T012,U08,relay,R01
4996.6,T022,U05,direct,
4996.9,T017,U06,direct,
4997.2,T026,U01,direct,
4997.3,T025,U02,relay,R01
4997.4,T011,U07,direct,
4997.4,T012,U08,relay,R01
4997.6,T022,U05,direct,
4997.9,T017,U06,direct,
4998.2,T026,U01,direct,
4998.3,T025,U02,relay,R01
4998.4,T011,U07,direct,
4998.4,T012,U08,relay,R01
4998.6,T022,U05,direct,
4998.9,T017,U06,direct,
4999.2,T026,U01,direct,
4999.3,T025,U02,relay,R01
4999.4,T011,U07,direct,
4999.4,T012,U08,relay,R01
4999.6,T022,U05,direct,
4999.9,T017,U06,direct,
5000.2,T026,U01,direct,
5000.3,T025,U02,relay,R01
5000.4,T011,U07,direct,
5000.4,T012,U08,relay,R01
5000.6,T022,U05,direct,
5000.9,T017,U06,direct,
5001.2,T026,U01,direct,
5001.3,T025,U02,relay,R01
5001.4,T011,U07,direct,
5001.4,T012,U08,relay,R01
5001.6,T022,U05,direct,
5001.9,T017,U06,direct,
5002.2,T026,U01,direct,
5002.3,T025,U02,relay,R01
5002.4,T011,U07,direct,
5002.4,T012,U08,relay,R01
5002.6,T022,U05,direct,
5002.9,T017,U06,direct,
5003.2,T026,U01,direct,
5003.3,T025,U02,relay,R01
5003.4,T011,U07,direct,
5003.4,T012,U08,relay,R01
5003.6,T022,U05,direct,
5003.9,T017,U06,direct,
5004.2,T026,U01,direct,
5004.3,T025,U02,relay,R01
5004.4,T011,U07,direct,
5004.4,T012,U08,relay,R01
5004.6,T022,U05,direct,
5004.9,T017,U06,direct,
5005.2,T026,U01,direct,
5005.3,T025,U02,relay,R01
5005.4,T011,U07,direct,
5005.4,T012,U08,relay,R01
5005.6,T022,U05,direct,
5005.9,T017,U06,direct,
5006.2,T026,U01,direct,
5006.3,T025,U02,relay,R01
5006.4,T011,U07,direct,
5006.4,T012,U08,relay,R01
5006.6,T022,U05,direct,
5006.9,T017,U06,direct,
5007.2,T026,U01,direct,
5007.3,T025,U02,relay,R01
5007.4,T011,U07,direct,
5007.4,T012,U08,relay,R01
5007.6,T022,U05,direct,
5007.9,T017,U06,direct,
5008.2,T026,U01,direct,
5008.3,T025,U02,relay,R01
5008.4,T011,U07,direct,
5008.4,T012,U08,relay,R01
5008.6,T022,U05,direct,
5008.9,T017,U06,direct,
5009.2,T026,U01,direct,
5009.3,T025,U02,relay,R01
5009.4,T011,U07,direct,
5009.4,T012,U08,relay,R01
5009.6,T022,U05,direct,
5009.9,T017,U06,direct,
5010.2,T026,U01,direct,
5010.3,T025,U02,relay,R01
5010.4,T011,U07,direct,
5010.4,T012,U08,relay,R01
5010.6,T022,U05,direct,
5010.9,T017,U06,direct,
5011.2,T026,U01,direct,
5011.3,T025,U02,relay,R01
5011.4,T011,U07,direct,
5011.4,T012,U08,relay,R01
5011.6,T022,U05,direct,
5011.9,T017,U06,direct,
5012.2,T026,U01,direct,
5012.3,T025,U02,relay,R01
5012.4,T011,U07,direct,
5012.4,T012,U08,relay,R01
5012.6,T022,U05,direct,
5012.9,T017,U06,direct,
5013.2,T026,U01,direct,
5013.3,T025,U02,relay,R01
5013.4,T011,U07,direct,
5013.4,T012,U08,relay,R01
5013.6,T022,U05,direct,
5013.9,T017,U06,direct,
5014.2,T026,U01,direct,
5014.3,T025,U02,relay,R01
5014.4,T011,U07,direct,
5014.4,T012,U08,relay,R01
5014.6,T022,U05,direct,
5014.9,T017,U06,direct,
5015.2,T026,U01,direct,
5015.3,T025,U02,relay,R01
5015.4,T011,U07,direct,
5015.4,T012,U08,relay,R01
5015.6,T022,U05,direct,
5015.9,T017,U06,direct,
5016.2,T026,U01,direct,
5016.3,T025,U02,relay,R01
5016.4,T011,U07,direct,
5016.4,T012,U08,relay,R01
5016.6,T022,U05,direct,
5016.9,T017,U06,direct,
5017.2,T026,U01,direct,
5017.3,T025,U02,relay,R01
5017.4,T011,U07,direct,
5017.4,T012,U08,relay,R01
5017.6,T022,U05,direct,
5017.9,T017,U06,direct,
5018.2,T026,U01,direct,
5018.3,T025,U02,relay,R01
5018.4,T011,U07,direct,
5018.4,T012,U08,relay,R01
5018.6,T022,U05,direct,
5018.9,T017,U06,direct,
5019.2,T026,U01,direct,
5019.3,T025,U02,relay,R01
5019.4,T011,U07,direct,
5019.4,T012,U08,relay,R01
5019.6,T022,U05,direct,
5019.9,T017,U06,direct,
5020.2,T026,U01,direct,
5020.3,T025,U02,relay,R01
5020.4,T011,U07,direct,
5020.4,T012,U08,relay,R01
5020.6,T022,U05,direct,
5020.9,T017,U06,direct,
5021.2,T026,U01,direct,
5021.3,T025,U02,relay,R01
5021.4,T011,U07,direct,
5021.4,T012,U08,relay,R01
5021.6,T022,U05,direct,
5021.9,T017,U06,direct,
5022.2,T026,U01,direct,
5022.3,T025,U02,relay,R01
5022.4,T011,U07,direct,
5022.4,T012,U08,relay,R01
5022.6,T022,U05,direct,
5022.9,T017,U06,direct,
5023.2,T026,U01,direct,
5023.3,T025,U02,relay,R01
5023.4,T011,U07,direct,
5023.4,T012,U08,relay,R01
5023.6,T022,U05,direct,
5023.9,T017,U06,direct,
5024.2,T026,U01,direct,
5024.3,T025,U02,relay,R01
5024.4,T011,U07,direct,
5024.4,T012,U08,relay,R01
5024.6,T022,U05,direct,
5024.9,T017,U06,direct,
5025.2,T026,U01,direct,
5025.3,T025,U02,relay,R01
5025.4,T011,U07,direct,
5025.4,T012,U08,relay,R01
5025.6,T022,U05,direct,
5025.9,T017,U06,direct,
5026.2,T026,U01,direct,
5026.3,T025,U02,relay,R01
5026.4,T011,U07,direct,
5026.4,T012,U08,relay,R01
5026.6,T022,U05,direct,
5026.9,T017,U06,direct,
5027.2,T026,U01,direct,
5027.3,T025,U02,relay,R01
5027.4,T011,U07,direct,
5027.4,T012,U08,relay,R01
5027.6,T022,U05,direct,
5027.9,T017,U06,direct,
5028.2,T026,U01,direct,
5028.3,T025,U02,relay,R01
5028.4,T011,U07,direct,
5028.4,T012,U08,relay,R01
5028.6,T022,U05,direct,
5028.9,T017,U06,direct,
5029.2,T026,U01,direct,
5029.3,T025,U02,relay,R01
5029.4,T011,U07,direct,
5029.4,T012,U08,relay,R01
5029.6,T022,U05,direct,
5029.9,T017,U06,direct,
5030.2,T026,U01,direct,
5030.3,T025,U02,relay,R01
5030.4,T011,U07,direct,
5030.4,T012,U08,relay,R01
5030.6,T022,U05,direct,
5030.9,T017,U06,direct,
5031.2,T026,U01,direct,
5031.3,T025,U02,relay,R01
5031.4,T011,U07,direct,
5031.4,T012,U08,relay,R01
5031.6,T022,U05,direct,
5031.9,T017,U06,direct,
5032.2,T026,U01,direct,
5032.3,T025,U02,relay,R01
5032.4,T011,U07,direct,
5032.4,T012,U08,relay,R01
5032.6,T022,U05,direct,
5032.9,T017,U06,direct,
5033.2,T026,U01,direct,
5033.3,T025,U02,relay,R01
5033.4,T011,U07,direct,
5033.4,T012,U08,relay,R01
5033.6,T022,U05,direct,
5033.9,T017,U06,direct,
5034.2,T026,U01,direct,
5034.3,T025,U02,relay,R01
5034.4,T011,U07,direct,
5034.4,T012,U08,relay,R01
5034.6,T022,U05,direct,
5034.9,T017,U06,direct,
5035.2,T026,U01,direct,
5035.3,T025,U02,relay,R01
5035.4,T011,U07,direct,
5035.4,T012,U08,relay,R01
5035.6,T022,U05,direct,
5035.9,T017,U06,direct,
5036.2,T026,U01,direct,
5036.3,T025,U02,relay,R01
5036.4,T011,U07,direct,
5036.4,T012,U08,relay,R01
5036.6,T022,U05,direct,
5036.9,T017,U06,direct,
5037.2,T026,U01,direct,
5037.3,T025,U02,relay,R01
5037.4,T011,U07,direct,
5037.4,T012,U08,relay,R01
5037.6,T022,U05,direct,
5037.9,T017,U06,direct,
5038.2,T026,U01,direct,
5038.3,T025,U02,relay,R01
5038.4,T011,U07,direct,
5038.4,T012,U08,relay,R01
5038.6,T022,U05,direct,
5038.9,T017,U06,direct,
5039.2,T026,U01,direct,
5039.3,T025,U02,relay,R01
5039.4,T011,U07,direct,
5039.4,T012,U08,relay,R01
5039.6,T022,U05,direct,
5039.9,T017,U06,direct,
5040.2,T026,U01,direct,
5040.3,T025,U02,relay,R01
5040.4,T011,U07,direct,
5040.4,T012,U08,relay,R01
5040.6,T022,U05,direct,
5040.9,T017,U06,direct,
5041.2,T026,U01,direct,
5041.3,T025,U02,relay,R01
5041.4,T011,U07,direct,
5041.4,T012,U08,relay,R01
5041.6,T022,U05,direct,
5041.9,T017,U06,direct,
5042.2,T026,U01,direct,
5042.3,T025,U02,relay,R01
5042.4,T011,U07,direct,
5042.4,T012,U08,relay,R01
5042.6,T022,U05,direct,
5042.9,T017,U06,direct,
5043.2,T026,U01,direct,
5043.3,T025,U02,relay,R01
5043.4,T011,U07,direct,
5043.4,T012,U08,relay,R01
5043.6,T022,U05,direct,
5043.9,T017,U06,direct,
5044.2,T026,U01,direct,
5044.3,T025,U02,relay,R01
5044.4,T011,U07,direct,
5044.4,T012,U08,relay,R01
5044.6,T022,U05,direct,
5044.9,T017,U06,direct,
5045.2,T026,U01,direct,
5045.3,T025,U02,relay,R01
5045.4,T011,U07,direct,
5045.4,T012,U08,relay,R01
5045.6,T022,U05,direct,
5045.9,T017,U06,direct,
5046.2,T026,U01,relay,R01
5046.3,T025,U02,relay,R01
5046.4,T011,U07,direct,
5046.4,T012,U08,relay,R01
5046.6,T022,U05,direct,
5046.9,T017,U06,direct,
5047.2,T026,U01,relay,R01
5047.3,T025,U02,relay,R01
5047.4,T011,U07,direct,
5047.4,T012,U08,relay,R01
5047.6,T022,U05,direct,
5047.9,T017,U06,direct,
5048.2,T026,U01,relay,R01
5048.3,T025,U02,relay,R01
5048.4,T011,U07,direct,
5048.4,T012,U08,relay,R01
5048.6,T022,U05,direct,
5048.9,T017,U06,direct,
5049.2,T026,U01,relay,R01
5049.3,T025,U02,relay,R01
5049.4,T011,U07,direct,
5049.4,T012,U08,relay,R01
5049.6,T022,U05,direct,
5049.9,T017,U06,direct,
5050.2,T026,U01,relay,R01
5050.3,T025,U02,relay,R01
5050.4,T011,U07,direct,
5050.4,T012,U08,relay,R01
5050.6,T022,U05,direct,
5050.9,T017,U06,direct,
5051.2,T026,U01,relay,R01
5051.3,T025,U02,relay,R01
5051.4,T011,U07,direct,
5051.4,T012,U08,relay,R01
5051.6,T022,U05,direct,
5051.9,T017,U06,direct,
5052.2,T026,U01,relay,R01
5052.3,T025,U02,relay,R01
5052.4,T011,U07,direct,
5052.4,T012,U08,relay,R01
5052.6,T022,U05,direct,
5052.9,T017,U06,direct,
5053.2,T026,U01,relay,R01
5053.3,T025,U02,relay,R01
5053.4,T011,U07,direct,
5053.4,T012,U08,relay,R01
5053.6,T022,U05,direct,
5053.9,T017,U06,direct,
5054.2,T026,U01,relay,R01
5054.3,T025,U02,relay,R01
5054.4,T011,U07,direct,
5054.4,T012,U08,relay,R01
5054.6,T022,U05,direct,
5054.9,T017,U06,direct,
5055.2,T026,U01,relay,R01
5055.3,T025,U02,relay,R01
5055.4,T011,U07,direct,
5055.4,T012,U08,relay,R01
5055.6,T022,U05,direct,
5055.9,T017,U06,direct,
5056.2,T026,U01,relay,R01
5056.3,T025,U02,relay,R01
5056.4,T011,U07,direct,
5056.4,T012,U08,relay,R01
5056.6,T022,U05,direct,
5056.9,T017,U06,direct,
5057.2,T026,U01,relay,R01
5057.3,T025,U02,relay,R01
5057.4,T011,U07,direct,
5057.4,T012,U08,relay,R01
5057.6,T022,U05,direct,
5057.9,T017,U06,direct,
5058.2,T026,U01,relay,R01
5058.3,T025,U02,relay,R01
5058.4,T011,U07,direct,
5058.4,T012,U08,relay,R01
5058.6,T022,U05,direct,
5058.9,T017,U06,direct,
5059.2,T026,U01,relay,R01
5059.3,T025,U02,relay,R01
5059.4,T011,U07,direct,
5059.4,T012,U08,relay,R01
5059.6,T022,U05,direct,
5059.9,T017,U06,direct,
5060.2,T026,U01,relay,R01
5060.3,T025,U02,relay,R01
5060.4,T011,U07,direct,
5060.4,T012,U08,relay,R01
5060.6,T022,U05,direct,
5060.9,T017,U06,direct,
5061.2,T026,U01,relay,R01
5061.3,T025,U02,relay,R01
5061.4,T011,U07,direct,
5061.4,T012,U08,relay,R01
5061.6,T022,U05,direct,
5061.9,T017,U06,direct,
5062.2,T026,U01,relay,R01
5062.3,T025,U02,relay,R01
5062.4,T011,U07,direct,
5062.4,T012,U08,relay,R01
5062.6,T022,U05,direct,
5062.9,T017,U06,direct,
5063.2,T026,U01,relay,R01
5063.3,T025,U02,relay,R01
5063.4,T011,U07,direct,
5063.4,T012,U08,relay,R01
5063.6,T022,U05,direct,
5063.9,T017,U06,direct,
5064.2,T026,U01,relay,R01
5064.3,T025,U02,relay,R01
5064.4,T011,U07,direct,
5064.4,T012,U08,relay,R01
5064.6,T022,U05,direct,
5064.9,T017,U06,direct,
5065.2,T026,U01,relay,R01
5065.3,T025,U02,relay,R01
5065.4,T011,U07,direct,
5065.4,T012,U08,relay,R01
5065.6,T022,U05,direct,
5065.9,T017,U06,direct,
5066.2,T026,U01,relay,R01
5066.3,T025,U02,relay,R01
5066.4,T011,U07,direct,
5066.4,T012,U08,relay,R01
5066.6,T022,U05,direct,
5066.9,T017,U06,direct,
5067.2,T026,U01,relay,R01
5067.3,T025,U02,relay,R01
5067.4,T011,U07,direct,
5067.4,T012,U08,relay,R01
5067.6,T022,U05,direct,
5067.9,T017,U06,direct,
5068.2,T026,U01,relay,R01
5068.3,T025,U02,relay,R01
5068.4,T011,U07,direct,
5068.4,T012,U08,relay,R01
5068.6,T022,U05,direct,
5068.9,T017,U06,direct,
5069.2,T026,U01,relay,R01
5069.3,T025,U02,relay,R01
5069.4,T011,U07,direct,
5069.4,T012,U08,relay,R01
5069.6,T022,U05,direct,
5069.9,T017,U06,direct,
5070.2,T026,U01,relay,R01
5070.3,T025,U02,relay,R01
5070.4,T011,U07,direct,
5070.4,T012,U08,relay,R01
5070.6,T022,U05,direct,
5070.9,T017,U06,direct,
5071.2,T026,U01,relay,R01
5071.3,T025,U02,relay,R01
5071.4,T011,U07,direct,
5071.4,T012,U08,relay,R01
5071.6,T022,U05,direct,
5071.9,T017,U06,direct,
5072.2,T026,U01,relay,R01
5072.3,T025,U02,relay,R01
5072.4,T011,U07,direct,
5072.4,T012,U08,relay,R01
5072.6,T022,U05,direct,
5072.9,T017,U06,direct,
5073.2,T026,U01,relay,R01
5073.3,T025,U02,relay,R01
5073.4,T011,U07,direct,
5073.4,T012,U08,relay,R01
5073.6,T022,U05,direct,
5073.9,T017,U06,direct,
5074.2,T026,U01,relay,R01
5074.3,T025,U02,relay,R01
5074.4,T011,U07,direct,
5074.4,T012,U08,relay,R01
5074.6,T022,U05,direct,
5074.9,T017,U06,direct,
5075.2,T026,U01,relay,R01
5075.3,T025,U02,relay,R01
5075.4,T011,U07,direct,
5075.4,T012,U08,relay,R01
5075.6,T022,U05,direct,
5075.9,T017,U06,direct,
5076.2,T026,U01,relay,R01
5076.3,T025,U02,relay,R01
5076.4,T011,U07,direct,
5076.4,T012,U08,relay,R01
5076.6,T022,U05,direct,
5076.9,T017,U06,direct,
5077.2,T026,U01,relay,R01
5077.3,T025,U02,relay,R01
5077.4,T011,U07,direct,
5077.4,T012,U08,relay,R01
5077.6,T022,U05,direct,
5077.9,T017,U06,direct,
5078.2,T026,U01,relay,R01
5078.3,T025,U02,direct,
5078.4,T011,U07,direct,
5078.4,T012,U08,relay,R01
5078.6,T022,U05,direct,
5078.9,T017,U06,direct,
5079.2,T026,U01,relay,R01
5079.3,T025,U02,direct,
5079.4,T011,U07,direct,
5079.4,T012,U08,relay,R01
5079.6,T022,U05,direct,
5079.9,T017,U06,direct,
5080.2,T026,U01,relay,R01
5080.3,T025,U02,direct,
5080.4,T011,U07,direct,
5080.4,T012,U08,relay,R01
5080.6,T022,U05,direct,
5080.9,T017,U06,direct,
5081.2,T026,U01,relay,R01
5081.3,T025,U02,direct,
5081.4,T011,U07,direct,
5081.4,T012,U08,relay,R01
5081.6,T022,U05,direct,
5081.9,T017,U06,direct,
5082.2,T026,U01,relay,R01
5082.3,T025,U02,direct,
5082.4,T011,U07,direct,
5082.4,T012,U08,relay,R01
5082.6,T022,U05,direct,
5082.9,T017,U06,direct,
5083.2,T026,U01,relay,R01
5083.3,T025,U02,direct,
5083.4,T011,U07,direct,
5083.4,T012,U08,relay,R01
5083.6,T022,U05,direct,
5083.9,T017,U06,direct,
5084.2,T026,U01,relay,R01
5084.3,T025,U02,direct,
5084.4,T011,U07,direct,
5084.4,T012,U08,relay,R01
5084.6,T022,U05,direct,
5084.9,T017,U06,direct,
5085.2,T026,U01,relay,R01
5085.3,T025,U02,direct,
5085.4,T011,U07,direct,
5085.4,T012,U08,relay,R01
5085.6,T022,U05,direct,
5085.9,T017,U06,direct,
5086.2,T026,U01,relay,R01
5086.3,T025,U02,direct,
5086.4,T011,U07,direct,
5086.4,T012,U08,relay,R01
5086.6,T022,U05,direct,
5086.9,T017,U06,direct,
5087.2,T026,U01,relay,R01
5087.3,T025,U02,direct,
5087.4,T011,U07,direct,
5087.4,T012,U08,relay,R01
5087.6,T022,U05,direct,
5087.9,T017,U06,direct,
5088.2,T026,U01,relay,R01
5088.3,T025,U02,direct,
5088.4,T011,U07,direct,
5088.4,T012,U08,relay,R01
5088.6,T022,U05,direct,
5088.9,T017,U06,direct,
5089.2,T026,U01,relay,R01
5089.3,T025,U02,direct,
5089.4,T011,U07,direct,
5089.4,T012,U08,relay,R01
5089.6,T022,U05,direct,
5089.9,T017,U06,direct,
5090.2,T026,U01,relay,R01
5090.3,T025,U02,direct,
5090.4,T011,U07,direct,
5090.4,T012,U08,relay,R01
5090.6,T022,U05,direct,
5090.9,T017,U06,direct,
5091.2,T026,U01,relay,R01
5091.3,T025,U02,direct,
5091.4,T011,U07,direct,
5091.4,T012,U08,relay,R01
5091.6,T022,U05,direct,
5091.9,T017,U06,direct,
5092.2,T026,U01,relay,R01
5092.3,T025,U02,direct,
5092.4,T011,U07,direct,
5092.4,T012,U08,relay,R01
5092.6,T022,U05,direct,
5092.9,T017,U06,direct,
5093.2,T026,U01,relay,R01
5093.3,T025,U02,direct,
5093.4,T011,U07,direct,
5093.4,T012,U08,relay,R01
5093.6,T022,U05,direct,
5093.9,T017,U06,direct,
5094.2,T026,U01,relay,R01
5094.3,T025,U02,direct,
5094.4,T011,U07,direct,
5094.4,T012,U08,relay,R01
5094.6,T022,U05,direct,
5094.9,T017,U06,direct,
5095.2,T026,U01,relay,R01
5095.3,T025,U02,direct,
5095.4,T011,U07,direct,
5095.4,T012,U08,relay,R01
5095.6,T022,U05,direct,
5095.9,T017,U06,direct,
5096.2,T026,U01,relay,R01
5096.3,T025,U02,direct,
5096.4,T011,U07,direct,
5096.4,T012,U08,relay,R01
5096.6,T022,U05,direct,
5096.9,T017,U06,direct,
5097.2,T026,U01,relay,R01
5097.3,T025,U02,direct,
5097.4,T011,U07,direct,
5097.4,T012,U08,relay,R01
5097.6,T022,U05,direct,
5097.9,T017,U06,direct,
5098.2,T026,U01,relay,R01
5098.3,T025,U02,direct,
5098.4,T011,U07,direct,
5098.4,T012,U08,relay,R01
5098.6,T022,U05,direct,
5098.9,T017,U06,direct,
5099.2,T026,U01,relay,R01
5099.3,T025,U02,direct,
5099.4,T011,U07,direct,
5099.4,T012,U08,relay,R01
5099.6,T022,U05,direct,
5099.9,T017,U06,direct,
5100.2,T026,U01,relay,R01
5100.3,T025,U02,direct,
5100.4,T011,U07,direct,
5100.4,T012,U08,relay,R01
5100.6,T022,U05,direct,
5100.9,T017,U06,direct,
5101.2,T026,U01,relay,R01
5101.3,T025,U02,direct,
5101.4,T011,U07,direct,
5101.4,T012,U08,relay,R01
5101.6,T022,U05,direct,
5101.9,T017,U06,direct,
5102.2,T026,U01,relay,R01
5102.3,T025,U02,direct,
5102.4,T011,U07,direct,
5102.4,T012,U08,relay,R01
5102.6,T022,U05,direct,
5102.9,T017,U06,direct,
5103.2,T026,U01,relay,R01
5103.3,T025,U02,direct,
5103.4,T011,U07,direct,
5103.4,T012,U08,relay,R01
5103.6,T022,U05,direct,
5103.9,T017,U06,direct,
5104.2,T026,U01,relay,R01
5104.3,T025,U02,direct,
5104.4,T011,U07,direct,
5104.4,T012,U08,relay,R01
5104.6,T022,U05,direct,
5104.9,T017,U06,direct,
5105.2,T026,U01,relay,R01
5105.3,T025,U02,direct,
5105.4,T011,U07,direct,
5105.4,T012,U08,relay,R01
5105.6,T022,U05,direct,
5105.9,T017,U06,direct,
5106.2,T026,U01,relay,R01
5106.3,T025,U02,direct,
5106.4,T011,U07,direct,
5106.4,T012,U08,relay,R01
5106.6,T022,U05,direct,
5106.9,T017,U06,direct,
5107.2,T026,U01,relay,R01
5107.3,T025,U02,direct,
5107.4,T011,U07,direct,
5107.4,T012,U08,relay,R01
5107.6,T022,U05,direct,
5107.9,T017,U06,direct,
5108.2,T026,U01,relay,R01
5108.3,T025,U02,direct,
5108.4,T011,U07,direct,
5108.4,T012,U08,relay,R01
5108.6,T022,U05,direct,
5108.9,T017,U06,direct,
5109.2,T026,U01,relay,R01
5109.3,T025,U02,direct,
5109.4,T011,U07,direct,
5109.4,T012,U08,relay,R01
5109.6,T022,U05,direct,
5109.9,T017,U06,direct,
5110.2,T026,U01,relay,R01
5110.3,T025,U02,direct,
5110.4,T011,U07,direct,
5110.4,T012,U08,relay,R01
5110.6,T022,U05,direct,
5110.9,T017,U06,direct,
5111.2,T026,U01,relay,R01
5111.3,T025,U02,direct,
5111.4,T011,U07,direct,
5111.4,T012,U08,relay,R01
5111.6,T022,U05,direct,
5111.9,T017,U06,direct,
5112.2,T026,U01,relay,R01
5112.3,T025,U02,direct,
5112.4,T011,U07,direct,
5112.4,T012,U08,relay,R01
5112.6,T022,U05,direct,
5112.9,T017,U06,direct,
5113.2,T026,U01,relay,R01
5113.3,T025,U02,direct,
5113.4,T011,U07,direct,
5113.4,T012,U08,relay,R01
5113.6,T022,U05,direct,
5113.9,T017,U06,direct,
5114.2,T026,U01,relay,R01
5114.3,T025,U02,direct,
5114.4,T011,U07,direct,
5114.4,T012,U08,relay,R01
5114.6,T022,U05,direct,
5114.9,T017,U06,direct,
5115.2,T026,U01,relay,R01
5115.3,T025,U02,direct,
5115.4,T011,U07,direct,
5115.4,T012,U08,relay,R01
5115.6,T022,U05,direct,
5115.9,T017,U06,direct,
5116.2,T026,U01,relay,R01
5116.3,T025,U02,direct,
5116.4,T011,U07,direct,
5116.4,T012,U08,relay,R01
5116.6,T022,U05,direct,
5116.9,T017,U06,direct,
5117.2,T026,U01,relay,R01
5117.3,T025,U02,direct,
5117.4,T011,U07,direct,
5117.4,T012,U08,relay,R01
5117.6,T022,U05,direct,
5117.9,T017,U06,direct,
5118.2,T026,U01,relay,R01
5118.3,T025,U02,direct,
5118.4,T011,U07,direct,
5118.4,T012,U08,relay,R01
5118.6,T022,U05,direct,
5118.9,T017,U06,direct,
5119.2,T026,U01,relay,R01
5119.3,T025,U02,direct,
5119.4,T011,U07,direct,
5119.4,T012,U08,relay,R01
5119.6,T022,U05,direct,
5119.9,T017,U06,direct,
5120.2,T026,U01,relay,R01
5120.3,T025,U02,direct,
5120.4,T011,U07,direct,
5120.4,T012,U08,relay,R01
5120.6,T022,U05,direct,
5120.9,T017,U06,direct,
5121.2,T026,U01,relay,R01
5121.3,T025,U02,direct,
5121.4,T011,U07,direct,
5121.4,T012,U08,relay,R01
5121.6,T022,U05,direct,
5121.9,T017,U06,direct,
5122.2,T026,U01,relay,R01
5122.3,T025,U02,direct,
5122.4,T011,U07,direct,
5122.4,T012,U08,relay,R01
5122.6,T022,U05,direct,
5122.9,T017,U06,direct,
5123.2,T026,U01,relay,R01
5123.3,T025,U02,direct,
5123.4,T011,U07,direct,
5123.4,T012,U08,relay,R01
5123.6,T022,U05,direct,
5123.9,T017,U06,direct,
5124.2,T026,U01,relay,R01
5124.3,T025,U02,direct,
5124.4,T011,U07,direct,
5124.4,T012,U08,relay,R01
5124.6,T022,U05,direct,
5124.9,T017,U06,direct,
5125.2,T026,U01,relay,R01
5125.3,T025,U02,direct,
5125.4,T011,U07,direct,
5125.4,T012,U08,relay,R01
5125.6,T022,U05,direct,
5125.9,T017,U06,direct,
5126.2,T026,U01,relay,R01
5126.3,T025,U02,direct,
5126.4,T011,U07,direct,
5126.4,T012,U08,relay,R01
5126.6,T022,U05,direct,
5126.9,T017,U06,direct,
5127.2,T026,U01,relay,R01
5127.3,T025,U02,direct,
5127.4,T011,U07,direct,
5127.4,T012,U08,relay,R01
5127.6,T022,U05,direct,
5127.9,T017,U06,direct,
5128.2,T026,U01,relay,R01
5128.3,T025,U02,direct,
5128.4,T011,U07,direct,
5128.4,T012,U08,relay,R01
5128.6,T022,U05,direct,
5128.9,T017,U06,direct,
5129.2,T026,U01,relay,R01
5129.3,T025,U02,direct,
5129.4,T011,U07,direct,
5129.4,T012,U08,relay,R01
5129.6,T022,U05,direct,
5129.9,T017,U06,direct,
5130.2,T026,U01,relay,R01
5130.3,T025,U02,direct,
5130.4,T011,U07,direct,
5130.4,T012,U08,relay,R01
5130.6,T022,U05,direct,
5130.9,T017,U06,direct,
5131.2,T026,U01,relay,R01
5131.3,T025,U02,direct,
5131.4,T011,U07,direct,
5131.4,T012,U08,relay,R01
5131.6,T022,U05,direct,
5131.9,T017,U06,direct,
5132.2,T026,U01,relay,R01
5132.3,T025,U02,direct,
5132.4,T011,U07,direct,
5132.4,T012,U08,relay,R01
5132.6,T022,U05,direct,
5132.9,T017,U06,direct,
5133.2,T026,U01,relay,R01
5133.3,T025,U02,direct,
5133.4,T011,U07,direct,
5133.4,T012,U08,relay,R01
5133.6,T022,U05,direct,
5133.9,T017,U06,direct,
5134.2,T026,U01,relay,R01
5134.3,T025,U02,direct,
5134.4,T011,U07,direct,
5134.4,T012,U08,relay,R01
5134.6,T022,U05,direct,
5134.9,T017,U06,direct,
5135.2,T026,U01,relay,R01
5135.3,T025,U02,direct,
5135.4,T011,U07,direct,
5135.4,T012,U08,relay,R01
5135.6,T022,U05,direct,
5135.9,T017,U06,direct,
5136.2,T026,U01,relay,R01
5136.3,T025,U02,direct,
5136.4,T011,U07,direct,
5136.4,T012,U08,relay,R01
5136.6,T022,U05,direct,
5136.9,T017,U06,direct,
5137.2,T026,U01,relay,R01
5137.3,T025,U02,direct,
5137.4,T011,U07,direct,
5137.4,T012,U08,relay,R01
5137.6,T022,U05,direct,
5137.9,T017,U06,direct,
5138.2,T026,U01,relay,R01
5138.3,T025,U02,direct,
5138.4,T011,U07,direct,
5138.4,T012,U08,relay,R01
5138.6,T022,U05,direct,
5138.9,T017,U06,direct,
5139.2,T026,U01,relay,R01
5139.3,T025,U02,direct,
5139.4,T011,U07,direct,
5139.4,T012,U08,relay,R01
5139.6,T022,U05,direct,
5139.9,T017,U06,direct,
5140.2,T026,U01,relay,R01
5140.3,T025,U02,direct,
5140.4,T011,U07,direct,
5140.4,T012,U08,relay,R01
5140.6,T022,U05,direct,
5140.9,T017,U06,direct,
5141.2,T026,U01,relay,R01
5141.3,T025,U02,direct,
5141.4,T011,U07,direct,
5141.4,T012,U08,relay,R01
5141.6,T022,U05,direct,
5141.9,T017,U06,direct,
5142.2,T026,U01,relay,R01
5142.3,T025,U02,direct,
5142.4,T011,U07,direct,
5142.4,T012,U08,relay,R01
5142.6,T022,U05,direct,
5142.9,T017,U06,direct,
5143.2,T026,U01,relay,R01
5143.3,T025,U02,direct,
5143.4,T011,U07,direct,
5143.4,T012,U08,relay,R01
5143.6,T022,U05,direct,
5143.9,T017,U06,direct,
5144.2,T026,U01,relay,R01
5144.3,T025,U02,direct,
5144.4,T011,U07,direct,
5144.4,T012,U08,relay,R01
5144.6,T022,U05,direct,
5144.9,T017,U06,direct,
5145.2,T026,U01,relay,R01
5145.3,T025,U02,direct,
5145.4,T011,U07,direct,
5145.4,T012,U08,relay,R01
5145.6,T022,U05,direct,
5145.9,T017,U06,direct,
5146.2,T026,U01,relay,R01
5146.3,T025,U02,direct,
5146.4,T011,U07,direct,
5146.4,T012,U08,relay,R01
5146.6,T022,U05,direct,
5146.9,T017,U06,direct,
5147.2,T026,U01,relay,R01
5147.3,T025,U02,direct,
5147.4,T011,U07,direct,
5147.4,T012,U08,relay,R01
5147.6,T022,U05,direct,
5147.9,T017,U06,direct,
5148.2,T026,U01,relay,R01
5148.3,T025,U02,direct,
5148.4,T011,U07,direct,
5148.4,T012,U08,relay,R01
5148.6,T022,U05,direct,
5148.9,T017,U06,direct,
5149.2,T026,U01,relay,R01
5149.3,T025,U02,direct,
5149.4,T011,U07,direct,
5149.4,T012,U08,relay,R01
5149.6,T022,U05,direct,
5149.9,T017,U06,direct,
5150.2,T026,U01,relay,R01
5150.3,T025,U02,direct,
5150.4,T011,U07,direct,
5150.4,T012,U08,relay,R01
5150.6,T022,U05,direct,
5150.9,T017,U06,direct,
5151.2,T026,U01,relay,R01
5151.3,T025,U02,direct,
5151.4,T011,U07,direct,
5151.4,T012,U08,relay,R01
5151.6,T022,U05,direct,
5151.9,T017,U06,direct,
5152.2,T026,U01,relay,R01
5152.3,T025,U02,direct,
5152.4,T011,U07,direct,
5152.4,T012,U08,relay,R01
5152.6,T022,U05,direct,
5152.9,T017,U06,direct,
5153.2,T026,U01,relay,R01
5153.3,T025,U02,direct,
5153.4,T011,U07,direct,
5153.4,T012,U08,relay,R01
5153.6,T022,U05,direct,
5153.9,T017,U06,direct,
5154.2,T026,U01,relay,R01
5154.3,T025,U02,direct,
5154.4,T011,U07,direct,
5154.4,T012,U08,relay,R01
5154.6,T022,U05,direct,
5154.9,T017,U06,direct,
5155.2,T026,U01,relay,R01
5155.3,T025,U02,direct,
5155.4,T011,U07,direct,
5155.4,T012,U08,relay,R01
5155.6,T022,U05,direct,
5155.9,T017,U06,direct,
5156.2,T026,U01,relay,R01
5156.3,T025,U02,direct,
5156.4,T011,U07,direct,
5156.4,T012,U08,relay,R01
5156.6,T022,U05,direct,
5156.9,T017,U06,direct,
5157.2,T026,U01,relay,R01
5157.3,T025,U02,direct,
5157.4,T011,U07,direct,
5157.4,T012,U08,relay,R01
5157.6,T022,U05,direct,
5157.9,T017,U06,direct,
5158.2,T026,U01,relay,R01
5158.3,T025,U02,direct,
5158.4,T011,U07,direct,
5158.4,T012,U08,relay,R01
5158.6,T022,U05,direct,
5158.9,T017,U06,direct,
5159.2,T026,U01,relay,R01
5159.3,T025,U02,direct,
5159.4,T011,U07,direct,
5159.4,T012,U08,relay,R01
5159.6,T022,U05,direct,
5159.9,T017,U06,direct,
5160.2,T026,U01,relay,R01
5160.3,T025,U02,direct,
5160.4,T011,U07,direct,
5160.4,T012,U08,relay,R01
5160.6,T022,U05,direct,
5160.9,T017,U06,direct,
5161.2,T026,U01,relay,R01
5161.3,T025,U02,direct,
5161.4,T011,U07,direct,
5161.4,T012,U08,relay,R01
5161.6,T022,U05,direct,
5161.9,T017,U06,direct,
5162.2,T026,U01,relay,R01
5162.3,T025,U02,direct,
5162.4,T011,U07,direct,
5162.4,T012,U08,relay,R01
5162.6,T022,U05,direct,
5162.9,T017,U06,direct,
5163.2,T026,U01,relay,R01
5163.3,T025,U02,direct,
5163.4,T011,U07,direct,
5163.4,T012,U08,relay,R01
5163.6,T022,U05,direct,
5163.9,T017,U06,direct,
5164.2,T026,U01,relay,R01
5164.3,T025,U02,direct,
5164.4,T011,U07,direct,
5164.4,T012,U08,relay,R01
5164.6,T022,U05,direct,
5164.9,T017,U06,direct,
5165.2,T026,U01,relay,R01
5165.3,T025,U02,direct,
5165.4,T011,U07,direct,
5165.4,T012,U08,relay,R01
5165.6,T022,U05,direct,
5165.9,T017,U06,direct,
5166.2,T026,U01,relay,R01
5166.3,T025,U02,direct,
5166.4,T011,U07,direct,
5166.4,T012,U08,relay,R01
5166.6,T022,U05,direct,
5166.9,T017,U06,direct,
5167.2,T026,U01,relay,R01
5167.3,T025,U02,direct,
5167.4,T011,U07,direct,
5167.4,T012,U08,relay,R01
5167.6,T022,U05,direct,
5167.9,T017,U06,direct,
5168.2,T026,U01,relay,R01
5168.3,T025,U02,direct,
5168.4,T011,U07,direct,
5168.4,T012,U08,relay,R01
5168.6,T022,U05,direct,
5168.9,T017,U06,direct,
5169.2,T026,U01,relay,R01
5169.3,T025,U02,direct,
5169.4,T011,U07,direct,
5169.4,T012,U08,relay,R01
5169.6,T022,U05,direct,
5169.9,T017,U06,direct,
5170.2,T026,U01,relay,R01
5170.3,T025,U02,direct,
5170.4,T011,U07,direct,
5170.4,T012,U08,relay,R01
5170.6,T022,U05,direct,
5170.9,T017,U06,direct,
5171.2,T026,U01,relay,R01
5171.3,T025,U02,direct,
5171.4,T011,U07,direct,
5171.4,T012,U08,relay,R01
5171.6,T022,U05,direct,
5171.9,T017,U06,direct,
5172.2,T026,U01,relay,R01
5172.3,T025,U02,direct,
5172.4,T011,U07,direct,
5172.4,T012,U08,relay,R01
5172.6,T022,U05,direct,
5172.9,T017,U06,direct,
5173.2,T026,U01,relay,R01
5173.3,T025,U02,direct,
5173.4,T011,U07,direct,
5173.4,T012,U08,relay,R01
5173.6,T022,U05,direct,
5173.9,T017,U06,direct,
5174.2,T026,U01,relay,R01
5174.3,T025,U02,direct,
5174.4,T011,U07,direct,
5174.4,T012,U08,relay,R01
5174.6,T022,U05,direct,
5174.9,T017,U06,direct,
5175.2,T026,U01,relay,R01
5175.3,T025,U02,direct,
5175.4,T011,U07,direct,
5175.4,T012,U08,relay,R01
5175.6,T022,U05,direct,
5175.9,T017,U06,direct,
5176.2,T026,U01,relay,R01
5176.3,T025,U02,direct,
5176.4,T011,U07,direct,
5176.4,T012,U08,relay,R01
5176.6,T022,U05,direct,
5176.9,T017,U06,direct,
5177.2,T026,U01,relay,R01
5177.3,T025,U02,direct,
5177.4,T011,U07,direct,
5177.4,T012,U08,relay,R01
5177.6,T022,U05,direct,
5177.9,T017,U06,direct,
5178.2,T026,U01,relay,R01
5178.3,T025,U02,direct,
5178.4,T011,U07,direct,
5178.4,T012,U08,relay,R01
5178.6,T022,U05,direct,
5178.9,T017,U06,direct,
5179.2,T026,U01,relay,R01
5179.3,T025,U02,direct,
5179.4,T011,U07,direct,
5179.4,T012,U08,relay,R01
5179.6,T022,U05,direct,
5179.9,T017,U06,direct,
5180.2,T026,U01,relay,R01
5180.3,T025,U02,direct,
5180.4,T011,U07,direct,
5180.4,T012,U08,relay,R01
5180.6,T022,U05,direct,
5180.9,T017,U06,direct,
5181.2,T026,U01,relay,R01
5181.3,T025,U02,direct,
5181.4,T011,U07,direct,
5181.4,T012,U08,relay,R01
5181.6,T022,U05,direct,
5181.9,T017,U06,direct,
5182.2,T026,U01,relay,R01
5182.3,T025,U02,direct,
5182.4,T011,U07,direct,
5182.4,T012,U08,relay,R01
5182.6,T022,U05,direct,
5182.9,T017,U06,direct,
5183.2,T026,U01,relay,R01
5183.3,T025,U02,direct,
5183.4,T011,U07,direct,
5183.4,T012,U08,relay,R01
5183.6,T022,U05,direct,
5183.9,T017,U06,direct,
5184.2,T026,U01,relay,R01
5184.3,T025,U02,direct,
5184.4,T011,U07,direct,
5184.4,T012,U08,relay,R01
5184.6,T022,U05,direct,
5184.9,T017,U06,direct,
5185.2,T026,U01,relay,R01
5185.3,T025,U02,direct,
5185.4,T011,U07,direct,
5185.4,T012,U08,relay,R01
5185.6,T022,U05,direct,
5185.9,T017,U06,direct,
5186.2,T026,U01,relay,R01
5186.3,T025,U02,direct,
5186.4,T011,U07,direct,
5186.4,T012,U08,relay,R01
5186.6,T022,U05,direct,
5186.9,T017,U06,direct,
5187.2,T026,U01,relay,R01
5187.3,T025,U02,direct,
5187.4,T011,U07,direct,
5187.4,T012,U08,relay,R01
5187.6,T022,U05,direct,
5187.9,T017,U06,direct,
5188.2,T026,U01,relay,R01
5188.3,T025,U02,direct,
5188.4,T011,U07,direct,
5188.4,T012,U08,relay,R01
5188.6,T022,U05,direct,
5188.9,T017,U06,direct,
5189.2,T026,U01,relay,R01
5189.3,T025,U02,direct,
5189.4,T011,U07,direct,
5189.4,T012,U08,relay,R01
5189.6,T022,U05,direct,
5189.9,T017,U06,direct,
5190.2,T026,U01,relay,R01
5190.3,T025,U02,direct,
5190.4,T011,U07,direct,
5190.4,T012,U08,relay,R01
5190.6,T022,U05,direct,
5190.9,T017,U06,direct,
5191.2,T026,U01,relay,R01
5191.3,T025,U02,direct,
5191.4,T011,U07,direct,
5191.4,T012,U08,relay,R01
5191.6,T022,U05,direct,
5191.9,T017,U06,direct,
5192.2,T026,U01,relay,R01
5192.3,T025,U02,direct,
5192.4,T011,U07,direct,
5192.4,T012,U08,relay,R01
5192.6,T022,U05,direct,
5192.9,T017,U06,direct,
5193.2,T026,U01,relay,R01
5193.3,T025,U02,direct,
5193.4,T011,U07,direct,
5193.4,T012,U08,relay,R01
5193.6,T022,U05,direct,
5193.9,T017,U06,direct,
5194.2,T026,U01,relay,R01
5194.3,T025,U02,direct,
5194.4,T011,U07,direct,
5194.4,T012,U08,relay,R01
5194.6,T022,U05,direct,
5194.9,T017,U06,direct,
5195.2,T026,U01,relay,R01
5195.3,T025,U02,direct,
5195.4,T011,U07,direct,
5195.4,T012,U08,relay,R01
5195.6,T022,U05,direct,
5195.9,T017,U06,direct,
5196.2,T026,U01,relay,R01
5196.3,T025,U02,direct,
5196.4,T011,U07,direct,
5196.4,T012,U08,relay,R01
5196.6,T022,U05,direct,
5196.9,T017,U06,direct,
5197.2,T026,U01,relay,R01
5197.3,T025,U02,direct,
5197.4,T011,U07,direct,
5197.4,T012,U08,relay,R01
5197.6,T022,U05,direct,
5197.9,T017,U06,direct,
5198.2,T026,U01,relay,R01
5198.3,T025,U02,direct,
5198.4,T011,U07,direct,
5198.4,T012,U08,relay,R01
5198.6,T022,U05,direct,
5198.9,T017,U06,direct,
5199.2,T026,U01,relay,R01
5199.3,T025,U02,direct,
5199.4,T011,U07,direct,
5199.4,T012,U08,relay,R01
5199.6,T022,U05,direct,
5199.9,T017,U06,direct,
5200.2,T026,U01,relay,R01
5200.3,T025,U02,direct,
5200.4,T011,U07,direct,
5200.4,T012,U08,relay,R01
5200.6,T022,U05,direct,
5200.9,T017,U06,direct,
5201.2,T026,U01,relay,R01
5201.3,T025,U02,direct,
5201.4,T011,U07,direct,
5201.4,T012,U08,relay,R01
5201.6,T022,U05,direct,
5201.9,T017,U06,direct,
5202.2,T026,U01,relay,R01
5202.3,T025,U02,direct,
5202.4,T011,U07,direct,
5202.4,T012,U08,relay,R01
5202.6,T022,U05,direct,
5202.9,T017,U06,direct,
5203.2,T026,U01,relay,R01
5203.3,T025,U02,direct,
5203.4,T011,U07,direct,
5203.4,T012,U08,relay,R01
5203.6,T022,U05,direct,
5203.9,T017,U06,direct,
5204.2,T026,U01,relay,R01
5204.3,T025,U02,direct,
5204.4,T011,U07,direct,
5204.4,T012,U08,relay,R01
5204.6,T022,U05,direct,
5204.9,T017,U06,direct,
5205.2,T026,U01,relay,R01
5205.3,T025,U02,direct,
5205.4,T011,U07,direct,
5205.4,T012,U08,relay,R01
5205.6,T022,U05,direct,
5205.9,T017,U06,direct,
5206.2,T026,U01,relay,R01
5206.3,T025,U02,direct,
5206.4,T011,U07,direct,
5206.4,T012,U08,relay,R01
5206.6,T022,U05,direct,
5206.9,T017,U06,direct,
5207.2,T026,U01,relay,R01
5207.3,T025,U02,direct,
5207.4,T011,U07,direct,
5207.4,T012,U08,relay,R01
5207.6,T022,U05,direct,
5207.9,T017,U06,direct,
5208.2,T026,U01,relay,R01
5208.3,T025,U02,direct,
5208.4,T011,U07,direct,
5208.4,T012,U08,relay,R01
5208.6,T022,U05,direct,
5208.9,T017,U06,direct,
5209.2,T026,U01,relay,R01
5209.3,T025,U02,direct,
5209.4,T011,U07,direct,
5209.4,T012,U08,relay,R01
5209.6,T022,U05,direct,
5209.9,T017,U06,direct,
5210.2,T026,U01,relay,R01
5210.3,T025,U02,direct,
5210.4,T011,U07,direct,
5210.4,T012,U08,relay,R01
5210.6,T022,U05,direct,
5210.9,T017,U06,direct,
5211.2,T026,U01,relay,R01
5211.3,T025,U02,direct,
5211.4,T011,U07,direct,
5211.4,T012,U08,relay,R01
5211.6,T022,U05,direct,
5211.9,T017,U06,direct,
5212.2,T026,U01,relay,R01
5212.3,T025,U02,direct,
5212.4,T011,U07,direct,
5212.4,T012,U08,relay,R01
5212.6,T022,U05,direct,
5212.9,T017,U06,direct,
5213.2,T026,U01,relay,R01
5213.3,T025,U02,direct,
5213.4,T011,U07,direct,
5213.4,T012,U08,relay,R01
5213.6,T022,U05,direct,
5213.9,T017,U06,direct,
5214.2,T026,U01,relay,R01
5214.3,T025,U02,direct,
5214.4,T011,U07,direct,
5214.4,T012,U08,relay,R01
5214.6,T022,U05,direct,
5214.9,T017,U06,direct,
5215.2,T026,U01,relay,R01
5215.3,T025,U02,direct,
5215.4,T011,U07,direct,
5215.4,T012,U08,relay,R01
5215.6,T022,U05,direct,
5215.9,T017,U06,direct,
5216.2,T026,U01,relay,R01
5216.3,T025,U02,direct,
5216.4,T011,U07,direct,
5216.4,T012,U08,relay,R01
5216.6,T022,U05,direct,
5216.9,T017,U06,direct,
5217.2,T026,U01,relay,R01
5217.3,T025,U02,direct,
5217.4,T011,U07,direct,
5217.4,T012,U08,relay,R01
5217.6,T022,U05,direct,
5217.9,T017,U06,direct,
5218.2,T026,U01,relay,R01
5218.3,T025,U02,direct,
5218.4,T011,U07,direct,
5218.4,T012,U08,relay,R01
5218.6,T022,U05,direct,
5218.9,T017,U06,direct,
5219.2,T026,U01,relay,R01
5219.3,T025,U02,direct,
5219.4,T011,U07,direct,
5219.4,T012,U08,relay,R01
5219.6,T022,U05,direct,
5219.9,T017,U06,direct,
5220.2,T026,U01,relay,R01
5220.3,T025,U02,direct,
5220.4,T011,U07,direct,
5220.4,T012,U08,relay,R01
5220.6,T022,U05,direct,
5221.2,T026,U01,relay,R01
5221.3,T025,U02,direct,
5221.4,T011,U07,direct,
5221.4,T012,U08,relay,R01
5221.6,T022,U05,direct,
5222.2,T026,U01,relay,R01
5222.3,T025,U02,direct,
5222.4,T011,U07,direct,
5222.4,T012,U08,relay,R01
5222.6,T022,U05,direct,
5223.2,T026,U01,relay,R01
5223.3,T025,U02,direct,
5223.4,T011,U07,direct,
5223.4,T012,U08,relay,R01
5223.6,T022,U05,direct,
5224.2,T026,U01,relay,R01
5224.3,T025,U02,direct,
5224.4,T011,U07,direct,
5224.4,T012,U08,relay,R01
5224.6,T022,U05,direct,
5225.2,T026,U01,relay,R01
5225.3,T025,U02,direct,
5225.4,T011,U07,direct,
5225.4,T012,U08,relay,R01
5225.6,T022,U05,direct,
5226.2,T026,U01,relay,R01
5226.3,T025,U02,direct,
5226.4,T011,U07,direct,
5226.4,T012,U08,relay,R01
5226.6,T022,U05,direct,
5227.2,T026,U01,relay,R01
5227.3,T025,U02,direct,
5227.4,T011,U07,direct,
5227.4,T012,U08,relay,R01
5227.6,T022,U05,direct,
5228.2,T026,U01,relay,R01
5228.3,T025,U02,direct,
5228.4,T011,U07,direct,
5228.4,T012,U08,relay,R01
5228.6,T022,U05,direct,
5229.2,T026,U01,relay,R01
5229.3,T025,U02,direct,
5229.4,T011,U07,direct,
5229.4,T012,U08,relay,R01
5229.6,T022,U05,direct,
5230.2,T026,U01,relay,R01
5230.3,T025,U02,direct,
5230.4,T011,U07,direct,
5230.4,T012,U08,relay,R01
5230.6,T022,U05,direct,
5231.2,T026,U01,relay,R01
5231.3,T025,U02,direct,
5231.4,T011,U07,direct,
5231.4,T012,U08,relay,R01
5231.6,T022,U05,direct,
5232.2,T026,U01,relay,R01
5232.3,T025,U02,direct,
5232.4,T011,U07,direct,
5232.4,T012,U08,relay,R01
5232.6,T022,U05,direct,
5233.2,T026,U01,relay,R01
5233.3,T025,U02,direct,
5233.4,T011,U07,direct,
5233.4,T012,U08,relay,R01
5233.6,T022,U05,direct,
5234.2,T026,U01,relay,R01
5234.3,T025,U02,direct,
5234.4,T011,U07,direct,
5234.4,T012,U08,relay,R01
5234.6,T022,U05,direct,
5235.2,T026,U01,relay,R01
5235.3,T025,U02,direct,
5235.4,T011,U07,direct,
5235.4,T012,U08,relay,R01
5235.6,T022,U05,direct,
5236.2,T026,U01,relay,R01
5236.3,T025,U02,direct,
5236.4,T011,U07,direct,
5236.4,T012,U08,relay,R01
5236.6,T022,U05,direct,
5237.2,T026,U01,relay,R01
5237.3,T025,U02,direct,
5237.4,T011,U07,direct,
5237.4,T012,U08,relay,R01
5237.6,T022,U05,direct,
5238.2,T026,U01,relay,R01
5238.3,T025,U02,direct,
5238.4,T011,U07,direct,
5238.4,T012,U08,relay,R01
5238.6,T022,U05,direct,
5239.2,T026,U01,relay,R01
5239.3,T025,U02,direct,
5239.4,T011,U07,direct,
5239.4,T012,U08,relay,R01
5239.6,T022,U05,direct,
5240.2,T026,U01,relay,R01
5240.3,T025,U02,direct,
5240.4,T011,U07,direct,
5240.4,T012,U08,relay,R01
5240.6,T022,U05,direct,
5241.2,T026,U01,relay,R01
5241.3,T025,U02,direct,
5241.4,T011,U07,direct,
5241.4,T012,U08,relay,R01
5241.6,T022,U05,direct,
5242.2,T026,U01,relay,R01
5242.3,T025,U02,direct,
5242.4,T011,U07,direct,
5242.4,T012,U08,relay,R01
5242.6,T022,U05,direct,
5243.2,T026,U01,relay,R01
5243.3,T025,U02,direct,
5243.4,T011,U07,direct,
5243.4,T012,U08,relay,R01
5243.6,T022,U05,direct,
5244.2,T026,U01,relay,R01
5244.3,T025,U02,direct,
5244.4,T011,U07,direct,
5244.4,T012,U08,relay,R01
5244.6,T022,U05,direct,
5245.2,T026,U01,relay,R01
5245.3,T025,U02,direct,
5245.4,T011,U07,direct,
5245.4,T012,U08,relay,R01
5245.6,T022,U05,direct,
5246.2,T026,U01,relay,R01
5246.3,T025,U02,direct,
5246.4,T011,U07,direct,
5246.4,T012,U08,relay,R01
5246.6,T022,U05,direct,
5247.2,T026,U01,relay,R01
5247.3,T025,U02,direct,
5247.4,T011,U07,direct,
5247.4,T012,U08,relay,R01
5247.6,T022,U05,direct,
5248.2,T026,U01,relay,R01
5248.3,T025,U02,direct,
5248.4,T011,U07,direct,
5248.4,T012,U08,relay,R01
5248.6,T022,U05,direct,
5249.2,T026,U01,relay,R01
5249.3,T025,U02,direct,
5249.4,T011,U07,direct,
5249.4,T012,U08,relay,R01
5249.6,T022,U05,direct,
5250.2,T026,U01,relay,R01
5250.3,T025,U02,direct,
5250.4,T011,U07,direct,
5250.4,T012,U08,relay,R01
5250.6,T022,U05,direct,
5251.2,T026,U01,relay,R01
5251.3,T025,U02,direct,
5251.4,T011,U07,direct,
5251.4,T012,U08,relay,R01
5251.6,T022,U05,direct,
5252.2,T026,U01,relay,R01
5252.3,T025,U02,direct,
5252.4,T011,U07,direct,
5252.4,T012,U08,relay,R01
5252.6,T022,U05,direct,
5253.2,T026,U01,relay,R01
5253.3,T025,U02,direct,
5253.4,T011,U07,direct,
5253.4,T012,U08,relay,R01
5253.6,T022,U05,direct,
5254.2,T026,U01,relay,R01
5254.3,T025,U02,direct,
5254.4,T011,U07,direct,
5254.4,T012,U08,relay,R01
5254.6,T022,U05,direct,
5255.2,T026,U01,relay,R01
5255.3,T025,U02,direct,
5255.4,T011,U07,direct,
5255.4,T012,U08,relay,R01
5255.6,T022,U05,direct,
5256.2,T026,U01,relay,R01
5256.3,T025,U02,direct,
5256.4,T011,U07,direct,
5256.4,T012,U08,relay,R01
5256.6,T022,U05,direct,
5257.2,T026,U01,relay,R01
5257.3,T025,U02,direct,
5257.4,T011,U07,direct,
5257.4,T012,U08,relay,R01
5257.6,T022,U05,direct,
5258.2,T026,U01,relay,R01
5258.3,T025,U02,direct,
5258.4,T011,U07,direct,
5258.4,T012,U08,relay,R01
5258.6,T022,U05,direct,
5259.2,T026,U01,relay,R01
5259.3,T025,U02,direct,
5259.4,T011,U07,direct,
5259.4,T012,U08,relay,R01
5259.6,T022,U05,direct,
5260.2,T026,U01,relay,R01
5260.3,T025,U02,direct,
5260.4,T011,U07,direct,
5260.4,T012,U08,relay,R01
5260.6,T022,U05,direct,
5261.2,T026,U01,relay,R01
5261.3,T025,U02,direct,
5261.4,T011,U07,direct,
5261.4,T012,U08,relay,R01
5261.6,T022,U05,direct,
5262.2,T026,U01,relay,R01
5262.3,T025,U02,direct,
5262.4,T011,U07,direct,
5262.4,T012,U08,relay,R01
5262.6,T022,U05,direct,
5263.2,T026,U01,relay,R01
5263.3,T025,U02,direct,
5263.4,T011,U07,direct,
5263.4,T012,U08,relay,R01
5263.6,T022,U05,direct,
5264.2,T026,U01,relay,R01
5264.3,T025,U02,direct,
5264.4,T011,U07,direct,
5264.4,T012,U08,relay,R01
5264.6,T022,U05,direct,
5265.2,T026,U01,relay,R01
5265.3,T025,U02,direct,
5265.4,T011,U07,direct,
5265.4,T012,U08,relay,R01
5265.6,T022,U05,direct,
5266.2,T026,U01,relay,R01
5266.3,T025,U02,direct,
5266.4,T011,U07,direct,
5266.4,T012,U08,relay,R01
5266.6,T022,U05,direct,
5267.2,T026,U01,relay,R01
5267.3,T025,U02,direct,
5267.4,T011,U07,direct,
5267.4,T012,U08,relay,R01
5267.6,T022,U05,direct,
5268.2,T026,U01,relay,R01
5268.3,T025,U02,direct,
5268.4,T011,U07,direct,
5268.4,T012,U08,relay,R01
5268.6,T022,U05,direct,
5269.2,T026,U01,relay,R01
5269.3,T025,U02,direct,
5269.4,T011,U07,direct,
5269.4,T012,U08,relay,R01
5269.6,T022,U05,direct,
5270.2,T026,U01,relay,R01
5270.3,T025,U02,direct,
5270.4,T011,U07,direct,
5270.4,T012,U08,relay,R01
5270.6,T022,U05,direct,
5271.2,T026,U01,relay,R01
5271.3,T025,U02,direct,
5271.4,T011,U07,direct,
5271.4,T012,U08,relay,R01
5271.6,T022,U05,direct,
5272.2,T026,U01,relay,R01
5272.3,T025,U02,direct,
5272.4,T011,U07,direct,
5272.4,T012,U08,relay,R01
5272.6,T022,U05,direct,
5273.2,T026,U01,relay,R01
5273.3,T025,U02,direct,
5273.4,T011,U07,direct,
5273.4,T012,U08,relay,R01
5273.6,T022,U05,direct,
5274.2,T026,U01,relay,R01
5274.3,T025,U02,direct,
5274.4,T011,U07,direct,
5274.4,T012,U08,relay,R01
5274.6,T022,U05,direct,
5275.2,T026,U01,relay,R01
5275.3,T025,U02,direct,
5275.4,T011,U07,direct,
5275.4,T012,U08,relay,R01
5275.6,T022,U05,direct,
5276.2,T026,U01,relay,R01
5276.3,T025,U02,direct,
5276.4,T011,U07,direct,
5276.4,T012,U08,relay,R01
5276.6,T022,U05,direct,
5277.2,T026,U01,relay,R01
5277.3,T025,U02,direct,
5277.4,T011,U07,direct,
5277.4,T012,U08,relay,R01
5277.6,T022,U05,direct,
5278.2,T026,U01,relay,R01
5278.3,T025,U02,direct,
5278.4,T011,U07,direct,
5278.4,T012,U08,relay,R01
5278.6,T022,U05,direct,
5279.2,T026,U01,relay,R01
5279.3,T025,U02,direct,
5279.4,T011,U07,direct,
5279.4,T012,U08,relay,R01
5279.6,T022,U05,direct,
5280.2,T026,U01,relay,R01
5280.3,T025,U02,direct,
5280.4,T011,U07,direct,
5280.4,T012,U08,relay,R01
5280.6,T022,U05,direct,
5281.2,T026,U01,relay,R01
5281.3,T025,U02,direct,
5281.4,T011,U07,direct,
5281.4,T012,U08,relay,R01
5281.6,T022,U05,direct,
5282.2,T026,U01,relay,R01
5282.3,T025,U02,direct,
5282.4,T011,U07,direct,
5282.4,T012,U08,relay,R01
5282.6,T022,U05,direct,
5283.2,T026,U01,relay,R01
5283.3,T025,U02,direct,
5283.4,T011,U07,direct,
5283.4,T012,U08,relay,R01
5283.6,T022,U05,direct,
5284.2,T026,U01,relay,R01
5284.3,T025,U02,direct,
5284.4,T011,U07,direct,
5284.4,T012,U08,relay,R01
5284.6,T022,U05,direct,
5285.2,T026,U01,relay,R01
5285.3,T025,U02,direct,
5285.4,T011,U07,direct,
5285.4,T012,U08,relay,R01
5285.6,T022,U05,direct,
5286.2,T026,U01,relay,R01
5286.3,T025,U02,direct,
5286.4,T011,U07,direct,
5286.4,T012,U08,relay,R01
5286.6,T022,U05,direct,
5287.2,T026,U01,relay,R01
5287.3,T025,U02,direct,
5287.4,T011,U07,direct,
5287.4,T012,U08,relay,R01
5287.6,T022,U05,direct,
5288.2,T026,U01,relay,R01
5288.3,T025,U02,direct,
5288.4,T011,U07,direct,
5288.4,T012,U08,relay,R01
5288.6,T022,U05,direct,
5289.2,T026,U01,relay,R01
5289.3,T025,U02,direct,
5289.4,T011,U07,direct,
5289.4,T012,U08,relay,R01
5289.6,T022,U05,direct,
5290.2,T026,U01,relay,R01
5290.3,T025,U02,direct,
5290.4,T011,U07,direct,
5290.4,T012,U08,relay,R01
5290.6,T022,U05,direct,
5291.2,T026,U01,relay,R01
5291.3,T025,U02,direct,
5291.4,T011,U07,direct,
5291.4,T012,U08,relay,R01
5291.6,T022,U05,direct,
5292.2,T026,U01,relay,R01
5292.3,T025,U02,direct,
5292.4,T011,U07,direct,
5292.4,T012,U08,relay,R01
5292.6,T022,U05,direct,
5293.2,T026,U01,relay,R01
5293.3,T025,U02,direct,
5293.4,T011,U07,direct,
5293.4,T012,U08,relay,R01
5293.6,T022,U05,direct,
5294.2,T026,U01,relay,R01
5294.3,T025,U02,direct,
5294.4,T011,U07,direct,
5294.4,T012,U08,relay,R01
5294.6,T022,U05,direct,
5295.2,T026,U01,relay,R01
5295.3,T025,U02,direct,
5295.4,T012,U08,relay,R01
5295.6,T022,U05,direct,
5296.2,T026,U01,relay,R01
5296.3,T025,U02,direct,
5296.4,T012,U08,relay,R01
5296.6,T022,U05,direct,
5297.2,T026,U01,relay,R01
5297.3,T025,U02,direct,
5297.4,T012,U08,relay,R01
5297.6,T022,U05,direct,
5298.2,T026,U01,relay,R01
5298.3,T025,U02,direct,
5298.4,T012,U08,relay,R01
5298.6,T022,U05,direct,
5299.2,T026,U01,relay,R01
5299.3,T025,U02,direct,
5299.4,T012,U08,relay,R01
5299.6,T022,U05,direct,
5300.2,T026,U01,relay,R01
5300.3,T025,U02,direct,
5300.4,T012,U08,relay,R01
5300.6,T022,U05,direct,
5301.2,T026,U01,relay,R01
5301.3,T025,U02,direct,
5301.4,T012,U08,relay,R01
5301.6,T022,U05,direct,
5302.2,T026,U01,relay,R01
5302.3,T025,U02,direct,
5302.4,T012,U08,relay,R01
5302.6,T022,U05,direct,
5303.2,T026,U01,relay,R01
5303.3,T025,U02,direct,
5303.4,T012,U08,relay,R01
5303.6,T022,U05,direct,
5304.2,T026,U01,relay,R01
5304.3,T025,U02,direct,
5304.4,T012,U08,relay,R01
5304.6,T022,U05,direct,
5305.2,T026,U01,relay,R01
5305.3,T025,U02,direct,
5305.4,T012,U08,relay,R01
5305.6,T022,U05,direct,
5306.2,T026,U01,relay,R01
5306.3,T025,U02,direct,
5306.4,T012,U08,relay,R01
5306.6,T022,U05,direct,
5307.2,T026,U01,relay,R01
5307.3,T025,U02,direct,
5307.4,T012,U08,relay,R01
5307.6,T022,U05,relay,R01
5308.2,T026,U01,relay,R01
5308.3,T025,U02,direct,
5308.4,T012,U08,relay,R01
5308.6,T022,U05,relay,R01
5309.2,T026,U01,relay,R01
5309.3,T025,U02,direct,
5309.4,T012,U08,relay,R01
5309.6,T022,U05,relay,R01
5310.2,T026,U01,relay,R01
5310.3,T025,U02,direct,
5310.4,T012,U08,relay,R01
5310.6,T022,U05,relay,R01
5311.2,T026,U01,relay,R01
5311.3,T025,U02,direct,
5311.4,T012,U08,relay,R01
5311.6,T022,U05,relay,R01
5312.2,T026,U01,relay,R01
5312.3,T025,U02,direct,
5312.4,T012,U08,relay,R01
5312.6,T022,U05,relay,R01
5313.2,T026,U01,relay,R01
5313.3,T025,U02,direct,
5313.4,T012,U08,relay,R01
5313.6,T022,U05,relay,R01
5314.2,T026,U01,relay,R01
5314.3,T025,U02,direct,
5314.4,T012,U08,relay,R01
5314.6,T022,U05,relay,R01
5315.2,T026,U01,relay,R01
5315.3,T025,U02,direct,
5315.4,T012,U08,relay,R01
5315.6,T022,U05,relay,R01
5316.2,T026,U01,relay,R01
5316.3,T025,U02,direct,
5316.4,T012,U08,relay,R01
5316.6,T022,U05,relay,R01
5317.2,T026,U01,relay,R01
5317.3,T025,U02,direct,
5317.4,T012,U08,relay,R01
5317.6,T022,U05,relay,R01
5318.2,T026,U01,relay,R01
5318.3,T025,U02,direct,
5318.4,T012,U08,relay,R01
5318.6,T022,U05,relay,R01
5319.2,T026,U01,relay,R01
5319.3,T025,U02,direct,
5319.4,T012,U08,relay,R01
5319.6,T022,U05,relay,R01
5320.2,T026,U01,relay,R01
5320.3,T025,U02,direct,
5320.4,T012,U08,relay,R01
5320.6,T022,U05,relay,R01
5321.2,T026,U01,relay,R01
5321.3,T025,U02,direct,
5321.4,T012,U08,relay,R01
5321.6,T022,U05,relay,R01
5322.2,T026,U01,relay,R01
5322.3,T025,U02,direct,
5322.4,T012,U08,relay,R01
5322.6,T022,U05,relay,R01
5323.2,T026,U01,relay,R01
5323.3,T025,U02,direct,
5323.4,T012,U08,relay,R01
5323.6,T022,U05,relay,R01
5324.2,T026,U01,relay,R01
5324.3,T025,U02,direct,
5324.4,T012,U08,relay,R01
5324.6,T022,U05,relay,R01
5325.2,T026,U01,relay,R01
5325.3,T025,U02,direct,
5325.4,T012,U08,relay,R01
5325.6,T022,U05,relay,R01
5326.2,T026,U01,relay,R01
5326.3,T025,U02,direct,
5326.4,T012,U08,relay,R01
5326.6,T022,U05,relay,R01
5327.2,T026,U01,relay,R01
5327.3,T025,U02,direct,
5327.4,T012,U08,relay,R01
5327.6,T022,U05,relay,R01
5328.2,T026,U01,relay,R01
5328.3,T025,U02,direct,
5328.4,T012,U08,relay,R01
5328.6,T022,U05,relay,R01
5329.2,T026,U01,relay,R01
5329.3,T025,U02,direct,
5329.4,T012,U08,relay,R01
5329.6,T022,U05,relay,R01
5330.2,T026,U01,relay,R01
5330.3,T025,U02,direct,
5330.4,T012,U08,relay,R01
5330.6,T022,U05,relay,R01
5331.2,T026,U01,relay,R01
5331.3,T025,U02,direct,
5331.4,T012,U08,relay,R01
5331.6,T022,U05,relay,R01
5332.2,T026,U01,relay,R01
5332.3,T025,U02,direct,
5332.4,T012,U08,relay,R01
5332.6,T022,U05,relay,R01
5333.2,T026,U01,relay,R01
5333.3,T025,U02,direct,
5333.4,T012,U08,relay,R01
5333.6,T022,U05,relay,R01
5334.2,T026,U01,relay,R01
5334.3,T025,U02,direct,
5334.4,T012,U08,relay,R01
5334.6,T022,U05,relay,R01
5335.2,T026,U01,relay,R01
5335.3,T025,U02,direct,
5335.4,T012,U08,relay,R01
5335.6,T022,U05,relay,R01
5336.2,T026,U01,relay,R01
5336.3,T025,U02,direct,
5336.4,T012,U08,relay,R01
5336.6,T022,U05,relay,R01
5337.2,T026,U01,relay,R01
5337.3,T025,U02,direct,
5337.4,T012,U08,relay,R01
5337.6,T022,U05,relay,R01
5338.2,T026,U01,relay,R01
5338.3,T025,U02,direct,
5338.4,T012,U08,relay,R01
5338.6,T022,U05,relay,R01
5339.2,T026,U01,relay,R01
5339.3,T025,U02,direct,
5339.4,T012,U08,relay,R01
5339.6,T022,U05,relay,R01
5340.2,T026,U01,relay,R01
5340.3,T025,U02,direct,
5340.4,T012,U08,relay,R01
5340.6,T022,U05,relay,R01
5341.2,T026,U01,relay,R01
5341.3,T025,U02,direct,
5341.4,T012,U08,relay,R01
5341.6,T022,U05,relay,R01
5342.2,T026,U01,relay,R01
5342.3,T025,U02,direct,
5342.4,T012,U08,relay,R01
5342.6,T022,U05,relay,R01
5343.2,T026,U01,relay,R01
5343.3,T025,U02,direct,
5343.4,T012,U08,relay,R01
5343.6,T022,U05,relay,R01
5344.2,T026,U01,relay,R01
5344.3,T025,U02,direct,
5344.4,T012,U08,relay,R01
5344.6,T022,U05,relay,R01
5345.2,T026,U01,relay,R01
5345.3,T025,U02,direct,
5345.4,T012,U08,relay,R01
5345.6,T022,U05,relay,R01
5346.2,T026,U01,relay,R01
5346.3,T025,U02,direct,
5346.4,T012,U08,relay,R01
5346.6,T022,U05,relay,R01
5347.2,T026,U01,relay,R01
5347.3,T025,U02,direct,
5347.4,T012,U08,relay,R01
5347.6,T022,U05,relay,R01
5348.2,T026,U01,relay,R01
5348.3,T025,U02,direct,
5348.4,T012,U08,relay,R01
5348.6,T022,U05,relay,R01
5349.2,T026,U01,relay,R01
5349.3,T025,U02,direct,
5349.4,T012,U08,relay,R01
5349.6,T022,U05,relay,R01
5350.2,T026,U01,relay,R01
5350.3,T025,U02,direct,
5350.4,T012,U08,relay,R01
5350.6,T022,U05,relay,R01
5351.2,T026,U01,relay,R01
5351.3,T025,U02,direct,
5351.4,T012,U08,relay,R01
5351.6,T022,U05,relay,R01
5352.2,T026,U01,relay,R01
5352.3,T025,U02,direct,
5352.4,T012,U08,relay,R01
5352.6,T022,U05,relay,R01
5353.2,T026,U01,relay,R01
5353.3,T025,U02,direct,
5353.4,T012,U08,relay,R01
5353.6,T022,U05,relay,R01
5354.2,T026,U01,relay,R01
5354.3,T025,U02,direct,
5354.4,T012,U08,relay,R01
5354.6,T022,U05,relay,R01
5355.2,T026,U01,relay,R01
5355.3,T025,U02,direct,
5355.4,T012,U08,relay,R01
5355.6,T022,U05,relay,R01
5356.2,T026,U01,relay,R01
5356.3,T025,U02,direct,
5356.4,T012,U08,relay,R01
5356.6,T022,U05,relay,R01
5357.2,T026,U01,relay,R01
5357.3,T025,U02,direct,
5357.4,T012,U08,relay,R01
5357.6,T022,U05,relay,R01
5358.2,T026,U01,relay,R01
5358.3,T025,U02,direct,
5358.4,T012,U08,relay,R01
5358.6,T022,U05,relay,R01
5359.2,T026,U01,relay,R01
5359.3,T025,U02,direct,
5359.4,T012,U08,relay,R01
5359.6,T022,U05,relay,R01
5360.2,T026,U01,relay,R01
5360.3,T025,U02,direct,
5360.4,T012,U08,relay,R01
5360.6,T022,U05,relay,R01
5361.2,T026,U01,relay,R01
5361.3,T025,U02,direct,
5361.4,T012,U08,relay,R01
5361.6,T022,U05,relay,R01
5362.2,T026,U01,relay,R01
5362.3,T025,U02,direct,
5362.4,T012,U08,relay,R01
5362.6,T022,U05,relay,R01
5363.2,T026,U01,relay,R01
5363.3,T025,U02,direct,
5363.4,T012,U08,relay,R01
5363.6,T022,U05,relay,R01
5364.2,T026,U01,relay,R01
5364.3,T025,U02,direct,
5364.4,T012,U08,relay,R01
5364.6,T022,U05,relay,R01
5365.2,T026,U01,relay,R01
5365.3,T025,U02,direct,
5365.4,T012,U08,relay,R01
5365.6,T022,U05,relay,R01
5366.2,T026,U01,relay,R01
5366.3,T025,U02,direct,
5366.4,T012,U08,relay,R01
5366.6,T022,U05,relay,R01
5367.2,T026,U01,relay,R01
5367.3,T025,U02,direct,
5367.4,T012,U08,relay,R01
5367.6,T022,U05,relay,R01
5368.2,T026,U01,relay,R01
5368.3,T025,U02,direct,
5368.4,T012,U08,relay,R01
5368.6,T022,U05,relay,R01
5369.2,T026,U01,relay,R01
5369.3,T025,U02,direct,
5369.4,T012,U08,relay,R01
5369.6,T022,U05,relay,R01
5370.2,T026,U01,relay,R01
5370.3,T025,U02,direct,
5370.4,T012,U08,relay,R01
5370.6,T022,U05,relay,R01
5371.2,T026,U01,relay,R01
5371.3,T025,U02,direct,
5371.4,T012,U08,relay,R01
5371.6,T022,U05,relay,R01
5372.2,T026,U01,relay,R01
5372.3,T025,U02,direct,
5372.4,T012,U08,relay,R01
5372.6,T022,U05,relay,R01
5373.2,T026,U01,relay,R01
5373.3,T025,U02,direct,
5373.4,T012,U08,relay,R01
5373.6,T022,U05,relay,R01
5374.2,T026,U01,relay,R01
5374.3,T025,U02,direct,
5374.4,T012,U08,relay,R01
5374.6,T022,U05,relay,R01
5375.2,T026,U01,relay,R01
5375.3,T025,U02,direct,
5375.4,T012,U08,relay,R01
5375.6,T022,U05,relay,R01
5376.2,T026,U01,relay,R01
5376.3,T025,U02,direct,
5376.4,T012,U08,relay,R01
5376.6,T022,U05,relay,R01
5377.2,T026,U01,relay,R01
5377.3,T025,U02,direct,
5377.4,T012,U08,relay,R01
5377.6,T022,U05,relay,R01
5378.2,T026,U01,relay,R01
5378.3,T025,U02,direct,
5378.4,T012,U08,relay,R01
5378.6,T022,U05,relay,R01
5379.2,T026,U01,relay,R01
5379.3,T025,U02,direct,
5379.4,T012,U08,relay,R01
5379.6,T022,U05,relay,R01
5380.2,T026,U01,relay,R01
5380.3,T025,U02,direct,
5380.4,T012,U08,relay,R01
5380.6,T022,U05,relay,R01
5381.2,T026,U01,relay,R01
5381.3,T025,U02,direct,
5381.4,T012,U08,relay,R01
5381.6,T022,U05,relay,R01
5382.2,T026,U01,relay,R01
5382.3,T025,U02,direct,
5382.4,T012,U08,relay,R01
5382.6,T022,U05,relay,R01
5383.2,T026,U01,relay,R01
5383.3,T025,U02,direct,
5383.4,T012,U08,relay,R01
5383.6,T022,U05,relay,R01
5384.2,T026,U01,relay,R01
5384.3,T025,U02,direct,
5384.4,T012,U08,relay,R01
5384.6,T022,U05,relay,R01
5385.2,T026,U01,relay,R01
5385.3,T025,U02,direct,
5385.4,T012,U08,relay,R01
5385.6,T022,U05,relay,R01
5386.2,T026,U01,relay,R01
5386.3,T025,U02,direct,
5386.4,T012,U08,relay,R01
5386.6,T022,U05,relay,R01
5387.2,T026,U01,relay,R01
5387.3,T025,U02,direct,
5387.4,T012,U08,relay,R01
5387.6,T022,U05,relay,R01
5388.2,T026,U01,relay,R01
5388.3,T025,U02,direct,
5388.4,T012,U08,relay,R01
5388.6,T022,U05,relay,R01
5389.2,T026,U01,relay,R01
5389.3,T025,U02,direct,
5389.4,T012,U08,relay,R01
5389.6,T022,U05,relay,R01
5390.2,T026,U01,relay,R01
5390.3,T025,U02,direct,
5390.4,T012,U08,relay,R01
5390.6,T022,U05,relay,R01
5391.2,T026,U01,relay,R01
5391.3,T025,U02,direct,
5391.4,T012,U08,relay,R01
5391.6,T022,U05,relay,R01
5392.2,T026,U01,relay,R01
5392.3,T025,U02,direct,
5392.4,T012,U08,relay,R01
5392.6,T022,U05,relay,R01
5393.2,T026,U01,relay,R01
5393.3,T025,U02,direct,
5393.4,T012,U08,relay,R01
5393.6,T022,U05,relay,R01
5394.2,T026,U01,relay,R01
5394.3,T025,U02,direct,
5394.4,T012,U08,relay,R01
5394.6,T022,U05,relay,R01
5395.2,T026,U01,relay,R01
5395.3,T025,U02,direct,
5395.4,T012,U08,relay,R01
5395.6,T022,U05,relay,R01
5396.2,T026,U01,relay,R01
5396.3,T025,U02,direct,
5396.4,T012,U08,relay,R01
5396.6,T022,U05,relay,R01
5397.2,T026,U01,relay,R01
5397.3,T025,U02,direct,
5397.4,T012,U08,relay,R01
5397.6,T022,U05,relay,R01
5398.2,T026,U01,relay,R01
5398.3,T025,U02,direct,
5398.4,T012,U08,relay,R01
5398.6,T022,U05,relay,R01
5399.2,T026,U01,relay,R01
5399.3,T025,U02,direct,
5399.4,T012,U08,relay,R01
5399.6,T022,U05,relay,R01
5400.2,T026,U01,relay,R01
5400.3,T025,U02,direct,
5400.4,T012,U08,relay,R01
5400.6,T022,U05,relay,R01
5401.2,T026,U01,relay,R01
5401.3,T025,U02,direct,
5401.4,T012,U08,relay,R01
5401.6,T022,U05,relay,R01
5402.2,T026,U01,relay,R01
5402.3,T025,U02,direct,
5402.4,T012,U08,relay,R01
5402.6,T022,U05,relay,R01
5403.2,T026,U01,relay,R01
5403.3,T025,U02,direct,
5403.4,T012,U08,relay,R01
5403.6,T022,U05,relay,R01
5404.2,T026,U01,relay,R01
5404.3,T025,U02,direct,
5404.4,T012,U08,relay,R01
5404.6,T022,U05,relay,R01
5405.2,T026,U01,relay,R01
5405.3,T025,U02,direct,
5405.4,T012,U08,relay,R01
5405.6,T022,U05,relay,R01
5406.2,T026,U01,relay,R01
5406.3,T025,U02,direct,
5406.4,T012,U08,relay,R01
5406.6,T022,U05,relay,R01
5407.2,T026,U01,relay,R01
5407.3,T025,U02,direct,
5407.4,T012,U08,relay,R01
5407.6,T022,U05,relay,R01
5408.2,T026,U01,relay,R01
5408.3,T025,U02,direct,
5408.4,T012,U08,relay,R01
5408.6,T022,U05,relay,R01
5409.2,T026,U01,relay,R01
5409.3,T025,U02,direct,
5409.4,T012,U08,relay,R01
5409.6,T022,U05,relay,R01
5410.2,T026,U01,relay,R01
5410.3,T025,U02,direct,
5410.4,T012,U08,relay,R01
5410.6,T022,U05,relay,R01
5411.2,T026,U01,relay,R01
5411.3,T025,U02,direct,
5411.4,T012,U08,relay,R01
5411.6,T022,U05,relay,R01
5412.2,T026,U01,relay,R01
5412.3,T025,U02,direct,
5412.4,T012,U08,relay,R01
5412.6,T022,U05,relay,R01
5413.2,T026,U01,relay,R01
5413.3,T025,U02,direct,
5413.4,T012,U08,relay,R01
5413.6,T022,U05,relay,R01
5414.2,T026,U01,relay,R01
5414.3,T025,U02,direct,
5414.4,T012,U08,relay,R01
5414.6,T022,U05,relay,R01
5415.2,T026,U01,relay,R01
5415.3,T025,U02,direct,
5415.4,T012,U08,relay,R01
5415.6,T022,U05,relay,R01
5416.2,T026,U01,relay,R01
5416.3,T025,U02,direct,
5416.4,T012,U08,relay,R01
5416.6,T022,U05,relay,R01
5417.2,T026,U01,relay,R01
5417.3,T025,U02,direct,
5417.4,T012,U08,relay,R01
5417.6,T022,U05,relay,R01
5418.2,T026,U01,relay,R01
5418.3,T025,U02,direct,
5418.4,T012,U08,relay,R01
5418.6,T022,U05,relay,R01
5419.2,T026,U01,relay,R01
5419.3,T025,U02,direct,
5419.4,T012,U08,relay,R01
5419.6,T022,U05,relay,R01
5420.2,T026,U01,relay,R01
5420.3,T025,U02,direct,
5420.4,T012,U08,relay,R01
5420.6,T022,U05,relay,R01
5421.2,T026,U01,relay,R01
5421.3,T025,U02,direct,
5421.4,T012,U08,relay,R01
5421.6,T022,U05,relay,R01
5422.2,T026,U01,relay,R01
5422.3,T025,U02,direct,
5422.4,T012,U08,relay,R01
5422.6,T022,U05,relay,R01
5423.2,T026,U01,relay,R01
5423.3,T025,U02,direct,
5423.4,T012,U08,relay,R01
5423.6,T022,U05,relay,R01
5424.2,T026,U01,relay,R01
5424.3,T025,U02,direct,
5424.4,T012,U08,relay,R01
5424.6,T022,U05,relay,R01
5425.2,T026,U01,relay,R01
5425.3,T025,U02,direct,
5425.4,T012,U08,relay,R01
5425.6,T022,U05,relay,R01
5426.2,T026,U01,relay,R01
5426.3,T025,U02,direct,
5426.4,T012,U08,relay,R01
5426.6,T022,U05,relay,R01
5427.2,T026,U01,relay,R01
5427.3,T025,U02,direct,
5427.4,T012,U08,relay,R01
5427.6,T022,U05,relay,R01
5428.2,T026,U01,relay,R01
5428.3,T025,U02,direct,
5428.4,T012,U08,relay,R01
5428.6,T022,U05,relay,R01
5429.2,T026,U01,relay,R01
5429.3,T025,U02,direct,
5429.4,T012,U08,relay,R01
5429.6,T022,U05,relay,R01
5430.2,T026,U01,relay,R01
5430.3,T025,U02,direct,
5430.4,T012,U08,relay,R01
5430.6,T022,U05,relay,R01
5431.2,T026,U01,relay,R01
5431.3,T025,U02,direct,
5431.4,T012,U08,relay,R01
5431.6,T022,U05,relay,R01
5432.2,T026,U01,relay,R01
5432.3,T025,U02,direct,
5432.4,T012,U08,relay,R01
5432.6,T022,U05,relay,R01
5433.2,T026,U01,relay,R01
5433.3,T025,U02,direct,
5433.4,T012,U08,relay,R01
5433.6,T022,U05,relay,R01
5434.2,T026,U01,relay,R01
5434.3,T025,U02,direct,
5434.4,T012,U08,relay,R01
5434.6,T022,U05,relay,R01
5435.2,T026,U01,relay,R01
5435.3,T025,U02,direct,
5435.4,T012,U08,relay,R01
5435.6,T022,U05,relay,R01
5436.2,T026,U01,relay,R01
5436.3,T025,U02,direct,
5436.4,T012,U08,relay,R01
5436.6,T022,U05,relay,R01
5437.2,T026,U01,relay,R01
5437.3,T025,U02,direct,
5437.4,T012,U08,relay,R01
5437.6,T022,U05,relay,R01
5438.2,T026,U01,relay,R01
5438.3,T025,U02,direct,
5438.4,T012,U08,relay,R01
5438.6,T022,U05,relay,R01
5439.2,T026,U01,relay,R01
5439.3,T025,U02,direct,
5439.4,T012,U08,relay,R01
5439.6,T022,U05,relay,R01
5440.2,T026,U01,relay,R01
5440.3,T025,U02,direct,
5440.4,T012,U08,relay,R01
5440.6,T022,U05,relay,R01
5441.2,T026,U01,relay,R01
5441.3,T025,U02,direct,
5441.4,T012,U08,relay,R01
5441.6,T022,U05,relay,R01
5442.2,T026,U01,relay,R01
5442.3,T025,U02,direct,
5442.4,T012,U08,relay,R01
5442.6,T022,U05,relay,R01
5443.2,T026,U01,relay,R01
5443.3,T025,U02,direct,
5443.4,T012,U08,relay,R01
5443.6,T022,U05,relay,R01
5444.2,T026,U01,relay,R01
5444.3,T025,U02,direct,
5444.4,T012,U08,relay,R01
5444.6,T022,U05,relay,R01
5445.2,T026,U01,relay,R01
5445.3,T025,U02,direct,
5445.4,T012,U08,relay,R01
5445.6,T022,U05,relay,R01
5446.2,T026,U01,relay,R01
5446.3,T025,U02,direct,
5446.4,T012,U08,relay,R01
5446.6,T022,U05,relay,R01
5447.2,T026,U01,relay,R01
5447.3,T025,U02,direct,
5447.4,T012,U08,relay,R01
5447.6,T022,U05,relay,R01
5448.2,T026,U01,relay,R01
5448.3,T025,U02,direct,
5448.4,T012,U08,relay,R01
5448.6,T022,U05,relay,R01
5449.2,T026,U01,relay,R01
5449.3,T025,U02,direct,
5449.4,T012,U08,relay,R01
5449.6,T022,U05,relay,R01
5450.2,T026,U01,relay,R01
5450.3,T025,U02,direct,
5450.4,T012,U08,relay,R01
5450.6,T022,U05,relay,R01
5451.2,T026,U01,relay,R01
5451.3,T025,U02,direct,
5451.4,T012,U08,relay,R01
5451.6,T022,U05,relay,R01
5452.2,T026,U01,relay,R01
5452.3,T025,U02,direct,
5452.4,T012,U08,relay,R01
5452.6,T022,U05,relay,R01
5453.2,T026,U01,relay,R01
5453.3,T025,U02,direct,
5453.4,T012,U08,relay,R01
5453.6,T022,U05,relay,R01
5454.2,T026,U01,relay,R01
5454.3,T025,U02,direct,
5454.4,T012,U08,relay,R01
5454.6,T022,U05,relay,R01
5455.2,T026,U01,relay,R01
5455.3,T025,U02,direct,
5455.4,T012,U08,relay,R01
5455.6,T022,U05,relay,R01
5456.2,T026,U01,relay,R01
5456.3,T025,U02,direct,
5456.4,T012,U08,relay,R01
5456.6,T022,U05,relay,R01
5457.2,T026,U01,relay,R01
5457.3,T025,U02,direct,
5457.4,T012,U08,relay,R01
5457.6,T022,U05,relay,R01
5458.2,T026,U01,relay,R01
5458.3,T025,U02,direct,
5458.4,T012,U08,relay,R01
5458.6,T022,U05,relay,R01
5459.2,T026,U01,relay,R01
5459.3,T025,U02,direct,
5459.4,T012,U08,relay,R01
5459.6,T022,U05,relay,R01
5460.2,T026,U01,relay,R01
5460.3,T025,U02,direct,
5460.4,T012,U08,relay,R01
5460.6,T022,U05,relay,R01
5461.2,T026,U01,relay,R01
5461.3,T025,U02,direct,
5461.4,T012,U08,relay,R01
5461.6,T022,U05,relay,R01
5462.2,T026,U01,relay,R01
5462.3,T025,U02,direct,
5462.4,T012,U08,relay,R01
5462.6,T022,U05,relay,R01
5463.2,T026,U01,relay,R01
5463.3,T025,U02,direct,
5463.4,T012,U08,relay,R01
5463.6,T022,U05,relay,R01
5464.2,T026,U01,relay,R01
5464.3,T025,U02,direct,
5464.4,T012,U08,relay,R01
5464.6,T022,U05,relay,R01
5465.2,T026,U01,relay,R01
5465.3,T025,U02,direct,
5465.4,T012,U08,relay,R01
5465.6,T022,U05,relay,R01
5466.2,T026,U01,relay,R01
5466.3,T025,U02,direct,
5466.4,T012,U08,relay,R01
5466.6,T022,U05,relay,R01
5467.2,T026,U01,relay,R01
5467.3,T025,U02,direct,
5467.4,T012,U08,relay,R01
5467.6,T022,U05,relay,R01
5468.2,T026,U01,relay,R01
5468.3,T025,U02,direct,
5468.4,T012,U08,relay,R01
5468.6,T022,U05,relay,R01
5469.2,T026,U01,relay,R01
5469.3,T025,U02,direct,
5469.4,T012,U08,relay,R01
5469.6,T022,U05,relay,R01
5470.2,T026,U01,relay,R01
5470.3,T025,U02,direct,
5470.4,T012,U08,relay,R01
5470.6,T022,U05,relay,R01
5471.2,T026,U01,relay,R01
5471.3,T025,U02,direct,
5471.4,T012,U08,relay,R01
5471.6,T022,U05,relay,R01
5472.2,T026,U01,relay,R01
5472.3,T025,U02,direct,
5472.4,T012,U08,relay,R01
5472.6,T022,U05,relay,R01
5473.2,T026,U01,relay,R01
5473.3,T025,U02,direct,
5473.4,T012,U08,relay,R01
5473.6,T022,U05,relay,R01
5474.2,T026,U01,relay,R01
5474.3,T025,U02,direct,
5474.4,T012,U08,relay,R01
5474.6,T022,U05,relay,R01
5475.2,T026,U01,relay,R01
5475.3,T025,U02,direct,
5475.4,T012,U08,relay,R01
5475.6,T022,U05,relay,R01
5476.2,T026,U01,relay,R01
5476.3,T025,U02,direct,
5476.4,T012,U08,relay,R01
5476.6,T022,U05,relay,R01
5477.2,T026,U01,relay,R01
5477.3,T025,U02,direct,
5477.4,T012,U08,relay,R01
5477.6,T022,U05,relay,R01
5478.2,T026,U01,relay,R01
5478.3,T025,U02,direct,
5478.4,T012,U08,relay,R01
5478.6,T022,U05,relay,R01
5479.2,T026,U01,relay,R01
5479.3,T025,U02,direct,
5479.4,T012,U08,relay,R01
5479.6,T022,U05,relay,R01
5480.2,T026,U01,relay,R01
5480.3,T025,U02,direct,
5480.4,T012,U08,relay,R01
5480.6,T022,U05,relay,R01
5481.2,T026,U01,relay,R01
5481.3,T025,U02,direct,
5481.4,T012,U08,relay,R01
5481.6,T022,U05,relay,R01
5482.2,T026,U01,relay,R01
5482.3,T025,U02,direct,
5482.4,T012,U08,relay,R01
5482.6,T022,U05,relay,R01
5483.2,T026,U01,relay,R01
5483.3,T025,U02,direct,
5483.4,T012,U08,relay,R01
5483.6,T022,U05,relay,R01
5484.2,T026,U01,relay,R01
5484.3,T025,U02,direct,
5484.4,T012,U08,relay,R01
5484.6,T022,U05,relay,R01
5485.2,T026,U01,relay,R01
5485.3,T025,U02,direct,
5485.4,T012,U08,relay,R01
5485.6,T022,U05,relay,R01
5486.2,T026,U01,relay,R01
5486.3,T025,U02,direct,
5486.4,T012,U08,relay,R01
5486.6,T022,U05,relay,R01
5487.2,T026,U01,relay,R01
5487.3,T025,U02,direct,
5487.4,T012,U08,relay,R01
5487.6,T022,U05,relay,R01
5488.2,T026,U01,relay,R01
5488.3,T025,U02,direct,
5488.4,T012,U08,relay,R01
5488.6,T022,U05,relay,R01
5489.2,T026,U01,relay,R01
5489.3,T025,U02,direct,
5489.4,T012,U08,relay,R01
5489.6,T022,U05,relay,R01
5490.2,T026,U01,relay,R01
5490.3,T025,U02,direct,
5490.4,T012,U08,relay,R01
5490.6,T022,U05,relay,R01
5491.2,T026,U01,relay,R01
5491.3,T025,U02,direct,
5491.4,T012,U08,relay,R01
5491.6,T022,U05,relay,R01
5492.2,T026,U01,relay,R01
5492.3,T025,U02,direct,
5492.4,T012,U08,relay,R01
5492.6,T022,U05,relay,R01
5493.2,T026,U01,relay,R01
5493.3,T025,U02,direct,
5493.4,T012,U08,relay,R01
5493.6,T022,U05,relay,R01
5494.2,T026,U01,relay,R01
5494.3,T025,U02,direct,
5494.4,T012,U08,relay,R01
5494.6,T022,U05,relay,R01
5495.2,T026,U01,relay,R01
5495.3,T025,U02,direct,
5495.4,T012,U08,relay,R01
5495.6,T022,U05,relay,R01
5496.2,T026,U01,relay,R01
5496.3,T025,U02,direct,
5496.4,T012,U08,relay,R01
5496.6,T022,U05,relay,R01
5497.2,T026,U01,relay,R01
5497.3,T025,U02,direct,
5497.4,T012,U08,relay,R01
5497.6,T022,U05,relay,R01
5498.2,T026,U01,relay,R01
5498.3,T025,U02,direct,
5498.4,T012,U08,relay,R01
5498.6,T022,U05,relay,R01
5499.2,T026,U01,relay,R01
5499.3,T025,U02,direct,
5499.4,T012,U08,relay,R01
5499.6,T022,U05,relay,R01
5500.2,T026,U01,relay,R01
5500.3,T025,U02,direct,
5500.4,T012,U08,relay,R01
5500.6,T022,U05,relay,R01
5501.2,T026,U01,relay,R01
5501.3,T025,U02,direct,
5501.4,T012,U08,relay,R01
5501.6,T022,U05,relay,R01
5502.2,T026,U01,relay,R01
5502.3,T025,U02,direct,
5502.4,T012,U08,relay,R01
5502.6,T022,U05,relay,R01
5503.2,T026,U01,relay,R01
5503.3,T025,U02,direct,
5503.4,T012,U08,relay,R01
5503.6,T022,U05,relay,R01
5504.2,T026,U01,relay,R01
5504.3,T025,U02,direct,
5504.4,T012,U08,relay,R01
5504.6,T022,U05,relay,R01
5505.2,T026,U01,relay,R01
5505.3,T025,U02,direct,
5505.4,T012,U08,relay,R01
5505.6,T022,U05,relay,R01
5506.2,T026,U01,relay,R01
5506.3,T025,U02,direct,
5506.4,T012,U08,relay,R01
5506.6,T022,U05,relay,R01
5507.2,T026,U01,relay,R01
5507.3,T025,U02,direct,
5507.4,T012,U08,relay,R01
5507.6,T022,U05,relay,R01
5508.2,T026,U01,relay,R01
5508.3,T025,U02,direct,
5508.4,T012,U08,relay,R01
5508.6,T022,U05,relay,R01
5509.2,T026,U01,relay,R01
5509.3,T025,U02,direct,
5509.4,T012,U08,relay,R01
5509.6,T022,U05,relay,R01
5510.2,T026,U01,relay,R01
5510.3,T025,U02,direct,
5510.4,T012,U08,relay,R01
5510.6,T022,U05,relay,R01
5511.2,T026,U01,relay,R01
5511.3,T025,U02,direct,
5511.4,T012,U08,relay,R01
5511.6,T022,U05,relay,R01
5512.2,T026,U01,relay,R01
5512.3,T025,U02,direct,
5512.4,T012,U08,relay,R01
5512.6,T022,U05,relay,R01
5513.2,T026,U01,relay,R01
5513.3,T025,U02,direct,
5513.4,T012,U08,relay,R01
5513.6,T022,U05,relay,R01
5514.2,T026,U01,relay,R01
5514.3,T025,U02,direct,
5514.4,T012,U08,relay,R01
5514.6,T022,U05,relay,R01
5515.2,T026,U01,relay,R01
5515.3,T025,U02,direct,
5515.4,T012,U08,relay,R01
5515.6,T022,U05,relay,R01
5516.2,T026,U01,relay,R01
5516.3,T025,U02,direct,
5516.4,T012,U08,relay,R01
5516.6,T022,U05,relay,R01
5517.2,T026,U01,relay,R01
5517.3,T025,U02,direct,
5517.4,T012,U08,relay,R01
5517.6,T022,U05,relay,R01
5518.2,T026,U01,relay,R01
5518.3,T025,U02,direct,
5518.4,T012,U08,relay,R01
5518.6,T022,U05,relay,R01
5519.2,T026,U01,relay,R01
5519.3,T025,U02,direct,
5519.4,T012,U08,relay,R01
5519.6,T022,U05,relay,R01
5520.2,T026,U01,relay,R01
5520.3,T025,U02,direct,
5520.4,T012,U08,relay,R01
5520.6,T022,U05,relay,R01
5521.2,T026,U01,relay,R01
5521.3,T025,U02,direct,
5521.4,T012,U08,relay,R01
5521.6,T022,U05,relay,R01
5522.2,T026,U01,relay,R01
5522.3,T025,U02,direct,
5522.4,T012,U08,relay,R01
5522.6,T022,U05,relay,R01
5523.2,T026,U01,relay,R01
5523.3,T025,U02,direct,
5523.4,T012,U08,relay,R01
5523.6,T022,U05,relay,R01
5524.2,T026,U01,relay,R01
5524.3,T025,U02,direct,
5524.4,T012,U08,relay,R01
5524.6,T022,U05,relay,R01
5525.2,T026,U01,relay,R01
5525.3,T025,U02,direct,
5525.4,T012,U08,relay,R01
5525.6,T022,U05,relay,R01
5526.2,T026,U01,relay,R01
5526.3,T025,U02,direct,
5526.4,T012,U08,relay,R01
5526.6,T022,U05,relay,R01
5527.2,T026,U01,relay,R01
5527.3,T025,U02,direct,
5527.4,T012,U08,relay,R01
5527.6,T022,U05,relay,R01
5528.2,T026,U01,relay,R01
5528.3,T025,U02,direct,
5528.4,T012,U08,relay,R01
5528.6,T022,U05,relay,R01
5529.2,T026,U01,relay,R01
5529.3,T025,U02,direct,
5529.4,T012,U08,relay,R01
5529.6,T022,U05,relay,R01
5530.2,T026,U01,relay,R01
5530.3,T025,U02,direct,
5530.4,T012,U08,relay,R01
5530.6,T022,U05,relay,R01
5531.2,T026,U01,relay,R01
5531.3,T025,U02,direct,
5531.4,T012,U08,relay,R01
5531.6,T022,U05,relay,R01
5532.2,T026,U01,relay,R01
5532.3,T025,U02,direct,
5532.4,T012,U08,relay,R01
5532.6,T022,U05,relay,R01
5533.2,T026,U01,relay,R01
5533.3,T025,U02,direct,
5533.4,T012,U08,relay,R01
5533.6,T022,U05,relay,R01
5534.2,T026,U01,relay,R01
5534.3,T025,U02,direct,
5534.4,T012,U08,relay,R01
5534.6,T022,U05,relay,R01
5535.2,T026,U01,relay,R01
5535.3,T025,U02,direct,
5535.4,T012,U08,relay,R01
5535.6,T022,U05,relay,R01
5536.2,T026,U01,relay,R01
5536.3,T025,U02,direct,
5536.4,T012,U08,relay,R01
5536.6,T022,U05,relay,R01
5537.2,T026,U01,relay,R01
5537.3,T025,U02,direct,
5537.4,T012,U08,relay,R01
5537.6,T022,U05,relay,R01
5538.2,T026,U01,relay,R01
5538.3,T025,U02,direct,
5538.4,T012,U08,relay,R01
5538.6,T022,U05,relay,R01
5539.2,T026,U01,relay,R01
5539.3,T025,U02,direct,
5539.4,T012,U08,relay,R01
5539.6,T022,U05,relay,R01
5540.2,T026,U01,relay,R01
5540.3,T025,U02,direct,
5540.4,T012,U08,relay,R01
5540.6,T022,U05,relay,R01
5541.2,T026,U01,relay,R01
5541.3,T025,U02,direct,
5541.4,T012,U08,relay,R01
5541.6,T022,U05,relay,R01
5542.2,T026,U01,relay,R01
5542.3,T025,U02,direct,
5542.4,T012,U08,relay,R01
5542.6,T022,U05,relay,R01
5543.2,T026,U01,relay,R01
5543.3,T025,U02,direct,
5543.4,T012,U08,relay,R01
5543.6,T022,U05,relay,R01
5544.2,T026,U01,relay,R01
5544.4,T012,U08,relay,R01
5544.6,T022,U05,relay,R01
5545.2,T026,U01,relay,R01
5545.4,T012,U08,relay,R01
5545.6,T022,U05,relay,R01
5546.2,T026,U01,relay,R01
5546.4,T012,U08,relay,R01
5546.6,T022,U05,relay,R01
5547.2,T026,U01,relay,R01
5547.4,T012,U08,relay,R01
5547.6,T022,U05,relay,R01
5548.2,T026,U01,relay,R01
5548.4,T012,U08,relay,R01
5548.6,T022,U05,relay,R01
5549.2,T026,U01,relay,R01
5549.4,T012,U08,relay,R01
5549.6,T022,U05,relay,R01
5550.2,T026,U01,relay,R01
5550.4,T012,U08,relay,R01
5550.6,T022,U05,relay,R01
5551.2,T026,U01,relay,R01
5551.4,T012,U08,relay,R01
5551.6,T022,U05,relay,R01
5552.2,T026,U01,relay,R01
5552.4,T012,U08,relay,R01
5552.6,T022,U05,relay,R01
5553.2,T026,U01,relay,R01
5553.4,T012,U08,relay,R01
5553.6,T022,U05,relay,R01
5554.2,T026,U01,relay,R01
5554.4,T012,U08,relay,R01
5554.6,T022,U05,relay,R01
5555.2,T026,U01,relay,R01
5555.4,T012,U08,relay,R01
5555.6,T022,U05,relay,R01
5556.2,T026,U01,relay,R01
5556.4,T012,U08,relay,R01
5556.6,T022,U05,relay,R01
5557.2,T026,U01,relay,R01
5557.4,T012,U08,relay,R01
5557.6,T022,U05,relay,R01
5558.2,T026,U01,relay,R01
5558.4,T012,U08,relay,R01
5558.6,T022,U05,relay,R01
5559.2,T026,U01,relay,R01
5559.4,T012,U08,relay,R01
5559.6,T022,U05,relay,R01
5560.2,T026,U01,relay,R01
5560.4,T012,U08,relay,R01
5560.6,T022,U05,relay,R01
5561.2,T026,U01,relay,R01
5561.4,T012,U08,relay,R01
5561.6,T022,U05,relay,R01
5562.2,T026,U01,relay,R01
5562.4,T012,U08,relay,R01
5562.6,T022,U05,relay,R01
5563.2,T026,U01,relay,R01
5563.4,T012,U08,relay,R01
5563.6,T022,U05,relay,R01
5564.2,T026,U01,relay,R01
5564.4,T012,U08,relay,R01
5564.6,T022,U05,relay,R01
5565.2,T026,U01,relay,R01
5565.4,T012,U08,relay,R01
5565.6,T022,U05,relay,R01
5566.2,T026,U01,relay,R01
5566.4,T012,U08,relay,R01
5566.6,T022,U05,relay,R01
5567.2,T026,U01,relay,R01
5567.4,T012,U08,relay,R01
5567.6,T022,U05,relay,R01
5568.2,T026,U01,relay,R01
5568.4,T012,U08,relay,R01
5568.6,T022,U05,relay,R01
5569.2,T026,U01,relay,R01
5569.4,T012,U08,relay,R01
5569.6,T022,U05,relay,R01
5570.2,T026,U01,relay,R01
5570.4,T012,U08,relay,R01
5570.6,T022,U05,relay,R01
5571.2,T026,U01,relay,R01
5571.4,T012,U08,relay,R01
5571.6,T022,U05,relay,R01
5572.2,T026,U01,relay,R01
5572.4,T012,U08,relay,R01
5572.6,T022,U05,relay,R01
5573.2,T026,U01,relay,R01
5573.4,T012,U08,relay,R01
5573.6,T022,U05,relay,R01
5574.2,T026,U01,relay,R01
5574.4,T012,U08,relay,R01
5574.6,T022,U05,relay,R01
5575.2,T026,U01,relay,R01
5575.4,T012,U08,relay,R01
5575.6,T022,U05,relay,R01
5576.2,T026,U01,relay,R01
5576.4,T012,U08,relay,R01
5576.6,T022,U05,relay,R01
5577.2,T026,U01,relay,R01
5577.4,T012,U08,relay,R01
5577.6,T022,U05,relay,R01
5578.2,T026,U01,relay,R01
5578.4,T012,U08,relay,R01
5578.6,T022,U05,relay,R01
5579.2,T026,U01,relay,R01
5579.4,T012,U08,relay,R01
5579.6,T022,U05,relay,R01
5580.2,T026,U01,relay,R01
5580.4,T012,U08,relay,R01
5580.6,T022,U05,relay,R01
5581.2,T026,U01,relay,R01
5581.4,T012,U08,relay,R01
5581.6,T022,U05,relay,R01
5582.2,T026,U01,relay,R01
5582.4,T012,U08,relay,R01
5582.6,T022,U05,relay,R01
5583.2,T026,U01,relay,R01
5583.4,T012,U08,relay,R01
5583.6,T022,U05,relay,R01
5584.2,T026,U01,relay,R01
5584.4,T012,U08,relay,R01
5584.6,T022,U05,relay,R01
5585.2,T026,U01,relay,R01
5585.4,T012,U08,relay,R01
5585.6,T022,U05,relay,R01
5586.2,T026,U01,relay,R01
5586.4,T012,U08,relay,R01
5586.6,T022,U05,relay,R01
5587.2,T026,U01,relay,R01
5587.4,T012,U08,relay,R01
5587.6,T022,U05,relay,R01
5588.2,T026,U01,relay,R01
5588.4,T012,U08,relay,R01
5588.6,T022,U05,relay,R01
5589.2,T026,U01,relay,R01
5589.4,T012,U08,relay,R01
5589.6,T022,U05,relay,R01
5590.2,T026,U01,relay,R01
5590.4,T012,U08,relay,R01
5590.6,T022,U05,relay,R01
5591.2,T026,U01,relay,R01
5591.4,T012,U08,relay,R01
5591.6,T022,U05,relay,R01
5592.2,T026,U01,relay,R01
5592.4,T012,U08,relay,R01
5592.6,T022,U05,relay,R01
5593.2,T026,U01,relay,R01
5593.4,T012,U08,relay,R01
5593.6,T022,U05,relay,R01
5594.2,T026,U01,relay,R01
5594.4,T012,U08,relay,R01
5594.6,T022,U05,relay,R01
5595.2,T026,U01,relay,R01
5595.4,T012,U08,relay,R01
5595.6,T022,U05,relay,R01
5596.2,T026,U01,relay,R01
5596.4,T012,U08,relay,R01
5596.6,T022,U05,relay,R01
5597.2,T026,U01,relay,R01
5597.4,T012,U08,relay,R01
5597.6,T022,U05,relay,R01
5598.2,T026,U01,relay,R01
5598.4,T012,U08,relay,R01
5598.6,T022,U05,relay,R01
5599.2,T026,U01,relay,R01
5599.4,T012,U08,relay,R01
5599.6,T022,U05,relay,R01
5600.2,T026,U01,relay,R01
5600.4,T012,U08,relay,R01
5600.6,T022,U05,relay,R01
5601.2,T026,U01,relay,R01
5601.4,T012,U08,relay,R01
5601.6,T022,U05,relay,R01
5602.2,T026,U01,relay,R01
5602.4,T012,U08,relay,R01
5602.6,T022,U05,relay,R01
5603.2,T026,U01,relay,R01
5603.4,T012,U08,relay,R01
5603.6,T022,U05,relay,R01
5604.2,T026,U01,relay,R01
5604.4,T012,U08,relay,R01
5604.6,T022,U05,relay,R01
5605.2,T026,U01,relay,R01
5605.4,T012,U08,relay,R01
5605.6,T022,U05,relay,R01
5606.2,T026,U01,relay,R01
5606.4,T012,U08,relay,R01
5606.6,T022,U05,relay,R01
5607.2,T026,U01,relay,R01
5607.4,T012,U08,relay,R01
5607.6,T022,U05,relay,R01
5608.2,T026,U01,relay,R01
5608.4,T012,U08,relay,R01
5608.6,T022,U05,relay,R01
5609.2,T026,U01,relay,R01
5609.4,T012,U08,relay,R01
5609.6,T022,U05,relay,R01
5610.2,T026,U01,relay,R01
5610.4,T012,U08,relay,R01
5610.6,T022,U05,relay,R01
5611.2,T026,U01,relay,R01
5611.4,T012,U08,relay,R01
5611.6,T022,U05,relay,R01
5612.2,T026,U01,relay,R01
5612.4,T012,U08,relay,R01
5612.6,T022,U05,relay,R01
5613.2,T026,U01,relay,R01
5613.4,T012,U08,relay,R01
5613.6,T022,U05,relay,R01
5614.2,T026,U01,relay,R01
5614.4,T012,U08,relay,R01
5614.6,T022,U05,relay,R01
5615.2,T026,U01,relay,R01
5615.4,T012,U08,relay,R01
5615.6,T022,U05,relay,R01
5616.2,T026,U01,relay,R01
5616.4,T012,U08,relay,R01
5616.6,T022,U05,relay,R01
5617.2,T026,U01,relay,R01
5617.4,T012,U08,relay,R01
5617.6,T022,U05,relay,R01
5618.2,T026,U01,relay,R01
5618.4,T012,U08,relay,R01
5618.6,T022,U05,relay,R01
5619.2,T026,U01,relay,R01
5619.4,T012,U08,relay,R01
5619.6,T022,U05,relay,R01
5620.2,T026,U01,relay,R01
5620.4,T012,U08,relay,R01
5620.6,T022,U05,relay,R01
5621.2,T026,U01,relay,R01
5621.4,T012,U08,relay,R01
5621.6,T022,U05,relay,R01
5622.2,T026,U01,relay,R01
5622.4,T012,U08,relay,R01
5622.6,T022,U05,relay,R01
5623.2,T026,U01,relay,R01
5623.4,T012,U08,relay,R01
5623.6,T022,U05,relay,R01
5624.2,T026,U01,relay,R01
5624.4,T012,U08,relay,R01
5624.6,T022,U05,relay,R01
5625.2,T026,U01,relay,R01
5625.4,T012,U08,relay,R01
5625.6,T022,U05,relay,R01
5626.2,T026,U01,relay,R01
5626.4,T012,U08,relay,R01
5626.6,T022,U05,relay,R01
5627.2,T026,U01,relay,R01
5627.4,T012,U08,relay,R01
5627.6,T022,U05,relay,R01
5628.2,T026,U01,relay,R01
5628.4,T012,U08,relay,R01
5628.6,T022,U05,relay,R01
5629.2,T026,U01,relay,R01
5629.4,T012,U08,relay,R01
5629.6,T022,U05,relay,R01
5630.2,T026,U01,relay,R01
5630.4,T012,U08,relay,R01
5630.6,T022,U05,relay,R01
5631.2,T026,U01,relay,R01
5631.4,T012,U08,relay,R01
5631.6,T022,U05,relay,R01
5632.2,T026,U01,relay,R01
5632.4,T012,U08,relay,R01
5632.6,T022,U05,relay,R01
5633.2,T026,U01,relay,R01
5633.4,T012,U08,relay,R01
5633.6,T022,U05,relay,R01
5634.2,T026,U01,relay,R01
5634.4,T012,U08,relay,R01
5634.6,T022,U05,relay,R01
5635.2,T026,U01,relay,R01
5635.4,T012,U08,relay,R01
5635.6,T022,U05,relay,R01
5636.2,T026,U01,relay,R01
5636.4,T012,U08,relay,R01
5636.6,T022,U05,relay,R01
5637.2,T026,U01,relay,R01
5637.4,T012,U08,relay,R01
5637.6,T022,U05,relay,R01
5638.2,T026,U01,relay,R01
5638.4,T012,U08,relay,R01
5638.6,T022,U05,relay,R01
5639.2,T026,U01,relay,R01
5639.4,T012,U08,relay,R01
5639.6,T022,U05,relay,R01
5640.2,T026,U01,relay,R01
5640.4,T012,U08,relay,R01
5640.6,T022,U05,relay,R01
5641.2,T026,U01,relay,R01
5641.4,T012,U08,relay,R01
5641.6,T022,U05,relay,R01
5642.2,T026,U01,direct,
5642.4,T012,U08,relay,R01
5642.6,T022,U05,relay,R01
5643.2,T026,U01,direct,
5643.4,T012,U08,relay,R01
5643.6,T022,U05,relay,R01
5644.2,T026,U01,direct,
5644.4,T012,U08,relay,R01
5644.6,T022,U05,relay,R01
5645.2,T026,U01,direct,
5645.4,T012,U08,relay,R01
5645.6,T022,U05,relay,R01
5646.2,T026,U01,direct,
5646.4,T012,U08,relay,R01
5646.6,T022,U05,relay,R01
5647.2,T026,U01,direct,
5647.4,T012,U08,relay,R01
5647.6,T022,U05,relay,R01
5648.2,T026,U01,direct,
5648.4,T012,U08,relay,R01
5648.6,T022,U05,relay,R01
5649.2,T026,U01,direct,
5649.4,T012,U08,relay,R01
5649.6,T022,U05,relay,R01
5650.2,T026,U01,direct,
5650.4,T012,U08,relay,R01
5650.6,T022,U05,relay,R01
5651.2,T026,U01,direct,
5651.4,T012,U08,relay,R01
5651.6,T022,U05,relay,R01
5652.2,T026,U01,direct,
5652.4,T012,U08,relay,R01
5652.6,T022,U05,relay,R01
5652.6,T024,U06,direct,
5653.2,T026,U01,direct,
5653.4,T012,U08,relay,R01
5653.6,T022,U05,relay,R01
5653.6,T024,U06,direct,
5654.2,T026,U01,direct,
5654.4,T012,U08,relay,R01
5654.6,T022,U05,relay,R01
5654.6,T024,U06,direct,
5655.2,T026,U01,direct,
5655.4,T012,U08,relay,R01
5655.6,T022,U05,relay,R01
5655.6,T024,U06,direct,
5656.2,T026,U01,direct,
5656.4,T012,U08,relay,R01
5656.6,T022,U05,relay,R01
5656.6,T024,U06,direct,
5657.2,T026,U01,direct,
5657.4,T012,U08,relay,R01
5657.6,T022,U05,relay,R01
5657.6,T024,U06,direct,
5658.2,T026,U01,direct,
5658.4,T012,U08,relay,R01
5658.6,T022,U05,relay,R01
5658.6,T024,U06,direct,
5659.2,T026,U01,direct,
5659.4,T012,U08,relay,R01
5659.6,T022,U05,relay,R01
5659.6,T024,U06,direct,
5660.2,T026,U01,direct,
5660.4,T012,U08,relay,R01
5660.6,T022,U05,relay,R01
5660.6,T024,U06,direct,
5661.2,T026,U01,direct,
5661.4,T012,U08,relay,R01
5661.6,T022,U05,relay,R01
5661.6,T024,U06,direct,
5662.2,T026,U01,direct,
5662.4,T012,U08,relay,R01
5662.6,T022,U05,relay,R01
5662.6,T024,U06,direct,
5663.2,T026,U01,direct,
5663.4,T012,U08,relay,R01
5663.6,T022,U05,relay,R01
5663.6,T024,U06,direct,
5664.2,T026,U01,direct,
5664.4,T012,U08,relay,R01
5664.6,T022,U05,relay,R01
5664.6,T024,U06,direct,
5665.2,T026,U01,direct,
5665.4,T012,U08,relay,R01
5665.6,T022,U05,relay,R01
5665.6,T024,U06,direct,
5666.2,T026,U01,direct,
5666.4,T012,U08,relay,R01
5666.6,T022,U05,relay,R01
5666.6,T024,U06,direct,
5667.2,T026,U01,direct,
5667.4,T012,U08,relay,R01
5667.6,T022,U05,relay,R01
5667.6,T024,U06,direct,
5668.2,T026,U01,direct,
5668.4,T012,U08,relay,R01
5668.6,T022,U05,relay,R01
5668.6,T024,U06,direct,
5669.2,T026,U01,direct,
5669.4,T012,U08,relay,R01
5669.6,T022,U05,relay,R01
5669.6,T024,U06,direct,
5670.2,T026,U01,direct,
5670.4,T012,U08,relay,R01
5670.6,T022,U05,relay,R01
5670.6,T024,U06,direct,
5671.2,T026,U01,direct,
5671.4,T012,U08,relay,R01
5671.6,T022,U05,relay,R01
5671.6,T024,U06,direct,
5672.2,T026,U01,direct,
5672.4,T012,U08,relay,R01
5672.6,T022,U05,relay,R01
5672.6,T024,U06,direct,
5673.2,T026,U01,direct,
5673.4,T012,U08,relay,R01
5673.6,T022,U05,relay,R01
5673.6,T024,U06,direct,
5674.2,T026,U01,direct,
5674.4,T012,U08,relay,R01
5674.6,T022,U05,relay,R01
5674.6,T024,U06,direct,
5675.2,T026,U01,direct,
5675.4,T012,U08,relay,R01
5675.6,T022,U05,relay,R01
5675.6,T024,U06,direct,
5676.2,T026,U01,direct,
5676.4,T012,U08,relay,R01
5676.6,T022,U05,relay,R01
5676.6,T024,U06,direct,
5677.2,T026,U01,direct,
5677.4,T012,U08,relay,R01
5677.6,T022,U05,relay,R01
5677.6,T024,U06,direct,
5678.2,T026,U01,direct,
5678.4,T012,U08,relay,R01
5678.6,T022,U05,relay,R01
5678.6,T024,U06,direct,
5679.2,T026,U01,direct,
5679.4,T012,U08,relay,R01
5679.6,T022,U05,relay,R01
5679.6,T024,U06,direct,
5680.2,T026,U01,direct,
5680.4,T012,U08,relay,R01
5680.6,T022,U05,relay,R01
5680.6,T024,U06,direct,
5681.2,T026,U01,direct,
5681.4,T012,U08,relay,R01
5681.6,T022,U05,relay,R01
5681.6,T024,U06,direct,
5682.2,T026,U01,direct,
5682.4,T012,U08,relay,R01
5682.6,T022,U05,relay,R01
5682.6,T024,U06,direct,
5683.2,T026,U01,direct,
5683.4,T012,U08,relay,R01
5683.6,T022,U05,relay,R01
5683.6,T024,U06,direct,
5684.2,T026,U01,direct,
5684.4,T012,U08,relay,R01
5684.5,T015,U07,direct,
5684.6,T022,U05,relay,R01
5684.6,T024,U06,direct,
5685.2,T026,U01,direct,
5685.4,T012,U08,relay,R01
5685.5,T015,U07,direct,
5685.6,T022,U05,relay,R01
5685.6,T024,U06,direct,
5686.2,T026,U01,direct,
5686.4,T012,U08,relay,R01
5686.5,T015,U07,direct,
5686.6,T022,U05,direct,
5686.6,T024,U06,direct,
5687.2,T026,U01,direct,
5687.4,T012,U08,relay,R01
5687.5,T015,U07,direct,
5687.6,T022,U05,direct,
5687.6,T024,U06,direct,
5688.2,T026,U01,direct,
5688.4,T012,U08,relay,R01
5688.5,T015,U07,direct,
5688.6,T022,U05,direct,
5688.6,T024,U06,direct,
5689.2,T026,U01,direct,
5689.4,T012,U08,relay,R01
5689.5,T015,U07,direct,
5689.6,T022,U05,direct,
5689.6,T024,U06,direct,
5690.2,T026,U01,direct,
5690.4,T012,U08,relay,R01
5690.5,T015,U07,direct,
5690.6,T022,U05,direct,
5690.6,T024,U06,direct,
5691.2,T026,U01,direct,
5691.4,T012,U08,relay,R01
5691.5,T015,U07,direct,
5691.6,T022,U05,direct,
5691.6,T024,U06,direct,
5692.2,T026,U01,direct,
5692.4,T012,U08,relay,R01
5692.5,T015,U07,direct,
5692.6,T022,U05,direct,
5692.6,T024,U06,direct,
5693.2,T026,U01,direct,
5693.4,T012,U08,relay,R01
5693.5,T015,U07,direct,
5693.6,T022,U05,direct,
5693.6,T024,U06,direct,
5694.2,T026,U01,direct,
5694.4,T012,U08,relay,R01
5694.5,T015,U07,direct,
5694.6,T022,U05,direct,
5694.6,T024,U06,direct,
5695.2,T026,U01,direct,
5695.4,T012,U08,relay,R01
5695.5,T015,U07,direct,
5695.6,T022,U05,direct,
5695.6,T024,U06,direct,
5696.2,T026,U01,direct,
5696.4,T012,U08,relay,R01
5696.5,T015,U07,direct,
5696.6,T022,U05,direct,
5696.6,T024,U06,direct,
5697.2,T026,U01,direct,
5697.4,T012,U08,relay,R01
5697.5,T015,U07,direct,
5697.6,T022,U05,direct,
5697.6,T024,U06,direct,
5698.2,T026,U01,direct,
5698.4,T012,U08,relay,R01
5698.5,T015,U07,direct,
5698.6,T022,U05,direct,
5698.6,T024,U06,direct,
5699.2,T026,U01,direct,
5699.4,T012,U08,relay,R01
5699.5,T015,U07,direct,
5699.6,T022,U05,direct,
5699.6,T024,U06,direct,
5700.2,T026,U01,direct,
5700.4,T012,U08,relay,R01
5700.5,T015,U07,direct,
5700.6,T022,U05,direct,
5700.6,T024,U06,direct,
5701.2,T026,U01,direct,
5701.4,T012,U08,relay,R01
5701.5,T015,U07,direct,
5701.6,T022,U05,direct,
5701.6,T024,U06,direct,
5702.2,T026,U01,direct,
5702.4,T012,U08,relay,R01
5702.5,T015,U07,direct,
5702.6,T022,U05,direct,
5702.6,T024,U06,direct,
5703.2,T026,U01,direct,
5703.4,T012,U08,relay,R01
5703.5,T015,U07,direct,
5703.6,T022,U05,direct,
5703.6,T024,U06,direct,
5704.2,T026,U01,direct,
5704.4,T012,U08,relay,R01
5704.5,T015,U07,direct,
5704.6,T022,U05,direct,
5704.6,T024,U06,direct,
5705.2,T026,U01,direct,
5705.4,T012,U08,relay,R01
5705.5,T015,U07,direct,
5705.6,T022,U05,direct,
5705.6,T024,U06,direct,
5706.2,T026,U01,direct,
5706.4,T012,U08,relay,R01
5706.5,T015,U07,direct,
5706.6,T022,U05,direct,
5706.6,T024,U06,direct,
5707.2,T026,U01,direct,
5707.4,T012,U08,relay,R01
5707.5,T015,U07,direct,
5707.6,T022,U05,direct,
5707.6,T024,U06,direct,
5708.2,T026,U01,direct,
5708.4,T012,U08,relay,R01
5708.5,T015,U07,direct,
5708.6,T022,U05,direct,
5708.6,T024,U06,direct,
5709.2,T026,U01,direct,
5709.4,T012,U08,relay,R01
5709.5,T015,U07,direct,
5709.6,T022,U05,direct,
5709.6,T024,U06,direct,
5710.2,T026,U01,direct,
5710.4,T012,U08,relay,R01
5710.5,T015,U07,direct,
5710.6,T022,U05,direct,
5710.6,T024,U06,direct,
5711.2,T026,U01,direct,
5711.4,T012,U08,relay,R01
5711.5,T015,U07,direct,
5711.6,T022,U05,direct,
5711.6,T024,U06,direct,
5712.2,T026,U01,direct,
5712.4,T012,U08,relay,R01
5712.5,T015,U07,direct,
5712.6,T022,U05,direct,
5712.6,T024,U06,direct,
5713.2,T026,U01,direct,
5713.4,T012,U08,relay,R01
5713.5,T015,U07,direct,
5713.6,T022,U05,direct,
5713.6,T024,U06,direct,
5714.2,T026,U01,direct,
5714.4,T012,U08,relay,R01
5714.5,T015,U07,direct,
5714.6,T022,U05,direct,
5714.6,T024,U06,direct,
5715.2,T026,U01,direct,
5715.4,T012,U08,relay,R01
5715.5,T015,U07,direct,
5715.6,T022,U05,direct,
5715.6,T024,U06,direct,
5716.2,T026,U01,direct,
5716.4,T012,U08,relay,R01
5716.5,T015,U07,direct,
5716.6,T022,U05,direct,
5716.6,T024,U06,direct,
5717.2,T026,U01,direct,
5717.4,T012,U08,relay,R01
5717.5,T015,U07,direct,
5717.6,T022,U05,direct,
5717.6,T024,U06,direct,
5718.2,T026,U01,direct,
5718.4,T012,U08,relay,R01
5718.5,T015,U07,direct,
5718.6,T022,U05,direct,
5718.6,T024,U06,direct,
5719.2,T026,U01,direct,
5719.4,T012,U08,relay,R01
5719.5,T015,U07,direct,
5719.6,T022,U05,relay,R01
5719.6,T024,U06,direct,
5720.2,T026,U01,direct,
5720.4,T012,U08,relay,R01
5720.5,T015,U07,direct,
5720.6,T022,U05,relay,R01
5720.6,T024,U06,direct,
5721.2,T026,U01,direct,
5721.4,T012,U08,relay,R01
5721.5,T015,U07,direct,
5721.6,T022,U05,relay,R01
5721.6,T024,U06,direct,
5722.2,T026,U01,direct,
5722.4,T012,U08,relay,R01
5722.5,T015,U07,direct,
5722.6,T022,U05,relay,R01
5722.6,T024,U06,direct,
5723.2,T026,U01,direct,
5723.4,T012,U08,relay,R01
5723.5,T015,U07,direct,
5723.6,T022,U05,relay,R01
5723.6,T024,U06,direct,
5724.2,T026,U01,direct,
5724.4,T012,U08,relay,R01
5724.5,T015,U07,direct,
5724.6,T022,U05,relay,R01
5724.6,T024,U06,direct,
5725.2,T026,U01,direct,
5725.4,T012,U08,relay,R01
5725.5,T015,U07,direct,
5725.6,T022,U05,relay,R01
5725.6,T024,U06,direct,
5726.2,T026,U01,direct,
5726.4,T012,U08,relay,R01
5726.5,T015,U07,direct,
5726.6,T022,U05,relay,R01
5726.6,T024,U06,direct,
5727.2,T026,U01,direct,
5727.4,T012,U08,relay,R01
5727.5,T015,U07,direct,
5727.6,T022,U05,relay,R01
5727.6,T024,U06,direct,
5728.2,T026,U01,direct,
5728.4,T012,U08,relay,R01
5728.5,T015,U07,direct,
5728.6,T022,U05,relay,R01
5728.6,T024,U06,direct,
5729.2,T026,U01,direct,
5729.4,T012,U08,relay,R01
5729.5,T015,U07,direct,
5729.6,T022,U05,relay,R01
5729.6,T024,U06,direct,
5730.2,T026,U01,direct,
5730.4,T012,U08,relay,R01
5730.5,T015,U07,direct,
5730.6,T022,U05,relay,R01
5730.6,T024,U06,direct,
5731.2,T026,U01,direct,
5731.4,T012,U08,relay,R01
5731.5,T015,U07,direct,
5731.6,T022,U05,relay,R01
5731.6,T024,U06,direct,
5732.2,T026,U01,direct,
5732.4,T012,U08,relay,R01
5732.5,T015,U07,direct,
5732.6,T022,U05,relay,R01
5732.6,T024,U06,direct,
5733.2,T026,U01,direct,
5733.4,T012,U08,relay,R01
5733.5,T015,U07,direct,
5733.6,T022,U05,relay,R01
5733.6,T024,U06,direct,
5734.2,T026,U01,direct,
5734.4,T012,U08,relay,R01
5734.5,T015,U07,direct,
5734.6,T022,U05,relay,R01
5734.6,T024,U06,direct,
5735.2,T026,U01,direct,
5735.4,T012,U08,relay,R01
5735.5,T015,U07,direct,
5735.6,T022,U05,relay,R01
5735.6,T024,U06,direct,
5736.2,T026,U01,direct,
5736.4,T012,U08,relay,R01
5736.5,T015,U07,direct,
5736.6,T022,U05,relay,R01
5736.6,T024,U06,direct,
5737.2,T026,U01,direct,
5737.4,T012,U08,relay,R01
5737.5,T015,U07,direct,
5737.6,T022,U05,relay,R01
5737.6,T024,U06,direct,
5738.2,T026,U01,direct,
5738.4,T012,U08,relay,R01
5738.5,T015,U07,direct,
5738.6,T022,U05,relay,R01
5738.6,T024,U06,direct,
5739.2,T026,U01,direct,
5739.4,T012,U08,relay,R01
5739.5,T015,U07,direct,
5739.6,T022,U05,relay,R01
5739.6,T024,U06,direct,
5740.2,T026,U01,direct,
5740.4,T012,U08,relay,R01
5740.5,T015,U07,direct,
5740.6,T022,U05,relay,R01
5740.6,T024,U06,direct,
5741.2,T026,U01,direct,
5741.4,T012,U08,relay,R01
5741.5,T015,U07,direct,
5741.6,T022,U05,relay,R01
5741.6,T024,U06,direct,
5742.2,T026,U01,direct,
5742.4,T012,U08,relay,R01
5742.5,T015,U07,direct,
5742.6,T022,U05,relay,R01
5742.6,T024,U06,direct,
5743.2,T026,U01,direct,
5743.4,T012,U08,relay,R01
5743.5,T015,U07,direct,
5743.6,T022,U05,relay,R01
5743.6,T024,U06,direct,
5744.2,T026,U01,direct,
5744.4,T012,U08,relay,R01
5744.5,T015,U07,direct,
5744.6,T022,U05,relay,R01
5744.6,T024,U06,direct,
5745.2,T026,U01,direct,
5745.4,T012,U08,relay,R01
5745.5,T015,U07,direct,
5745.6,T022,U05,relay,R01
5745.6,T024,U06,direct,
5746.2,T026,U01,direct,
5746.4,T012,U08,relay,R01
5746.5,T015,U07,direct,
5746.6,T022,U05,relay,R01
5746.6,T024,U06,direct,
5747.2,T026,U01,direct,
5747.4,T012,U08,relay,R01
5747.5,T015,U07,direct,
5747.6,T022,U05,relay,R01
5747.6,T024,U06,direct,
5748.2,T026,U01,direct,
5748.4,T012,U08,relay,R01
5748.5,T015,U07,direct,
5748.6,T022,U05,relay,R01
5748.6,T024,U06,direct,
5749.2,T026,U01,direct,
5749.4,T012,U08,relay,R01
5749.5,T015,U07,direct,
5749.6,T022,U05,relay,R01
5749.6,T024,U06,direct,
5750.2,T026,U01,direct,
5750.4,T012,U08,relay,R01
5750.5,T015,U07,direct,
5750.6,T022,U05,relay,R01
5750.6,T024,U06,direct,
5751.2,T026,U01,direct,
5751.4,T012,U08,relay,R01
5751.5,T015,U07,direct,
5751.6,T022,U05,relay,R01
5751.6,T024,U06,direct,
5752.2,T026,U01,direct,
5752.4,T012,U08,relay,R01
5752.5,T015,U07,direct,
5752.6,T022,U05,relay,R01
5752.6,T024,U06,direct,
5753.2,T026,U01,direct,
5753.4,T012,U08,relay,R01
5753.5,T015,U07,direct,
5753.6,T022,U05,relay,R01
5753.6,T024,U06,direct,
5754.2,T026,U01,direct,
5754.4,T012,U08,relay,R01
5754.5,T015,U07,direct,
5754.6,T022,U05,relay,R01
5754.6,T024,U06,direct,
5755.2,T026,U01,direct,
5755.4,T012,U08,relay,R01
5755.5,T015,U07,direct,
5755.6,T022,U05,relay,R01
5755.6,T024,U06,direct,
5756.2,T026,U01,direct,
5756.4,T012,U08,relay,R01
5756.5,T015,U07,direct,
5756.6,T022,U05,relay,R01
5756.6,T024,U06,direct,
5757.2,T026,U01,direct,
5757.4,T012,U08,relay,R01
5757.5,T015,U07,direct,
5757.6,T022,U05,relay,R01
5757.6,T024,U06,direct,
5758.2,T026,U01,direct,
5758.4,T012,U08,relay,R01
5758.5,T015,U07,direct,
5758.6,T022,U05,relay,R01
5758.6,T024,U06,direct,
5759.2,T026,U01,direct,
5759.4,T012,U08,relay,R01
5759.5,T015,U07,direct,
5759.6,T022,U05,relay,R01
5759.6,T024,U06,direct,
5760.2,T026,U01,direct,
5760.4,T012,U08,relay,R01
5760.5,T015,U07,direct,
5760.6,T022,U05,relay,R01
5760.6,T024,U06,direct,
5761.2,T026,U01,direct,
5761.4,T012,U08,relay,R01
5761.5,T015,U07,direct,
5761.6,T022,U05,relay,R01
5761.6,T024,U06,direct,
5762.2,T026,U01,direct,
5762.4,T012,U08,relay,R01
5762.5,T015,U07,direct,
5762.6,T022,U05,relay,R01
5762.6,T024,U06,direct,
5763.2,T026,U01,direct,
5763.4,T012,U08,relay,R01
5763.5,T015,U07,direct,
5763.6,T022,U05,relay,R01
5763.6,T024,U06,direct,
5764.2,T026,U01,direct,
5764.4,T012,U08,relay,R01
5764.5,T015,U07,direct,
5764.6,T022,U05,relay,R01
5764.6,T024,U06,direct,
5765.2,T026,U01,direct,
5765.4,T012,U08,relay,R01
5765.5,T015,U07,direct,
5765.6,T022,U05,relay,R01
5765.6,T024,U06,direct,
5766.2,T026,U01,direct,
5766.4,T012,U08,relay,R01
5766.5,T015,U07,direct,
5766.6,T022,U05,relay,R01
5766.6,T024,U06,direct,
5767.2,T026,U01,direct,
5767.4,T012,U08,relay,R01
5767.5,T015,U07,direct,
5767.6,T022,U05,relay,R01
5767.6,T024,U06,direct,
5768.2,T026,U01,direct,
5768.4,T012,U08,relay,R01
5768.5,T015,U07,direct,
5768.6,T022,U05,relay,R01
5768.6,T024,U06,direct,
5769.2,T026,U01,direct,
5769.4,T012,U08,relay,R01
5769.5,T015,U07,direct,
5769.6,T022,U05,relay,R01
5769.6,T024,U06,direct,
5770.2,T026,U01,direct,
5770.4,T012,U08,relay,R01
5770.5,T015,U07,direct,
5770.6,T022,U05,relay,R01
5770.6,T024,U06,direct,
5771.2,T026,U01,direct,
5771.4,T012,U08,relay,R01
5771.5,T015,U07,direct,
5771.6,T022,U05,relay,R01
5771.6,T024,U06,direct,
5772.2,T026,U01,direct,
5772.4,T012,U08,relay,R01
5772.5,T015,U07,direct,
5772.6,T022,U05,relay,R01
5772.6,T024,U06,direct,
5773.2,T026,U01,direct,
5773.4,T012,U08,relay,R01
5773.5,T015,U07,direct,
5773.6,T022,U05,relay,R01
5773.6,T024,U06,direct,
5774.2,T026,U01,direct,
5774.4,T012,U08,relay,R01
5774.5,T015,U07,direct,
5774.6,T022,U05,relay,R01
5774.6,T024,U06,direct,
5775.2,T026,U01,direct,
5775.4,T012,U08,relay,R01
5775.5,T015,U07,direct,
5775.6,T022,U05,relay,R01
5775.6,T024,U06,direct,
5776.2,T026,U01,direct,
5776.4,T012,U08,relay,R01
5776.5,T015,U07,direct,
5776.6,T022,U05,relay,R01
5776.6,T024,U06,direct,
5777.2,T026,U01,direct,
5777.4,T012,U08,relay,R01
5777.5,T015,U07,direct,
5777.6,T022,U05,relay,R01
5777.6,T024,U06,direct,
5778.2,T026,U01,direct,
5778.4,T012,U08,relay,R01
5778.5,T015,U07,direct,
5778.6,T022,U05,relay,R01
5778.6,T024,U06,direct,
5779.2,T026,U01,direct,
5779.4,T012,U08,relay,R01
5779.5,T015,U07,direct,
5779.6,T022,U05,relay,R01
5779.6,T024,U06,direct,
5780.2,T026,U01,direct,
5780.4,T012,U08,relay,R01
5780.5,T015,U07,direct,
5780.6,T022,U05,relay,R01
5780.6,T024,U06,direct,
5781.2,T026,U01,direct,
5781.4,T012,U08,relay,R01
5781.5,T015,U07,direct,
5781.6,T022,U05,relay,R01
5781.6,T024,U06,direct,
5782.2,T026,U01,direct,
5782.4,T012,U08,relay,R01
5782.5,T015,U07,direct,
5782.6,T022,U05,relay,R01
5782.6,T024,U06,direct,
5783.2,T026,U01,direct,
5783.4,T012,U08,relay,R01
5783.5,T015,U07,direct,
5783.6,T022,U05,relay,R01
5783.6,T024,U06,direct,
5784.2,T026,U01,direct,
5784.4,T012,U08,relay,R01
5784.5,T015,U07,direct,
5784.6,T022,U05,relay,R01
5784.6,T024,U06,direct,
5785.2,T026,U01,direct,
5785.4,T012,U08,relay,R01
5785.5,T015,U07,direct,
5785.6,T022,U05,relay,R01
5785.6,T024,U06,direct,
5786.2,T026,U01,direct,
5786.4,T012,U08,relay,R01
5786.5,T015,U07,direct,
5786.6,T022,U05,relay,R01
5786.6,T024,U06,direct,
5787.2,T026,U01,direct,
5787.4,T012,U08,relay,R01
5787.5,T015,U07,direct,
5787.6,T022,U05,relay,R01
5787.6,T024,U06,direct,
5788.2,T026,U01,direct,
5788.4,T012,U08,relay,R01
5788.5,T015,U07,direct,
5788.6,T022,U05,relay,R01
5788.6,T024,U06,direct,
5789.2,T026,U01,direct,
5789.4,T012,U08,relay,R01
5789.5,T015,U07,direct,
5789.6,T022,U05,relay,R01
5789.6,T024,U06,direct,
5790.2,T026,U01,direct,
5790.4,T012,U08,relay,R01
5790.5,T015,U07,direct,
5790.6,T022,U05,relay,R01
5790.6,T024,U06,direct,
5791.2,T026,U01,direct,
5791.4,T012,U08,relay,R01
5791.5,T015,U07,direct,
5791.6,T022,U05,relay,R01
5791.6,T024,U06,direct,
5792.2,T026,U01,direct,
5792.4,T012,U08,relay,R01
5792.5,T015,U07,direct,
5792.6,T022,U05,relay,R01
5792.6,T024,U06,direct,
5793.2,T026,U01,direct,
5793.4,T012,U08,relay,R01
5793.5,T015,U07,direct,
5793.6,T022,U05,relay,R01
5793.6,T024,U06,direct,
5794.2,T026,U01,direct,
5794.4,T012,U08,relay,R01
5794.5,T015,U07,direct,
5794.6,T022,U05,relay,R01
5794.6,T024,U06,direct,
5795.2,T026,U01,direct,
5795.4,T012,U08,relay,R01
5795.5,T015,U07,direct,
5795.6,T022,U05,relay,R01
5795.6,T024,U06,direct,
5796.2,T026,U01,direct,
5796.4,T012,U08,relay,R01
5796.5,T015,U07,direct,
5796.6,T022,U05,relay,R01
5796.6,T024,U06,direct,
5797.2,T026,U01,direct,
5797.4,T012,U08,relay,R01
5797.5,T015,U07,direct,
5797.6,T022,U05,relay,R01
5797.6,T024,U06,direct,
5798.2,T026,U01,direct,
5798.4,T012,U08,relay,R01
5798.5,T015,U07,direct,
5798.6,T022,U05,relay,R01
5798.6,T024,U06,direct,
5799.2,T026,U01,direct,
5799.4,T012,U08,relay,R01
5799.5,T015,U07,direct,
5799.6,T022,U05,relay,R01
5799.6,T024,U06,direct,
5800.2,T026,U01,direct,
5800.4,T012,U08,relay,R01
5800.5,T015,U07,direct,
5800.6,T022,U05,relay,R01
5800.6,T024,U06,direct,
5801.2,T026,U01,direct,
5801.4,T012,U08,relay,R01
5801.5,T015,U07,direct,
5801.6,T022,U05,relay,R01
5801.6,T024,U06,direct,
5802.2,T026,U01,direct,
5802.4,T012,U08,relay,R01
5802.5,T015,U07,direct,
5802.6,T022,U05,relay,R01
5802.6,T024,U06,direct,
5803.2,T026,U01,direct,
5803.4,T012,U08,relay,R01
5803.5,T015,U07,direct,
5803.6,T022,U05,relay,R01
5803.6,T024,U06,direct,
5804.2,T026,U01,direct,
5804.4,T012,U08,relay,R01
5804.5,T015,U07,direct,
5804.6,T022,U05,relay,R01
5804.6,T024,U06,direct,
5805.2,T026,U01,direct,
5805.4,T012,U08,relay,R01
5805.5,T015,U07,direct,
5805.6,T022,U05,relay,R01
5805.6,T024,U06,direct,
5806.2,T026,U01,direct,
5806.4,T012,U08,relay,R01
5806.5,T015,U07,direct,
5806.6,T022,U05,relay,R01
5806.6,T024,U06,direct,
5807.2,T026,U01,direct,
5807.4,T012,U08,relay,R01
5807.5,T015,U07,direct,
5807.6,T022,U05,relay,R01
5807.6,T024,U06,direct,
5808.2,T026,U01,direct,
5808.4,T012,U08,relay,R01
5808.5,T015,U07,direct,
5808.6,T022,U05,relay,R01
5808.6,T024,U06,direct,
5809.2,T026,U01,direct,
5809.4,T012,U08,relay,R01
5809.5,T015,U07,direct,
5809.6,T022,U05,relay,R01
5809.6,T024,U06,direct,
5810.2,T026,U01,direct,
5810.4,T012,U08,relay,R01
5810.5,T015,U07,direct,
5810.6,T022,U05,relay,R01
5810.6,T024,U06,direct,
5811.2,T026,U01,direct,
5811.4,T012,U08,relay,R01
5811.5,T015,U07,direct,
5811.6,T022,U05,relay,R01
5811.6,T024,U06,direct,
5812.2,T026,U01,direct,
5812.4,T012,U08,relay,R01
5812.5,T015,U07,direct,
5812.6,T022,U05,relay,R01
5812.6,T024,U06,direct,
5813.2,T026,U01,direct,
5813.4,T012,U08,relay,R01
5813.5,T015,U07,direct,
5813.6,T022,U05,relay,R01
5813.6,T024,U06,direct,
5814.2,T026,U01,direct,
5814.4,T012,U08,relay,R01
5814.5,T015,U07,direct,
5814.6,T022,U05,relay,R01
5814.6,T024,U06,direct,
5815.2,T026,U01,direct,
5815.4,T012,U08,relay,R01
5815.5,T015,U07,direct,
5815.6,T022,U05,relay,R01
5815.6,T024,U06,direct,
5816.2,T026,U01,direct,
5816.4,T012,U08,relay,R01
5816.5,T015,U07,direct,
5816.6,T022,U05,relay,R01
5816.6,T024,U06,direct,
5817.2,T026,U01,direct,
5817.4,T012,U08,relay,R01
5817.5,T015,U07,direct,
5817.6,T022,U05,relay,R01
5817.6,T024,U06,direct,
5818.2,T026,U01,direct,
5818.4,T012,U08,relay,R01
5818.5,T015,U07,direct,
5818.6,T022,U05,relay,R01
5818.6,T024,U06,direct,
5819.2,T026,U01,direct,
5819.4,T012,U08,relay,R01
5819.5,T015,U07,direct,
5819.6,T022,U05,relay,R01
5819.6,T024,U06,direct,
5820.2,T026,U01,direct,
5820.4,T012,U08,relay,R01
5820.5,T015,U07,direct,
5820.6,T022,U05,relay,R01
5820.6,T024,U06,direct,
5821.2,T026,U01,direct,
5821.4,T012,U08,relay,R01
5821.5,T015,U07,direct,
5821.6,T022,U05,relay,R01
5821.6,T024,U06,direct,
5822.2,T026,U01,direct,
5822.4,T012,U08,relay,R01
5822.5,T015,U07,direct,
5822.6,T022,U05,relay,R01
5822.6,T024,U06,direct,
5823.2,T026,U01,direct,
5823.4,T012,U08,relay,R01
5823.5,T015,U07,direct,
5823.6,T022,U05,relay,R01
5823.6,T024,U06,direct,
5824.2,T026,U01,direct,
5824.4,T012,U08,relay,R01
5824.5,T015,U07,direct,
5824.6,T022,U05,relay,R01
5824.6,T024,U06,direct,
5825.2,T026,U01,direct,
5825.4,T012,U08,relay,R01
5825.5,T015,U07,direct,
5825.6,T022,U05,relay,R01
5825.6,T024,U06,direct,
5826.2,T026,U01,direct,
5826.4,T012,U08,relay,R01
5826.5,T015,U07,direct,
5826.6,T022,U05,relay,R01
5826.6,T024,U06,direct,
5827.2,T026,U01,direct,
5827.4,T012,U08,relay,R01
5827.5,T015,U07,direct,
5827.6,T022,U05,relay,R01
5827.6,T024,U06,direct,
5828.2,T026,U01,direct,
5828.4,T012,U08,relay,R01
5828.5,T015,U07,direct,
5828.6,T022,U05,relay,R01
5828.6,T024,U06,direct,
5829.2,T026,U01,direct,
5829.4,T012,U08,relay,R01
5829.5,T015,U07,direct,
5829.6,T022,U05,relay,R01
5829.6,T024,U06,direct,
5830.2,T026,U01,direct,
5830.4,T012,U08,relay,R01
5830.5,T015,U07,direct,
5830.6,T022,U05,relay,R01
5830.6,T024,U06,direct,
5831.2,T026,U01,direct,
5831.4,T012,U08,relay,R01
5831.5,T015,U07,direct,
5831.6,T022,U05,relay,R01
5831.6,T024,U06,direct,
5832.2,T026,U01,direct,
5832.4,T012,U08,relay,R01
5832.5,T015,U07,direct,
5832.6,T022,U05,relay,R01
5832.6,T024,U06,direct,
5833.2,T026,U01,direct,
5833.4,T012,U08,relay,R01
5833.5,T015,U07,direct,
5833.6,T022,U05,relay,R01
5833.6,T024,U06,direct,
5834.2,T026,U01,direct,
5834.4,T012,U08,relay,R01
5834.5,T015,U07,direct,
5834.6,T022,U05,relay,R01
5834.6,T024,U06,direct,
5835.2,T026,U01,direct,
5835.4,T012,U08,relay,R01
5835.5,T015,U07,direct,
5835.6,T022,U05,relay,R01
5835.6,T024,U06,direct,
5836.2,T026,U01,direct,
5836.4,T012,U08,relay,R01
5836.5,T015,U07,direct,
5836.6,T022,U05,relay,R01
5836.6,T024,U06,direct,
5837.2,T026,U01,direct,
5837.4,T012,U08,relay,R01
5837.5,T015,U07,direct,
5837.6,T022,U05,relay,R01
5837.6,T024,U06,direct,
5838.2,T026,U01,direct,
5838.4,T012,U08,relay,R01
5838.5,T015,U07,direct,
5838.6,T022,U05,relay,R01
5838.6,T024,U06,direct,
5839.2,T026,U01,direct,
5839.4,T012,U08,relay,R01
5839.5,T015,U07,direct,
5839.6,T022,U05,relay,R01
5839.6,T024,U06,direct,
5840.2,T026,U01,direct,
5840.4,T012,U08,relay,R01
5840.5,T015,U07,direct,
5840.6,T022,U05,relay,R01
5840.6,T024,U06,direct,
5841.2,T026,U01,direct,
5841.4,T012,U08,relay,R01
5841.5,T015,U07,direct,
5841.6,T022,U05,relay,R01
5841.6,T024,U06,direct,
5842.2,T026,U01,direct,
5842.4,T012,U08,relay,R01
5842.5,T015,U07,direct,
5842.6,T022,U05,relay,R01
5842.6,T024,U06,direct,
5843.2,T026,U01,direct,
5843.4,T012,U08,relay,R01
5843.5,T015,U07,direct,
5843.6,T022,U05,relay,R01
5843.6,T024,U06,direct,
5844.2,T026,U01,direct,
5844.4,T012,U08,relay,R01
5844.5,T015,U07,direct,
5844.6,T022,U05,relay,R01
5844.6,T024,U06,direct,
5845.2,T026,U01,direct,
5845.4,T012,U08,relay,R01
5845.5,T015,U07,direct,
5845.6,T022,U05,relay,R01
5845.6,T024,U06,direct,
5846.2,T026,U01,direct,
5846.4,T012,U08,relay,R01
5846.5,T015,U07,direct,
5846.6,T022,U05,relay,R01
5846.6,T024,U06,direct,
5847.2,T026,U01,direct,
5847.4,T012,U08,relay,R01
5847.5,T015,U07,direct,
5847.6,T022,U05,relay,R01
5847.6,T024,U06,direct,
5848.2,T026,U01,direct,
5848.4,T012,U08,relay,R01
5848.5,T015,U07,direct,
5848.6,T022,U05,relay,R01
5848.6,T024,U06,direct,
5849.2,T026,U01,direct,
5849.4,T012,U08,relay,R01
5849.5,T015,U07,direct,
5849.6,T022,U05,relay,R01
5849.6,T024,U06,direct,
5850.2,T026,U01,direct,
5850.4,T012,U08,relay,R01
5850.5,T015,U07,direct,
5850.6,T022,U05,relay,R01
5850.6,T024,U06,direct,
5851.2,T026,U01,direct,
5851.4,T012,U08,relay,R01
5851.5,T015,U07,direct,
5851.6,T022,U05,relay,R01
5851.6,T024,U06,direct,
5852.2,T026,U01,direct,
5852.4,T012,U08,relay,R01
5852.5,T015,U07,direct,
5852.6,T022,U05,relay,R01
5852.6,T024,U06,direct,
5853.2,T026,U01,direct,
5853.4,T012,U08,relay,R01
5853.5,T015,U07,direct,
5853.6,T022,U05,relay,R01
5853.6,T024,U06,direct,
5854.2,T026,U01,direct,
5854.4,T012,U08,relay,R01
5854.5,T015,U07,direct,
5854.6,T022,U05,relay,R01
5854.6,T024,U06,direct,
5855.2,T026,U01,direct,
5855.4,T012,U08,relay,R01
5855.5,T015,U07,direct,
5855.6,T022,U05,relay,R01
5855.6,T024,U06,direct,
5856.2,T026,U01,direct,
5856.4,T012,U08,relay,R01
5856.5,T015,U07,direct,
5856.6,T022,U05,relay,R01
5856.6,T024,U06,direct,
5857.2,T026,U01,direct,
5857.4,T012,U08,relay,R01
5857.5,T015,U07,direct,
5857.6,T022,U05,relay,R01
5857.6,T024,U06,direct,
5858.2,T026,U01,direct,
5858.4,T012,U08,relay,R01
5858.5,T015,U07,direct,
5858.6,T022,U05,relay,R01
5858.6,T024,U06,direct,
5859.2,T026,U01,direct,
5859.4,T012,U08,relay,R01
5859.5,T015,U07,direct,
5859.6,T022,U05,relay,R01
5859.6,T024,U06,direct,
5860.2,T026,U01,direct,
5860.4,T012,U08,relay,R01
5860.5,T015,U07,direct,
5860.6,T022,U05,relay,R01
5860.6,T024,U06,direct,
5861.2,T026,U01,direct,
5861.4,T012,U08,relay,R01
5861.5,T015,U07,direct,
5861.6,T022,U05,relay,R01
5861.6,T024,U06,direct,
5862.2,T026,U01,direct,
5862.4,T012,U08,relay,R01
5862.5,T015,U07,direct,
5862.6,T022,U05,relay,R01
5862.6,T024,U06,direct,
5863.2,T026,U01,direct,
5863.4,T012,U08,relay,R01
5863.5,T015,U07,direct,
5863.6,T022,U05,relay,R01
5863.6,T024,U06,direct,
5864.2,T026,U01,direct,
5864.4,T012,U08,relay,R01
5864.5,T015,U07,direct,
5864.6,T022,U05,relay,R01
5864.6,T024,U06,direct,
5865.2,T026,U01,direct,
5865.4,T012,U08,relay,R01
5865.5,T015,U07,direct,
5865.6,T022,U05,relay,R01
5865.6,T024,U06,direct,
5866.2,T026,U01,direct,
5866.4,T012,U08,relay,R01
5866.5,T015,U07,direct,
5866.6,T022,U05,relay,R01
5866.6,T024,U06,direct,
5867.2,T026,U01,direct,
5867.4,T012,U08,relay,R01
5867.5,T015,U07,direct,
5867.6,T022,U05,relay,R01
5867.6,T024,U06,direct,
5868.2,T026,U01,direct,
5868.4,T012,U08,relay,R01
5868.5,T015,U07,direct,
5868.6,T022,U05,relay,R01
5868.6,T024,U06,direct,
5869.2,T026,U01,direct,
5869.4,T012,U08,relay,R01
5869.5,T015,U07,direct,
5869.6,T022,U05,relay,R01
5869.6,T024,U06,direct,
5870.2,T026,U01,direct,
5870.4,T012,U08,relay,R01
5870.5,T015,U07,direct,
5870.6,T022,U05,relay,R01
5870.6,T024,U06,direct,
5871.2,T026,U01,direct,
5871.4,T012,U08,relay,R01
5871.5,T015,U07,direct,
5871.6,T022,U05,relay,R01
5871.6,T024,U06,direct,
5872.2,T026,U01,direct,
5872.4,T012,U08,relay,R01
5872.5,T015,U07,direct,
5872.6,T022,U05,relay,R01
5872.6,T024,U06,direct,
5873.2,T026,U01,direct,
5873.4,T012,U08,relay,R01
5873.5,T015,U07,direct,
5873.6,T022,U05,relay,R01
5873.6,T024,U06,direct,
5874.2,T026,U01,direct,
5874.4,T012,U08,relay,R01
5874.5,T015,U07,direct,
5874.6,T022,U05,relay,R01
5874.6,T024,U06,direct,
5875.2,T026,U01,direct,
5875.4,T012,U08,relay,R01
5875.5,T015,U07,direct,
5875.6,T022,U05,relay,R01
5875.6,T024,U06,direct,
5876.2,T026,U01,direct,
5876.4,T012,U08,relay,R01
5876.5,T015,U07,direct,
5876.6,T022,U05,relay,R01
5876.6,T024,U06,direct,
5877.2,T026,U01,direct,
5877.4,T012,U08,relay,R01
5877.5,T015,U07,direct,
5877.6,T022,U05,relay,R01
5877.6,T024,U06,direct,
5878.2,T026,U01,direct,
5878.4,T012,U08,relay,R01
5878.5,T015,U07,direct,
5878.6,T022,U05,relay,R01
5878.6,T024,U06,direct,
5879.2,T026,U01,direct,
5879.4,T012,U08,relay,R01
5879.5,T015,U07,direct,
5879.6,T022,U05,relay,R01
5879.6,T024,U06,direct,
5880.2,T026,U01,direct,
5880.4,T012,U08,relay,R01
5880.5,T015,U07,direct,
5880.6,T022,U05,relay,R01
5880.6,T024,U06,direct,
5881.2,T026,U01,direct,
5881.4,T012,U08,relay,R01
5881.5,T015,U07,direct,
5881.6,T022,U05,relay,R01
5881.6,T024,U06,direct,
5882.2,T026,U01,direct,
5882.4,T012,U08,relay,R01
5882.5,T015,U07,direct,
5882.6,T022,U05,relay,R01
5882.6,T024,U06,direct,
5883.2,T026,U01,direct,
5883.4,T012,U08,relay,R01
5883.5,T015,U07,direct,
5883.6,T022,U05,relay,R01
5883.6,T024,U06,direct,
5884.2,T026,U01,direct,
5884.4,T012,U08,relay,R01
5884.5,T015,U07,direct,
5884.6,T022,U05,relay,R01
5884.6,T024,U06,direct,
5885.2,T026,U01,direct,
5885.4,T012,U08,relay,R01
5885.5,T015,U07,direct,
5885.6,T022,U05,relay,R01
5885.6,T024,U06,direct,
5886.2,T026,U01,direct,
5886.4,T012,U08,relay,R01
5886.5,T015,U07,direct,
5886.6,T022,U05,relay,R01
5886.6,T024,U06,direct,
5887.2,T026,U01,direct,
5887.4,T012,U08,relay,R01
5887.5,T015,U07,direct,
5887.6,T022,U05,relay,R01
5887.6,T024,U06,direct,
5888.2,T026,U01,direct,
5888.4,T012,U08,relay,R01
5888.5,T015,U07,direct,
5888.6,T022,U05,relay,R01
5888.6,T024,U06,direct,
5889.2,T026,U01,direct,
5889.4,T012,U08,relay,R01
5889.5,T015,U07,direct,
5889.6,T022,U05,relay,R01
5889.6,T024,U06,direct,
5890.2,T026,U01,direct,
5890.4,T012,U08,relay,R01
5890.5,T015,U07,direct,
5890.6,T022,U05,relay,R01
5890.6,T024,U06,direct,
5891.2,T026,U01,direct,
5891.4,T012,U08,relay,R01
5891.5,T015,U07,direct,
5891.6,T022,U05,relay,R01
5891.6,T024,U06,direct,
5892.2,T026,U01,direct,
5892.4,T012,U08,relay,R01
5892.5,T015,U07,direct,
5892.6,T022,U05,relay,R01
5892.6,T024,U06,direct,
5893.2,T026,U01,direct,
5893.4,T012,U08,relay,R01
5893.5,T015,U07,direct,
5893.6,T022,U05,relay,R01
5893.6,T024,U06,direct,
5894.2,T026,U01,direct,
5894.4,T012,U08,relay,R01
5894.5,T015,U07,direct,
5894.6,T022,U05,relay,R01
5894.6,T024,U06,direct,
5895.2,T026,U01,direct,
5895.4,T012,U08,relay,R01
5895.5,T015,U07,direct,
5895.6,T022,U05,relay,R01
5895.6,T024,U06,direct,
5896.2,T026,U01,direct,
5896.4,T012,U08,relay,R01
5896.5,T015,U07,direct,
5896.6,T022,U05,relay,R01
5896.6,T024,U06,direct,
5897.2,T026,U01,direct,
5897.4,T012,U08,relay,R01
5897.5,T015,U07,direct,
5897.6,T022,U05,relay,R01
5897.6,T024,U06,direct,
5898.2,T026,U01,direct,
5898.4,T012,U08,relay,R01
5898.5,T015,U07,direct,
5898.6,T022,U05,relay,R01
5898.6,T024,U06,direct,
5899.2,T026,U01,direct,
5899.4,T012,U08,relay,R01
5899.5,T015,U07,direct,
5899.6,T022,U05,relay,R01
5899.6,T024,U06,direct,
5900.2,T026,U01,direct,
5900.4,T012,U08,relay,R01
5900.5,T015,U07,direct,
5900.6,T022,U05,relay,R01
5900.6,T024,U06,direct,
5901.2,T026,U01,direct,
5901.4,T012,U08,relay,R01
5901.5,T015,U07,direct,
5901.6,T022,U05,relay,R01
5901.6,T024,U06,direct,
5902.2,T026,U01,direct,
5902.4,T012,U08,relay,R01
5902.5,T015,U07,direct,
5902.6,T022,U05,relay,R01
5902.6,T024,U06,direct,
5903.2,T026,U01,direct,
5903.4,T012,U08,relay,R01
5903.5,T015,U07,direct,
5903.6,T022,U05,relay,R01
5903.6,T024,U06,direct,
5904.2,T026,U01,direct,
5904.4,T012,U08,relay,R01
5904.5,T015,U07,direct,
5904.6,T022,U05,relay,R01
5904.6,T024,U06,direct,
5905.2,T026,U01,direct,
5905.4,T012,U08,relay,R01
5905.5,T015,U07,direct,
5905.6,T022,U05,relay,R01
5905.6,T024,U06,direct,
5906.2,T026,U01,direct,
5906.4,T012,U08,relay,R01
5906.5,T015,U07,direct,
5906.6,T022,U05,relay,R01
5906.6,T024,U06,direct,
5907.2,T026,U01,direct,
5907.4,T012,U08,relay,R01
5907.5,T015,U07,direct,
5907.6,T022,U05,relay,R01
5907.6,T024,U06,direct,
5908.2,T026,U01,direct,
5908.4,T012,U08,relay,R01
5908.5,T015,U07,direct,
5908.6,T022,U05,relay,R01
5908.6,T024,U06,direct,
5909.2,T026,U01,direct,
5909.4,T012,U08,relay,R01
5909.5,T015,U07,direct,
5909.6,T022,U05,relay,R01
5909.6,T024,U06,direct,
5910.2,T026,U01,direct,
5910.4,T012,U08,relay,R01
5910.5,T015,U07,direct,
5910.6,T022,U05,relay,R01
5910.6,T024,U06,direct,
5911.2,T026,U01,direct,
5911.4,T012,U08,relay,R01
5911.5,T015,U07,direct,
5911.6,T022,U05,relay,R01
5911.6,T024,U06,direct,
5912.2,T026,U01,direct,
5912.4,T012,U08,relay,R01
5912.5,T015,U07,direct,
5912.6,T022,U05,relay,R01
5912.6,T024,U06,direct,
5913.2,T026,U01,direct,
5913.4,T012,U08,relay,R01
5913.5,T015,U07,direct,
5913.6,T022,U05,relay,R01
5913.6,T024,U06,direct,
5914.2,T026,U01,direct,
5914.4,T012,U08,relay,R01
5914.5,T015,U07,direct,
5914.6,T022,U05,relay,R01
5914.6,T024,U06,direct,
5915.2,T026,U01,direct,
5915.4,T012,U08,relay,R01
5915.5,T015,U07,direct,
5915.6,T022,U05,relay,R01
5915.6,T024,U06,direct,
5916.2,T026,U01,direct,
5916.4,T012,U08,relay,R01
5916.5,T015,U07,direct,
5916.6,T022,U05,relay,R01
5916.6,T024,U06,direct,
5917.2,T026,U01,direct,
5917.4,T012,U08,relay,R01
5917.5,T015,U07,direct,
5917.6,T022,U05,relay,R01
5917.6,T024,U06,direct,
5918.2,T026,U01,direct,
5918.4,T012,U08,relay,R01
5918.5,T015,U07,direct,
5918.6,T022,U05,relay,R01
5918.6,T024,U06,direct,
5919.2,T026,U01,direct,
5919.4,T012,U08,relay,R01
5919.5,T015,U07,direct,
5919.6,T022,U05,relay,R01
5919.6,T024,U06,direct,
5920.2,T026,U01,direct,
5920.4,T012,U08,relay,R01
5920.5,T015,U07,direct,
5920.6,T022,U05,relay,R01
5920.6,T024,U06,direct,
5921.2,T026,U01,direct,
5921.4,T012,U08,relay,R01
5921.5,T015,U07,direct,
5921.6,T022,U05,relay,R01
5921.6,T024,U06,direct,
5922.2,T026,U01,direct,
5922.4,T012,U08,relay,R01
5922.5,T015,U07,direct,
5922.6,T022,U05,relay,R01
5922.6,T024,U06,direct,
5923.2,T026,U01,direct,
5923.4,T012,U08,relay,R01
5923.5,T015,U07,direct,
5923.6,T022,U05,relay,R01
5923.6,T024,U06,direct,
5924.2,T026,U01,direct,
5924.4,T012,U08,relay,R01
5924.5,T015,U07,direct,
5924.6,T022,U05,relay,R01
5924.6,T024,U06,direct,
5925.2,T026,U01,direct,
5925.4,T012,U08,relay,R01
5925.5,T015,U07,direct,
5925.6,T022,U05,relay,R01
5925.6,T024,U06,direct,
5926.2,T026,U01,direct,
5926.4,T012,U08,relay,R01
5926.5,T015,U07,direct,
5926.6,T022,U05,relay,R01
5926.6,T024,U06,direct,
5927.2,T026,U01,direct,
5927.4,T012,U08,relay,R01
5927.5,T015,U07,direct,
5927.6,T022,U05,relay,R01
5927.6,T024,U06,direct,
5928.2,T026,U01,direct,
5928.4,T012,U08,relay,R01
5928.5,T015,U07,direct,
5928.6,T022,U05,relay,R01
5928.6,T024,U06,direct,
5929.2,T026,U01,direct,
5929.4,T012,U08,relay,R01
5929.5,T015,U07,direct,
5929.6,T022,U05,relay,R01
5929.6,T024,U06,direct,
5930.2,T026,U01,direct,
5930.4,T012,U08,relay,R01
5930.5,T015,U07,direct,
5930.6,T022,U05,relay,R01
5930.6,T024,U06,direct,
5931.2,T026,U01,direct,
5931.4,T012,U08,relay,R01
5931.5,T015,U07,direct,
5931.6,T022,U05,relay,R01
5931.6,T024,U06,direct,
5932.2,T026,U01,direct,
5932.4,T012,U08,relay,R01
5932.5,T015,U07,direct,
5932.6,T022,U05,relay,R01
5932.6,T024,U06,direct,
5933.2,T026,U01,direct,
5933.4,T012,U08,relay,R01
5933.5,T015,U07,direct,
5933.6,T022,U05,relay,R01
5933.6,T024,U06,direct,
5934.2,T026,U01,direct,
5934.4,T012,U08,relay,R01
5934.5,T015,U07,direct,
5934.6,T022,U05,relay,R01
5934.6,T024,U06,direct,
5935.2,T026,U01,direct,
5935.4,T012,U08,relay,R01
5935.5,T015,U07,direct,
5935.6,T022,U05,relay,R01
5935.6,T024,U06,direct,
5936.2,T026,U01,direct,
5936.4,T012,U08,relay,R01
5936.5,T015,U07,direct,
5936.6,T022,U05,relay,R01
5936.6,T024,U06,direct,
5937.2,T026,U01,direct,
5937.4,T012,U08,relay,R01
5937.5,T015,U07,direct,
5937.6,T022,U05,relay,R01
5937.6,T024,U06,direct,
5938.2,T026,U01,direct,
5938.4,T012,U08,relay,R01
5938.5,T015,U07,direct,
5938.6,T022,U05,relay,R01
5938.6,T024,U06,direct,
5939.2,T026,U01,direct,
5939.4,T012,U08,relay,R01
5939.5,T015,U07,direct,
5939.6,T022,U05,relay,R01
5939.6,T024,U06,direct,
5940.2,T026,U01,direct,
5940.4,T012,U08,relay,R01
5940.5,T015,U07,direct,
5940.6,T022,U05,relay,R01
5940.6,T024,U06,direct,
5941.2,T026,U01,direct,
5941.4,T012,U08,relay,R01
5941.5,T015,U07,direct,
5941.6,T022,U05,relay,R01
5941.6,T024,U06,direct,
5942.2,T026,U01,direct,
5942.4,T012,U08,relay,R01
5942.5,T015,U07,direct,
5942.6,T022,U05,relay,R01
5942.6,T024,U06,direct,
5943.2,T026,U01,direct,
5943.4,T012,U08,relay,R01
5943.5,T015,U07,direct,
5943.6,T022,U05,relay,R01
5943.6,T024,U06,direct,
5944.2,T026,U01,direct,
5944.4,T012,U08,relay,R01
5944.5,T015,U07,direct,
5944.6,T022,U05,relay,R01
5944.6,T024,U06,direct,
5945.2,T026,U01,direct,
5945.4,T012,U08,relay,R01
5945.5,T015,U07,direct,
5945.6,T022,U05,relay,R01
5945.6,T024,U06,direct,
5946.2,T026,U01,direct,
5946.4,T012,U08,relay,R01
5946.5,T015,U07,direct,
5946.6,T022,U05,relay,R01
5946.6,T024,U06,direct,
5947.2,T026,U01,direct,
5947.4,T012,U08,relay,R01
5947.5,T015,U07,direct,
5947.6,T022,U05,relay,R01
5947.6,T024,U06,direct,
5948.2,T026,U01,direct,
5948.4,T012,U08,relay,R01
5948.5,T015,U07,direct,
5948.6,T022,U05,relay,R01
5948.6,T024,U06,direct,
5949.2,T026,U01,direct,
5949.4,T012,U08,relay,R01
5949.5,T015,U07,direct,
5949.6,T022,U05,relay,R01
5949.6,T024,U06,direct,
5950.2,T026,U01,direct,
5950.4,T012,U08,relay,R01
5950.5,T015,U07,direct,
5950.6,T022,U05,relay,R01
5950.6,T024,U06,direct,
5951.2,T026,U01,direct,
5951.4,T012,U08,relay,R01
5951.5,T015,U07,direct,
5951.6,T022,U05,relay,R01
5951.6,T024,U06,direct,
5952.2,T026,U01,direct,
5952.4,T012,U08,relay,R01
5952.5,T015,U07,direct,
5952.6,T022,U05,relay,R01
5952.6,T024,U06,direct,
5953.2,T026,U01,direct,
5953.4,T012,U08,relay,R01
5953.5,T015,U07,direct,
5953.6,T022,U05,relay,R01
5953.6,T024,U06,direct,
5954.2,T026,U01,direct,
5954.4,T012,U08,relay,R01
5954.5,T015,U07,direct,
5954.6,T022,U05,relay,R01
5954.6,T024,U06,direct,
5955.2,T026,U01,direct,
5955.4,T012,U08,relay,R01
5955.5,T015,U07,direct,
5955.6,T022,U05,relay,R01
5955.6,T024,U06,direct,
5956.2,T026,U01,direct,
5956.4,T012,U08,relay,R01
5956.5,T015,U07,direct,
5956.6,T022,U05,relay,R01
5956.6,T024,U06,direct,
5957.2,T026,U01,direct,
5957.4,T012,U08,relay,R01
5957.5,T015,U07,direct,
5957.6,T022,U05,relay,R01
5957.6,T024,U06,direct,
5958.2,T026,U01,direct,
5958.4,T012,U08,relay,R01
5958.5,T015,U07,direct,
5958.6,T022,U05,relay,R01
5958.6,T024,U06,direct,
5959.2,T026,U01,direct,
5959.4,T012,U08,relay,R01
5959.5,T015,U07,direct,
5959.6,T022,U05,relay,R01
5959.6,T024,U06,direct,
5960.2,T026,U01,direct,
5960.4,T012,U08,relay,R01
5960.5,T015,U07,direct,
5960.6,T022,U05,relay,R01
5960.6,T024,U06,direct,
5961.2,T026,U01,direct,
5961.4,T012,U08,relay,R01
5961.5,T015,U07,direct,
5961.6,T022,U05,relay,R01
5961.6,T024,U06,direct,
5962.2,T026,U01,direct,
5962.4,T012,U08,relay,R01
5962.5,T015,U07,direct,
5962.6,T022,U05,relay,R01
5962.6,T024,U06,direct,
5963.2,T026,U01,direct,
5963.4,T012,U08,relay,R01
5963.5,T015,U07,direct,
5963.6,T022,U05,relay,R01
5963.6,T024,U06,direct,
5964.2,T026,U01,direct,
5964.4,T012,U08,relay,R01
5964.5,T015,U07,direct,
5964.6,T022,U05,relay,R01
5964.6,T024,U06,direct,
5965.2,T026,U01,direct,
5965.4,T012,U08,relay,R01
5965.5,T015,U07,direct,
5965.6,T022,U05,relay,R01
5965.6,T024,U06,direct,
5966.2,T026,U01,direct,
5966.4,T012,U08,relay,R01
5966.5,T015,U07,direct,
5966.6,T022,U05,relay,R01
5966.6,T024,U06,direct,
5967.2,T026,U01,direct,
5967.4,T012,U08,relay,R01
5967.5,T015,U07,direct,
5967.6,T022,U05,relay,R01
5967.6,T024,U06,direct,
5968.2,T026,U01,direct,
5968.4,T012,U08,relay,R01
5968.5,T015,U07,direct,
5968.6,T022,U05,relay,R01
5968.6,T024,U06,direct,
5969.2,T026,U01,direct,
5969.4,T012,U08,relay,R01
5969.5,T015,U07,direct,
5969.6,T022,U05,relay,R01
5969.6,T024,U06,direct,
5970.2,T026,U01,direct,
5970.4,T012,U08,relay,R01
5970.5,T015,U07,direct,
5970.6,T022,U05,relay,R01
5970.6,T024,U06,direct,
5971.2,T026,U01,direct,
5971.4,T012,U08,relay,R01
5971.5,T015,U07,direct,
5971.6,T022,U05,relay,R01
5971.6,T024,U06,direct,
5972.2,T026,U01,direct,
5972.4,T012,U08,relay,R01
5972.5,T015,U07,direct,
5972.6,T022,U05,relay,R01
5972.6,T024,U06,direct,
5973.2,T026,U01,direct,
5973.4,T012,U08,relay,R01
5973.5,T015,U07,direct,
5973.6,T022,U05,relay,R01
5973.6,T024,U06,direct,
5974.2,T026,U01,direct,
5974.4,T012,U08,relay,R01
5974.5,T015,U07,direct,
5974.6,T022,U05,relay,R01
5974.6,T024,U06,direct,
5975.2,T026,U01,direct,
5975.4,T012,U08,relay,R01
5975.5,T015,U07,direct,
5975.6,T022,U05,relay,R01
5975.6,T024,U06,direct,
5976.2,T026,U01,direct,
5976.4,T012,U08,relay,R01
5976.5,T015,U07,direct,
5976.6,T022,U05,relay,R01
5976.6,T024,U06,direct,
5977.2,T026,U01,direct,
5977.4,T012,U08,relay,R01
5977.5,T015,U07,direct,
5977.6,T022,U05,relay,R01
5977.6,T024,U06,direct,
5978.2,T026,U01,direct,
5978.4,T012,U08,relay,R01
5978.5,T015,U07,direct,
5978.6,T022,U05,relay,R01
5978.6,T024,U06,direct,
5979.2,T026,U01,direct,
5979.4,T012,U08,relay,R01
5979.5,T015,U07,direct,
5979.6,T022,U05,relay,R01
5979.6,T024,U06,direct,
5980.2,T026,U01,direct,
5980.4,T012,U08,relay,R01
5980.5,T015,U07,direct,
5980.6,T022,U05,relay,R01
5980.6,T024,U06,direct,
5981.2,T026,U01,direct,
5981.4,T012,U08,relay,R01
5981.5,T015,U07,direct,
5981.6,T022,U05,relay,R01
5981.6,T024,U06,direct,
5982.2,T026,U01,direct,
5982.4,T012,U08,relay,R01
5982.5,T015,U07,direct,
5982.6,T022,U05,relay,R01
5982.6,T024,U06,direct,
5983.2,T026,U01,direct,
5983.4,T012,U08,relay,R01
5983.5,T015,U07,direct,
5983.6,T022,U05,relay,R01
5983.6,T024,U06,direct,
5984.2,T026,U01,direct,
5984.4,T012,U08,relay,R01
5984.5,T015,U07,direct,
5984.6,T022,U05,relay,R01
5984.6,T024,U06,direct,
5985.2,T026,U01,direct,
5985.4,T012,U08,relay,R01
5985.5,T015,U07,direct,
5985.6,T022,U05,relay,R01
5985.6,T024,U06,direct,
5986.2,T026,U01,direct,
5986.4,T012,U08,relay,R01
5986.5,T015,U07,direct,
5986.6,T022,U05,relay,R01
5986.6,T024,U06,direct,
5987.2,T026,U01,direct,
5987.4,T012,U08,relay,R01
5987.5,T015,U07,direct,
5987.6,T022,U05,relay,R01
5987.6,T024,U06,direct,
5988.2,T026,U01,direct,
5988.4,T012,U08,relay,R01
5988.5,T015,U07,direct,
5988.6,T022,U05,relay,R01
5988.6,T024,U06,direct,
5989.2,T026,U01,direct,
5989.4,T012,U08,relay,R01
5989.5,T015,U07,direct,
5989.6,T022,U05,relay,R01
5989.6,T024,U06,direct,
5990.2,T026,U01,direct,
5990.4,T012,U08,relay,R01
5990.5,T015,U07,direct,
5990.6,T022,U05,relay,R01
5990.6,T024,U06,direct,
5991.2,T026,U01,direct,
5991.4,T012,U08,relay,R01
5991.5,T015,U07,direct,
5991.6,T022,U05,relay,R01
5991.6,T024,U06,direct,
5992.2,T026,U01,direct,
5992.4,T012,U08,relay,R01
5992.5,T015,U07,direct,
5992.6,T022,U05,relay,R01
5992.6,T024,U06,direct,
5993.2,T026,U01,direct,
5993.4,T012,U08,relay,R01
5993.5,T015,U07,direct,
5993.6,T022,U05,relay,R01
5993.6,T024,U06,direct,
5994.2,T026,U01,direct,
5994.4,T012,U08,relay,R01
5994.5,T015,U07,direct,
5994.6,T022,U05,relay,R01
5994.6,T024,U06,direct,
5995.2,T026,U01,direct,
5995.4,T012,U08,relay,R01
5995.5,T015,U07,direct,
5995.6,T022,U05,relay,R01
5995.6,T024,U06,direct,
5996.2,T026,U01,direct,
5996.4,T012,U08,relay,R01
5996.5,T015,U07,direct,
5996.6,T022,U05,relay,R01
5996.6,T024,U06,direct,
5997.2,T026,U01,direct,
5997.4,T012,U08,relay,R01
5997.5,T015,U07,direct,
5997.6,T022,U05,relay,R01
5997.6,T024,U06,direct,
5998.2,T026,U01,direct,
5998.4,T012,U08,relay,R01
5998.5,T015,U07,direct,
5998.6,T022,U05,relay,R01
5998.6,T024,U06,direct,
5999.2,T026,U01,direct,
5999.4,T012,U08,relay,R01
5999.5,T015,U07,direct,
5999.6,T022,U05,relay,R01
5999.6,T024,U06,direct,
6000.2,T026,U01,direct,
6000.4,T012,U08,relay,R01
6000.5,T015,U07,direct,
6000.6,T022,U05,relay,R01
6000.6,T024,U06,direct,
6001.2,T026,U01,direct,
6001.4,T012,U08,relay,R01
6001.5,T015,U07,direct,
6001.6,T022,U05,relay,R01
6001.6,T024,U06,direct,
6002.2,T026,U01,direct,
6002.4,T012,U08,relay,R01
6002.5,T015,U07,direct,
6002.6,T022,U05,relay,R01
6002.6,T024,U06,direct,
6003.2,T026,U01,direct,
6003.4,T012,U08,relay,R01
6003.5,T015,U07,direct,
6003.6,T022,U05,relay,R01
6003.6,T024,U06,direct,
6004.2,T026,U01,direct,
6004.4,T012,U08,relay,R01
6004.5,T015,U07,direct,
6004.6,T022,U05,relay,R01
6004.6,T024,U06,direct,
6005.2,T026,U01,direct,
6005.4,T012,U08,relay,R01
6005.5,T015,U07,direct,
6005.6,T022,U05,relay,R01
6005.6,T024,U06,direct,
6006.2,T026,U01,direct,
6006.4,T012,U08,relay,R01
6006.5,T015,U07,direct,
6006.6,T022,U05,relay,R01
6006.6,T024,U06,direct,
6007.2,T026,U01,direct,
6007.4,T012,U08,relay,R01
6007.5,T015,U07,direct,
6007.6,T022,U05,relay,R01
6007.6,T024,U06,direct,
6008.2,T026,U01,direct,
6008.4,T012,U08,relay,R01
6008.5,T015,U07,direct,
6008.6,T022,U05,relay,R01
6008.6,T024,U06,direct,
6009.2,T026,U01,direct,
6009.4,T012,U08,relay,R01
6009.5,T015,U07,direct,
6009.6,T022,U05,relay,R01
6009.6,T024,U06,direct,
6010.2,T026,U01,direct,
6010.4,T012,U08,relay,R01
6010.5,T015,U07,direct,
6010.6,T022,U05,relay,R01
6010.6,T024,U06,direct,
6011.2,T026,U01,direct,
6011.4,T012,U08,relay,R01
6011.5,T015,U07,direct,
6011.6,T022,U05,relay,R01
6011.6,T024,U06,direct,
6012.2,T026,U01,direct,
6012.4,T012,U08,relay,R01
6012.5,T015,U07,direct,
6012.6,T022,U05,relay,R01
6012.6,T024,U06,direct,
6013.2,T026,U01,direct,
6013.4,T012,U08,relay,R01
6013.5,T015,U07,direct,
6013.6,T022,U05,relay,R01
6013.6,T024,U06,direct,
6014.2,T026,U01,direct,
6014.4,T012,U08,relay,R01
6014.5,T015,U07,direct,
6014.6,T022,U05,relay,R01
6014.6,T024,U06,direct,
6015.2,T026,U01,direct,
6015.4,T012,U08,relay,R01
6015.5,T015,U07,direct,
6015.6,T022,U05,relay,R01
6015.6,T024,U06,direct,
6016.2,T026,U01,direct,
6016.4,T012,U08,relay,R01
6016.5,T015,U07,direct,
6016.6,T022,U05,relay,R01
6016.6,T024,U06,direct,
6017.2,T026,U01,direct,
6017.4,T012,U08,relay,R01
6017.5,T015,U07,direct,
6017.6,T022,U05,relay,R01
6017.6,T024,U06,direct,
6018.2,T026,U01,direct,
6018.4,T012,U08,relay,R01
6018.5,T015,U07,direct,
6018.6,T022,U05,relay,R01
6018.6,T024,U06,direct,
6019.2,T026,U01,direct,
6019.4,T012,U08,relay,R01
6019.5,T015,U07,direct,
6019.6,T022,U05,relay,R01
6019.6,T024,U06,direct,
6020.2,T026,U01,direct,
6020.4,T012,U08,relay,R01
6020.5,T015,U07,direct,
6020.6,T022,U05,relay,R01
6020.6,T024,U06,direct,
6021.2,T026,U01,direct,
6021.4,T012,U08,relay,R01
6021.5,T015,U07,direct,
6021.6,T022,U05,relay,R01
6021.6,T024,U06,direct,
6022.2,T026,U01,direct,
6022.4,T012,U08,relay,R01
6022.5,T015,U07,direct,
6022.6,T022,U05,relay,R01
6022.6,T024,U06,direct,
6023.2,T026,U01,direct,
6023.4,T012,U08,relay,R01
6023.5,T015,U07,direct,
6023.6,T022,U05,relay,R01
6023.6,T024,U06,direct,
6024.2,T026,U01,direct,
6024.4,T012,U08,relay,R01
6024.5,T015,U07,direct,
6024.6,T022,U05,relay,R01
6024.6,T024,U06,direct,
6025.2,T026,U01,direct,
6025.4,T012,U08,relay,R01
6025.5,T015,U07,direct,
6025.6,T022,U05,relay,R01
6025.6,T024,U06,direct,
6026.2,T026,U01,direct,
6026.4,T012,U08,relay,R01
6026.5,T015,U07,direct,
6026.6,T022,U05,relay,R01
6026.6,T024,U06,direct,
6027.2,T026,U01,direct,
6027.4,T012,U08,relay,R01
6027.5,T015,U07,direct,
6027.6,T022,U05,relay,R01
6027.6,T024,U06,direct,
6028.2,T026,U01,direct,
6028.4,T012,U08,relay,R01
6028.5,T015,U07,relay,R01
6028.6,T022,U05,relay,R01
6028.6,T024,U06,direct,
6029.2,T026,U01,direct,
6029.4,T012,U08,relay,R01
6029.5,T015,U07,relay,R01
6029.6,T022,U05,relay,R01
6029.6,T024,U06,direct,
6030.2,T026,U01,direct,
6030.4,T012,U08,relay,R01
6030.5,T015,U07,relay,R01
6030.6,T022,U05,relay,R01
6030.6,T024,U06,direct,
6031.2,T026,U01,direct,
6031.4,T012,U08,relay,R01
6031.5,T015,U07,relay,R01
6031.6,T022,U05,relay,R01
6031.6,T024,U06,direct,
6032.2,T026,U01,direct,
6032.4,T012,U08,relay,R01
6032.5,T015,U07,relay,R01
6032.6,T022,U05,relay,R01
6032.6,T024,U06,direct,
6033.2,T026,U01,direct,
6033.4,T012,U08,relay,R01
6033.5,T015,U07,relay,R01
6033.6,T022,U05,relay,R01
6033.6,T024,U06,direct,
6034.2,T026,U01,direct,
6034.4,T012,U08,relay,R01
6034.5,T015,U07,relay,R01
6034.6,T022,U05,relay,R01
6034.6,T024,U06,direct,
6035.2,T026,U01,direct,
6035.4,T012,U08,relay,R01
6035.5,T015,U07,relay,R01
6035.6,T022,U05,relay,R01
6035.6,T024,U06,direct,
6036.2,T026,U01,direct,
6036.4,T012,U08,relay,R01
6036.5,T015,U07,relay,R01
6036.6,T022,U05,relay,R01
6036.6,T024,U06,direct,
6037.2,T026,U01,direct,
6037.4,T012,U08,relay,R01
6037.5,T015,U07,relay,R01
6037.6,T022,U05,relay,R01
6037.6,T024,U06,direct,
6038.2,T026,U01,direct,
6038.4,T012,U08,direct,
6038.5,T015,U07,relay,R01
6038.6,T022,U05,relay,R01
6038.6,T024,U06,direct,
6039.2,T026,U01,direct,
6039.4,T012,U08,direct,
6039.5,T015,U07,relay,R01
6039.6,T022,U05,relay,R01
6039.6,T024,U06,direct,
6040.2,T026,U01,direct,
6040.4,T012,U08,direct,
6040.5,T015,U07,relay,R01
6040.6,T022,U05,relay,R01
6040.6,T024,U06,direct,
6041.2,T026,U01,direct,
6041.4,T012,U08,direct,
6041.5,T015,U07,relay,R01
6041.6,T022,U05,relay,R01
6041.6,T024,U06,direct,
6042.2,T026,U01,direct,
6042.4,T012,U08,direct,
6042.5,T015,U07,relay,R01
6042.6,T022,U05,relay,R01
6042.6,T024,U06,direct,
6043.2,T026,U01,direct,
6043.4,T012,U08,direct,
6043.5,T015,U07,relay,R01
6043.6,T022,U05,relay,R01
6043.6,T024,U06,direct,
6044.2,T026,U01,direct,
6044.4,T012,U08,direct,
6044.5,T015,U07,relay,R01
6044.6,T022,U05,relay,R01
6044.6,T024,U06,direct,
6045.2,T026,U01,direct,
6045.4,T012,U08,direct,
6045.5,T015,U07,relay,R01
6045.6,T022,U05,relay,R01
6045.6,T024,U06,direct,
6046.2,T026,U01,direct,
6046.4,T012,U08,direct,
6046.5,T015,U07,relay,R01
6046.6,T022,U05,relay,R01
6046.6,T024,U06,direct,
6047.2,T026,U01,direct,
6047.4,T012,U08,direct,
6047.5,T015,U07,relay,R01
6047.6,T022,U05,relay,R01
6047.6,T024,U06,direct,
6048.2,T026,U01,direct,
6048.4,T012,U08,direct,
6048.5,T015,U07,relay,R01
6048.6,T022,U05,relay,R01
6048.6,T024,U06,direct,
6049.2,T026,U01,direct,
6049.4,T012,U08,direct,
6049.5,T015,U07,relay,R01
6049.6,T022,U05,relay,R01
6049.6,T024,U06,direct,
6050.2,T026,U01,direct,
6050.4,T012,U08,direct,
6050.5,T015,U07,relay,R01
6050.6,T022,U05,relay,R01
6050.6,T024,U06,direct,
6051.2,T026,U01,direct,
6051.4,T012,U08,direct,
6051.5,T015,U07,relay,R01
6051.6,T022,U05,relay,R01
6051.6,T024,U06,direct,
6052.2,T026,U01,direct,
6052.4,T012,U08,direct,
6052.5,T015,U07,relay,R01
6052.6,T022,U05,relay,R01
6052.6,T024,U06,direct,
6053.2,T026,U01,direct,
6053.4,T012,U08,direct,
6053.5,T015,U07,relay,R01
6053.6,T022,U05,relay,R01
6053.6,T024,U06,direct,
6054.2,T026,U01,direct,
6054.4,T012,U08,direct,
6054.5,T015,U07,relay,R01
6054.6,T022,U05,relay,R01
6054.6,T024,U06,direct,
6055.2,T026,U01,direct,
6055.4,T012,U08,direct,
6055.5,T015,U07,relay,R01
6055.6,T022,U05,relay,R01
6055.6,T024,U06,direct,
6056.2,T026,U01,direct,
6056.4,T012,U08,direct,
6056.5,T015,U07,relay,R01
6056.6,T022,U05,relay,R01
6056.6,T024,U06,direct,
6057.2,T026,U01,direct,
6057.4,T012,U08,direct,
6057.5,T015,U07,relay,R01
6057.6,T022,U05,relay,R01
6057.6,T024,U06,direct,
6058.2,T026,U01,direct,
6058.4,T012,U08,direct,
6058.5,T015,U07,relay,R01
6058.6,T022,U05,relay,R01
6058.6,T024,U06,direct,
6059.2,T026,U01,direct,
6059.4,T012,U08,direct,
6059.5,T015,U07,relay,R01
6059.6,T022,U05,relay,R01
6059.6,T024,U06,direct,
6060.2,T026,U01,direct,
6060.4,T012,U08,direct,
6060.5,T015,U07,relay,R01
6060.6,T022,U05,relay,R01
6060.6,T024,U06,direct,
6061.2,T026,U01,direct,
6061.4,T012,U08,direct,
6061.5,T015,U07,relay,R01
6061.6,T022,U05,relay,R01
6061.6,T024,U06,direct,
6062.2,T026,U01,direct,
6062.4,T012,U08,direct,
6062.5,T015,U07,relay,R01
6062.6,T022,U05,relay,R01
6062.6,T024,U06,direct,
6063.2,T026,U01,direct,
6063.4,T012,U08,direct,
6063.5,T015,U07,relay,R01
6063.6,T022,U05,relay,R01
6063.6,T024,U06,direct,
6064.2,T026,U01,direct,
6064.4,T012,U08,direct,
6064.5,T015,U07,relay,R01
6064.6,T022,U05,relay,R01
6064.6,T024,U06,direct,
6065.2,T026,U01,direct,
6065.4,T012,U08,direct,
6065.5,T015,U07,relay,R01
6065.6,T022,U05,relay,R01
6065.6,T024,U06,direct,
6066.2,T026,U01,direct,
6066.4,T012,U08,direct,
6066.5,T015,U07,relay,R01
6066.6,T022,U05,relay,R01
6066.6,T024,U06,direct,
6067.2,T026,U01,direct,
6067.4,T012,U08,direct,
6067.5,T015,U07,relay,R01
6067.6,T022,U05,relay,R01
6067.6,T024,U06,direct,
6068.2,T026,U01,direct,
6068.4,T012,U08,direct,
6068.5,T015,U07,relay,R01
6068.6,T022,U05,relay,R01
6068.6,T024,U06,direct,
6069.2,T026,U01,direct,
6069.4,T012,U08,direct,
6069.5,T015,U07,relay,R01
6069.6,T022,U05,relay,R01
6069.6,T024,U06,direct,
6070.2,T026,U01,direct,
6070.4,T012,U08,direct,
6070.5,T015,U07,relay,R01
6070.6,T022,U05,relay,R01
6070.6,T024,U06,direct,
6071.2,T026,U01,direct,
6071.4,T012,U08,direct,
6071.5,T015,U07,relay,R01
6071.6,T022,U05,relay,R01
6071.6,T024,U06,direct,
6072.2,T026,U01,direct,
6072.4,T012,U08,direct,
6072.5,T015,U07,relay,R01
6072.6,T022,U05,relay,R01
6072.6,T024,U06,direct,
6073.2,T026,U01,direct,
6073.4,T012,U08,direct,
6073.5,T015,U07,relay,R01
6073.6,T022,U05,relay,R01
6073.6,T024,U06,direct,
6074.2,T026,U01,direct,
6074.4,T012,U08,direct,
6074.5,T015,U07,relay,R01
6074.6,T022,U05,relay,R01
6074.6,T024,U06,direct,
6075.2,T026,U01,direct,
6075.4,T012,U08,direct,
6075.5,T015,U07,relay,R01
6075.6,T022,U05,relay,R01
6075.6,T024,U06,direct,
6076.2,T026,U01,direct,
6076.4,T012,U08,direct,
6076.5,T015,U07,relay,R01
6076.6,T022,U05,relay,R01
6076.6,T024,U06,direct,
6077.2,T026,U01,direct,
6077.4,T012,U08,direct,
6077.5,T015,U07,relay,R01
6077.6,T022,U05,relay,R01
6077.6,T024,U06,direct,
6078.2,T026,U01,direct,
6078.4,T012,U08,direct,
6078.5,T015,U07,relay,R01
6078.6,T022,U05,relay,R01
6078.6,T024,U06,direct,
6079.2,T026,U01,direct,
6079.4,T012,U08,direct,
6079.5,T015,U07,relay,R01
6079.6,T022,U05,relay,R01
6079.6,T024,U06,direct,
6080.2,T026,U01,direct,
6080.4,T012,U08,direct,
6080.5,T015,U07,relay,R01
6080.6,T022,U05,relay,R01
6080.6,T024,U06,direct,
6081.2,T026,U01,direct,
6081.4,T012,U08,direct,
6081.5,T015,U07,relay,R01
6081.6,T022,U05,relay,R01
6081.6,T024,U06,direct,
6082.2,T026,U01,direct,
6082.4,T012,U08,direct,
6082.5,T015,U07,relay,R01
6082.6,T022,U05,relay,R01
6082.6,T024,U06,direct,
6083.2,T026,U01,direct,
6083.4,T012,U08,direct,
6083.5,T015,U07,relay,R01
6083.6,T022,U05,relay,R01
6083.6,T024,U06,direct,
6084.2,T026,U01,direct,
6084.4,T012,U08,direct,
6084.5,T015,U07,relay,R01
6084.6,T022,U05,relay,R01
6084.6,T024,U06,direct,
6085.2,T026,U01,direct,
6085.4,T012,U08,direct,
6085.5,T015,U07,relay,R01
6085.6,T022,U05,relay,R01
6085.6,T024,U06,direct,
6086.2,T026,U01,direct,
6086.4,T012,U08,direct,
6086.5,T015,U07,relay,R01
6086.6,T022,U05,relay,R01
6086.6,T024,U06,direct,
6087.2,T026,U01,direct,
6087.4,T012,U08,direct,
6087.5,T015,U07,relay,R01
6087.6,T022,U05,relay,R01
6087.6,T024,U06,direct,
6088.2,T026,U01,direct,
6088.4,T012,U08,direct,
6088.5,T015,U07,relay,R01
6088.6,T022,U05,relay,R01
6088.6,T024,U06,direct,
6089.2,T026,U01,direct,
6089.4,T012,U08,direct,
6089.5,T015,U07,relay,R01
6089.6,T022,U05,relay,R01
6089.6,T024,U06,direct,
6090.2,T026,U01,direct,
6090.4,T012,U08,direct,
6090.5,T015,U07,relay,R01
6090.6,T022,U05,relay,R01
6090.6,T024,U06,direct,
6091.2,T026,U01,direct,
6091.4,T012,U08,direct,
6091.5,T015,U07,relay,R01
6091.6,T022,U05,relay,R01
6091.6,T024,U06,direct,
6092.2,T026,U01,direct,
6092.4,T012,U08,direct,
6092.5,T015,U07,relay,R01
6092.6,T022,U05,relay,R01
6092.6,T024,U06,direct,
6093.2,T026,U01,direct,
6093.4,T012,U08,direct,
6093.5,T015,U07,relay,R01
6093.6,T022,U05,relay,R01
6093.6,T024,U06,direct,
6094.2,T026,U01,direct,
6094.4,T012,U08,direct,
6094.5,T015,U07,relay,R01
6094.6,T022,U05,relay,R01
6094.6,T024,U06,direct,
6095.2,T026,U01,direct,
6095.4,T012,U08,direct,
6095.5,T015,U07,relay,R01
6095.6,T022,U05,relay,R01
6095.6,T024,U06,direct,
6096.2,T026,U01,direct,
6096.4,T012,U08,direct,
6096.5,T015,U07,relay,R01
6096.6,T022,U05,relay,R01
6096.6,T024,U06,direct,
6097.2,T026,U01,direct,
6097.4,T012,U08,direct,
6097.5,T015,U07,relay,R01
6097.6,T022,U05,relay,R01
6097.6,T024,U06,direct,
6098.2,T026,U01,direct,
6098.4,T012,U08,direct,
6098.5,T015,U07,relay,R01
6098.6,T022,U05,relay,R01
6098.6,T024,U06,direct,
6099.2,T026,U01,direct,
6099.4,T012,U08,direct,
6099.5,T015,U07,relay,R01
6099.6,T022,U05,relay,R01
6099.6,T024,U06,direct,
6100.2,T026,U01,direct,
6100.4,T012,U08,direct,
6100.5,T015,U07,relay,R01
6100.6,T022,U05,relay,R01
6100.6,T024,U06,direct,
6101.2,T026,U01,direct,
6101.4,T012,U08,direct,
6101.5,T015,U07,relay,R01
6101.6,T022,U05,relay,R01
6101.6,T024,U06,direct,
6102.2,T026,U01,direct,
6102.4,T012,U08,direct,
6102.5,T015,U07,relay,R01
6102.6,T022,U05,relay,R01
6102.6,T024,U06,direct,
6103.2,T026,U01,direct,
6103.4,T012,U08,direct,
6103.5,T015,U07,relay,R01
6103.6,T022,U05,relay,R01
6103.6,T024,U06,direct,
6104.2,T026,U01,direct,
6104.4,T012,U08,direct,
6104.5,T015,U07,relay,R01
6104.6,T022,U05,relay,R01
6104.6,T024,U06,direct,
6105.2,T026,U01,direct,
6105.4,T012,U08,direct,
6105.5,T015,U07,relay,R01
6105.6,T022,U05,relay,R01
6105.6,T024,U06,direct,
6106.2,T026,U01,direct,
6106.4,T012,U08,direct,
6106.5,T015,U07,relay,R01
6106.6,T022,U05,relay,R01
6106.6,T024,U06,direct,
6107.2,T026,U01,direct,
6107.4,T012,U08,direct,
6107.5,T015,U07,relay,R01
6107.6,T022,U05,relay,R01
6107.6,T024,U06,direct,
6108.2,T026,U01,direct,
6108.4,T012,U08,direct,
6108.5,T015,U07,relay,R01
6108.6,T022,U05,relay,R01
6108.6,T024,U06,direct,
6109.2,T026,U01,direct,
6109.4,T012,U08,direct,
6109.5,T015,U07,relay,R01
6109.6,T022,U05,relay,R01
6109.6,T024,U06,direct,
6110.2,T026,U01,direct,
6110.4,T012,U08,direct,
6110.5,T015,U07,relay,R01
6110.6,T022,U05,relay,R01
6110.6,T024,U06,direct,
6111.2,T026,U01,direct,
6111.4,T012,U08,direct,
6111.5,T015,U07,relay,R01
6111.6,T022,U05,relay,R01
6111.6,T024,U06,direct,
6112.2,T026,U01,direct,
6112.4,T012,U08,direct,
6112.5,T015,U07,relay,R01
6112.6,T022,U05,relay,R01
6112.6,T024,U06,direct,
6113.2,T026,U01,direct,
6113.4,T012,U08,direct,
6113.5,T015,U07,relay,R01
6113.6,T022,U05,relay,R01
6113.6,T024,U06,direct,
6114.2,T026,U01,direct,
6114.4,T012,U08,direct,
6114.5,T015,U07,relay,R01
6114.6,T022,U05,relay,R01
6114.6,T024,U06,direct,
6115.2,T026,U01,direct,
6115.4,T012,U08,direct,
6115.5,T015,U07,relay,R01
6115.6,T022,U05,relay,R01
6115.6,T024,U06,direct,
6116.2,T026,U01,direct,
6116.4,T012,U08,direct,
6116.5,T015,U07,relay,R01
6116.6,T022,U05,relay,R01
6116.6,T024,U06,direct,
6117.2,T026,U01,direct,
6117.4,T012,U08,direct,
6117.5,T015,U07,relay,R01
6117.6,T022,U05,relay,R01
6117.6,T024,U06,direct,
6118.2,T026,U01,direct,
6118.4,T012,U08,direct,
6118.5,T015,U07,relay,R01
6118.6,T022,U05,relay,R01
6118.6,T024,U06,direct,
6119.2,T026,U01,direct,
6119.4,T012,U08,direct,
6119.5,T015,U07,relay,R01
6119.6,T022,U05,relay,R01
6119.6,T024,U06,direct,
6120.2,T026,U01,direct,
6120.4,T012,U08,direct,
6120.5,T015,U07,relay,R01
6120.6,T022,U05,relay,R01
6120.6,T024,U06,direct,
6121.2,T026,U01,direct,
6121.4,T012,U08,direct,
6121.5,T015,U07,relay,R01
6121.6,T022,U05,relay,R01
6121.6,T024,U06,direct,
6122.2,T026,U01,direct,
6122.4,T012,U08,direct,
6122.5,T015,U07,relay,R01
6122.6,T022,U05,relay,R01
6122.6,T024,U06,direct,
6123.2,T026,U01,direct,
6123.4,T012,U08,direct,
6123.5,T015,U07,relay,R01
6123.6,T022,U05,relay,R01
6123.6,T024,U06,direct,
6124.2,T026,U01,direct,
6124.4,T012,U08,direct,
6124.5,T015,U07,relay,R01
6124.6,T022,U05,relay,R01
6124.6,T024,U06,direct,
6125.2,T026,U01,direct,
6125.4,T012,U08,direct,
6125.5,T015,U07,relay,R01
6125.6,T022,U05,relay,R01
6125.6,T024,U06,direct,
6126.2,T026,U01,direct,
6126.4,T012,U08,direct,
6126.5,T015,U07,relay,R01
6126.6,T022,U05,relay,R01
6126.6,T024,U06,direct,
6127.2,T026,U01,direct,
6127.4,T012,U08,direct,
6127.5,T015,U07,relay,R01
6127.6,T022,U05,relay,R01
6127.6,T024,U06,direct,
6128.2,T026,U01,direct,
6128.4,T012,U08,direct,
6128.5,T015,U07,relay,R01
6128.6,T022,U05,relay,R01
6128.6,T024,U06,direct,
6129.2,T026,U01,direct,
6129.4,T012,U08,direct,
6129.5,T015,U07,relay,R01
6129.6,T022,U05,relay,R01
6129.6,T024,U06,direct,
6130.2,T026,U01,direct,
6130.4,T012,U08,direct,
6130.5,T015,U07,relay,R01
6130.6,T022,U05,relay,R01
6130.6,T024,U06,direct,
6131.2,T026,U01,direct,
6131.4,T012,U08,direct,
6131.5,T015,U07,relay,R01
6131.6,T022,U05,relay,R01
6131.6,T024,U06,direct,
6132.2,T026,U01,direct,
6132.4,T012,U08,direct,
6132.5,T015,U07,relay,R01
6132.6,T022,U05,relay,R01
6132.6,T024,U06,direct,
6133.2,T026,U01,direct,
6133.4,T012,U08,direct,
6133.5,T015,U07,relay,R01
6133.6,T022,U05,relay,R01
6133.6,T024,U06,direct,
6134.2,T026,U01,direct,
6134.4,T012,U08,direct,
6134.5,T015,U07,relay,R01
6134.6,T022,U05,relay,R01
6134.6,T024,U06,direct,
6135.2,T026,U01,direct,
6135.4,T012,U08,direct,
6135.5,T015,U07,relay,R01
6135.6,T022,U05,relay,R01
6135.6,T024,U06,direct,
6136.2,T026,U01,direct,
6136.4,T012,U08,direct,
6136.5,T015,U07,relay,R01
6136.6,T022,U05,relay,R01
6136.6,T024,U06,direct,
6137.2,T026,U01,direct,
6137.4,T012,U08,direct,
6137.5,T015,U07,relay,R01
6137.6,T022,U05,relay,R01
6137.6,T024,U06,direct,
6138.2,T026,U01,direct,
6138.4,T012,U08,direct,
6138.5,T015,U07,relay,R01
6138.6,T022,U05,relay,R01
6138.6,T024,U06,direct,
6139.2,T026,U01,direct,
6139.4,T012,U08,direct,
6139.5,T015,U07,relay,R01
6139.6,T022,U05,relay,R01
6139.6,T024,U06,direct,
6140.2,T026,U01,direct,
6140.4,T012,U08,direct,
6140.5,T015,U07,relay,R01
6140.6,T022,U05,relay,R01
6140.6,T024,U06,direct,
6141.2,T026,U01,direct,
6141.4,T012,U08,direct,
6141.5,T015,U07,relay,R01
6141.6,T022,U05,relay,R01
6141.6,T024,U06,direct,
6142.2,T026,U01,direct,
6142.4,T012,U08,direct,
6142.5,T015,U07,relay,R01
6142.6,T022,U05,relay,R01
6142.6,T024,U06,direct,
6143.2,T026,U01,direct,
6143.4,T012,U08,direct,
6143.5,T015,U07,relay,R01
6143.6,T022,U05,relay,R01
6143.6,T024,U06,direct,
6144.2,T026,U01,direct,
6144.4,T012,U08,direct,
6144.5,T015,U07,relay,R01
6144.6,T022,U05,relay,R01
6144.6,T024,U06,direct,
6145.2,T026,U01,direct,
6145.4,T012,U08,direct,
6145.5,T015,U07,relay,R01
6145.6,T022,U05,relay,R01
6145.6,T024,U06,direct,
6146.2,T026,U01,direct,
6146.4,T012,U08,direct,
6146.5,T015,U07,relay,R01
6146.6,T022,U05,relay,R01
6146.6,T024,U06,direct,
6147.2,T026,U01,direct,
6147.4,T012,U08,direct,
6147.5,T015,U07,relay,R01
6147.6,T022,U05,relay,R01
6147.6,T024,U06,direct,
6148.4,T012,U08,direct,
6148.5,T015,U07,relay,R01
6148.6,T022,U05,relay,R01
6148.6,T024,U06,direct,
6149.4,T012,U08,direct,
6149.5,T015,U07,relay,R01
6149.6,T022,U05,relay,R01
6149.6,T024,U06,direct,
6150.4,T012,U08,direct,
6150.5,T015,U07,relay,R01
6150.6,T022,U05,relay,R01
6150.6,T024,U06,direct,
6151.4,T012,U08,direct,
6151.5,T015,U07,relay,R01
6151.6,T022,U05,relay,R01
6151.6,T024,U06,direct,
6152.4,T012,U08,direct,
6152.5,T015,U07,relay,R01
6152.6,T022,U05,relay,R01
6152.6,T024,U06,direct,
6153.4,T012,U08,direct,
6153.5,T015,U07,relay,R01
6153.6,T022,U05,relay,R01
6153.6,T024,U06,direct,
6154.4,T012,U08,direct,
6154.5,T015,U07,relay,R01
6154.6,T022,U05,relay,R01
6154.6,T024,U06,direct,
6155.4,T012,U08,direct,
6155.5,T015,U07,relay,R01
6155.6,T022,U05,relay,R01
6155.6,T024,U06,direct,
6156.4,T012,U08,direct,
6156.5,T015,U07,relay,R01
6156.6,T022,U05,relay,R01
6156.6,T024,U06,direct,
6157.4,T012,U08,direct,
6157.5,T015,U07,relay,R01
6157.6,T022,U05,relay,R01
6157.6,T024,U06,direct,
6158.4,T012,U08,direct,
6158.5,T015,U07,relay,R01
6158.6,T022,U05,relay,R01
6158.6,T024,U06,direct,
6159.4,T012,U08,direct,
6159.5,T015,U07,relay,R01
6159.6,T022,U05,relay,R01
6159.6,T024,U06,direct,
6160.4,T012,U08,direct,
6160.5,T015,U07,relay,R01
6160.6,T022,U05,relay,R01
6160.6,T024,U06,direct,
6161.4,T012,U08,direct,
6161.5,T015,U07,relay,R01
6161.6,T022,U05,relay,R01
6161.6,T024,U06,direct,
6162.4,T012,U08,direct,
6162.5,T015,U07,relay,R01
6162.6,T022,U05,relay,R01
6162.6,T024,U06,direct,
6163.4,T012,U08,direct,
6163.5,T015,U07,relay,R01
6163.6,T022,U05,relay,R01
6163.6,T024,U06,direct,
6164.4,T012,U08,direct,
6164.5,T015,U07,relay,R01
6164.6,T022,U05,relay,R01
6164.6,T024,U06,direct,
6165.4,T012,U08,direct,
6165.5,T015,U07,relay,R01
6165.6,T022,U05,relay,R01
6165.6,T024,U06,direct,
6166.4,T012,U08,direct,
6166.5,T015,U07,relay,R01
6166.6,T022,U05,relay,R01
6166.6,T024,U06,direct,
6167.4,T012,U08,direct,
6167.5,T015,U07,relay,R01
6167.6,T022,U05,relay,R01
6167.6,T024,U06,direct,
6168.4,T012,U08,direct,
6168.5,T015,U07,relay,R01
6168.6,T022,U05,relay,R01
6168.6,T024,U06,direct,
6169.4,T012,U08,direct,
6169.5,T015,U07,relay,R01
6169.6,T022,U05,relay,R01
6169.6,T024,U06,direct,
6170.4,T012,U08,direct,
6170.5,T015,U07,relay,R01
6170.6,T022,U05,relay,R01
6170.6,T024,U06,direct,
6171.4,T012,U08,direct,
6171.5,T015,U07,relay,R01
6171.6,T022,U05,relay,R01
6171.6,T024,U06,direct,
6172.4,T012,U08,direct,
6172.5,T015,U07,relay,R01
6172.6,T022,U05,relay,R01
6172.6,T024,U06,direct,
6173.4,T012,U08,direct,
6173.5,T015,U07,relay,R01
6173.6,T022,U05,relay,R01
6173.6,T024,U06,direct,
6174.4,T012,U08,direct,
6174.5,T015,U07,relay,R01
6174.6,T022,U05,relay,R01
6174.6,T024,U06,direct,
6175.4,T012,U08,direct,
6175.5,T015,U07,relay,R01
6175.6,T022,U05,relay,R01
6175.6,T024,U06,direct,
6176.4,T012,U08,direct,
6176.5,T015,U07,relay,R01
6176.6,T022,U05,relay,R01
6176.6,T024,U06,direct,
6177.4,T012,U08,direct,
6177.5,T015,U07,relay,R01
6177.6,T022,U05,relay,R01
6177.6,T024,U06,direct,
6178.4,T012,U08,direct,
6178.5,T015,U07,relay,R01
6178.6,T022,U05,relay,R01
6178.6,T024,U06,direct,
6179.4,T012,U08,direct,
6179.5,T015,U07,relay,R01
6179.6,T022,U05,relay,R01
6179.6,T024,U06,direct,
6180.4,T012,U08,direct,
6180.5,T015,U07,relay,R01
6180.6,T022,U05,relay,R01
6180.6,T024,U06,direct,
6181.4,T012,U08,direct,
6181.5,T015,U07,relay,R01
6181.6,T022,U05,relay,R01
6181.6,T024,U06,direct,
6182.4,T012,U08,direct,
6182.5,T015,U07,relay,R01
6182.6,T022,U05,relay,R01
6182.6,T024,U06,direct,
6183.4,T012,U08,direct,
6183.5,T015,U07,relay,R01
6183.6,T022,U05,relay,R01
6183.6,T024,U06,direct,
6184.4,T012,U08,direct,
6184.5,T015,U07,relay,R01
6184.6,T022,U05,relay,R01
6184.6,T024,U06,direct,
6185.4,T012,U08,direct,
6185.5,T015,U07,relay,R01
6185.6,T022,U05,relay,R01
6185.6,T024,U06,direct,
6186.4,T012,U08,direct,
6186.5,T015,U07,relay,R01
6186.6,T022,U05,relay,R01
6186.6,T024,U06,direct,
6187.4,T012,U08,direct,
6187.5,T015,U07,relay,R01
6187.6,T022,U05,relay,R01
6187.6,T024,U06,direct,
6188.4,T012,U08,direct,
6188.5,T015,U07,relay,R01
6188.6,T022,U05,relay,R01
6188.6,T024,U06,direct,
6189.4,T012,U08,direct,
6189.5,T015,U07,relay,R01
6189.6,T022,U05,relay,R01
6189.6,T024,U06,direct,
6190.4,T012,U08,direct,
6190.5,T015,U07,relay,R01
6190.6,T022,U05,relay,R01
6190.6,T024,U06,direct,
6191.4,T012,U08,direct,
6191.5,T015,U07,relay,R01
6191.6,T022,U05,relay,R01
6191.6,T024,U06,direct,
6192.4,T012,U08,direct,
6192.5,T015,U07,relay,R01
6192.6,T022,U05,relay,R01
6192.6,T024,U06,direct,
6193.4,T012,U08,direct,
6193.5,T015,U07,relay,R01
6193.6,T022,U05,relay,R01
6193.6,T024,U06,direct,
6194.4,T012,U08,direct,
6194.5,T015,U07,relay,R01
6194.6,T022,U05,relay,R01
6194.6,T024,U06,direct,
6195.4,T012,U08,direct,
6195.5,T015,U07,relay,R01
6195.6,T022,U05,relay,R01
6195.6,T024,U06,direct,
6196.4,T012,U08,direct,
6196.5,T015,U07,relay,R01
6196.6,T022,U05,relay,R01
6196.6,T024,U06,direct,
6197.4,T012,U08,direct,
6197.5,T015,U07,relay,R01
6197.6,T022,U05,relay,R01
6197.6,T024,U06,direct,
6198.4,T012,U08,direct,
6198.5,T015,U07,relay,R01
6198.6,T022,U05,relay,R01
6198.6,T024,U06,direct,
6199.4,T012,U08,direct,
6199.5,T015,U07,relay,R01
6199.6,T022,U05,relay,R01
6199.6,T024,U06,direct,
6200.4,T012,U08,direct,
6200.5,T015,U07,relay,R01
6200.6,T022,U05,relay,R01
6200.6,T024,U06,direct,
6201.4,T012,U08,direct,
6201.5,T015,U07,relay,R01
6201.6,T022,U05,relay,R01
6201.6,T024,U06,direct,
6202.4,T012,U08,direct,
6202.5,T015,U07,relay,R01
6202.6,T022,U05,relay,R01
6202.6,T024,U06,direct,
6203.4,T012,U08,direct,
6203.5,T015,U07,relay,R01
6203.6,T022,U05,relay,R01
6203.6,T024,U06,direct,
6204.4,T012,U08,direct,
6204.5,T015,U07,relay,R01
6204.6,T022,U05,relay,R01
6204.6,T024,U06,direct,
6205.4,T012,U08,direct,
6205.5,T015,U07,relay,R01
6205.6,T022,U05,relay,R01
6205.6,T024,U06,direct,
6206.4,T012,U08,direct,
6206.5,T015,U07,relay,R01
6206.6,T022,U05,relay,R01
6206.6,T024,U06,direct,
6207.4,T012,U08,direct,
6207.5,T015,U07,relay,R01
6207.6,T022,U05,relay,R01
6207.6,T024,U06,direct,
6208.4,T012,U08,direct,
6208.5,T015,U07,relay,R01
6208.6,T022,U05,relay,R01
6208.6,T024,U06,direct,
6209.4,T012,U08,direct,
6209.5,T015,U07,relay,R01
6209.6,T022,U05,relay,R01
6209.6,T024,U06,direct,
6210.4,T012,U08,direct,
6210.5,T015,U07,relay,R01
6210.6,T022,U05,relay,R01
6210.6,T024,U06,direct,
6211.4,T012,U08,direct,
6211.5,T015,U07,relay,R01
6211.6,T022,U05,relay,R01
6211.6,T024,U06,direct,
6212.4,T012,U08,direct,
6212.5,T015,U07,relay,R01
6212.6,T022,U05,relay,R01
6212.6,T024,U06,direct,
6213.4,T012,U08,direct,
6213.5,T015,U07,relay,R01
6213.6,T022,U05,relay,R01
6213.6,T024,U06,direct,
6214.4,T012,U08,direct,
6214.5,T015,U07,relay,R01
6214.6,T022,U05,relay,R01
6214.6,T024,U06,direct,
6215.4,T012,U08,direct,
6215.5,T015,U07,relay,R01
6215.6,T022,U05,relay,R01
6215.6,T024,U06,direct,
6216.4,T012,U08,direct,
6216.5,T015,U07,relay,R01
6216.6,T022,U05,relay,R01
6216.6,T024,U06,direct,
6217.4,T012,U08,direct,
6217.5,T015,U07,relay,R01
6217.6,T022,U05,relay,R01
6217.6,T024,U06,direct,
6218.4,T012,U08,direct,
6218.5,T015,U07,relay,R01
6218.6,T022,U05,relay,R01
6218.6,T024,U06,direct,
6219.4,T012,U08,direct,
6219.5,T015,U07,relay,R01
6219.6,T022,U05,relay,R01
6219.6,T024,U06,direct,
6220.4,T012,U08,direct,
6220.5,T015,U07,relay,R01
6220.6,T022,U05,relay,R01
6220.6,T024,U06,direct,
6221.4,T012,U08,direct,
6221.5,T015,U07,relay,R01
6221.6,T022,U05,relay,R01
6221.6,T024,U06,direct,
6222.4,T012,U08,direct,
6222.5,T015,U07,relay,R01
6222.6,T022,U05,relay,R01
6222.6,T024,U06,direct,
6223.4,T012,U08,direct,
6223.5,T015,U07,relay,R01
6223.6,T022,U05,relay,R01
6223.6,T024,U06,direct,
6224.4,T012,U08,direct,
6224.5,T015,U07,relay,R01
6224.6,T022,U05,relay,R01
6224.6,T024,U06,direct,
6225.4,T012,U08,direct,
6225.5,T015,U07,relay,R01
6225.6,T022,U05,relay,R01
6225.6,T024,U06,direct,
6226.4,T012,U08,direct,
6226.5,T015,U07,relay,R01
6226.6,T022,U05,relay,R01
6226.6,T024,U06,direct,
6227.4,T012,U08,direct,
6227.5,T015,U07,relay,R01
6227.6,T022,U05,relay,R01
6227.6,T024,U06,direct,
6228.4,T012,U08,direct,
6228.5,T015,U07,relay,R01
6228.6,T022,U05,relay,R01
6228.6,T024,U06,direct,
6229.4,T012,U08,direct,
6229.5,T015,U07,relay,R01
6229.6,T022,U05,relay,R01
6229.6,T024,U06,direct,
6230.4,T012,U08,direct,
6230.5,T015,U07,relay,R01
6230.6,T022,U05,relay,R01
6230.6,T024,U06,direct,
6231.4,T012,U08,direct,
6231.5,T015,U07,relay,R01
6231.6,T022,U05,relay,R01
6231.6,T024,U06,direct,
6232.4,T012,U08,direct,
6232.5,T015,U07,relay,R01
6232.6,T022,U05,relay,R01
6232.6,T024,U06,direct,
6233.4,T012,U08,direct,
6233.5,T015,U07,relay,R01
6233.6,T022,U05,relay,R01
6233.6,T024,U06,direct,
6234.4,T012,U08,direct,
6234.5,T015,U07,relay,R01
6234.6,T022,U05,relay,R01
6234.6,T024,U06,direct,
6235.4,T012,U08,direct,
6235.5,T015,U07,relay,R01
6235.6,T022,U05,relay,R01
6235.6,T024,U06,direct,
6236.4,T012,U08,direct,
6236.5,T015,U07,relay,R01
6236.6,T022,U05,relay,R01
6236.6,T024,U06,direct,
6237.4,T012,U08,direct,
6237.5,T015,U07,relay,R01
6237.6,T022,U05,relay,R01
6237.6,T024,U06,direct,
6238.4,T012,U08,direct,
6238.5,T015,U07,relay,R01
6238.6,T022,U05,relay,R01
6238.6,T024,U06,direct,
6239.4,T012,U08,direct,
6239.5,T015,U07,relay,R01
6239.6,T022,U05,relay,R01
6239.6,T024,U06,direct,
6240.4,T012,U08,direct,
6240.5,T015,U07,relay,R01
6240.6,T022,U05,relay,R01
6240.6,T024,U06,direct,
6241.4,T012,U08,direct,
6241.5,T015,U07,relay,R01
6241.6,T022,U05,relay,R01
6241.6,T024,U06,direct,
6242.4,T012,U08,direct,
6242.5,T015,U07,relay,R01
6242.6,T022,U05,relay,R01
6242.6,T024,U06,direct,
6243.4,T012,U08,direct,
6243.5,T015,U07,relay,R01
6243.6,T022,U05,relay,R01
6243.6,T024,U06,direct,
6244.4,T012,U08,direct,
6244.5,T015,U07,relay,R01
6244.6,T022,U05,relay,R01
6244.6,T024,U06,direct,
6245.4,T012,U08,direct,
6245.5,T015,U07,relay,R01
6245.6,T022,U05,relay,R01
6245.6,T024,U06,direct,
6246.4,T012,U08,direct,
6246.5,T015,U07,relay,R01
6246.6,T022,U05,relay,R01
6246.6,T024,U06,direct,
6247.4,T012,U08,direct,
6247.5,T015,U07,relay,R01
6247.6,T022,U05,relay,R01
6247.6,T024,U06,direct,
6248.4,T012,U08,direct,
6248.5,T015,U07,relay,R01
6248.6,T022,U05,relay,R01
6248.6,T024,U06,direct,
6249.4,T012,U08,direct,
6249.5,T015,U07,relay,R01
6249.6,T022,U05,relay,R01
6249.6,T024,U06,direct,
6250.4,T012,U08,direct,
6250.5,T015,U07,relay,R01
6250.6,T022,U05,relay,R01
6250.6,T024,U06,direct,
6251.4,T012,U08,direct,
6251.5,T015,U07,relay,R01
6251.6,T022,U05,relay,R01
6251.6,T024,U06,direct,
6252.4,T012,U08,direct,
6252.5,T015,U07,relay,R01
6252.6,T022,U05,relay,R01
6252.6,T024,U06,direct,
6253.4,T012,U08,direct,
6253.5,T015,U07,relay,R01
6253.6,T022,U05,relay,R01
6253.6,T024,U06,direct,
6254.4,T012,U08,direct,
6254.5,T015,U07,relay,R01
6254.6,T022,U05,relay,R01
6254.6,T024,U06,direct,
6255.4,T012,U08,direct,
6255.5,T015,U07,relay,R01
6255.6,T022,U05,relay,R01
6255.6,T024,U06,direct,
6256.4,T012,U08,direct,
6256.5,T015,U07,relay,R01
6256.6,T022,U05,relay,R01
6256.6,T024,U06,direct,
6257.4,T012,U08,direct,
6257.5,T015,U07,relay,R01
6257.6,T022,U05,relay,R01
6257.6,T024,U06,direct,
6258.4,T012,U08,direct,
6258.5,T015,U07,relay,R01
6258.6,T022,U05,relay,R01
6258.6,T024,U06,direct,
6259.4,T012,U08,direct,
6259.5,T015,U07,relay,R01
6259.6,T022,U05,relay,R01
6259.6,T024,U06,direct,
6260.4,T012,U08,direct,
6260.5,T015,U07,relay,R01
6260.6,T022,U05,relay,R01
6260.6,T024,U06,direct,
6261.4,T012,U08,direct,
6261.5,T015,U07,relay,R01
6261.6,T022,U05,relay,R01
6261.6,T024,U06,direct,
6262.4,T012,U08,direct,
6262.5,T015,U07,relay,R01
6262.6,T022,U05,relay,R01
6262.6,T024,U06,direct,
6263.4,T012,U08,direct,
6263.5,T015,U07,relay,R01
6263.6,T022,U05,relay,R01
6263.6,T024,U06,direct,
6264.4,T012,U08,direct,
6264.5,T015,U07,relay,R01
6264.6,T022,U05,relay,R01
6264.6,T024,U06,direct,
6265.4,T012,U08,direct,
6265.5,T015,U07,relay,R01
6265.6,T022,U05,relay,R01
6265.6,T024,U06,direct,
6266.4,T012,U08,direct,
6266.5,T015,U07,relay,R01
6266.6,T022,U05,relay,R01
6266.6,T024,U06,direct,
6267.4,T012,U08,direct,
6267.5,T015,U07,relay,R01
6267.6,T022,U05,relay,R01
6267.6,T024,U06,direct,
6268.4,T012,U08,direct,
6268.5,T015,U07,relay,R01
6268.6,T022,U05,relay,R01
6268.6,T024,U06,direct,
6269.4,T012,U08,direct,
6269.5,T015,U07,relay,R01
6269.6,T022,U05,relay,R01
6269.6,T024,U06,direct,
6270.4,T012,U08,direct,
6270.5,T015,U07,relay,R01
6270.6,T022,U05,relay,R01
6270.6,T024,U06,direct,
6271.4,T012,U08,direct,
6271.5,T015,U07,relay,R01
6271.6,T022,U05,relay,R01
6271.6,T024,U06,direct,
6272.4,T012,U08,direct,
6272.5,T015,U07,relay,R01
6272.6,T022,U05,relay,R01
6272.6,T024,U06,direct,
6273.4,T012,U08,direct,
6273.5,T015,U07,relay,R01
6273.6,T022,U05,relay,R01
6273.6,T024,U06,direct,
6274.4,T012,U08,direct,
6274.5,T015,U07,relay,R01
6274.6,T022,U05,relay,R01
6274.6,T024,U06,direct,
6275.4,T012,U08,direct,
6275.5,T015,U07,relay,R01
6275.6,T022,U05,relay,R01
6275.6,T024,U06,direct,
6276.4,T012,U08,direct,
6276.5,T015,U07,relay,R01
6276.6,T022,U05,relay,R01
6276.6,T024,U06,direct,
6277.4,T012,U08,direct,
6277.5,T015,U07,relay,R01
6277.6,T022,U05,relay,R01
6277.6,T024,U06,direct,
6278.4,T012,U08,direct,
6278.5,T015,U07,relay,R01
6278.6,T022,U05,relay,R01
6278.6,T024,U06,direct,
6279.4,T012,U08,direct,
6279.5,T015,U07,relay,R01
6279.6,T022,U05,relay,R01
6279.6,T024,U06,direct,
6280.4,T012,U08,direct,
6280.5,T015,U07,relay,R01
6280.6,T022,U05,relay,R01
6280.6,T024,U06,direct,
6281.4,T012,U08,direct,
6281.5,T015,U07,relay,R01
6281.6,T022,U05,relay,R01
6281.6,T024,U06,direct,
6282.4,T012,U08,direct,
6282.5,T015,U07,relay,R01
6282.6,T022,U05,relay,R01
6282.6,T024,U06,direct,
6283.4,T012,U08,direct,
6283.5,T015,U07,relay,R01
6283.6,T022,U05,relay,R01
6283.6,T024,U06,direct,
6284.4,T012,U08,direct,
6284.5,T015,U07,relay,R01
6284.6,T022,U05,relay,R01
6284.6,T024,U06,direct,
6285.4,T012,U08,direct,
6285.5,T015,U07,relay,R01
6285.6,T022,U05,relay,R01
6285.6,T024,U06,direct,
6286.4,T012,U08,direct,
6286.5,T015,U07,relay,R01
6286.6,T022,U05,relay,R01
6286.6,T024,U06,direct,
6287.4,T012,U08,direct,
6287.5,T015,U07,relay,R01
6287.6,T022,U05,relay,R01
6287.6,T024,U06,direct,
6288.4,T012,U08,direct,
6288.5,T015,U07,relay,R01
6288.6,T022,U05,relay,R01
6288.6,T024,U06,direct,
6289.4,T012,U08,direct,
6289.5,T015,U07,relay,R01
6289.6,T022,U05,relay,R01
6289.6,T024,U06,direct,
6290.4,T012,U08,direct,
6290.5,T015,U07,relay,R01
6290.6,T022,U05,relay,R01
6290.6,T024,U06,direct,
6291.4,T012,U08,direct,
6291.5,T015,U07,relay,R01
6291.6,T022,U05,relay,R01
6291.6,T024,U06,direct,
6292.4,T012,U08,direct,
6292.5,T015,U07,relay,R01
6292.6,T022,U05,relay,R01
6292.6,T024,U06,direct,
6293.4,T012,U08,direct,
6293.5,T015,U07,relay,R01
6293.6,T022,U05,relay,R01
6293.6,T024,U06,direct,
6294.4,T012,U08,direct,
6294.5,T015,U07,relay,R01
6294.6,T022,U05,relay,R01
6294.6,T024,U06,direct,
6295.4,T012,U08,direct,
6295.5,T015,U07,relay,R01
6295.6,T022,U05,relay,R01
6295.6,T024,U06,direct,
6296.4,T012,U08,direct,
6296.5,T015,U07,relay,R01
6296.6,T022,U05,relay,R01
6296.6,T024,U06,direct,
6297.4,T012,U08,direct,
6297.5,T015,U07,relay,R01
6297.6,T022,U05,relay,R01
6297.6,T024,U06,direct,
6298.4,T012,U08,direct,
6298.5,T015,U07,relay,R01
6298.6,T022,U05,relay,R01
6298.6,T024,U06,direct,
6299.4,T012,U08,direct,
6299.5,T015,U07,relay,R01
6299.6,T022,U05,relay,R01
6299.6,T024,U06,direct,
6300.4,T012,U08,direct,
6300.5,T015,U07,relay,R01
6300.6,T022,U05,relay,R01
6300.6,T024,U06,direct,
6301.4,T012,U08,direct,
6301.5,T015,U07,relay,R01
6301.6,T022,U05,relay,R01
6301.6,T024,U06,direct,
6302.4,T012,U08,direct,
6302.5,T015,U07,relay,R01
6302.6,T022,U05,relay,R01
6302.6,T024,U06,direct,
6303.4,T012,U08,direct,
6303.5,T015,U07,relay,R01
6303.6,T022,U05,relay,R01
6303.6,T024,U06,direct,
6304.4,T012,U08,direct,
6304.5,T015,U07,relay,R01
6304.6,T022,U05,relay,R01
6304.6,T024,U06,direct,
6305.4,T012,U08,direct,
6305.5,T015,U07,relay,R01
6305.6,T022,U05,relay,R01
6305.6,T024,U06,direct,
6306.4,T012,U08,direct,
6306.5,T015,U07,relay,R01
6306.6,T022,U05,relay,R01
6306.6,T024,U06,direct,
6307.4,T012,U08,direct,
6307.5,T015,U07,relay,R01
6307.6,T022,U05,relay,R01
6307.6,T024,U06,direct,
6308.4,T012,U08,direct,
6308.5,T015,U07,relay,R01
6308.6,T022,U05,relay,R01
6308.6,T024,U06,direct,
6309.4,T012,U08,direct,
6309.5,T015,U07,relay,R01
6309.6,T022,U05,relay,R01
6309.6,T024,U06,direct,
6310.4,T012,U08,direct,
6310.5,T015,U07,relay,R01
6310.6,T022,U05,relay,R01
6310.6,T024,U06,direct,
6311.4,T012,U08,direct,
6311.5,T015,U07,relay,R01
6311.6,T022,U05,relay,R01
6311.6,T024,U06,direct,
6312.4,T012,U08,direct,
6312.5,T015,U07,relay,R01
6312.6,T022,U05,relay,R01
6312.6,T024,U06,direct,
6313.4,T012,U08,direct,
6313.5,T015,U07,relay,R01
6313.6,T022,U05,relay,R01
6313.6,T024,U06,direct,
6314.4,T012,U08,direct,
6314.5,T015,U07,relay,R01
6314.6,T022,U05,relay,R01
6314.6,T024,U06,direct,
6315.4,T012,U08,direct,
6315.5,T015,U07,relay,R01
6315.6,T022,U05,relay,R01
6315.6,T024,U06,direct,
6316.4,T012,U08,direct,
6316.5,T015,U07,relay,R01
6316.6,T022,U05,relay,R01
6316.6,T024,U06,direct,
6317.4,T012,U08,direct,
6317.5,T015,U07,relay,R01
6317.6,T022,U05,relay,R01
6317.6,T024,U06,direct,
6318.4,T012,U08,direct,
6318.5,T015,U07,relay,R01
6318.6,T022,U05,relay,R01
6318.6,T024,U06,direct,
6319.4,T012,U08,direct,
6319.5,T015,U07,relay,R01
6319.6,T022,U05,relay,R01
6319.6,T024,U06,direct,
6320.4,T012,U08,direct,
6320.5,T015,U07,relay,R01
6320.6,T022,U05,relay,R01
6320.6,T024,U06,direct,
6321.4,T012,U08,direct,
6321.5,T015,U07,relay,R01
6321.6,T022,U05,relay,R01
6321.6,T024,U06,direct,
6322.4,T012,U08,direct,
6322.5,T015,U07,relay,R01
6322.6,T022,U05,relay,R01
6322.6,T024,U06,direct,
6323.4,T012,U08,direct,
6323.5,T015,U07,relay,R01
6323.6,T022,U05,relay,R01
6323.6,T024,U06,direct,
6324.4,T012,U08,direct,
6324.5,T015,U07,relay,R01
6324.6,T022,U05,relay,R01
6324.6,T024,U06,direct,
6325.4,T012,U08,direct,
6325.5,T015,U07,relay,R01
6325.6,T022,U05,relay,R01
6325.6,T024,U06,direct,
6326.4,T012,U08,direct,
6326.5,T015,U07,relay,R01
6326.6,T022,U05,relay,R01
6326.6,T024,U06,direct,
6327.4,T012,U08,direct,
6327.5,T015,U07,relay,R01
6327.6,T022,U05,relay,R01
6327.6,T024,U06,direct,
6328.4,T012,U08,direct,
6328.5,T015,U07,relay,R01
6328.6,T022,U05,relay,R01
6328.6,T024,U06,direct,
6329.4,T012,U08,direct,
6329.5,T015,U07,relay,R01
6329.6,T022,U05,relay,R01
6329.6,T024,U06,direct,
6330.4,T012,U08,direct,
6330.5,T015,U07,relay,R01
6330.6,T022,U05,relay,R01
6330.6,T024,U06,direct,
6331.4,T012,U08,direct,
6331.5,T015,U07,relay,R01
6331.6,T022,U05,relay,R01
6331.6,T024,U06,direct,
6332.4,T012,U08,direct,
6332.5,T015,U07,relay,R01
6332.6,T022,U05,relay,R01
6332.6,T024,U06,direct,
6333.4,T012,U08,direct,
6333.5,T015,U07,relay,R01
6333.6,T022,U05,relay,R01
6333.6,T024,U06,direct,
6334.4,T012,U08,direct,
6334.5,T015,U07,relay,R01
6334.6,T022,U05,relay,R01
6334.6,T024,U06,direct,
6335.4,T012,U08,direct,
6335.5,T015,U07,relay,R01
6335.6,T022,U05,relay,R01
6335.6,T024,U06,direct,
6336.4,T012,U08,direct,
6336.5,T015,U07,relay,R01
6336.6,T022,U05,relay,R01
6336.6,T024,U06,direct,
6337.4,T012,U08,direct,
6337.5,T015,U07,relay,R01
6337.6,T022,U05,relay,R01
6337.6,T024,U06,direct,
6338.4,T012,U08,direct,
6338.5,T015,U07,relay,R01
6338.6,T022,U05,relay,R01
6338.6,T024,U06,direct,
6339.4,T012,U08,direct,
6339.5,T015,U07,relay,R01
6339.6,T022,U05,relay,R01
6339.6,T024,U06,direct,
6340.4,T012,U08,direct,
6340.5,T015,U07,relay,R01
6340.6,T022,U05,relay,R01
6340.6,T024,U06,direct,
6341.4,T012,U08,direct,
6341.5,T015,U07,relay,R01
6341.6,T022,U05,relay,R01
6341.6,T024,U06,direct,
6342.4,T012,U08,direct,
6342.5,T015,U07,relay,R01
6342.6,T022,U05,relay,R01
6342.6,T024,U06,direct,
6343.4,T012,U08,direct,
6343.5,T015,U07,relay,R01
6343.6,T022,U05,relay,R01
6343.6,T024,U06,direct,
6344.4,T012,U08,direct,
6344.5,T015,U07,relay,R01
6344.6,T022,U05,relay,R01
6344.6,T024,U06,direct,
6345.4,T012,U08,direct,
6345.5,T015,U07,relay,R01
6345.6,T022,U05,relay,R01
6345.6,T024,U06,direct,
6346.4,T012,U08,direct,
6346.5,T015,U07,relay,R01
6346.6,T022,U05,relay,R01
6346.6,T024,U06,direct,
6347.4,T012,U08,direct,
6347.5,T015,U07,relay,R01
6347.6,T022,U05,relay,R01
6347.6,T024,U06,direct,
6348.4,T012,U08,direct,
6348.5,T015,U07,relay,R01
6348.6,T022,U05,relay,R01
6348.6,T024,U06,direct,
6349.4,T012,U08,direct,
6349.5,T015,U07,relay,R01
6349.6,T022,U05,relay,R01
6349.6,T024,U06,direct,
6350.4,T012,U08,direct,
6350.5,T015,U07,relay,R01
6350.6,T022,U05,relay,R01
6350.6,T024,U06,direct,
6351.4,T012,U08,direct,
6351.5,T015,U07,relay,R01
6351.6,T022,U05,relay,R01
6351.6,T024,U06,direct,
6352.4,T012,U08,direct,
6352.5,T015,U07,relay,R01
6352.6,T022,U05,relay,R01
6352.6,T024,U06,direct,
6353.4,T012,U08,direct,
6353.5,T015,U07,relay,R01
6353.6,T022,U05,relay,R01
6353.6,T024,U06,direct,
6354.4,T012,U08,direct,
6354.5,T015,U07,relay,R01
6354.6,T022,U05,relay,R01
6354.6,T024,U06,direct,
6355.4,T012,U08,direct,
6355.5,T015,U07,relay,R01
6355.6,T022,U05,relay,R01
6355.6,T024,U06,direct,
6356.4,T012,U08,direct,
6356.5,T015,U07,relay,R01
6356.6,T022,U05,relay,R01
6356.6,T024,U06,direct,
6357.4,T012,U08,direct,
6357.5,T015,U07,relay,R01
6357.6,T022,U05,relay,R01
6357.6,T024,U06,direct,
6358.4,T012,U08,direct,
6358.5,T015,U07,relay,R01
6358.6,T022,U05,relay,R01
6358.6,T024,U06,direct,
6359.4,T012,U08,direct,
6359.5,T015,U07,relay,R01
6359.6,T022,U05,relay,R01
6359.6,T024,U06,direct,
6360.4,T012,U08,direct,
6360.5,T015,U07,relay,R01
6360.6,T022,U05,relay,R01
6360.6,T024,U06,direct,
6361.4,T012,U08,direct,
6361.5,T015,U07,relay,R01
6361.6,T022,U05,relay,R01
6361.6,T024,U06,direct,
6362.4,T012,U08,direct,
6362.5,T015,U07,relay,R01
6362.6,T022,U05,relay,R01
6362.6,T024,U06,direct,
6363.4,T012,U08,direct,
6363.5,T015,U07,relay,R01
6363.6,T022,U05,relay,R01
6363.6,T024,U06,direct,
6364.4,T012,U08,direct,
6364.5,T015,U07,relay,R01
6364.6,T022,U05,relay,R01
6364.6,T024,U06,direct,
6365.4,T012,U08,direct,
6365.5,T015,U07,relay,R01
6365.6,T022,U05,relay,R01
6365.6,T024,U06,direct,
6366.4,T012,U08,direct,
6366.5,T015,U07,relay,R01
6366.6,T022,U05,relay,R01
6366.6,T024,U06,direct,
6367.4,T012,U08,direct,
6367.5,T015,U07,relay,R01
6367.6,T022,U05,relay,R01
6367.6,T024,U06,direct,
6368.4,T012,U08,direct,
6368.5,T015,U07,relay,R01
6368.6,T022,U05,relay,R01
6368.6,T024,U06,direct,
6369.4,T012,U08,direct,
6369.5,T015,U07,relay,R01
6369.6,T022,U05,relay,R01
6369.6,T024,U06,direct,
6370.4,T012,U08,direct,
6370.5,T015,U07,relay,R01
6370.6,T022,U05,relay,R01
6370.6,T024,U06,direct,
6371.4,T012,U08,direct,
6371.5,T015,U07,relay,R01
6371.6,T022,U05,relay,R01
6371.6,T024,U06,direct,
6372.4,T012,U08,direct,
6372.5,T015,U07,relay,R01
6372.6,T022,U05,relay,R01
6372.6,T024,U06,direct,
6373.4,T012,U08,direct,
6373.5,T015,U07,relay,R01
6373.6,T022,U05,relay,R01
6373.6,T024,U06,direct,
6374.4,T012,U08,direct,
6374.5,T015,U07,relay,R01
6374.6,T022,U05,relay,R01
6374.6,T024,U06,direct,
6375.4,T012,U08,direct,
6375.5,T015,U07,relay,R01
6375.6,T022,U05,relay,R01
6375.6,T024,U06,direct,
6376.4,T012,U08,direct,
6376.5,T015,U07,relay,R01
6376.6,T022,U05,relay,R01
6376.6,T024,U06,direct,
6377.4,T012,U08,direct,
6377.5,T015,U07,relay,R01
6377.6,T022,U05,relay,R01
6377.6,T024,U06,direct,
6378.4,T012,U08,direct,
6378.5,T015,U07,relay,R01
6378.6,T022,U05,relay,R01
6378.6,T024,U06,direct,
6379.4,T012,U08,direct,
6379.5,T015,U07,relay,R01
6379.6,T022,U05,relay,R01
6379.6,T024,U06,direct,
6380.4,T012,U08,direct,
6380.5,T015,U07,relay,R01
6380.6,T022,U05,relay,R01
6380.6,T024,U06,direct,
6381.4,T012,U08,direct,
6381.5,T015,U07,relay,R01
6381.6,T022,U05,relay,R01
6381.6,T024,U06,direct,
6382.4,T012,U08,direct,
6382.5,T015,U07,relay,R01
6382.6,T022,U05,relay,R01
6382.6,T024,U06,direct,
6383.4,T012,U08,direct,
6383.5,T015,U07,relay,R01
6383.6,T022,U05,relay,R01
6383.6,T024,U06,direct,
6384.4,T012,U08,direct,
6384.5,T015,U07,relay,R01
6384.6,T022,U05,direct,
6384.6,T024,U06,direct,
6385.4,T012,U08,direct,
6385.5,T015,U07,relay,R01
6385.6,T022,U05,direct,
6385.6,T024,U06,direct,
6386.4,T012,U08,direct,
6386.5,T015,U07,relay,R01
6386.6,T022,U05,direct,
6386.6,T024,U06,direct,
6387.4,T012,U08,direct,
6387.5,T015,U07,relay,R01
6387.6,T022,U05,direct,
6387.6,T024,U06,direct,
6388.4,T012,U08,direct,
6388.5,T015,U07,relay,R01
6388.6,T022,U05,direct,
6388.6,T024,U06,direct,
6389.4,T012,U08,direct,
6389.5,T015,U07,relay,R01
6389.6,T022,U05,direct,
6389.6,T024,U06,direct,
6390.4,T012,U08,direct,
6390.5,T015,U07,relay,R01
6390.6,T022,U05,direct,
6390.6,T024,U06,direct,
6391.4,T012,U08,direct,
6391.5,T015,U07,relay,R01
6391.6,T022,U05,direct,
6391.6,T024,U06,direct,
6392.4,T012,U08,direct,
6392.5,T015,U07,relay,R01
6392.6,T022,U05,direct,
6392.6,T024,U06,direct,
6393.4,T012,U08,direct,
6393.5,T015,U07,relay,R01
6393.6,T022,U05,direct,
6393.6,T024,U06,direct,
6394.4,T012,U08,direct,
6394.5,T015,U07,relay,R01
6394.6,T022,U05,direct,
6394.6,T024,U06,direct,
6395.4,T012,U08,direct,
6395.5,T015,U07,relay,R01
6395.6,T022,U05,direct,
6395.6,T024,U06,direct,
6396.4,T012,U08,direct,
6396.5,T015,U07,relay,R01
6396.6,T022,U05,direct,
6396.6,T024,U06,direct,
6397.4,T012,U08,direct,
6397.5,T015,U07,relay,R01
6397.6,T022,U05,direct,
6397.6,T024,U06,direct,
6398.4,T012,U08,direct,
6398.5,T015,U07,relay,R01
6398.6,T022,U05,direct,
6398.6,T024,U06,direct,
6399.4,T012,U08,direct,
6399.5,T015,U07,relay,R01
6399.6,T022,U05,direct,
6399.6,T024,U06,direct,
6400.4,T012,U08,direct,
6400.5,T015,U07,relay,R01
6400.6,T022,U05,direct,
6400.6,T024,U06,direct,
6401.4,T012,U08,direct,
6401.5,T015,U07,relay,R01
6401.6,T022,U05,direct,
6401.6,T024,U06,direct,
6402.4,T012,U08,direct,
6402.5,T015,U07,relay,R01
6402.6,T022,U05,direct,
6402.6,T024,U06,direct,
6403.4,T012,U08,direct,
6403.5,T015,U07,relay,R01
6403.6,T022,U05,direct,
6403.6,T024,U06,direct,
6404.4,T012,U08,direct,
6404.5,T015,U07,relay,R01
6404.6,T022,U05,direct,
6404.6,T024,U06,direct,
6405.4,T012,U08,direct,
6405.5,T015,U07,relay,R01
6405.6,T022,U05,direct,
6405.6,T024,U06,direct,
6406.4,T012,U08,direct,
6406.5,T015,U07,relay,R01
6406.6,T022,U05,direct,
6406.6,T024,U06,direct,
6407.4,T012,U08,direct,
6407.5,T015,U07,relay,R01
6407.6,T022,U05,direct,
6407.6,T024,U06,direct,
6408.4,T012,U08,direct,
6408.5,T015,U07,relay,R01
6408.6,T022,U05,direct,
6408.6,T024,U06,direct,
6409.4,T012,U08,direct,
6409.5,T015,U07,relay,R01
6409.6,T022,U05,direct,
6409.6,T024,U06,direct,
6410.4,T012,U08,direct,
6410.5,T015,U07,relay,R01
6410.6,T022,U05,direct,
6410.6,T024,U06,direct,
6411.4,T012,U08,direct,
6411.5,T015,U07,relay,R01
6411.6,T022,U05,direct,
6411.6,T024,U06,direct,
6412.4,T012,U08,direct,
6412.5,T015,U07,relay,R01
6412.6,T022,U05,direct,
6412.6,T024,U06,direct,
6413.4,T012,U08,direct,
6413.5,T015,U07,relay,R01
6413.6,T022,U05,direct,
6413.6,T024,U06,direct,
6414.4,T012,U08,direct,
6414.5,T015,U07,relay,R01
6414.6,T022,U05,direct,
6414.6,T024,U06,direct,
6415.4,T012,U08,direct,
6415.5,T015,U07,relay,R01
6415.6,T022,U05,direct,
6415.6,T024,U06,direct,
6416.4,T012,U08,direct,
6416.5,T015,U07,relay,R01
6416.6,T022,U05,direct,
6416.6,T024,U06,direct,
6417.4,T012,U08,direct,
6417.5,T015,U07,relay,R01
6417.6,T022,U05,direct,
6417.6,T024,U06,direct,
6418.4,T012,U08,direct,
6418.5,T015,U07,relay,R01
6418.6,T022,U05,direct,
6418.6,T024,U06,direct,
6419.4,T012,U08,direct,
6419.5,T015,U07,relay,R01
6419.6,T022,U05,direct,
6419.6,T024,U06,direct,
6420.4,T012,U08,direct,
6420.5,T015,U07,relay,R01
6420.6,T022,U05,direct,
6420.6,T024,U06,direct,
6421.4,T012,U08,direct,
6421.5,T015,U07,relay,R01
6421.6,T022,U05,direct,
6421.6,T024,U06,direct,
6422.4,T012,U08,direct,
6422.5,T015,U07,relay,R01
6422.6,T022,U05,direct,
6422.6,T024,U06,direct,
6423.4,T012,U08,direct,
6423.5,T015,U07,relay,R01
6423.6,T022,U05,direct,
6423.6,T024,U06,direct,
6424.4,T012,U08,direct,
6424.5,T015,U07,relay,R01
6424.6,T022,U05,direct,
6424.6,T024,U06,direct,
6425.4,T012,U08,direct,
6425.5,T015,U07,relay,R01
6425.6,T022,U05,direct,
6425.6,T024,U06,direct,
6426.4,T012,U08,direct,
6426.5,T015,U07,relay,R01
6426.6,T022,U05,direct,
6426.6,T024,U06,direct,
6427.4,T012,U08,direct,
6427.5,T015,U07,relay,R01
6427.6,T022,U05,direct,
6427.6,T024,U06,direct,
6428.4,T012,U08,direct,
6428.5,T015,U07,relay,R01
6428.6,T022,U05,direct,
6428.6,T024,U06,direct,
6429.4,T012,U08,direct,
6429.5,T015,U07,relay,R01
6429.6,T022,U05,direct,
6429.6,T024,U06,direct,
6430.4,T012,U08,direct,
6430.5,T015,U07,relay,R01
6430.6,T022,U05,direct,
6430.6,T024,U06,direct,
6431.4,T012,U08,direct,
6431.5,T015,U07,relay,R01
6431.6,T022,U05,direct,
6431.6,T024,U06,direct,
6432.4,T012,U08,direct,
6432.5,T015,U07,relay,R01
6432.6,T022,U05,direct,
6432.6,T024,U06,direct,
6433.4,T012,U08,direct,
6433.5,T015,U07,relay,R01
6433.6,T022,U05,direct,
6433.6,T024,U06,direct,
6434.4,T012,U08,direct,
6434.5,T015,U07,relay,R01
6434.6,T022,U05,direct,
6434.6,T024,U06,direct,
6435.4,T012,U08,direct,
6435.5,T015,U07,relay,R01
6435.6,T022,U05,direct,
6435.6,T024,U06,direct,
6436.4,T012,U08,direct,
6436.5,T015,U07,relay,R01
6436.6,T022,U05,direct,
6436.6,T024,U06,direct,
6437.4,T012,U08,direct,
6437.5,T015,U07,relay,R01
6437.6,T022,U05,direct,
6437.6,T024,U06,direct,
6438.4,T012,U08,direct,
6438.5,T015,U07,relay,R01
6438.6,T022,U05,direct,
6438.6,T024,U06,direct,
6439.4,T012,U08,direct,
6439.5,T015,U07,relay,R01
6439.6,T022,U05,direct,
6439.6,T024,U06,direct,
6440.4,T012,U08,direct,
6440.5,T015,U07,relay,R01
6440.6,T022,U05,direct,
6440.6,T024,U06,direct,
6441.4,T012,U08,direct,
6441.5,T015,U07,relay,R01
6441.6,T022,U05,direct,
6441.6,T024,U06,direct,
6442.4,T012,U08,direct,
6442.5,T015,U07,relay,R01
6442.6,T022,U05,direct,
6443.4,T012,U08,direct,
6443.5,T015,U07,relay,R01
6443.6,T022,U05,direct,
6444.4,T012,U08,direct,
6444.5,T015,U07,relay,R01
6444.6,T022,U05,direct,
6445.4,T012,U08,direct,
6445.5,T015,U07,relay,R01
6445.6,T022,U05,direct,
6446.4,T012,U08,direct,
6446.5,T015,U07,relay,R01
6446.6,T022,U05,direct,
6447.4,T012,U08,direct,
6447.5,T015,U07,relay,R01
6447.6,T022,U05,direct,
6448.4,T012,U08,direct,
6448.5,T015,U07,relay,R01
6448.6,T022,U05,direct,
6449.4,T012,U08,direct,
6449.5,T015,U07,relay,R01
6449.6,T022,U05,direct,
6450.4,T012,U08,direct,
6450.5,T015,U07,relay,R01
6450.6,T022,U05,direct,
6451.4,T012,U08,direct,
6451.5,T015,U07,relay,R01
6451.6,T022,U05,direct,
6452.4,T012,U08,direct,
6452.5,T015,U07,relay,R01
6452.6,T022,U05,direct,
6453.4,T012,U08,direct,
6453.5,T015,U07,relay,R01
6453.6,T022,U05,direct,
6454.4,T012,U08,direct,
6454.5,T015,U07,relay,R01
6454.6,T022,U05,direct,
6455.4,T012,U08,direct,
6455.5,T015,U07,relay,R01
6455.6,T022,U05,direct,
6456.4,T012,U08,direct,
6456.5,T015,U07,relay,R01
6456.6,T022,U05,direct,
6457.4,T012,U08,direct,
6457.5,T015,U07,relay,R01
6457.6,T022,U05,direct,
6458.4,T012,U08,direct,
6458.5,T015,U07,relay,R01
6458.6,T022,U05,direct,
6459.4,T012,U08,direct,
6459.5,T015,U07,relay,R01
6459.6,T022,U05,direct,
6460.4,T012,U08,direct,
6460.5,T015,U07,relay,R01
6460.6,T022,U05,direct,
6461.4,T012,U08,direct,
6461.5,T015,U07,relay,R01
6461.6,T022,U05,direct,
6462.4,T012,U08,direct,
6462.5,T015,U07,relay,R01
6462.6,T022,U05,direct,
6463.4,T012,U08,direct,
6463.5,T015,U07,relay,R01
6463.6,T022,U05,direct,
6464.4,T012,U08,direct,
6464.5,T015,U07,relay,R01
6464.6,T022,U05,direct,
6465.4,T012,U08,direct,
6465.5,T015,U07,relay,R01
6465.6,T022,U05,direct,
6466.4,T012,U08,direct,
6466.5,T015,U07,relay,R01
6466.6,T022,U05,direct,
6467.4,T012,U08,direct,
6467.5,T015,U07,relay,R01
6467.6,T022,U05,direct,
6468.4,T012,U08,direct,
6468.5,T015,U07,relay,R01
6468.6,T022,U05,direct,
6469.4,T012,U08,direct,
6469.5,T015,U07,relay,R01
6469.6,T022,U05,direct,
6470.4,T012,U08,direct,
6470.5,T015,U07,relay,R01
6470.6,T022,U05,direct,
6471.4,T012,U08,direct,
6471.5,T015,U07,relay,R01
6471.6,T022,U05,direct,
6472.4,T012,U08,direct,
6472.5,T015,U07,relay,R01
6472.6,T022,U05,direct,
6473.4,T012,U08,direct,
6473.5,T015,U07,relay,R01
6473.6,T022,U05,direct,
6474.4,T012,U08,direct,
6474.5,T015,U07,relay,R01
6474.6,T022,U05,direct,
6475.4,T012,U08,direct,
6475.5,T015,U07,relay,R01
6475.6,T022,U05,direct,
6476.4,T012,U08,direct,
6476.5,T015,U07,relay,R01
6476.6,T022,U05,direct,
6477.4,T012,U08,direct,
6477.5,T015,U07,relay,R01
6477.6,T022,U05,direct,
6478.4,T012,U08,direct,
6478.5,T015,U07,relay,R01
6478.6,T022,U05,direct,
6479.4,T012,U08,direct,
6479.5,T015,U07,relay,R01
6479.6,T022,U05,direct,
6480.4,T012,U08,direct,
6480.5,T015,U07,relay,R01
6480.6,T022,U05,direct,
6481.4,T012,U08,direct,
6481.5,T015,U07,relay,R01
6481.6,T022,U05,direct,
6482.4,T012,U08,direct,
6482.5,T015,U07,relay,R01
6482.6,T022,U05,direct,
6483.4,T012,U08,direct,
6483.5,T015,U07,relay,R01
6483.6,T022,U05,direct,
6484.4,T012,U08,direct,
6484.5,T015,U07,relay,R01
6484.6,T022,U05,direct,
6485.4,T012,U08,direct,
6485.5,T015,U07,relay,R01
6485.6,T022,U05,direct,
6486.4,T012,U08,direct,
6486.5,T015,U07,relay,R01
6486.6,T022,U05,direct,
6487.4,T012,U08,direct,
6487.5,T015,U07,relay,R01
6487.6,T022,U05,direct,
6488.4,T012,U08,direct,
6488.5,T015,U07,relay,R01
6488.6,T022,U05,direct,
6489.4,T012,U08,direct,
6489.5,T015,U07,relay,R01
6489.6,T022,U05,direct,
6490.4,T012,U08,direct,
6490.5,T015,U07,relay,R01
6490.6,T022,U05,direct,
6491.4,T012,U08,direct,
6491.5,T015,U07,relay,R01
6491.6,T022,U05,direct,
6492.4,T012,U08,direct,
6492.5,T015,U07,relay,R01
6492.6,T022,U05,direct,
6493.4,T012,U08,direct,
6493.5,T015,U07,relay,R01
6493.6,T022,U05,direct,
6494.4,T012,U08,direct,
6494.5,T015,U07,relay,R01
6494.6,T022,U05,direct,
6495.4,T012,U08,direct,
6495.5,T015,U07,relay,R01
6495.6,T022,U05,direct,
6496.4,T012,U08,direct,
6496.5,T015,U07,relay,R01
6496.6,T022,U05,direct,
6497.4,T012,U08,direct,
6497.5,T015,U07,relay,R01
6497.6,T022,U05,direct,
6498.4,T012,U08,direct,
6498.5,T015,U07,relay,R01
6498.6,T022,U05,direct,
6499.4,T012,U08,direct,
6499.5,T015,U07,relay,R01
6499.6,T022,U05,direct,
6500.4,T012,U08,direct,
6500.5,T015,U07,relay,R01
6500.6,T022,U05,direct,
6501.4,T012,U08,direct,
6501.5,T015,U07,relay,R01
6501.6,T022,U05,direct,
6502.4,T012,U08,direct,
6502.5,T015,U07,relay,R01
6502.6,T022,U05,direct,
6503.4,T012,U08,direct,
6503.5,T015,U07,relay,R01
6503.6,T022,U05,direct,
6504.4,T012,U08,direct,
6504.5,T015,U07,relay,R01
6504.6,T022,U05,direct,
6505.4,T012,U08,direct,
6505.5,T015,U07,relay,R01
6505.6,T022,U05,direct,
6506.4,T012,U08,direct,
6506.5,T015,U07,relay,R01
6506.6,T022,U05,direct,
6507.4,T012,U08,direct,
6507.5,T015,U07,relay,R01
6507.6,T022,U05,direct,
6508.4,T012,U08,direct,
6508.5,T015,U07,relay,R01
6508.6,T022,U05,direct,
6509.4,T012,U08,direct,
6509.5,T015,U07,relay,R01
6509.6,T022,U05,direct,
6510.4,T012,U08,direct,
6510.5,T015,U07,relay,R01
6510.6,T022,U05,direct,
6511.4,T012,U08,direct,
6511.5,T015,U07,relay,R01
6511.6,T022,U05,direct,
6512.4,T012,U08,direct,
6512.5,T015,U07,relay,R01
6512.6,T022,U05,direct,
6513.4,T012,U08,direct,
6513.5,T015,U07,relay,R01
6513.6,T022,U05,direct,
6514.4,T012,U08,direct,
6514.5,T015,U07,relay,R01
6514.6,T022,U05,direct,
6515.4,T012,U08,direct,
6515.5,T015,U07,relay,R01
6515.6,T022,U05,direct,
6516.4,T012,U08,direct,
6516.5,T015,U07,relay,R01
6516.6,T022,U05,direct,
6517.4,T012,U08,direct,
6517.5,T015,U07,relay,R01
6517.6,T022,U05,direct,
6518.5,T015,U07,relay,R01
6518.6,T022,U05,direct,
6519.5,T015,U07,relay,R01
6519.6,T022,U05,direct,
6520.5,T015,U07,relay,R01
6520.6,T022,U05,direct,
6521.5,T015,U07,relay,R01
6521.6,T022,U05,direct,
6522.5,T015,U07,relay,R01
6522.6,T022,U05,direct,
6523.5,T015,U07,relay,R01
6523.6,T022,U05,direct,
6524.5,T015,U07,relay,R01
6524.6,T022,U05,direct,
6525.5,T015,U07,relay,R01
6525.6,T022,U05,direct,
6526.5,T015,U07,relay,R01
6526.6,T022,U05,direct,
6527.5,T015,U07,relay,R01
6527.6,T022,U05,direct,
6528.5,T015,U07,relay,R01
6528.6,T022,U05,direct,
6529.5,T015,U07,relay,R01
6529.6,T022,U05,direct,
6530.5,T015,U07,relay,R01
6530.6,T022,U05,direct,
6531.5,T015,U07,relay,R01
6531.6,T022,U05,direct,
6532.5,T015,U07,relay,R01
6532.6,T022,U05,direct,
6533.5,T015,U07,relay,R01
6533.6,T022,U05,direct,
6534.5,T015,U07,relay,R01
6534.6,T022,U05,direct,
6535.5,T015,U07,relay,R01
6535.6,T022,U05,direct,
6536.5,T015,U07,relay,R01
6536.6,T022,U05,direct,
6537.5,T015,U07,relay,R01
6537.6,T022,U05,direct,
6538.5,T015,U07,relay,R01
6538.6,T022,U05,direct,
6539.5,T015,U07,relay,R01
6539.6,T022,U05,direct,
6540.5,T015,U07,relay,R01
6540.6,T022,U05,direct,
6541.5,T015,U07,relay,R01
6541.6,T022,U05,direct,
6542.5,T015,U07,relay,R01
6542.6,T022,U05,direct,
6543.5,T015,U07,relay,R01
6543.6,T022,U05,direct,
6544.5,T015,U07,relay,R01
6544.6,T022,U05,direct,
6545.5,T015,U07,relay,R01
6545.6,T022,U05,direct,
6546.5,T015,U07,relay,R01
6546.6,T022,U05,direct,
6547.5,T015,U07,relay,R01
6547.6,T022,U05,direct,
6548.5,T015,U07,relay,R01
6548.6,T022,U05,direct,
6549.5,T015,U07,relay,R01
6549.6,T022,U05,direct,
6550.5,T015,U07,relay,R01
6550.6,T022,U05,direct,
6551.5,T015,U07,relay,R01
6551.6,T022,U05,direct,
6552.5,T015,U07,relay,R01
6552.6,T022,U05,direct,
6553.5,T015,U07,relay,R01
6553.6,T022,U05,direct,
6554.5,T015,U07,relay,R01
6554.6,T022,U05,direct,
6555.5,T015,U07,relay,R01
6555.6,T022,U05,direct,
6556.5,T015,U07,relay,R01
6556.6,T022,U05,direct,
6557.5,T015,U07,relay,R01
6557.6,T022,U05,direct,
6558.5,T015,U07,relay,R01
6558.6,T022,U05,direct,
6559.5,T015,U07,relay,R01
6559.6,T022,U05,direct,
6560.5,T015,U07,relay,R01
6560.6,T022,U05,direct,
6561.5,T015,U07,relay,R01
6561.6,T022,U05,direct,
6562.5,T015,U07,relay,R01
6562.6,T022,U05,direct,
6563.5,T015,U07,relay,R01
6563.6,T022,U05,direct,
6564.5,T015,U07,relay,R01
6564.6,T022,U05,direct,
6565.5,T015,U07,relay,R01
6565.6,T022,U05,direct,
6566.5,T015,U07,relay,R01
6566.6,T022,U05,direct,
6567.5,T015,U07,relay,R01
6567.6,T022,U05,direct,
6568.5,T015,U07,relay,R01
6568.6,T022,U05,direct,
6569.5,T015,U07,relay,R01
6569.6,T022,U05,direct,
6570.5,T015,U07,relay,R01
6570.6,T022,U05,direct,
6571.5,T015,U07,relay,R01
6571.6,T022,U05,direct,
6572.5,T015,U07,relay,R01
6572.6,T022,U05,direct,
6573.5,T015,U07,relay,R01
6573.6,T022,U05,direct,
6574.5,T015,U07,relay,R01
6574.6,T022,U05,direct,
6575.5,T015,U07,relay,R01
6575.6,T022,U05,direct,
6576.5,T015,U07,relay,R01
6576.6,T022,U05,direct,
6577.5,T015,U07,relay,R01
6577.6,T022,U05,direct,
6578.5,T015,U07,relay,R01
6578.6,T022,U05,direct,
6579.5,T015,U07,relay,R01
6579.6,T022,U05,direct,
6580.5,T015,U07,relay,R01
6580.6,T022,U05,direct,
6581.5,T015,U07,relay,R01
6581.6,T022,U05,direct,
6582.5,T015,U07,relay,R01
6582.6,T022,U05,direct,
6583.5,T015,U07,relay,R01
6583.6,T022,U05,direct,
6584.5,T015,U07,relay,R01
6584.6,T022,U05,direct,
6585.5,T015,U07,relay,R01
6585.6,T022,U05,direct,
6586.5,T015,U07,relay,R01
6586.6,T022,U05,direct,
6587.5,T015,U07,relay,R01
6587.6,T022,U05,direct,
6588.5,T015,U07,relay,R01
6588.6,T022,U05,direct,
6589.5,T015,U07,relay,R01
6589.6,T022,U05,direct,
6590.5,T015,U07,relay,R01
6590.6,T022,U05,direct,
6591.5,T015,U07,relay,R01
6591.6,T022,U05,direct,
6592.5,T015,U07,relay,R01
6592.6,T022,U05,direct,
6593.5,T015,U07,relay,R01
6593.6,T022,U05,direct,
6594.5,T015,U07,relay,R01
6594.6,T022,U05,direct,
6595.5,T015,U07,relay,R01
6595.6,T022,U05,direct,
6596.5,T015,U07,relay,R01
6596.6,T022,U05,direct,
6597.5,T015,U07,relay,R01
6597.6,T022,U05,direct,
6598.5,T015,U07,relay,R01
6598.6,T022,U05,direct,
6599.5,T015,U07,relay,R01
6599.6,T022,U05,direct,
6600.5,T015,U07,relay,R01
6600.6,T022,U05,direct,
6601.5,T015,U07,relay,R01
6601.6,T022,U05,direct,
6602.5,T015,U07,relay,R01
6602.6,T022,U05,direct,
6603.5,T015,U07,relay,R01
6603.6,T022,U05,direct,
6604.5,T015,U07,relay,R01
6604.6,T022,U05,direct,
6605.5,T015,U07,relay,R01
6605.6,T022,U05,direct,
6606.5,T015,U07,relay,R01
6606.6,T022,U05,direct,
6607.5,T015,U07,relay,R01
6607.6,T022,U05,direct,
6608.5,T015,U07,relay,R01
6608.6,T022,U05,direct,
6609.5,T015,U07,relay,R01
6609.6,T022,U05,direct,
6610.5,T015,U07,outage,
6610.6,T022,U05,direct,
6611.5,T015,U07,direct,
6611.6,T022,U05,direct,
6612.5,T015,U07,direct,
6612.6,T022,U05,direct,
6613.5,T015,U07,direct,
6613.6,T022,U05,direct,
6614.5,T015,U07,direct,
6614.6,T022,U05,direct,
6615.5,T015,U07,direct,
6615.6,T022,U05,direct,
6616.5,T015,U07,direct,
6616.6,T022,U05,direct,
6617.5,T015,U07,direct,
6617.6,T022,U05,direct,
6618.5,T015,U07,direct,
6618.6,T022,U05,direct,
6619.5,T015,U07,direct,
6619.6,T022,U05,direct,
6620.5,T015,U07,direct,
6620.6,T022,U05,direct,
6621.5,T015,U07,direct,
6621.6,T022,U05,direct,
6622.5,T015,U07,direct,
6622.6,T022,U05,direct,
6623.5,T015,U07,direct,
6623.6,T022,U05,direct,
6624.5,T015,U07,direct,
6624.6,T022,U05,direct,
6625.5,T015,U07,direct,
6625.6,T022,U05,direct,
6626.5,T015,U07,direct,
6626.6,T022,U05,direct,
6627.5,T015,U07,direct,
6627.6,T022,U05,direct,
6628.5,T015,U07,direct,
6628.6,T022,U05,direct,
6629.5,T015,U07,direct,
6629.6,T022,U05,direct,
6630.5,T015,U07,direct,
6630.6,T022,U05,direct,
6631.5,T015,U07,direct,
6631.6,T022,U05,direct,
6632.5,T015,U07,direct,
6632.6,T022,U05,direct,
6633.5,T015,U07,direct,
6633.6,T022,U05,direct,
6634.5,T015,U07,direct,
6634.6,T022,U05,direct,
6635.5,T015,U07,direct,
6635.6,T022,U05,direct,
6636.5,T015,U07,direct,
6636.6,T022,U05,direct,
6637.5,T015,U07,direct,
6637.6,T022,U05,direct,
6638.5,T015,U07,direct,
6638.6,T022,U05,direct,
6639.5,T015,U07,direct,
6639.6,T022,U05,direct,
6640.5,T015,U07,direct,
6640.6,T022,U05,direct,
6641.5,T015,U07,direct,
6641.6,T022,U05,direct,
6642.5,T015,U07,direct,
6642.6,T022,U05,direct,
6643.5,T015,U07,direct,
6643.6,T022,U05,direct,
6644.5,T015,U07,direct,
6644.6,T022,U05,direct,
6645.5,T015,U07,direct,
6645.6,T022,U05,direct,
6646.5,T015,U07,direct,
6646.6,T022,U05,direct,
6647.5,T015,U07,direct,
6647.6,T022,U05,direct,
6648.5,T015,U07,direct,
6648.6,T022,U05,direct,
6649.5,T015,U07,direct,
6649.6,T022,U05,direct,
6650.5,T015,U07,direct,
6650.6,T022,U05,direct,
6651.5,T015,U07,direct,
6651.6,T022,U05,direct,
6652.5,T015,U07,direct,
6652.6,T022,U05,direct,
6653.5,T015,U07,direct,
6653.6,T022,U05,direct,
6654.5,T015,U07,direct,
6654.6,T022,U05,direct,
6655.5,T015,U07,direct,
6655.6,T022,U05,direct,
6656.5,T015,U07,direct,
6656.6,T022,U05,direct,
6657.5,T015,U07,direct,
6657.6,T022,U05,direct,
6658.5,T015,U07,direct,
6658.6,T022,U05,direct,
6659.5,T015,U07,direct,
6659.6,T022,U05,direct,
6660.5,T015,U07,direct,
6660.6,T022,U05,direct,
6661.5,T015,U07,direct,
6661.6,T022,U05,direct,
6662.5,T015,U07,direct,
6662.6,T022,U05,direct,
6663.5,T015,U07,direct,
6663.6,T022,U05,direct,
6664.5,T015,U07,direct,
6664.6,T022,U05,direct,
6665.5,T015,U07,direct,
6665.6,T022,U05,direct,
6666.5,T015,U07,direct,
6666.6,T022,U05,direct,
6667.5,T015,U07,direct,
6667.6,T022,U05,direct,
6668.5,T015,U07,direct,
6668.6,T022,U05,direct,
6669.5,T015,U07,direct,
6669.6,T022,U05,direct,
6670.5,T015,U07,direct,
6670.6,T022,U05,direct,
6671.5,T015,U07,direct,
6671.6,T022,U05,direct,
6672.5,T015,U07,direct,
6672.6,T022,U05,direct,
6673.5,T015,U07,direct,
6673.6,T022,U05,direct,
6674.5,T015,U07,direct,
6674.6,T022,U05,direct,
6675.5,T015,U07,direct,
6675.6,T022,U05,direct,
6676.5,T015,U07,direct,
6676.6,T022,U05,direct,
6677.5,T015,U07,direct,
6677.6,T022,U05,direct,
6678.5,T015,U07,direct,
6678.6,T022,U05,direct,
6679.5,T015,U07,direct,
6679.6,T022,U05,direct,
6680.5,T015,U07,direct,
6680.6,T022,U05,direct,
6681.5,T015,U07,direct,
6681.6,T022,U05,direct,
6682.5,T015,U07,direct,
6682.6,T022,U05,direct,
6683.5,T015,U07,direct,
6683.6,T022,U05,direct,
6684.5,T015,U07,direct,
6684.6,T022,U05,direct,
6685.5,T015,U07,direct,
6685.6,T022,U05,direct,
6686.5,T015,U07,direct,
6686.6,T022,U05,direct,
6687.5,T015,U07,direct,
6687.6,T022,U05,direct,
6688.5,T015,U07,direct,
6688.6,T022,U05,direct,
6689.5,T015,U07,direct,
6689.6,T022,U05,direct,
6690.5,T015,U07,direct,
6690.6,T022,U05,direct,
6691.5,T015,U07,direct,
6691.6,T022,U05,direct,
6692.5,T015,U07,direct,
6692.6,T022,U05,direct,
6693.5,T015,U07,direct,
6693.6,T022,U05,direct,
6694.5,T015,U07,direct,
6694.6,T022,U05,direct,
6695.5,T015,U07,direct,
6695.6,T022,U05,direct,
6696.5,T015,U07,direct,
6696.6,T022,U05,direct,
6697.5,T015,U07,direct,
6697.6,T022,U05,direct,
6698.5,T015,U07,direct,
6698.6,T022,U05,direct,
6699.5,T015,U07,direct,
6699.6,T022,U05,direct,
6700.5,T015,U07,direct,
6700.6,T022,U05,direct,
6701.5,T015,U07,direct,
6701.6,T022,U05,direct,
6702.5,T015,U07,direct,
6702.6,T022,U05,direct,
6703.5,T015,U07,direct,
6703.6,T022,U05,direct,
6704.5,T015,U07,direct,
6704.6,T022,U05,direct,
6705.5,T015,U07,direct,
6705.6,T022,U05,direct,
6706.5,T015,U07,direct,
6706.6,T022,U05,direct,
6707.5,T015,U07,direct,
6707.6,T022,U05,direct,
6708.5,T015,U07,direct,
6708.6,T022,U05,direct,
6709.5,T015,U07,direct,
6709.6,T022,U05,direct,
6710.5,T015,U07,direct,
6710.6,T022,U05,direct,
6711.5,T015,U07,direct,
6711.6,T022,U05,direct,
6712.5,T015,U07,direct,
6712.6,T022,U05,direct,
6713.5,T015,U07,direct,
6713.6,T022,U05,direct,
6714.5,T015,U07,direct,
6714.6,T022,U05,direct,
6715.5,T015,U07,direct,
6715.6,T022,U05,direct,
6716.5,T015,U07,direct,
6716.6,T022,U05,direct,
6717.5,T015,U07,direct,
6717.6,T022,U05,direct,
6718.5,T015,U07,direct,
6718.6,T022,U05,direct,
6719.5,T015,U07,direct,
6719.6,T022,U05,direct,
6720.5,T015,U07,direct,
6720.6,T022,U05,direct,
6721.5,T015,U07,direct,
6721.6,T022,U05,direct,
6722.5,T015,U07,direct,
6722.6,T022,U05,direct,
6723.5,T015,U07,direct,
6723.6,T022,U05,direct,
6724.5,T015,U07,direct,
6724.6,T022,U05,direct,
6725.5,T015,U07,direct,
6725.6,T022,U05,direct,
6726.5,T015,U07,direct,
6726.6,T022,U05,direct,
6727.5,T015,U07,direct,
6727.6,T022,U05,direct,
6728.5,T015,U07,direct,
6728.6,T022,U05,direct,
6729.5,T015,U07,direct,
6729.6,T022,U05,direct,
6730.5,T015,U07,direct,
6730.6,T022,U05,direct,
6731.5,T015,U07,direct,
6731.6,T022,U05,direct,
6732.5,T015,U07,direct,
6732.6,T022,U05,direct,
6733.5,T015,U07,direct,
6733.6,T022,U05,direct,
6734.5,T015,U07,direct,
6734.6,T022,U05,direct,
6735.5,T015,U07,direct,
6735.6,T022,U05,direct,
6736.5,T015,U07,direct,
6736.6,T022,U05,direct,
6737.5,T015,U07,direct,
6737.6,T022,U05,direct,
6738.5,T015,U07,direct,
6738.6,T022,U05,direct,
6739.5,T015,U07,direct,
6739.6,T022,U05,direct,
6740.5,T015,U07,direct,
6740.6,T022,U05,direct,
6741.5,T015,U07,direct,
6741.6,T022,U05,direct,
6742.5,T015,U07,direct,
6742.6,T022,U05,direct,
6743.5,T015,U07,direct,
6743.6,T022,U05,direct,
6744.5,T015,U07,direct,
6744.6,T022,U05,direct,
6745.5,T015,U07,direct,
6745.6,T022,U05,direct,
6746.5,T015,U07,direct,
6746.6,T022,U05,direct,
6747.5,T015,U07,direct,
6747.6,T022,U05,direct,
6748.5,T015,U07,direct,
6748.6,T022,U05,direct,
6749.5,T015,U07,direct,
6749.6,T022,U05,direct,
6750.5,T015,U07,direct,
6750.6,T022,U05,direct,
6751.5,T015,U07,direct,
6751.6,T022,U05,direct,
6752.5,T015,U07,direct,
6752.6,T022,U05,direct,
6753.5,T015,U07,direct,
6753.6,T022,U05,direct,
6754.5,T015,U07,direct,
6754.6,T022,U05,direct,
6755.5,T015,U07,direct,
6755.6,T022,U05,direct,
6756.5,T015,U07,direct,
6756.6,T022,U05,direct,
6757.5,T015,U07,direct,
6757.6,T022,U05,direct,
6758.5,T015,U07,direct,
6758.6,T022,U05,direct,
6759.5,T015,U07,direct,
6759.6,T022,U05,direct,
6760.5,T015,U07,direct,
6760.6,T022,U05,direct,
6761.5,T015,U07,direct,
6761.6,T022,U05,direct,
6762.5,T015,U07,direct,
6762.6,T022,U05,direct,
6763.5,T015,U07,direct,
6763.6,T022,U05,direct,
6764.5,T015,U07,direct,
6764.6,T022,U05,direct,
6765.5,T015,U07,direct,
6765.6,T022,U05,direct,
6766.5,T015,U07,direct,
6766.6,T022,U05,direct,
6767.5,T015,U07,direct,
6767.6,T022,U05,direct,
6768.5,T015,U07,direct,
6768.6,T022,U05,direct,
6769.5,T015,U07,direct,
6769.6,T022,U05,direct,
6770.5,T015,U07,direct,
6770.6,T022,U05,direct,
6771.5,T015,U07,direct,
6771.6,T022,U05,direct,
6772.5,T015,U07,direct,
6772.6,T022,U05,direct,
6773.5,T015,U07,direct,
6773.6,T022,U05,direct,
6774.5,T015,U07,direct,
6774.6,T022,U05,direct,
6775.5,T015,U07,direct,
6775.6,T022,U05,direct,
6776.5,T015,U07,direct,
6777.5,T015,U07,direct,
6778.5,T015,U07,direct,
6779.5,T015,U07,direct,
6780.5,T015,U07,direct,
6781.5,T015,U07,direct,
6782.5,T015,U07,direct,
6783.5,T015,U07,direct,
6784.5,T015,U07,direct,
6785.5,T015,U07,direct,
6786.5,T015,U07,direct,
6787.5,T015,U07,direct,
6788.5,T015,U07,direct,
6789.5,T015,U07,direct,
6790.5,T015,U07,direct,
6791.5,T015,U07,direct,
6792.5,T015,U07,direct,
6793.5,T015,U07,direct,
6794.5,T015,U07,direct,
6795.5,T015,U07,direct,
6796.5,T015,U07,direct,
6797.5,T015,U07,direct,
6798.5,T015,U07,direct,
6799.5,T015,U07,direct,
6800.5,T015,U07,direct,
6801.5,T015,U07,direct,
6802.5,T015,U07,direct,
6803.5,T015,U07,direct,
6804.5,T015,U07,direct,
6805.5,T015,U07,direct,
6806.5,T015,U07,direct,
6807.5,T015,U07,direct,
6808.5,T015,U07,direct,
6809.5,T015,U07,direct,
6810.5,T015,U07,direct,
6811.5,T015,U07,direct,
6812.5,T015,U07,direct,
6813.5,T015,U07,direct,
6814.5,T015,U07,direct,
6815.5,T015,U07,direct,
6816.5,T015,U07,direct,
6817.5,T015,U07,direct,
6818.5,T015,U07,direct,
6819.5,T015,U07,direct,
6820.5,T015,U07,direct,
6821.5,T015,U07,direct,
6822.5,T015,U07,direct,
6823.5,T015,U07,direct,
6824.5,T015,U07,direct,
6825.5,T015,U07,direct,
6826.5,T015,U07,direct,
6827.5,T015,U07,direct,
6828.5,T015,U07,direct,
6829.5,T015,U07,direct,
6830.5,T015,U07,direct,
6831.5,T015,U07,direct,
6832.5,T015,U07,direct,
6833.5,T015,U07,direct,
6834.5,T015,U07,direct,
6835.5,T015,U07,direct,
6836.5,T015,U07,direct,
6837.5,T015,U07,direct,
6838.5,T015,U07,direct,
6839.5,T015,U07,direct,
6840.5,T015,U07,direct,
6841.5,T015,U07,direct,
6842.5,T015,U07,direct,
6843.5,T015,U07,direct,
6844.5,T015,U07,direct,
6845.5,T015,U07,direct,
6846.5,T015,U07,direct,
6847.5,T015,U07,direct,
6848.5,T015,U07,direct,
6849.5,T015,U07,direct,
6850.5,T015,U07,direct,
6851.5,T015,U07,direct,
6852.5,T015,U07,direct,
6853.5,T015,U07,direct,
6854.5,T015,U07,direct,
6855.5,T015,U07,direct,
6856.5,T015,U07,direct,
6857.5,T015,U07,direct,
6858.5,T015,U07,direct,
6859.5,T015,U07,direct,
6860.5,T015,U07,direct,
6861.5,T015,U07,direct,
6862.5,T015,U07,direct,
6863.5,T015,U07,direct,
6864.5,T015,U07,direct,
6865.5,T015,U07,direct,
6866.5,T015,U07,direct,
6867.5,T015,U07,direct,
6868.5,T015,U07,direct,
6869.5,T015,U07,direct,
6870.5,T015,U07,direct,
6871.5,T015,U07,direct,
6872.5,T015,U07,direct,
6873.5,T015,U07,direct,
6874.5,T015,U07,direct,
6875.5,T015,U07,direct,
6876.5,T015,U07,direct,
6877.5,T015,U07,direct,
6878.5,T015,U07,direct,
6879.5,T015,U07,direct,
6880.5,T015,U07,direct,
6881.5,T015,U07,direct,
6882.5,T015,U07,direct,
6883.5,T015,U07,direct,
6884.5,T015,U07,direct,
6885.5,T015,U07,direct,
6886.5,T015,U07,direct,
6887.5,T015,U07,direct,
6888.5,T015,U07,direct,
6889.5,T015,U07,direct,
6890.5,T015,U07,direct,
6891.5,T015,U07,direct,
6892.5,T015,U07,direct,
6893.5,T015,U07,direct,
6894.5,T015,U07,direct,
6895.5,T015,U07,direct,
6896.5,T015,U07,direct,
6897.5,T015,U07,direct,
6898.5,T015,U07,direct,
6899.5,T015,U07,direct,
6900.5,T015,U07,direct,
6901.5,T015,U07,direct,
6902.5,T015,U07,direct,
6903.5,T015,U07,direct,
6904.5,T015,U07,direct,
6905.5,T015,U07,direct,
6906.5,T015,U07,direct,
6907.5,T015,U07,direct,
6908.5,T015,U07,direct,
6909.5,T015,U07,direct,
6910.5,T015,U07,direct,
6911.5,T015,U07,direct,
6912.5,T015,U07,direct,
6913.5,T015,U07,direct,
6914.5,T015,U07,direct,
6915.5,T015,U07,direct,
6916.5,T015,U07,direct,
6917.5,T015,U07,direct,
6918.5,T015,U07,direct,
6919.5,T015,U07,direct,
6920.5,T015,U07,direct,
6921.5,T015,U07,direct,
6922.5,T015,U07,direct,
6923.5,T015,U07,direct,
6924.5,T015,U07,direct,
6925.5,T015,U07,direct,
6926.5,T015,U07,direct,
6927.5,T015,U07,direct,
6928.5,T015,U07,direct,
6929.5,T015,U07,direct,
6930.5,T015,U07,direct,
6931.5,T015,U07,direct,
6932.5,T015,U07,direct,
6933.5,T015,U07,direct,
6934.5,T015,U07,direct,
6935.5,T015,U07,direct,
6936.5,T015,U07,direct,
6937.5,T015,U07,direct,
6938.5,T015,U07,direct,
6939.5,T015,U07,direct,
6940.5,T015,U07,direct,
6941.5,T015,U07,direct,
6942.5,T015,U07,direct,
6943.5,T015,U07,direct,
6944.5,T015,U07,direct,
6945.5,T015,U07,direct,
6946.5,T015,U07,direct,
6947.5,T015,U07,direct,
6948.5,T015,U07,direct,
6949.5,T015,U07,direct,
6950.5,T015,U07,direct,
6951.5,T015,U07,direct,
6952.5,T015,U07,direct,
6953.5,T015,U07,direct,
6954.5,T015,U07,direct,
6955.5,T015,U07,direct,
6956.5,T015,U07,direct,
6957.5,T015,U07,direct,
6958.5,T015,U07,direct,
6959.5,T015,U07,direct,
6960.5,T015,U07,direct,
6961.5,T015,U07,direct,
6962.5,T015,U07,direct,
6963.5,T015,U07,direct,
6964.5,T015,U07,direct,
6965.5,T015,U07,direct,
6966.5,T015,U07,direct,
6967.5,T015,U07,direct,
6968.5,T015,U07,direct,
6969.5,T015,U07,direct,
6970.5,T015,U07,direct,
6971.5,T015,U07,direct,
6972.5,T015,U07,direct,
6973.5,T015,U07,direct,
