time_s,trip_id,drone_id,x,y,lon,lat,altitude_m,phase
360.0,T006,U01,318686.201,2545556.139,109.2308517,23.0085095,127.7,ascent
360.0,T009,U02,318686.201,2545556.139,109.2308517,23.0085095,127.7,ascent
360.0,T010,U03,318686.201,2545556.139,109.2308517,23.0085095,127.7,ascent
360.0,T016,U04,318686.201,2545556.139,109.2308517,23.0085095,127.7,ascent
365.0,T006,U01,318686.201,2545556.139,109.2308517,23.0085095,142.7,ascent
365.0,T009,U02,318686.201,2545556.139,109.2308517,23.0085095,142.7,ascent
365.0,T010,U03,318686.201,2545556.139,109.2308517,23.0085095,142.7,ascent
365.0,T016,U04,318686.201,2545556.139,109.2308517,23.0085095,142.7,ascent
370.0,T006,U01,318686.201,2545556.139,109.2308517,23.0085095,157.7,ascent
370.0,T009,U02,318686.201,2545556.139,109.2308517,23.0085095,157.7,ascent
370.0,T010,U03,318686.201,2545556.139,109.2308517,23.0085095,157.7,ascent
370.0,T016,U04,318686.201,2545556.139,109.2308517,23.0085095,157.7,ascent
375.0,T006,U01,318686.201,2545556.139,109.2308517,23.0085095,172.7,ascent
375.0,T009,U02,318686.201,2545556.139,109.2308517,23.0085095,172.7,ascent
375.0,T010,U03,318686.201,2545556.139,109.2308517,23.0085095,172.7,ascent
375.0,T016,U04,318686.201,2545556.139,109.2308517,23.0085095,172.7,ascent
380.0,T006,U01,318686.201,2545556.139,109.2308517,23.0085095,187.7,ascent
380.0,T009,U02,318686.201,2545556.139,109.2308517,23.0085095,187.7,ascent
380.0,T010,U03,318686.201,2545556.139,109.2308517,23.0085095,187.7,ascent
380.0,T016,U04,318686.201,2545556.139,109.2308517,23.0085095,187.7,ascent
385.0,T006,U01,318686.201,2545556.139,109.2308517,23.0085095,202.7,ascent
385.0,T009,U02,318686.201,2545556.139,109.2308517,23.0085095,202.7,ascent
385.0,T010,U03,318686.201,2545556.139,109.2308517,23.0085095,202.7,ascent
385.0,T016,U04,318686.201,2545556.139,109.2308517,23.0085095,202.7,ascent
390.0,T002,U05,318686.201,2545556.139,109.2308517,23.0085095,127.7,ascent
390.0,T004,U06,318686.201,2545556.139,109.2308517,23.0085095,127.7,ascent
390.0,T006,U01,318686.201,2545556.139,109.2308517,23.0085095,217.7,ascent
390.0,T009,U02,318686.201,2545556.139,109.2308517,23.0085095,217.7,ascent
390.0,T010,U03,318686.201,2545556.139,109.2308517,23.0085095,217.7,ascent
390.0,T016,U04,318686.201,2545556.139,109.2308517,23.0085095,217.7,ascent
395.0,T002,U05,318686.201,2545556.139,109.2308517,23.0085095,142.7,ascent
395.0,T004,U06,318686.201,2545556.139,109.2308517,23.0085095,142.7,ascent
395.0,T006,U01,318686.201,2545556.139,109.2308517,23.0085095,232.7,ascent
395.0,T009,U02,318686.201,2545556.139,109.2308517,23.0085095,232.7,ascent
395.0,T010,U03,318686.201,2545556.139,109.2308517,23.0085095,232.7,ascent
395.0,T016,U04,318686.201,2545556.139,109.2308517,23.0085095,232.7,ascent
400.0,T002,U05,318686.201,2545556.139,109.2308517,23.0085095,157.7,ascent
400.0,T004,U06,318686.201,2545556.139,109.2308517,23.0085095,157.7,ascent
400.0,T006,U01,318686.201,2545556.139,109.2308517,23.0085095,247.7,ascent
400.0,T009,U02,318686.201,2545556.139,109.2308517,23.0085095,247.7,ascent
400.0,T010,U03,318686.201,2545556.139,109.2308517,23.0085095,247.7,ascent
400.0,T016,U04,318686.201,2545556.139,109.2308517,23.0085095,247.7,ascent
405.0,T002,U05,318686.201,2545556.139,109.2308517,23.0085095,172.7,ascent
405.0,T004,U06,318686.201,2545556.139,109.2308517,23.0085095,172.7,ascent
405.0,T006,U01,318686.201,2545556.139,109.2308517,23.0085095,262.7,ascent
405.0,T009,U02,318686.201,2545556.139,109.2308517,23.0085095,262.7,ascent
405.0,T010,U03,318686.201,2545556.139,109.2308517,23.0085095,262.7,ascent
405.0,T016,U04,318686.201,2545556.139,109.2308517,23.0085095,262.7,ascent
410.0,T002,U05,318686.201,2545556.139,109.2308517,23.0085095,187.7,ascent
410.0,T004,U06,318686.201,2545556.139,109.2308517,23.0085095,187.7,ascent
410.0,T006,U01,318686.201,2545556.139,109.2308517,23.0085095,277.7,ascent
410.0,T009,U02,318686.201,2545556.139,109.2308517,23.0085095,277.7,ascent
410.0,T010,U03,318686.201,2545556.139,109.2308517,23.0085095,277.7,ascent
410.0,T016,U04,318694.122,2545572.939,109.230927,23.0086621,273.057,cruise
415.0,T002,U05,318686.201,2545556.139,109.2308517,23.0085095,202.7,ascent
415.0,T004,U06,318686.201,2545556.139,109.2308517,23.0085095,202.7,ascent
415.0,T006,U01,318686.201,2545556.139,109.2308517,23.0085095,292.7,ascent
415.0,T009,U02,318686.201,2545556.139,109.2308517,23.0085095,292.7,ascent
415.0,T010,U03,318686.201,2545556.139,109.2308517,23.0085095,292.7,ascent
415.0,T016,U04,318719.71,2545627.21,109.2311702,23.0091549,273.057,cruise
420.0,T002,U05,318686.201,2545556.139,109.2308517,23.0085095,217.7,ascent
420.0,T004,U06,318686.201,2545556.139,109.2308517,23.0085095,217.7,ascent
420.0,T006,U01,318686.201,2545556.139,109.2308517,23.0085095,307.7,ascent
420.0,T009,U02,318686.201,2545556.139,109.2308517,23.0085095,307.7,ascent
420.0,T010,U03,318686.201,2545556.139,109.2308517,23.0085095,307.7,ascent
420.0,T016,U04,318745.297,2545681.48,109.2314134,23.0096477,273.057,cruise
425.0,T002,U05,318686.201,2545556.139,109.2308517,23.0085095,232.7,ascent
425.0,T004,U06,318686.201,2545556.139,109.2308517,23.0085095,232.7,ascent
425.0,T006,U01,318686.201,2545556.139,109.2308517,23.0085095,322.7,ascent
425.0,T009,U02,318686.201,2545556.139,109.2308517,23.0085095,322.7,ascent
425.0,T010,U03,318686.201,2545556.139,109.2308517,23.0085095,322.7,ascent
425.0,T016,U04,318770.885,2545735.751,109.2316565,23.0101405,273.057,cruise
430.0,T002,U05,318686.201,2545556.139,109.2308517,23.0085095,247.7,ascent
430.0,T004,U06,318686.201,2545556.139,109.2308517,23.0085095,247.7,ascent
430.0,T006,U01,318686.201,2545556.139,109.2308517,23.0085095,337.7,ascent
430.0,T009,U02,318686.201,2545556.139,109.2308517,23.0085095,337.7,ascent
430.0,T010,U03,318686.201,2545556.139,109.2308517,23.0085095,337.7,ascent
430.0,T016,U04,318796.472,2545790.021,109.2318997,23.0106333,273.057,cruise
435.0,T002,U05,318686.201,2545556.139,109.2308517,23.0085095,262.7,ascent
435.0,T004,U06,318686.201,2545556.139,109.2308517,23.0085095,262.7,ascent
435.0,T006,U01,318686.201,2545556.139,109.2308517,23.0085095,352.7,ascent
435.0,T009,U02,318686.201,2545556.139,109.2308517,23.0085095,352.7,ascent
435.0,T010,U03,318686.201,2545556.139,109.2308517,23.0085095,352.7,ascent
435.0,T016,U04,318822.06,2545844.291,109.2321429,23.0111261,273.057,cruise
440.0,T002,U05,318686.201,2545556.139,109.2308517,23.0085095,277.7,ascent
440.0,T004,U06,318686.201,2545556.139,109.2308517,23.0085095,277.7,ascent
440.0,T006,U01,318686.201,2545556.139,109.2308517,23.0085095,367.7,ascent
440.0,T009,U02,318686.201,2545556.139,109.2308517,23.0085095,367.7,ascent
440.0,T010,U03,318686.201,2545556.139,109.2308517,23.0085095,367.7,ascent
440.0,T016,U04,318847.647,2545898.562,109.2323861,23.0116189,273.057,cruise
445.0,T002,U05,318686.201,2545556.139,109.2308517,23.0085095,292.7,ascent
445.0,T004,U06,318686.201,2545556.139,109.2308517,23.0085095,292.7,ascent
445.0,T006,U01,318686.201,2545556.139,109.2308517,23.0085095,382.7,ascent
445.0,T009,U02,318686.201,2545556.139,109.2308517,23.0085095,382.7,ascent
445.0,T010,U03,318677.671,2545594.362,109.230764,23.0088537,372.909,cruise
445.0,T016,U04,318873.235,2545952.832,109.2326293,23.0121117,273.057,cruise
450.0,T001,U07,318686.201,2545556.139,109.2308517,23.0085095,127.7,ascent
450.0,T002,U05,318686.201,2545556.139,109.2308517,23.0085095,307.7,ascent
450.0,T003,U08,318686.201,2545556.139,109.2308517,23.0085095,127.7,ascent
450.0,T004,U06,318686.201,2545556.139,109.2308517,23.0085095,307.7,ascent
450.0,T006,U01,318686.201,2545556.139,109.2308517,23.0085095,397.7,ascent
450.0,T009,U02,318686.201,2545556.139,109.2308517,23.0085095,397.7,ascent
450.0,T010,U03,318664.601,2545652.921,109.2306296,23.009381,372.909,cruise
450.0,T016,U04,318898.822,2546007.103,109.2328725,23.0126045,273.057,cruise
455.0,T001,U07,318686.201,2545556.139,109.2308517,23.0085095,140.2,ascent
455.0,T002,U05,318686.201,2545556.139,109.2308517,23.0085095,322.7,ascent
455.0,T003,U08,318686.201,2545556.139,109.2308517,23.0085095,140.2,ascent
455.0,T004,U06,318686.201,2545556.139,109.2308517,23.0085095,322.7,ascent
455.0,T006,U01,318686.201,2545556.139,109.2308517,23.0085095,412.7,ascent
455.0,T009,U02,318686.201,2545556.139,109.2308517,23.0085095,412.7,ascent
455.0,T010,U03,318651.531,2545711.48,109.2304952,23.0099083,372.909,cruise
455.0,T016,U04,318924.41,2546061.373,109.2331157,23.0130973,273.057,cruise
460.0,T001,U07,318686.201,2545556.139,109.2308517,23.0085095,152.7,ascent
460.0,T002,U05,318686.201,2545556.139,109.2308517,23.0085095,337.7,ascent
460.0,T003,U08,318686.201,2545556.139,109.2308517,23.0085095,152.7,ascent
460.0,T004,U06,318686.201,2545556.139,109.2308517,23.0085095,337.7,ascent
460.0,T006,U01,318686.201,2545556.139,109.2308517,23.0085095,427.7,ascent
460.0,T009,U02,318686.201,2545556.139,109.2308517,23.0085095,427.7,ascent
460.0,T010,U03,318638.462,2545770.039,109.2303609,23.0104356,372.909,cruise
460.0,T016,U04,318949.997,2546115.644,109.2333589,23.0135901,273.057,cruise
465.0,T001,U07,318686.201,2545556.139,109.2308517,23.0085095,165.2,ascent
465.0,T002,U05,318686.201,2545556.139,109.2308517,23.0085095,352.7,ascent
465.0,T003,U08,318686.201,2545556.139,109.2308517,23.0085095,165.2,ascent
465.0,T004,U06,318686.201,2545556.139,109.2308517,23.0085095,352.7,ascent
465.0,T006,U01,318713.626,2545562.936,109.2311184,23.0085739,435.637,cruise
465.0,T009,U02,318686.201,2545556.139,109.2308517,23.0085095,442.7,ascent
465.0,T010,U03,318625.392,2545828.599,109.2302265,23.0109629,372.909,cruise
465.0,T016,U04,318975.585,2546169.914,109.2336021,23.0140829,273.057,cruise
470.0,T001,U07,318686.201,2545556.139,109.2308517,23.0085095,177.7,ascent
470.0,T002,U05,318686.201,2545556.139,109.2308517,23.0085095,367.7,ascent
470.0,T003,U08,318686.201,2545556.139,109.2308517,23.0085095,177.7,ascent
470.0,T004,U06,318686.201,2545556.139,109.2308517,23.0085095,367.7,ascent
470.0,T006,U01,318771.864,2545577.368,109.2316847,23.0087105,435.637,cruise
470.0,T009,U02,318686.201,2545556.139,109.2308517,23.0085095,457.7,ascent
470.0,T010,U03,318612.323,2545887.158,109.2300921,23.0114902,372.909,cruise
470.0,T016,U04,319001.172,2546224.184,109.2338453,23.0145757,273.057,cruise
475.0,T001,U07,318686.201,2545556.139,109.2308517,23.0085095,190.2,ascent
475.0,T002,U05,318686.201,2545556.139,109.2308517,23.0085095,382.7,ascent
475.0,T003,U08,318686.201,2545556.139,109.2308517,23.0085095,190.2,ascent
475.0,T004,U06,318686.201,2545556.139,109.2308517,23.0085095,382.7,ascent
475.0,T006,U01,318830.102,2545591.801,109.2322511,23.0088472,435.637,cruise
475.0,T009,U02,318686.201,2545556.139,109.2308517,23.0085095,472.7,ascent
475.0,T010,U03,318599.253,2545945.717,109.2299577,23.0120176,372.909,cruise
475.0,T016,U04,319026.76,2546278.455,109.2340885,23.0150685,273.057,cruise
480.0,T001,U07,318686.201,2545556.139,109.2308517,23.0085095,202.7,ascent
480.0,T002,U05,318686.201,2545556.139,109.2308517,23.0085095,397.7,ascent
480.0,T003,U08,318686.201,2545556.139,109.2308517,23.0085095,202.7,ascent
480.0,T004,U06,318686.201,2545556.139,109.2308517,23.0085095,397.7,ascent
480.0,T006,U01,318888.34,2545606.234,109.2328174,23.0089838,435.637,cruise
480.0,T009,U02,318686.201,2545556.139,109.2308517,23.0085095,487.7,ascent
480.0,T010,U03,318586.183,2546004.276,109.2298233,23.0125449,372.909,cruise
480.0,T016,U04,319052.347,2546332.725,109.2343317,23.0155613,273.057,cruise
485.0,T001,U07,318686.201,2545556.139,109.2308517,23.0085095,215.2,ascent
485.0,T002,U05,318686.201,2545556.139,109.2308517,23.0085095,412.7,ascent
485.0,T003,U08,318686.201,2545556.139,109.2308517,23.0085095,215.2,ascent
485.0,T004,U06,318744.526,2545590.298,109.2314166,23.0088243,399.182,cruise
485.0,T006,U01,318946.579,2545620.666,109.2333838,23.0091205,435.637,cruise
485.0,T009,U02,318686.201,2545556.139,109.2308517,23.0085095,502.7,ascent
485.0,T010,U03,318573.114,2546062.836,109.229689,23.0130722,372.909,cruise
485.0,T016,U04,319077.935,2546386.996,109.2345749,23.0160541,273.057,cruise
490.0,T001,U07,318686.201,2545556.139,109.2308517,23.0085095,227.7,ascent
490.0,T002,U05,318686.201,2545556.139,109.2308517,23.0085095,427.7,ascent
490.0,T003,U08,318686.201,2545556.139,109.2308517,23.0085095,227.7,ascent
490.0,T004,U06,318809.243,2545628.201,109.2320433,23.0091736,399.182,cruise
490.0,T006,U01,319004.817,2545635.099,109.2339501,23.0092571,435.637,cruise
490.0,T009,U02,318686.201,2545556.139,109.2308517,23.0085095,517.7,ascent
490.0,T010,U03,318560.044,2546121.395,109.2295546,23.0135995,372.909,cruise
490.0,T016,U04,319103.522,2546441.266,109.2348182,23.0165469,273.057,cruise
495.0,T001,U07,318686.201,2545556.139,109.2308517,23.0085095,240.2,ascent
495.0,T002,U05,318686.201,2545556.139,109.2308517,23.0085095,442.7,ascent
495.0,T003,U08,318686.201,2545556.139,109.2308517,23.0085095,240.2,ascent
495.0,T004,U06,318873.961,2545666.104,109.2326701,23.0095228,399.182,cruise
495.0,T006,U01,319063.055,2545649.531,109.2345165,23.0093938,435.637,cruise
495.0,T009,U02,318686.201,2545556.139,109.2308517,23.0085095,532.7,ascent
495.0,T010,U03,318546.974,2546179.954,109.2294202,23.0141268,372.909,cruise
495.0,T016,U04,319129.11,2546495.537,109.2350614,23.0170397,273.057,cruise
500.0,T001,U07,318686.201,2545556.139,109.2308517,23.0085095,252.7,ascent
500.0,T002,U05,318686.201,2545556.139,109.2308517,23.0085095,457.7,ascent
500.0,T003,U08,318686.201,2545556.139,109.2308517,23.0085095,252.7,ascent
500.0,T004,U06,318938.678,2545704.007,109.2332969,23.0098721,399.182,cruise
500.0,T006,U01,319121.294,2545663.964,109.2350828,23.0095304,435.637,cruise
500.0,T009,U02,318686.201,2545556.139,109.2308517,23.0085095,547.7,ascent
500.0,T010,U03,318533.905,2546238.513,109.2292858,23.0146541,372.909,cruise
500.0,T016,U04,319154.697,2546549.807,109.2353046,23.0175325,273.057,cruise
505.0,T001,U07,318686.201,2545556.139,109.2308517,23.0085095,265.2,ascent
505.0,T002,U05,318686.201,2545556.139,109.2308517,23.0085095,472.7,ascent
505.0,T003,U08,318686.201,2545556.139,109.2308517,23.0085095,265.2,ascent
505.0,T004,U06,319003.396,2545741.91,109.2339237,23.0102214,399.182,cruise
505.0,T006,U01,319179.532,2545678.397,109.2356492,23.0096671,435.637,cruise
505.0,T009,U02,318686.201,2545556.139,109.2308517,23.0085095,562.7,ascent
505.0,T010,U03,318520.835,2546297.073,109.2291514,23.0151814,372.909,cruise
505.0,T016,U04,319180.285,2546604.078,109.2355478,23.0180253,273.057,cruise
510.0,T001,U07,318686.201,2545556.139,109.2308517,23.0085095,277.7,ascent
510.0,T002,U05,318686.201,2545556.139,109.2308517,23.0085095,487.7,ascent
510.0,T003,U08,318686.201,2545556.139,109.2308517,23.0085095,277.7,ascent
510.0,T004,U06,319068.113,2545779.813,109.2345505,23.0105707,399.182,cruise
510.0,T006,U01,319237.77,2545692.829,109.2362156,23.0098037,435.637,cruise
510.0,T009,U02,318670.931,2545574.137,109.2307006,23.0086703,571.799,cruise
510.0,T010,U03,318507.766,2546355.632,109.229017,23.0157087,372.909,cruise
510.0,T016,U04,319205.872,2546658.348,109.235791,23.0185181,273.057,cruise
515.0,T001,U07,318686.201,2545556.139,109.2308517,23.0085095,290.2,ascent
515.0,T002,U05,318686.201,2545556.139,109.2308517,23.0085095,502.7,ascent
515.0,T003,U08,318686.201,2545556.139,109.2308517,23.0085095,290.2,ascent
515.0,T004,U06,319132.831,2545817.716,109.2351773,23.0109199,399.182,cruise
515.0,T006,U01,319296.008,2545707.262,109.2367819,23.0099404,435.637,cruise
515.0,T009,U02,318632.113,2545619.888,109.2303166,23.0090792,571.799,cruise
515.0,T010,U03,318494.696,2546414.191,109.2288826,23.016236,372.909,cruise
515.0,T016,U04,319231.459,2546712.618,109.2360342,23.0190108,273.057,cruise
520.0,T001,U07,318686.201,2545556.139,109.2308517,23.0085095,302.7,ascent
520.0,T002,U05,318686.201,2545556.139,109.2308517,23.0085095,517.7,ascent
520.0,T003,U08,318686.201,2545556.139,109.2308517,23.0085095,302.7,ascent
520.0,T004,U06,319197.548,2545855.619,109.2358041,23.0112692,399.182,cruise
520.0,T006,U01,319354.247,2545721.695,109.2373483,23.010077,435.637,cruise
520.0,T009,U02,318593.296,2545665.64,109.2299326,23.0094881,571.799,cruise
520.0,T010,U03,318481.626,2546472.75,109.2287482,23.0167634,372.909,cruise
520.0,T016,U04,319257.047,2546766.889,109.2362775,23.0195036,273.057,cruise
525.0,T001,U07,318686.201,2545556.139,109.2308517,23.0085095,315.2,ascent
525.0,T002,U05,318686.201,2545556.139,109.2308517,23.0085095,532.7,ascent
525.0,T003,U08,318686.201,2545556.139,109.2308517,23.0085095,315.2,ascent
525.0,T004,U06,319262.266,2545893.522,109.2364309,23.0116185,399.182,cruise
525.0,T006,U01,319412.485,2545736.127,109.2379146,23.0102137,435.637,cruise
525.0,T009,U02,318554.478,2545711.391,109.2295486,23.0098969,571.799,cruise
525.0,T010,U03,318468.557,2546531.309,109.2286138,23.0172907,372.909,cruise
525.0,T016,U04,319282.634,2546821.159,109.2365207,23.0199964,273.057,cruise
530.0,T001,U07,318686.201,2545556.139,109.2308517,23.0085095,327.7,ascent
530.0,T002,U05,318686.201,2545556.139,109.2308517,23.0085095,547.7,ascent
530.0,T003,U08,318686.201,2545556.139,109.2308517,23.0085095,327.7,ascent
530.0,T004,U06,319326.984,2545931.425,109.2370577,23.0119677,399.182,cruise
530.0,T006,U01,319470.723,2545750.56,109.238481,23.0103503,435.637,cruise
530.0,T009,U02,318515.66,2545757.143,109.2291646,23.0103058,571.799,cruise
530.0,T010,U03,318455.487,2546589.869,109.2284794,23.017818,372.909,cruise
530.0,T016,U04,319308.222,2546875.43,109.2367639,23.0204892,273.057,cruise
535.0,T001,U07,318686.201,2545556.139,109.2308517,23.0085095,340.2,ascent
535.0,T002,U05,318686.201,2545556.139,109.2308517,23.0085095,562.7,ascent
535.0,T003,U08,318686.201,2545556.139,109.2308517,23.0085095,340.2,ascent
535.0,T004,U06,319391.701,2545969.328,109.2376845,23.012317,399.182,cruise
535.0,T006,U01,319528.962,2545764.993,109.2390474,23.0104869,435.637,cruise
535.0,T009,U02,318476.843,2545802.894,109.2287806,23.0107146,571.799,cruise
535.0,T010,U03,318442.417,2546648.428,109.2283451,23.0183453,372.909,cruise
535.0,T016,U04,319333.809,2546929.7,109.2370071,23.020982,273.057,cruise
540.0,T001,U07,318686.201,2545556.139,109.2308517,23.0085095,352.7,ascent
540.0,T002,U05,318686.201,2545556.139,109.2308517,23.0085095,577.7,ascent
540.0,T003,U08,318686.201,2545556.139,109.2308517,23.0085095,352.7,ascent
540.0,T004,U06,319456.419,2546007.231,109.2383114,23.0126663,399.182,cruise
540.0,T006,U01,319587.2,2545779.425,109.2396137,23.0106236,435.637,cruise
540.0,T009,U02,318438.025,2545848.645,109.2283965,23.0111235,571.799,cruise
540.0,T010,U03,318429.348,2546706.987,109.2282107,23.0188726,372.909,cruise
540.0,T016,U04,319359.397,2546983.971,109.2372504,23.0214748,273.057,cruise
545.0,T001,U07,318686.201,2545556.139,109.2308517,23.0085095,365.2,ascent
545.0,T002,U05,318689.952,2545555.841,109.2308883,23.0085072,591.947,cruise
545.0,T003,U08,318686.201,2545556.139,109.2308517,23.0085095,365.2,ascent
545.0,T004,U06,319521.136,2546045.134,109.2389382,23.0130155,399.182,cruise
545.0,T006,U01,319645.438,2545793.858,109.2401801,23.0107602,435.637,cruise
545.0,T009,U02,318399.207,2545894.397,109.2280125,23.0115323,571.799,cruise
545.0,T010,U03,318416.278,2546765.546,109.2280763,23.0193999,372.909,cruise
545.0,T016,U04,319384.984,2547038.241,109.2374936,23.0219676,273.057,cruise
550.0,T001,U07,318616.597,2545555.062,109.2301729,23.0084922,366.098,cruise
550.0,T002,U05,318764.716,2545549.894,109.2316183,23.0084617,591.947,cruise
550.0,T003,U08,318686.201,2545556.139,109.2308517,23.0085095,377.7,ascent
550.0,T004,U06,319585.854,2546083.037,109.239565,23.0133648,399.182,cruise
550.0,T006,U01,319703.677,2545808.291,109.2407464,23.0108968,435.637,cruise
550.0,T009,U02,318360.389,2545940.148,109.2276285,23.0119412,571.799,cruise
550.0,T010,U03,318403.209,2546824.106,109.2279419,23.0199272,372.909,cruise
550.0,T016,U04,319410.572,2547092.511,109.2377368,23.0224604,273.057,cruise
555.0,T001,U07,318541.606,2545553.902,109.2294416,23.0084735,366.098,cruise
555.0,T002,U05,318839.48,2545543.948,109.2323482,23.0084161,591.947,cruise
555.0,T003,U08,318686.201,2545556.139,109.2308517,23.0085095,390.2,ascent
555.0,T004,U06,319650.571,2546120.94,109.2401918,23.013714,399.182,cruise
555.0,T006,U01,319761.915,2545822.723,109.2413128,23.0110334,435.637,cruise
555.0,T009,U02,318321.572,2545985.899,109.2272445,23.0123501,571.799,cruise
555.0,T010,U03,318390.139,2546882.665,109.2278075,23.0204545,372.909,cruise
555.0,T016,U04,319436.159,2547146.782,109.23798,23.0229532,273.057,cruise
560.0,T001,U07,318466.615,2545552.741,109.2287103,23.0084549,366.098,cruise
560.0,T002,U05,318914.244,2545538.001,109.2330781,23.0083706,591.947,cruise
560.0,T003,U08,318686.201,2545556.139,109.2308517,23.0085095,402.7,ascent
560.0,T004,U06,319715.289,2546158.843,109.2408187,23.0140633,399.182,cruise
560.0,T006,U01,319820.153,2545837.156,109.2418792,23.0111701,435.637,cruise
560.0,T009,U02,318282.754,2546031.651,109.2268604,23.0127589,571.799,cruise
560.0,T010,U03,318377.069,2546941.224,109.2276731,23.0209818,372.909,cruise
560.0,T016,U04,319461.747,2547201.052,109.2382233,23.023446,273.057,cruise
565.0,T001,U07,318391.624,2545551.58,109.227979,23.0084362,366.098,cruise
565.0,T002,U05,318989.008,2545532.055,109.233808,23.008325,591.947,cruise
565.0,T003,U08,318686.201,2545556.139,109.2308517,23.0085095,415.2,ascent
565.0,T004,U06,319780.006,2546196.746,109.2414455,23.0144125,399.182,cruise
565.0,T006,U01,319878.391,2545851.589,109.2424456,23.0113067,435.637,cruise
565.0,T009,U02,318243.936,2546077.402,109.2264764,23.0131678,571.799,cruise
565.0,T010,U03,318364.0,2546999.783,109.2275387,23.0215091,372.909,cruise
565.0,T016,U04,319487.334,2547255.323,109.2384665,23.0239388,273.057,cruise
570.0,T001,U07,318316.633,2545550.42,109.2272477,23.0084175,366.098,cruise
570.0,T002,U05,319063.772,2545526.108,109.234538,23.0082795,591.947,cruise
570.0,T003,U08,318686.201,2545556.139,109.2308517,23.0085095,427.7,ascent
570.0,T004,U06,319844.724,2546234.649,109.2420723,23.0147618,399.182,cruise
570.0,T006,U01,319936.63,2545866.021,109.2430119,23.0114433,435.637,cruise
570.0,T009,U02,318205.119,2546123.153,109.2260924,23.0135766,571.799,cruise
570.0,T010,U03,318350.93,2547058.343,109.2274042,23.0220364,372.909,cruise
570.0,T016,U04,319512.922,2547309.593,109.2387098,23.0244316,273.057,cruise
575.0,T001,U07,318241.642,2545549.259,109.2265164,23.0083989,366.098,cruise
575.0,T002,U05,319138.536,2545520.162,109.2352679,23.0082339,591.947,cruise
575.0,T003,U08,318686.201,2545556.139,109.2308517,23.0085095,440.2,ascent
575.0,T004,U06,319909.442,2546272.552,109.2426992,23.015111,399.182,cruise
575.0,T006,U01,319994.868,2545880.454,109.2435783,23.0115799,435.637,cruise
575.0,T009,U02,318166.301,2546168.905,109.2257083,23.0139855,571.799,cruise
575.0,T010,U03,318337.861,2547116.902,109.2272698,23.0225638,372.909,cruise
575.0,T016,U04,319538.509,2547363.864,109.238953,23.0249244,273.057,cruise
580.0,T001,U07,318166.651,2545548.099,109.2257851,23.0083802,366.098,cruise
580.0,T002,U05,319213.3,2545514.215,109.2359978,23.0081883,591.947,cruise
580.0,T003,U08,318686.201,2545556.139,109.2308517,23.0085095,452.7,ascent
580.0,T004,U06,319974.159,2546310.455,109.243326,23.0154602,399.182,cruise
580.0,T006,U01,320053.106,2545894.887,109.2441447,23.0117165,435.637,cruise
580.0,T009,U02,318127.483,2546214.656,109.2253243,23.0143943,571.799,cruise
580.0,T010,U03,318324.791,2547175.461,109.2271354,23.0230911,372.909,cruise
580.0,T016,U04,319564.097,2547418.134,109.2391962,23.0254172,273.057,cruise
585.0,T001,U07,318091.66,2545546.938,109.2250538,23.0083615,366.098,cruise
585.0,T002,U05,319288.064,2545508.268,109.2367278,23.0081428,591.947,cruise
585.0,T003,U08,318686.201,2545556.139,109.2308517,23.0085095,465.2,ascent
585.0,T004,U06,320038.877,2546348.358,109.2439529,23.0158095,399.182,cruise
585.0,T006,U01,320111.345,2545909.319,109.244711,23.0118532,435.637,cruise
585.0,T009,U02,318088.666,2546260.407,109.2249403,23.0148031,571.799,cruise
585.0,T010,U03,318311.721,2547234.02,109.227001,23.0236184,372.909,cruise
585.0,T016,U04,319589.684,2547472.404,109.2394395,23.02591,273.057,cruise
590.0,T001,U07,318016.668,2545545.778,109.2243225,23.0083428,366.098,cruise
590.0,T002,U05,319362.827,2545502.322,109.2374577,23.0080972,591.947,cruise
590.0,T003,U08,318686.201,2545556.139,109.2308517,23.0085095,477.7,ascent
590.0,T004,U06,320103.594,2546386.261,109.2445797,23.0161587,399.182,cruise
590.0,T006,U01,320169.583,2545923.752,109.2452774,23.0119898,435.637,cruise
590.0,T009,U02,318049.848,2546306.159,109.2245562,23.015212,571.799,cruise
590.0,T010,U03,318298.652,2547292.58,109.2268666,23.0241457,372.909,cruise
590.0,T016,U04,319615.272,2547526.675,109.2396827,23.0264028,273.057,cruise
595.0,T001,U07,317941.677,2545544.617,109.2235911,23.0083241,366.098,cruise
595.0,T002,U05,319437.591,2545496.375,109.2381876,23.0080516,591.947,cruise
595.0,T003,U08,318686.201,2545556.139,109.2308517,23.0085095,490.2,ascent
595.0,T004,U06,320168.312,2546424.164,109.2452066,23.016508,399.182,cruise
595.0,T006,U01,320227.821,2545938.184,109.2458438,23.0121264,435.637,cruise
595.0,T009,U02,318011.03,2546351.91,109.2241722,23.0156208,571.799,cruise
595.0,T010,U03,318285.582,2547351.139,109.2267322,23.024673,372.909,cruise
595.0,T016,U04,319640.859,2547580.945,109.239926,23.0268956,273.057,cruise
600.0,T001,U07,317866.686,2545543.456,109.2228598,23.0083055,366.098,cruise
600.0,T002,U05,319512.355,2545490.429,109.2389176,23.008006,591.947,cruise
600.0,T003,U08,318686.201,2545556.139,109.2308517,23.0085095,502.7,ascent
600.0,T004,U06,320233.029,2546462.067,109.2458334,23.0168572,399.182,cruise
600.0,T006,U01,320286.059,2545952.617,109.2464102,23.012263,435.637,cruise
600.0,T009,U02,317972.212,2546397.661,109.2237881,23.0160297,571.799,cruise
600.0,T010,U03,318272.512,2547409.698,109.2265978,23.0252003,372.909,cruise
600.0,T016,U04,319666.447,2547635.216,109.2401692,23.0273884,273.057,cruise
605.0,T001,U07,317791.695,2545542.296,109.2221285,23.0082868,366.098,cruise
605.0,T002,U05,319587.119,2545484.482,109.2396475,23.0079605,591.947,cruise
605.0,T003,U08,318669.677,2545566.229,109.2306893,23.0085988,511.973,cruise
605.0,T004,U06,320297.747,2546499.97,109.2464603,23.0172064,399.182,cruise
605.0,T006,U01,320344.298,2545967.05,109.2469766,23.0123996,435.637,cruise
605.0,T009,U02,317933.395,2546443.413,109.2234041,23.0164385,571.799,cruise
605.0,T010,U03,318259.443,2547468.257,109.2264634,23.0257276,372.909,cruise
605.0,T016,U04,319692.034,2547689.486,109.2404125,23.0278811,273.057,cruise
610.0,T001,U07,317716.704,2545541.135,109.2213972,23.0082681,366.098,cruise
610.0,T002,U05,319661.883,2545478.536,109.2403774,23.0079149,591.947,cruise
610.0,T003,U08,318605.666,2545605.312,109.2300604,23.0089447,511.973,cruise
610.0,T004,U06,320362.464,2546537.873,109.2470871,23.0175556,399.182,cruise
610.0,T006,U01,320402.536,2545981.482,109.2475429,23.0125362,435.637,cruise
610.0,T009,U02,317894.577,2546489.164,109.22302,23.0168474,571.799,cruise
610.0,T010,U03,318246.373,2547526.817,109.226329,23.0262549,372.909,cruise
610.0,T016,U04,319717.622,2547743.757,109.2406557,23.0283739,273.057,cruise
615.0,T001,U07,317641.713,2545539.975,109.2206659,23.0082494,366.098,cruise
615.0,T002,U05,319736.647,2545472.589,109.2411073,23.0078693,591.947,cruise
615.0,T003,U08,318541.654,2545644.396,109.2294314,23.0092906,511.973,cruise
615.0,T004,U06,320427.182,2546575.776,109.247714,23.0179049,399.182,cruise
615.0,T006,U01,320460.774,2545995.915,109.2481093,23.0126728,435.637,cruise
615.0,T009,U02,317855.759,2546534.915,109.2226359,23.0172562,571.799,cruise
615.0,T010,U03,318233.304,2547585.376,109.2261946,23.0267822,372.909,cruise
615.0,T016,U04,319743.209,2547798.027,109.240899,23.0288667,273.057,cruise
620.0,T001,U07,317566.722,2545538.814,109.2199346,23.0082307,366.098,cruise
620.0,T002,U05,319811.411,2545466.643,109.2418373,23.0078237,591.947,cruise
620.0,T003,U08,318477.643,2545683.48,109.2288025,23.0096365,511.973,cruise
620.0,T004,U06,320491.9,2546613.679,109.2483409,23.0182541,399.182,cruise
620.0,T006,U01,320519.013,2546010.348,109.2486757,23.0128094,435.637,cruise
620.0,T009,U02,317816.942,2546580.667,109.2222519,23.017665,571.799,cruise
620.0,T010,U03,318220.234,2547643.935,109.2260601,23.0273095,372.909,cruise
620.0,T016,U04,319768.797,2547852.298,109.2411422,23.0293595,273.057,cruise
625.0,T001,U07,317491.731,2545537.654,109.2192033,23.008212,366.098,cruise
625.0,T002,U05,319886.175,2545460.696,109.2425672,23.0077781,591.947,cruise
625.0,T003,U08,318413.631,2545722.564,109.2281735,23.0099824,511.973,cruise
625.0,T004,U06,320556.617,2546651.582,109.2489678,23.0186033,399.182,cruise
625.0,T006,U01,320577.251,2546024.78,109.2492421,23.012946,435.637,cruise
625.0,T009,U02,317778.124,2546626.418,109.2218678,23.0180739,571.799,cruise
625.0,T010,U03,318207.164,2547702.494,109.2259257,23.0278368,372.909,cruise
625.0,T016,U04,319794.384,2547906.568,109.2413855,23.0298523,273.057,cruise
630.0,T001,U07,317416.74,2545536.493,109.218472,23.0081932,366.098,cruise
630.0,T002,U05,319960.939,2545454.749,109.2432971,23.0077325,591.947,cruise
630.0,T003,U08,318349.62,2545761.647,109.2275445,23.0103283,511.973,cruise
630.0,T004,U06,320621.335,2546689.485,109.2495946,23.0189525,399.182,cruise
630.0,T006,U01,320635.489,2546039.213,109.2498085,23.0130826,435.637,cruise
630.0,T009,U02,317739.306,2546672.17,109.2214838,23.0184827,571.799,cruise
630.0,T010,U03,318194.095,2547761.054,109.2257913,23.0283641,372.909,cruise
630.0,T016,U04,319819.972,2547960.838,109.2416287,23.0303451,273.057,cruise
635.0,T001,U07,317341.749,2545535.333,109.2177407,23.0081745,366.098,cruise
635.0,T002,U05,320035.702,2545448.803,109.2440271,23.0076869,591.947,cruise
635.0,T003,U08,318285.608,2545800.731,109.2269155,23.0106742,511.973,cruise
635.0,T004,U06,320686.052,2546727.388,109.2502215,23.0193017,399.182,cruise
635.0,T006,U01,320693.727,2546053.646,109.2503749,23.0132192,435.637,cruise
635.0,T009,U02,317700.489,2546717.921,109.2210997,23.0188916,571.799,cruise
635.0,T010,U03,318181.025,2547819.613,109.2256569,23.0288914,372.909,cruise
635.0,T016,U04,319845.559,2548015.109,109.241872,23.0308379,273.057,cruise
640.0,T001,U07,317266.758,2545534.172,109.2170094,23.0081558,366.098,cruise
640.0,T002,U05,320110.466,2545442.856,109.244757,23.0076413,591.947,cruise
640.0,T003,U08,318221.597,2545839.815,109.2262866,23.0110201,511.973,cruise
640.0,T004,U06,320750.77,2546765.291,109.2508484,23.0196509,399.182,cruise
640.0,T006,U01,320751.966,2546068.078,109.2509413,23.0133558,435.637,cruise
640.0,T009,U02,317661.671,2546763.672,109.2207156,23.0193004,571.799,cruise
640.0,T010,U03,318167.955,2547878.172,109.2255225,23.0294187,372.909,cruise
640.0,T016,U04,319871.147,2548069.379,109.2421153,23.0313307,273.057,cruise
645.0,T001,U07,317191.767,2545533.011,109.2162781,23.0081371,366.098,cruise
645.0,T002,U05,320185.23,2545436.91,109.2454869,23.0075957,591.947,cruise
645.0,T003,U08,318157.586,2545878.898,109.2256576,23.011366,511.973,cruise
645.0,T004,U06,320815.487,2546803.194,109.2514753,23.0200002,399.182,cruise
645.0,T006,U01,320810.204,2546082.511,109.2515077,23.0134924,435.637,cruise
645.0,T009,U02,317622.853,2546809.424,109.2203316,23.0197092,571.799,cruise
645.0,T010,U03,318154.886,2547936.731,109.225388,23.029946,372.909,cruise
645.0,T016,U04,319896.734,2548123.65,109.2423585,23.0318235,273.057,cruise
650.0,T001,U07,317116.776,2545531.851,109.2155468,23.0081184,366.098,cruise
650.0,T002,U05,320259.994,2545430.963,109.2462168,23.0075501,591.947,cruise
650.0,T003,U08,318093.574,2545917.982,109.2250286,23.0117119,511.973,cruise
650.0,T004,U06,320880.205,2546841.097,109.2521022,23.0203494,399.182,cruise
650.0,T006,U01,320868.442,2546096.944,109.252074,23.013629,435.637,cruise
650.0,T009,U02,317584.035,2546855.175,109.2199475,23.020118,571.799,cruise
650.0,T010,U03,318141.816,2547995.291,109.2252536,23.0304733,372.909,cruise
650.0,T016,U04,319922.322,2548177.92,109.2426018,23.0323163,273.057,cruise
655.0,T001,U07,317041.785,2545530.69,109.2148155,23.0080997,366.098,cruise
655.0,T002,U05,320334.758,2545425.017,109.2469468,23.0075045,591.947,cruise
655.0,T003,U08,318029.563,2545957.066,109.2243996,23.0120578,511.973,cruise
655.0,T004,U06,320944.922,2546879.0,109.2527291,23.0206986,399.182,cruise
655.0,T006,U01,320926.681,2546111.376,109.2526404,23.0137656,435.637,cruise
655.0,T009,U02,317545.218,2546900.926,109.2195634,23.0205269,571.799,cruise
655.0,T010,U03,318128.747,2548053.85,109.2251192,23.0310006,372.909,cruise
655.0,T016,U04,319947.909,2548232.191,109.242845,23.032809,273.057,cruise
660.0,T001,U07,316966.794,2545529.53,109.2140842,23.0080809,366.098,cruise
660.0,T002,U05,320409.522,2545419.07,109.2476767,23.0074588,591.947,cruise
660.0,T003,U08,317965.551,2545996.15,109.2237706,23.0124037,511.973,cruise
660.0,T004,U06,321009.64,2546916.903,109.253356,23.0210478,399.182,cruise
660.0,T006,U01,320984.919,2546125.809,109.2532068,23.0139022,435.637,cruise
660.0,T009,U02,317506.4,2546946.678,109.2191793,23.0209357,571.799,cruise
660.0,T010,U03,318115.677,2548112.409,109.2249848,23.0315279,372.909,cruise
660.0,T016,U04,319973.497,2548286.461,109.2430883,23.0333018,273.057,cruise
665.0,T001,U07,316891.803,2545528.369,109.2133529,23.0080622,366.098,cruise
665.0,T002,U05,320484.286,2545413.124,109.2484066,23.0074132,591.947,cruise
665.0,T003,U08,317901.54,2546035.233,109.2231416,23.0127496,511.973,cruise
665.0,T004,U06,321074.358,2546954.806,109.2539829,23.021397,399.182,cruise
665.0,T006,U01,321043.157,2546140.242,109.2537732,23.0140387,435.637,cruise
665.0,T009,U02,317467.582,2546992.429,109.2187953,23.0213445,571.799,cruise
665.0,T010,U03,318102.607,2548170.968,109.2248503,23.0320553,372.909,cruise
665.0,T016,U04,319988.6,2548318.494,109.2432319,23.0335927,267.935,descent
670.0,T001,U07,316816.812,2545527.209,109.2126216,23.0080435,366.098,cruise
670.0,T002,U05,320559.05,2545407.177,109.2491365,23.0073676,591.947,cruise
670.0,T003,U08,317837.529,2546074.317,109.2225126,23.0130954,511.973,cruise
670.0,T004,U06,321139.075,2546992.709,109.2546098,23.0217462,399.182,cruise
670.0,T006,U01,321101.396,2546154.674,109.2543396,23.0141753,435.637,cruise
670.0,T009,U02,317428.765,2547038.18,109.2184112,23.0217534,571.799,cruise
670.0,T010,U03,318089.538,2548229.528,109.2247159,23.0325826,372.909,cruise
670.0,T016,U04,319988.6,2548318.494,109.2432319,23.0335927,255.435,descent
675.0,T001,U07,316741.821,2545526.048,109.2118903,23.0080247,366.098,cruise
675.0,T002,U05,320633.814,2545401.23,109.2498665,23.007322,591.947,cruise
675.0,T003,U08,317773.517,2546113.401,109.2218836,23.0134413,511.973,cruise
675.0,T004,U06,321203.793,2547030.612,109.2552367,23.0220954,399.182,cruise
675.0,T006,U01,321159.634,2546169.107,109.254906,23.0143119,435.637,cruise
675.0,T009,U02,317389.947,2547083.932,109.2180271,23.0221622,571.799,cruise
675.0,T010,U03,318076.468,2548288.087,109.2245815,23.0331099,372.909,cruise
675.0,T016,U04,319988.6,2548318.494,109.2432319,23.0335927,242.935,descent
680.0,T001,U07,316666.83,2545524.887,109.211159,23.008006,366.098,cruise
680.0,T002,U05,320708.577,2545395.284,109.2505964,23.0072763,591.947,cruise
680.0,T003,U08,317709.506,2546152.485,109.2212546,23.0137872,511.973,cruise
680.0,T004,U06,321268.51,2547068.515,109.2558636,23.0224446,399.182,cruise
680.0,T006,U01,321217.872,2546183.539,109.2554724,23.0144485,435.637,cruise
680.0,T009,U02,317351.129,2547129.683,109.217643,23.022571,571.799,cruise
680.0,T010,U03,318063.399,2548346.646,109.2244471,23.0336372,372.909,cruise
680.0,T016,U04,319988.6,2548318.494,109.2432319,23.0335927,230.435,descent
685.0,T001,U07,316591.839,2545523.727,109.2104277,23.0079872,366.098,cruise
685.0,T002,U05,320783.341,2545389.337,109.2513263,23.0072307,591.947,cruise
685.0,T003,U08,317645.494,2546191.568,109.2206256,23.0141331,511.973,cruise
685.0,T004,U06,321333.228,2547106.418,109.2564905,23.0227938,399.182,cruise
685.0,T006,U01,321276.11,2546197.972,109.2560388,23.0145851,435.637,cruise
685.0,T009,U02,317312.312,2547175.434,109.2172589,23.0229798,571.799,cruise
685.0,T010,U03,318050.329,2548405.205,109.2243126,23.0341645,372.909,cruise
685.0,T016,U04,319988.6,2548318.494,109.2432319,23.0335927,217.935,descent
690.0,T001,U07,316516.848,2545522.566,109.2096964,23.0079685,366.098,cruise
690.0,T002,U05,320858.105,2545383.391,109.2520562,23.0071851,591.947,cruise
690.0,T003,U08,317581.483,2546230.652,109.2199966,23.0144789,511.973,cruise
690.0,T004,U06,321397.945,2547144.321,109.2571174,23.023143,399.182,cruise
690.0,T006,U01,321334.349,2546212.405,109.2566052,23.0147216,435.637,cruise
690.0,T009,U02,317273.494,2547221.186,109.2168748,23.0233887,571.799,cruise
690.0,T010,U03,318037.259,2548463.765,109.2241782,23.0346918,372.909,cruise
690.0,T016,U04,319988.6,2548318.494,109.2432319,23.0335927,205.435,descent
695.0,T001,U07,316441.857,2545521.406,109.2089651,23.0079497,366.098,cruise
695.0,T002,U05,320932.869,2545377.444,109.2527862,23.0071394,591.947,cruise
695.0,T003,U08,317517.471,2546269.736,109.2193676,23.0148248,511.973,cruise
695.0,T004,U06,321462.663,2547182.224,109.2577443,23.0234921,399.182,cruise
695.0,T006,U01,321392.587,2546226.837,109.2571716,23.0148582,435.637,cruise
695.0,T009,U02,317234.676,2547266.937,109.2164907,23.0237975,571.799,cruise
695.0,T010,U03,318024.19,2548522.324,109.2240438,23.0352191,372.909,cruise
695.0,T016,U04,319988.6,2548318.494,109.2432319,23.0335927,192.935,descent
700.0,T001,U07,316366.866,2545520.245,109.2082338,23.007931,366.098,cruise
700.0,T002,U05,321007.633,2545371.498,109.2535161,23.0070938,591.947,cruise
700.0,T003,U08,317453.46,2546308.82,109.2187386,23.0151707,511.973,cruise
700.0,T004,U06,321527.38,2547220.127,109.2583713,23.0238413,399.182,cruise
700.0,T006,U01,321450.825,2546241.27,109.257738,23.0149948,435.637,cruise
700.0,T009,U02,317195.858,2547312.688,109.2161066,23.0242063,571.799,cruise
700.0,T010,U03,318011.12,2548580.883,109.2239093,23.0357464,372.909,cruise
700.0,T016,U04,319988.6,2548318.494,109.2432319,23.0335927,184,handover
705.0,T001,U07,316291.875,2545519.085,109.2075025,23.0079122,366.098,cruise
705.0,T002,U05,321082.397,2545365.551,109.254246,23.0070481,591.947,cruise
705.0,T003,U08,317389.449,2546347.903,109.2181096,23.0155165,511.973,cruise
705.0,T004,U06,321592.098,2547258.03,109.2589982,23.0241905,399.182,cruise
705.0,T006,U01,321509.064,2546255.703,109.2583044,23.0151313,435.637,cruise
705.0,T009,U02,317157.041,2547358.44,109.2157225,23.0246151,571.799,cruise
705.0,T010,U03,317998.05,2548639.442,109.2237749,23.0362737,372.909,cruise
705.0,T016,U04,319988.6,2548318.494,109.2432319,23.0335927,184,handover
710.0,T001,U07,316216.884,2545517.924,109.2067712,23.0078935,366.098,cruise
710.0,T002,U05,321157.161,2545359.605,109.2549759,23.0070025,591.947,cruise
710.0,T003,U08,317325.437,2546386.987,109.2174806,23.0158624,511.973,cruise
710.0,T004,U06,321656.816,2547295.933,109.2596251,23.0245397,399.182,cruise
710.0,T006,U01,321567.302,2546270.135,109.2588708,23.0152679,435.637,cruise
710.0,T009,U02,317118.223,2547404.191,109.2153384,23.0250239,571.799,cruise
710.0,T010,U03,317984.981,2548698.002,109.2236405,23.036801,372.909,cruise
710.0,T016,U04,319988.6,2548318.494,109.2432319,23.0335927,184,handover
715.0,T001,U07,316141.893,2545516.763,109.2060399,23.0078747,366.098,cruise
715.0,T002,U05,321231.925,2545353.658,109.2557059,23.0069568,591.947,cruise
715.0,T003,U08,317261.426,2546426.071,109.2168515,23.0162082,511.973,cruise
715.0,T004,U06,321721.533,2547333.836,109.260252,23.0248889,399.182,cruise
715.0,T006,U01,321625.54,2546284.568,109.2594373,23.0154045,435.637,cruise
715.0,T009,U02,317079.405,2547449.942,109.2149543,23.0254328,571.799,cruise
715.0,T010,U03,317971.911,2548756.561,109.223506,23.0373283,372.909,cruise
715.0,T016,U04,319988.6,2548318.494,109.2432319,23.0335927,184,handover
720.0,T001,U07,316066.902,2545515.603,109.2053086,23.0078559,366.098,cruise
720.0,T002,U05,321306.688,2545347.711,109.2564358,23.0069111,591.947,cruise
720.0,T003,U08,317197.414,2546465.154,109.2162225,23.0165541,511.973,cruise
720.0,T004,U06,321786.251,2547371.739,109.260879,23.025238,399.182,cruise
720.0,T006,U01,321683.778,2546299.001,109.2600037,23.015541,435.637,cruise
720.0,T009,U02,317040.588,2547495.694,109.2145702,23.0258416,571.799,cruise
720.0,T010,U03,317958.842,2548815.12,109.2233716,23.0378556,372.909,cruise
720.0,T016,U04,319988.6,2548318.494,109.2432319,23.0335927,184,handover
725.0,T001,U07,315991.911,2545514.442,109.2045773,23.0078371,366.098,cruise
725.0,T002,U05,321381.452,2545341.765,109.2571657,23.0068655,591.947,cruise
725.0,T003,U08,317133.403,2546504.238,109.2155935,23.0168999,511.973,cruise
725.0,T004,U06,321850.968,2547409.642,109.2615059,23.0255872,399.182,cruise
725.0,T006,U01,321742.017,2546313.433,109.2605701,23.0156776,435.637,cruise
725.0,T009,U02,317001.77,2547541.445,109.2141861,23.0262504,571.799,cruise
725.0,T010,U03,317945.772,2548873.679,109.2232371,23.0383829,372.909,cruise
725.0,T016,U04,319988.6,2548318.494,109.2432319,23.0335927,184,handover
730.0,T001,U07,315916.92,2545513.282,109.2038461,23.0078184,366.098,cruise
730.0,T002,U05,321456.216,2545335.818,109.2578956,23.0068198,591.947,cruise
730.0,T003,U08,317069.391,2546543.322,109.2149644,23.0172458,511.973,cruise
730.0,T004,U06,321915.686,2547447.545,109.2621329,23.0259364,399.182,cruise
730.0,T006,U01,321800.255,2546327.866,109.2611365,23.0158142,435.637,cruise
730.0,T009,U02,316962.952,2547587.197,109.213802,23.0266592,571.799,cruise
730.0,T010,U03,317932.702,2548932.238,109.2231027,23.0389102,372.909,cruise
730.0,T016,U04,319988.6,2548318.494,109.2432319,23.0335927,184,handover
735.0,T001,U07,315841.929,2545512.121,109.2031148,23.0077996,366.098,cruise
735.0,T002,U05,321530.98,2545329.872,109.2586256,23.0067741,591.947,cruise
735.0,T003,U08,317005.38,2546582.406,109.2143354,23.0175916,511.973,cruise
735.0,T004,U06,321980.403,2547485.448,109.2627598,23.0262856,399.182,cruise
735.0,T006,U01,321858.493,2546342.299,109.2617029,23.0159507,435.637,cruise
735.0,T009,U02,316924.134,2547632.948,109.2134179,23.027068,571.799,cruise
735.0,T010,U03,317919.633,2548990.798,109.2229683,23.0394375,372.909,cruise
735.0,T016,U04,319988.6,2548318.494,109.2432319,23.0335927,184,handover
740.0,T001,U07,315766.938,2545510.961,109.2023835,23.0077808,366.098,cruise
740.0,T002,U05,321605.744,2545323.925,109.2593555,23.0067285,591.947,cruise
740.0,T003,U08,316941.369,2546621.489,109.2137064,23.0179375,511.973,cruise
740.0,T004,U06,322045.121,2547523.351,109.2633868,23.0266347,399.182,cruise
740.0,T006,U01,321916.732,2546356.731,109.2622693,23.0160873,435.637,cruise
740.0,T009,U02,316885.317,2547678.699,109.2130338,23.0274768,571.799,cruise
740.0,T010,U03,317906.563,2549049.357,109.2228338,23.0399648,372.909,cruise
740.0,T016,U04,319988.6,2548318.494,109.2432319,23.0335927,184,handover
745.0,T001,U07,315691.947,2545509.8,109.2016522,23.007762,366.098,cruise
745.0,T002,U05,321680.508,2545317.979,109.2600854,23.0066828,591.947,cruise
745.0,T003,U08,316877.357,2546660.573,109.2130773,23.0182833,511.973,cruise
745.0,T004,U06,322109.838,2547561.254,109.2640137,23.0269839,399.182,cruise
745.0,T006,U01,321974.97,2546371.164,109.2628357,23.0162238,435.637,cruise
745.0,T009,U02,316846.499,2547724.451,109.2126497,23.0278856,571.799,cruise
745.0,T010,U03,317893.493,2549107.916,109.2226994,23.0404921,372.909,cruise
745.0,T016,U04,319988.6,2548318.494,109.2432319,23.0335927,184,handover
750.0,T001,U07,315616.956,2545508.64,109.2009209,23.0077432,366.098,cruise
750.0,T002,U05,321755.272,2545312.032,109.2608153,23.0066371,591.947,cruise
750.0,T003,U08,316813.346,2546699.657,109.2124483,23.0186291,511.973,cruise
750.0,T004,U06,322174.556,2547599.157,109.2646407,23.0273331,399.182,cruise
750.0,T006,U01,322033.208,2546385.597,109.2634022,23.0163604,435.637,cruise
750.0,T009,U02,316807.681,2547770.202,109.2122655,23.0282945,571.799,cruise
750.0,T010,U03,317880.424,2549166.475,109.2225649,23.0410194,372.909,cruise
750.0,T016,U04,319988.6,2548318.494,109.2432319,23.0335927,184,handover
755.0,T001,U07,315541.965,2545507.479,109.2001896,23.0077244,366.098,cruise
755.0,T002,U05,321830.036,2545306.086,109.2615452,23.0065914,591.947,cruise
755.0,T003,U08,316749.334,2546738.741,109.2118192,23.018975,511.973,cruise
755.0,T004,U06,322239.274,2547637.06,109.2652676,23.0276822,399.182,cruise
755.0,T006,U01,322091.446,2546400.029,109.2639686,23.0164969,435.637,cruise
755.0,T009,U02,316768.864,2547815.953,109.2118814,23.0287033,571.799,cruise
755.0,T010,U03,317867.354,2549225.035,109.2224305,23.0415467,372.909,cruise
755.0,T016,U04,319988.6,2548318.494,109.2432319,23.0335927,184,handover
760.0,T001,U07,315500.332,2545506.835,109.1997836,23.007714,361.65,descent
760.0,T002,U05,321904.8,2545300.139,109.2622752,23.0065457,591.947,cruise
760.0,T003,U08,316685.323,2546777.824,109.2111902,23.0193208,511.973,cruise
760.0,T004,U06,322303.991,2547674.963,109.2658946,23.0280314,399.182,cruise
760.0,T006,U01,322149.685,2546414.462,109.264535,23.0166335,435.637,cruise
760.0,T009,U02,316730.046,2547861.705,109.2114973,23.0291121,571.799,cruise
760.0,T010,U03,317854.285,2549283.594,109.222296,23.042074,372.909,cruise
760.0,T016,U04,319988.6,2548318.494,109.2432319,23.0335927,184,handover
765.0,T001,U07,315500.332,2545506.835,109.1997836,23.007714,351.65,descent
765.0,T002,U05,321979.563,2545294.192,109.2630051,23.0065001,591.947,cruise
765.0,T003,U08,316621.312,2546816.908,109.2105611,23.0196666,511.973,cruise
765.0,T004,U06,322368.709,2547712.866,109.2665216,23.0283805,399.182,cruise
765.0,T006,U01,322207.923,2546428.895,109.2651014,23.01677,435.637,cruise
765.0,T009,U02,316691.228,2547907.456,109.2111132,23.0295209,571.799,cruise
765.0,T010,U03,317841.215,2549342.153,109.2221616,23.0426013,372.909,cruise
765.0,T016,U04,319988.6,2548318.494,109.2432319,23.0335927,184,handover
770.0,T001,U07,315500.332,2545506.835,109.1997836,23.007714,341.65,descent
770.0,T002,U05,322054.327,2545288.246,109.263735,23.0064544,591.947,cruise
770.0,T003,U08,316557.3,2546855.992,109.2099321,23.0200124,511.973,cruise
770.0,T004,U06,322433.426,2547750.769,109.2671485,23.0287297,399.182,cruise
770.0,T006,U01,322266.161,2546443.327,109.2656678,23.0169066,435.637,cruise
770.0,T009,U02,316652.411,2547953.207,109.210729,23.0299297,571.799,cruise
770.0,T010,U03,317828.145,2549400.712,109.2220271,23.0431286,372.909,cruise
770.0,T016,U04,319988.6,2548318.494,109.2432319,23.0335927,184,handover
775.0,T001,U07,315500.332,2545506.835,109.1997836,23.007714,331.65,descent
775.0,T002,U05,322129.091,2545282.299,109.2644649,23.0064087,591.947,cruise
775.0,T003,U08,316493.289,2546895.075,109.209303,23.0203583,511.973,cruise
775.0,T004,U06,322498.144,2547788.672,109.2677755,23.0290788,399.182,cruise
775.0,T006,U01,322324.4,2546457.76,109.2662343,23.0170431,435.637,cruise
775.0,T009,U02,316613.593,2547998.959,109.2103449,23.0303385,571.799,cruise
775.0,T010,U03,317815.076,2549459.272,109.2218927,23.0436559,372.909,cruise
775.0,T016,U04,319988.6,2548318.494,109.2432319,23.0335927,184,handover
780.0,T001,U07,315500.332,2545506.835,109.1997836,23.007714,321.65,descent
780.0,T002,U05,322203.855,2545276.353,109.2651948,23.006363,591.947,cruise
780.0,T003,U08,316429.277,2546934.159,109.2086739,23.0207041,511.973,cruise
780.0,T004,U06,322562.861,2547826.575,109.2684025,23.029428,399.182,cruise
780.0,T006,U01,322382.638,2546472.192,109.2668007,23.0171796,435.637,cruise
780.0,T009,U02,316574.775,2548044.71,109.2099608,23.0307473,571.799,cruise
780.0,T010,U03,317802.006,2549517.831,109.2217582,23.0441832,372.909,cruise
780.0,T016,U04,319988.6,2548318.494,109.2432319,23.0335927,184,handover
785.0,T001,U07,315500.332,2545506.835,109.1997836,23.007714,314.8,handover
785.0,T002,U05,322278.619,2545270.406,109.2659248,23.0063173,591.947,cruise
785.0,T003,U08,316365.266,2546973.243,109.2080449,23.0210499,511.973,cruise
785.0,T004,U06,322627.579,2547864.478,109.2690295,23.0297771,399.182,cruise
785.0,T006,U01,322440.876,2546486.625,109.2673671,23.0173162,435.637,cruise
785.0,T009,U02,316535.957,2548090.461,109.2095766,23.0311561,571.799,cruise
785.0,T010,U03,317788.937,2549576.39,109.2216238,23.0447105,372.909,cruise
785.0,T016,U04,319988.6,2548318.494,109.2432319,23.0335927,184,handover
790.0,T001,U07,315500.332,2545506.835,109.1997836,23.007714,314.8,handover
790.0,T002,U05,322353.383,2545264.46,109.2666547,23.0062716,591.947,cruise
790.0,T003,U08,316301.254,2547012.327,109.2074158,23.0213957,511.973,cruise
790.0,T004,U06,322692.296,2547902.381,109.2696564,23.0301263,399.182,cruise
790.0,T006,U01,322499.115,2546501.058,109.2679335,23.0174527,435.637,cruise
790.0,T009,U02,316497.14,2548136.213,109.2091925,23.0315649,571.799,cruise
790.0,T010,U03,317775.867,2549634.949,109.2214893,23.0452378,372.909,cruise
790.0,T016,U04,319988.6,2548318.494,109.2432319,23.0335927,184,handover
795.0,T001,U07,315500.332,2545506.835,109.1997836,23.007714,314.8,handover
795.0,T002,U05,322428.147,2545258.513,109.2673846,23.0062258,591.947,cruise
795.0,T003,U08,316237.243,2547051.41,109.2067867,23.0217415,511.973,cruise
795.0,T004,U06,322757.014,2547940.284,109.2702834,23.0304754,399.182,cruise
795.0,T006,U01,322557.353,2546515.49,109.2685,23.0175892,435.637,cruise
795.0,T009,U02,316458.322,2548181.964,109.2088084,23.0319737,571.799,cruise
795.0,T010,U03,317762.797,2549693.509,109.2213548,23.0457651,372.909,cruise
795.0,T016,U04,319988.6,2548318.494,109.2432319,23.0335927,184,handover
800.0,T001,U07,315500.332,2545506.835,109.1997836,23.007714,314.8,handover
800.0,T002,U05,322502.911,2545252.567,109.2681145,23.0061801,591.947,cruise
800.0,T003,U08,316173.232,2547090.494,109.2061576,23.0220873,511.973,cruise
800.0,T004,U06,322821.732,2547978.187,109.2709104,23.0308245,399.182,cruise
800.0,T006,U01,322615.591,2546529.923,109.2690664,23.0177258,435.637,cruise
800.0,T009,U02,316419.504,2548227.715,109.2084242,23.0323825,571.799,cruise
800.0,T010,U03,317749.728,2549752.068,109.2212204,23.0462924,372.909,cruise
800.0,T016,U04,319988.6,2548318.494,109.2432319,23.0335927,184,handover
805.0,T001,U07,315500.332,2545506.835,109.1997836,23.007714,314.8,handover
805.0,T002,U05,322577.675,2545246.62,109.2688444,23.0061344,591.947,cruise
805.0,T003,U08,316109.22,2547129.578,109.2055286,23.0224331,511.973,cruise
805.0,T004,U06,322870.603,2548006.81,109.2713839,23.0310882,396.121,descent
805.0,T006,U01,322673.829,2546544.356,109.2696328,23.0178623,435.637,cruise
805.0,T009,U02,316380.687,2548273.467,109.2080401,23.0327913,571.799,cruise
805.0,T010,U03,317736.658,2549810.627,109.2210859,23.0468197,372.909,cruise
805.0,T016,U04,319988.6,2548318.494,109.2432319,23.0335927,184,handover
810.0,T001,U07,315500.332,2545506.835,109.1997836,23.007714,314.8,handover
810.0,T002,U05,322652.438,2545240.673,109.2695744,23.0060887,591.947,cruise
810.0,T003,U08,316045.209,2547168.662,109.2048995,23.0227789,511.973,cruise
810.0,T004,U06,322870.603,2548006.81,109.2713839,23.0310882,383.621,descent
810.0,T006,U01,322732.068,2546558.788,109.2701993,23.0179988,435.637,cruise
810.0,T009,U02,316341.869,2548319.218,109.2076559,23.0332001,571.799,cruise
810.0,T010,U03,317723.588,2549869.186,109.2209515,23.047347,372.909,cruise
810.0,T016,U04,319988.6,2548318.494,109.2432319,23.0335927,184,handover
815.0,T001,U07,315500.332,2545506.835,109.1997836,23.007714,314.8,handover
815.0,T002,U05,322727.202,2545234.727,109.2703043,23.006043,591.947,cruise
815.0,T003,U08,315981.197,2547207.745,109.2042704,23.0231247,511.973,cruise
815.0,T004,U06,322870.603,2548006.81,109.2713839,23.0310882,371.121,descent
815.0,T006,U01,322790.306,2546573.221,109.2707657,23.0181354,435.637,cruise
815.0,T009,U02,316303.051,2548364.969,109.2072718,23.0336089,571.799,cruise
815.0,T010,U03,317710.519,2549927.746,109.220817,23.0478743,372.909,cruise
815.0,T016,U04,319988.6,2548318.494,109.2432319,23.0335927,184,handover
820.0,T001,U07,315500.332,2545506.835,109.1997836,23.007714,314.8,handover
820.0,T002,U05,322801.966,2545228.78,109.2710342,23.0059972,591.947,cruise
820.0,T003,U08,315917.186,2547246.829,109.2036413,23.0234705,511.973,cruise
820.0,T004,U06,322870.603,2548006.81,109.2713839,23.0310882,358.621,descent
820.0,T006,U01,322848.544,2546587.654,109.2713321,23.0182719,435.637,cruise
820.0,T009,U02,316264.234,2548410.721,109.2068876,23.0340177,571.799,cruise
820.0,T010,U03,317697.449,2549986.305,109.2206825,23.0484016,372.909,cruise
820.0,T016,U04,319988.6,2548318.494,109.2432319,23.0335927,184,handover
825.0,T001,U07,315500.332,2545506.835,109.1997836,23.007714,314.8,handover
825.0,T002,U05,322876.73,2545222.834,109.2717641,23.0059515,591.947,cruise
825.0,T003,U08,315853.174,2547285.913,109.2030122,23.0238163,511.973,cruise
825.0,T004,U06,322870.603,2548006.81,109.2713839,23.0310882,351.7,handover
825.0,T006,U01,322906.783,2546602.086,109.2718986,23.0184084,435.637,cruise
825.0,T009,U02,316225.416,2548456.472,109.2065035,23.0344265,571.799,cruise
825.0,T010,U03,317684.38,2550044.864,109.2205481,23.0489289,372.909,cruise
825.0,T016,U04,319988.6,2548318.494,109.2432319,23.0335927,184,handover
830.0,T001,U07,315500.332,2545506.835,109.1997836,23.007714,314.8,handover
830.0,T002,U05,322951.494,2545216.887,109.272494,23.0059058,591.947,cruise
830.0,T003,U08,315789.163,2547324.997,109.2023831,23.0241621,511.973,cruise
830.0,T004,U06,322870.603,2548006.81,109.2713839,23.0310882,351.7,handover
830.0,T006,U01,322965.021,2546616.519,109.272465,23.0185449,435.637,cruise
830.0,T009,U02,316186.598,2548502.224,109.2061193,23.0348353,571.799,cruise
830.0,T010,U03,317671.31,2550103.423,109.2204136,23.0494562,372.909,cruise
830.0,T016,U04,319988.6,2548318.494,109.2432319,23.0335927,184,handover
835.0,T001,U07,315500.332,2545506.835,109.1997836,23.007714,314.8,handover
835.0,T002,U05,323026.258,2545210.941,109.2732239,23.00586,591.947,cruise
835.0,T003,U08,315725.152,2547364.08,109.201754,23.0245079,511.973,cruise
835.0,T004,U06,322870.603,2548006.81,109.2713839,23.0310882,351.7,handover
835.0,T006,U01,323023.259,2546630.952,109.2730314,23.0186814,435.637,cruise
835.0,T009,U02,316147.78,2548547.975,109.2057352,23.0352441,571.799,cruise
835.0,T010,U03,317658.24,2550161.983,109.2202791,23.0499835,372.909,cruise
835.0,T016,U04,319988.6,2548318.494,109.2432319,23.0335927,184,handover
840.0,T001,U07,315500.332,2545506.835,109.1997836,23.007714,314.8,handover
840.0,T002,U05,323101.022,2545204.994,109.2739539,23.0058143,591.947,cruise
840.0,T003,U08,315661.14,2547403.164,109.2011249,23.0248537,511.973,cruise
840.0,T004,U06,322870.603,2548006.81,109.2713839,23.0310882,351.7,handover
840.0,T006,U01,323081.497,2546645.384,109.2735979,23.018818,435.637,cruise
840.0,T009,U02,316108.963,2548593.726,109.205351,23.0356529,571.799,cruise
840.0,T010,U03,317645.171,2550220.542,109.2201447,23.0505108,372.909,cruise
840.0,T016,U04,319988.6,2548318.494,109.2432319,23.0335927,184,handover
845.0,T001,U07,315500.332,2545506.835,109.1997836,23.007714,314.8,handover
845.0,T002,U05,323175.786,2545199.047,109.2746838,23.0057686,591.947,cruise
845.0,T003,U08,315597.129,2547442.248,109.2004958,23.0251995,511.973,cruise
845.0,T004,U06,322870.603,2548006.81,109.2713839,23.0310882,351.7,handover
845.0,T006,U01,323139.736,2546659.817,109.2741643,23.0189545,435.637,cruise
845.0,T009,U02,316070.145,2548639.478,109.2049668,23.0360616,571.799,cruise
845.0,T010,U03,317632.101,2550279.101,109.2200102,23.051038,372.909,cruise
845.0,T016,U04,319988.6,2548318.494,109.2432319,23.0335927,184,handover
850.0,T001,U07,315500.332,2545506.835,109.1997836,23.007714,314.8,handover
850.0,T002,U05,323250.549,2545193.101,109.2754137,23.0057228,591.947,cruise
850.0,T003,U08,315533.117,2547481.331,109.1998667,23.0255453,511.973,cruise
850.0,T004,U06,322870.603,2548006.81,109.2713839,23.0310882,351.7,handover
850.0,T006,U01,323197.974,2546674.25,109.2747308,23.019091,435.637,cruise
850.0,T009,U02,316031.327,2548685.229,109.2045827,23.0364704,571.799,cruise
850.0,T010,U03,317619.031,2550337.66,109.2198757,23.0515653,372.909,cruise
850.0,T016,U04,319988.6,2548318.494,109.2432319,23.0335927,184,handover
855.0,T001,U07,315500.332,2545506.835,109.1997836,23.007714,314.8,handover
855.0,T002,U05,323325.313,2545187.154,109.2761436,23.0056771,591.947,cruise
855.0,T003,U08,315469.106,2547520.415,109.1992376,23.025891,511.973,cruise
855.0,T004,U06,322870.603,2548006.81,109.2713839,23.0310882,351.7,handover
855.0,T006,U01,323256.212,2546688.682,109.2752972,23.0192275,435.637,cruise
855.0,T009,U02,315992.51,2548730.98,109.2041985,23.0368792,571.799,cruise
855.0,T010,U03,317605.962,2550396.22,109.2197413,23.0520926,372.909,cruise
855.0,T016,U04,319988.6,2548318.494,109.2432319,23.0335927,184,handover
860.0,T001,U07,315500.332,2545506.835,109.1997836,23.007714,314.8,handover
860.0,T002,U05,323400.077,2545181.208,109.2768735,23.0056313,591.947,cruise
860.0,T003,U08,315405.095,2547559.499,109.1986085,23.0262368,511.973,cruise
860.0,T004,U06,322870.603,2548006.81,109.2713839,23.0310882,351.7,handover
860.0,T006,U01,323314.451,2546703.115,109.2758637,23.019364,435.637,cruise
860.0,T009,U02,315953.692,2548776.732,109.2038143,23.037288,571.799,cruise
860.0,T010,U03,317592.892,2550454.779,109.2196068,23.0526199,372.909,cruise
860.0,T016,U04,319988.6,2548318.494,109.2432319,23.0335927,184,handover
865.0,T001,U07,315500.332,2545506.835,109.1997836,23.007714,314.8,handover
865.0,T002,U05,323474.841,2545175.261,109.2776034,23.0055855,591.947,cruise
865.0,T003,U08,315341.083,2547598.583,109.1979794,23.0265826,511.973,cruise
865.0,T004,U06,322870.603,2548006.81,109.2713839,23.0310882,351.7,handover
865.0,T006,U01,323330.195,2546707.017,109.2760168,23.0194009,426.516,descent
865.0,T009,U02,315914.874,2548822.483,109.2034302,23.0376968,571.799,cruise
865.0,T010,U03,317579.823,2550513.338,109.2194723,23.0531472,372.909,cruise
865.0,T016,U04,319988.6,2548318.494,109.2432319,23.0335927,184,handover
870.0,T001,U07,315500.332,2545506.835,109.1997836,23.007714,314.8,handover
870.0,T002,U05,323549.605,2545169.315,109.2783334,23.0055398,591.947,cruise
870.0,T003,U08,315277.072,2547637.666,109.1973503,23.0269284,511.973,cruise
870.0,T004,U06,322870.603,2548006.81,109.2713839,23.0310882,351.7,handover
870.0,T006,U01,323330.195,2546707.017,109.2760168,23.0194009,414.016,descent
870.0,T009,U02,315876.057,2548868.234,109.203046,23.0381056,571.799,cruise
870.0,T010,U03,317566.753,2550571.897,109.2193378,23.0536745,372.909,cruise
870.0,T016,U04,319988.6,2548318.494,109.2432319,23.0335927,184,handover
875.0,T001,U07,315500.332,2545506.835,109.1997836,23.007714,314.8,handover
875.0,T002,U05,323624.369,2545163.368,109.2790633,23.005494,591.947,cruise
875.0,T003,U08,315213.06,2547676.75,109.1967211,23.0272741,511.973,cruise
875.0,T004,U06,322870.603,2548006.81,109.2713839,23.0310882,351.7,handover
875.0,T006,U01,323330.195,2546707.017,109.2760168,23.0194009,401.516,descent
875.0,T009,U02,315837.239,2548913.986,109.2026618,23.0385144,571.799,cruise
875.0,T010,U03,317553.683,2550630.457,109.2192034,23.0542018,372.909,cruise
875.0,T016,U04,319988.6,2548318.494,109.2432319,23.0335927,184,handover
880.0,T001,U07,315500.332,2545506.835,109.1997836,23.007714,314.8,handover
880.0,T002,U05,323699.133,2545157.422,109.2797932,23.0054482,591.947,cruise
880.0,T003,U08,315149.049,2547715.834,109.196092,23.0276199,511.973,cruise
880.0,T004,U06,322870.603,2548006.81,109.2713839,23.0310882,351.7,handover
880.0,T006,U01,323330.195,2546707.017,109.2760168,23.0194009,389.016,descent
880.0,T009,U02,315798.421,2548959.737,109.2022776,23.0389231,571.799,cruise
880.0,T010,U03,317540.614,2550689.016,109.2190689,23.0547291,372.909,cruise
880.0,T016,U04,319988.6,2548318.494,109.2432319,23.0335927,184,handover
885.0,T001,U07,315500.332,2545506.835,109.1997836,23.007714,314.8,handover
885.0,T002,U05,323773.897,2545151.475,109.2805231,23.0054025,591.947,cruise
885.0,T003,U08,315085.037,2547754.918,109.1954629,23.0279657,511.973,cruise
885.0,T004,U06,322870.603,2548006.81,109.2713839,23.0310882,351.7,handover
885.0,T006,U01,323330.195,2546707.017,109.2760168,23.0194009,376.516,descent
885.0,T009,U02,315759.603,2549005.488,109.2018934,23.0393319,571.799,cruise
885.0,T010,U03,317527.544,2550747.575,109.2189344,23.0552564,372.909,cruise
885.0,T016,U04,319988.6,2548318.494,109.2432319,23.0335927,184,handover
890.0,T001,U07,315500.332,2545506.835,109.1997836,23.007714,314.8,handover
890.0,T002,U05,323848.661,2545145.528,109.281253,23.0053567,591.947,cruise
890.0,T003,U08,315021.026,2547794.001,109.1948337,23.0283114,511.973,cruise
890.0,T004,U06,322870.603,2548006.81,109.2713839,23.0310882,351.7,handover
890.0,T006,U01,323330.195,2546707.017,109.2760168,23.0194009,364.016,descent
890.0,T009,U02,315720.786,2549051.24,109.2015093,23.0397407,571.799,cruise
890.0,T010,U03,317514.475,2550806.134,109.2187999,23.0557837,372.909,cruise
890.0,T016,U04,319988.6,2548318.494,109.2432319,23.0335927,184,handover
895.0,T001,U07,315500.332,2545506.835,109.1997836,23.007714,314.8,handover
895.0,T002,U05,323923.424,2545139.582,109.2819829,23.0053109,591.947,cruise
895.0,T003,U08,314957.015,2547833.085,109.1942046,23.0286572,511.973,cruise
895.0,T004,U06,322870.603,2548006.81,109.2713839,23.0310882,351.7,handover
895.0,T006,U01,323330.195,2546707.017,109.2760168,23.0194009,351.6,handover
895.0,T009,U02,315681.968,2549096.991,109.2011251,23.0401495,571.799,cruise
895.0,T010,U03,317501.405,2550864.694,109.2186654,23.056311,372.909,cruise
895.0,T016,U04,319988.6,2548318.494,109.2432319,23.0335927,184,handover
900.0,T001,U07,315500.332,2545506.835,109.1997836,23.007714,314.8,handover
900.0,T002,U05,323998.188,2545133.635,109.2827128,23.0052651,591.947,cruise
900.0,T003,U08,314893.003,2547872.169,109.1935755,23.0290029,511.973,cruise
900.0,T004,U06,322870.603,2548006.81,109.2713839,23.0310882,351.7,handover
900.0,T006,U01,323330.195,2546707.017,109.2760168,23.0194009,351.6,handover
900.0,T009,U02,315643.15,2549142.742,109.2007409,23.0405582,571.799,cruise
900.0,T010,U03,317488.335,2550923.253,109.218531,23.0568383,372.909,cruise
900.0,T016,U04,319988.6,2548318.494,109.2432319,23.0335927,184,handover
905.0,T001,U07,315500.332,2545506.835,109.1997836,23.007714,314.8,handover
905.0,T002,U05,324072.952,2545127.689,109.2834428,23.0052194,591.947,cruise
905.0,T003,U08,314828.992,2547911.252,109.1929463,23.0293487,511.973,cruise
905.0,T004,U06,322870.603,2548006.81,109.2713839,23.0310882,351.7,handover
905.0,T006,U01,323330.195,2546707.017,109.2760168,23.0194009,351.6,handover
905.0,T009,U02,315604.333,2549188.494,109.2003567,23.040967,571.799,cruise
905.0,T010,U03,317475.266,2550981.812,109.2183965,23.0573656,372.909,cruise
905.0,T016,U04,319988.6,2548318.494,109.2432319,23.0335927,184,handover
910.0,T001,U07,315500.332,2545506.835,109.1997836,23.007714,314.8,handover
910.0,T002,U05,324088.71,2545126.435,109.2835966,23.0052097,582.082,descent
910.0,T003,U08,314816.047,2547919.156,109.1928191,23.0294186,503.995,descent
910.0,T004,U06,322870.603,2548006.81,109.2713839,23.0310882,351.7,handover
910.0,T006,U01,323330.195,2546707.017,109.2760168,23.0194009,351.6,handover
910.0,T009,U02,315565.515,2549234.245,109.1999725,23.0413758,571.799,cruise
910.0,T010,U03,317462.196,2551040.371,109.218262,23.0578929,372.909,cruise
910.0,T016,U04,319988.6,2548318.494,109.2432319,23.0335927,188.278,return
915.0,T001,U07,315500.332,2545506.835,109.1997836,23.007714,314.8,handover
915.0,T002,U05,324088.71,2545126.435,109.2835966,23.0052097,569.582,descent
915.0,T003,U08,314816.047,2547919.156,109.1928191,23.0294186,493.995,descent
915.0,T004,U06,322870.603,2548006.81,109.2713839,23.0310882,351.7,handover
915.0,T006,U01,323330.195,2546707.017,109.2760168,23.0194009,351.6,handover
915.0,T009,U02,315526.697,2549279.996,109.1995883,23.0417846,571.799,cruise
915.0,T010,U03,317449.126,2551098.931,109.2181275,23.0584202,372.909,cruise
915.0,T016,U04,319988.6,2548318.494,109.2432319,23.0335927,203.278,return
920.0,T001,U07,315500.332,2545506.835,109.1997836,23.007714,314.8,handover
920.0,T002,U05,324088.71,2545126.435,109.2835966,23.0052097,557.082,descent
920.0,T003,U08,314816.047,2547919.156,109.1928191,23.0294186,483.995,descent
920.0,T004,U06,322870.603,2548006.81,109.2713839,23.0310882,351.7,handover
920.0,T006,U01,323330.195,2546707.017,109.2760168,23.0194009,351.6,handover
920.0,T009,U02,315487.88,2549325.748,109.1992041,23.0421933,571.799,cruise
920.0,T010,U03,317436.057,2551157.49,109.217993,23.0589475,372.909,cruise
920.0,T016,U04,319988.6,2548318.494,109.2432319,23.0335927,218.278,return
925.0,T001,U07,315500.332,2545506.835,109.1997836,23.007714,314.8,handover
925.0,T002,U05,324088.71,2545126.435,109.2835966,23.0052097,544.582,descent
925.0,T003,U08,314816.047,2547919.156,109.1928191,23.0294186,473.995,descent
925.0,T004,U06,322870.603,2548006.81,109.2713839,23.0310882,351.7,handover
925.0,T006,U01,323330.195,2546707.017,109.2760168,23.0194009,351.6,handover
925.0,T009,U02,315449.062,2549371.499,109.1988199,23.0426021,571.799,cruise
925.0,T010,U03,317422.987,2551216.049,109.2178585,23.0594748,372.909,cruise
925.0,T016,U04,319988.6,2548318.494,109.2432319,23.0335927,233.278,return
930.0,T001,U07,315500.332,2545506.835,109.1997836,23.007714,314.8,handover
930.0,T002,U05,324088.71,2545126.435,109.2835966,23.0052097,532.082,descent
930.0,T003,U08,314816.047,2547919.156,109.1928191,23.0294186,463.995,descent
930.0,T004,U06,322870.603,2548006.81,109.2713839,23.0310882,351.7,handover
930.0,T006,U01,323330.195,2546707.017,109.2760168,23.0194009,351.6,handover
930.0,T009,U02,315410.244,2549417.251,109.1984357,23.0430109,571.799,cruise
930.0,T010,U03,317409.918,2551274.608,109.217724,23.060002,372.909,cruise
930.0,T016,U04,319988.6,2548318.494,109.2432319,23.0335927,248.278,return
935.0,T001,U07,315500.332,2545506.835,109.1997836,23.007714,314.8,handover
935.0,T002,U05,324088.71,2545126.435,109.2835966,23.0052097,519.582,descent
935.0,T003,U08,314816.047,2547919.156,109.1928191,23.0294186,453.995,descent
935.0,T004,U06,322870.603,2548006.81,109.2713839,23.0310882,351.7,handover
935.0,T006,U01,323330.195,2546707.017,109.2760168,23.0194009,351.6,handover
935.0,T009,U02,315371.426,2549463.002,109.1980515,23.0434197,571.799,cruise
935.0,T010,U03,317396.848,2551333.167,109.2175896,23.0605293,372.909,cruise
935.0,T016,U04,319988.6,2548318.494,109.2432319,23.0335927,263.278,return
940.0,T001,U07,315500.332,2545506.835,109.1997836,23.007714,314.8,handover
940.0,T002,U05,324088.71,2545126.435,109.2835966,23.0052097,507.082,descent
940.0,T003,U08,314816.047,2547919.156,109.1928191,23.0294186,443.995,descent
940.0,T004,U06,322870.603,2548006.81,109.2713839,23.0310882,351.7,handover
940.0,T006,U01,323330.195,2546707.017,109.2760168,23.0194009,351.6,handover
940.0,T009,U02,315332.609,2549508.753,109.1976673,23.0438284,571.799,cruise
940.0,T010,U03,317383.778,2551391.727,109.2174551,23.0610566,372.909,cruise
940.0,T016,U04,319979.693,2548299.602,109.2431472,23.0334212,273.057,return
945.0,T001,U07,315500.332,2545506.835,109.1997836,23.007714,314.8,handover
945.0,T002,U05,324088.71,2545126.435,109.2835966,23.0052097,494.582,descent
945.0,T003,U08,314816.047,2547919.156,109.1928191,23.0294186,433.995,descent
945.0,T004,U06,322870.603,2548006.81,109.2713839,23.0310882,351.7,handover
945.0,T006,U01,323330.195,2546707.017,109.2760168,23.0194009,351.6,handover
945.0,T009,U02,315293.791,2549554.505,109.1972831,23.0442372,571.799,cruise
945.0,T010,U03,317370.709,2551450.286,109.2173206,23.0615839,372.909,cruise
945.0,T016,U04,319954.105,2548245.332,109.2429039,23.0329284,273.057,return
950.0,T001,U07,315500.332,2545506.835,109.1997836,23.007714,314.8,handover
950.0,T002,U05,324088.71,2545126.435,109.2835966,23.0052097,482.082,descent
950.0,T003,U08,314816.047,2547919.156,109.1928191,23.0294186,423.995,descent
950.0,T004,U06,322870.603,2548006.81,109.2713839,23.0310882,351.7,handover
950.0,T006,U01,323330.195,2546707.017,109.2760168,23.0194009,351.6,handover
950.0,T009,U02,315254.973,2549600.256,109.1968988,23.044646,571.799,cruise
950.0,T010,U03,317357.639,2551508.845,109.2171861,23.0621112,372.909,cruise
950.0,T016,U04,319928.518,2548191.061,109.2426607,23.0324356,273.057,return
955.0,T001,U07,315500.332,2545506.835,109.1997836,23.007714,314.8,handover
955.0,T002,U05,324088.71,2545126.435,109.2835966,23.0052097,469.582,descent
955.0,T003,U08,314816.047,2547919.156,109.1928191,23.0294186,413.995,descent
955.0,T004,U06,322870.603,2548006.81,109.2713839,23.0310882,351.7,handover
955.0,T006,U01,323330.195,2546707.017,109.2760168,23.0194009,351.6,handover
955.0,T009,U02,315216.156,2549646.007,109.1965146,23.0450547,571.799,cruise
955.0,T010,U03,317344.569,2551567.404,109.2170516,23.0626385,372.909,cruise
955.0,T016,U04,319902.93,2548136.791,109.2424174,23.0319428,273.057,return
960.0,T001,U07,315500.332,2545506.835,109.1997836,23.007714,314.8,handover
960.0,T002,U05,324088.71,2545126.435,109.2835966,23.0052097,457.082,descent
960.0,T003,U08,314816.047,2547919.156,109.1928191,23.0294186,403.995,descent
960.0,T004,U06,322870.603,2548006.81,109.2713839,23.0310882,351.7,handover
960.0,T006,U01,323330.195,2546707.017,109.2760168,23.0194009,351.6,handover
960.0,T009,U02,315177.338,2549691.759,109.1961304,23.0454635,571.799,cruise
960.0,T010,U03,317331.5,2551625.964,109.2169171,23.0631658,372.909,cruise
960.0,T016,U04,319877.343,2548082.52,109.2421742,23.03145,273.057,return
965.0,T001,U07,315500.332,2545506.835,109.1997836,23.007714,314.8,handover
965.0,T002,U05,324088.71,2545126.435,109.2835966,23.0052097,444.582,descent
965.0,T003,U08,314816.047,2547919.156,109.1928191,23.0294186,393.995,descent
965.0,T004,U06,322870.603,2548006.81,109.2713839,23.0310882,351.7,handover
965.0,T006,U01,323330.195,2546707.017,109.2760168,23.0194009,351.6,handover
965.0,T009,U02,315138.52,2549737.51,109.1957462,23.0458722,571.799,cruise
965.0,T010,U03,317318.43,2551684.523,109.2167826,23.0636931,372.909,cruise
965.0,T016,U04,319851.755,2548028.25,109.2419309,23.0309572,273.057,return
970.0,T001,U07,315500.332,2545506.835,109.1997836,23.007714,314.8,handover
970.0,T002,U05,324088.71,2545126.435,109.2835966,23.0052097,432.082,descent
970.0,T003,U08,314816.047,2547919.156,109.1928191,23.0294186,383.995,descent
970.0,T004,U06,322870.603,2548006.81,109.2713839,23.0310882,351.7,handover
970.0,T006,U01,323330.195,2546707.017,109.2760168,23.0194009,351.6,handover
970.0,T009,U02,315099.703,2549783.261,109.195362,23.046281,571.799,cruise
970.0,T010,U03,317305.361,2551743.082,109.2166481,23.0642204,372.909,cruise
970.0,T016,U04,319826.168,2547973.979,109.2416876,23.0304644,273.057,return
975.0,T001,U07,315500.332,2545506.835,109.1997836,23.007714,314.8,handover
975.0,T002,U05,324088.71,2545126.435,109.2835966,23.0052097,419.582,descent
975.0,T003,U08,314816.047,2547919.156,109.1928191,23.0294186,373.995,descent
975.0,T004,U06,322870.603,2548006.81,109.2713839,23.0310882,351.7,handover
975.0,T006,U01,323330.195,2546707.017,109.2760168,23.0194009,351.6,handover
975.0,T009,U02,315060.885,2549829.013,109.1949777,23.0466898,571.799,cruise
975.0,T010,U03,317292.291,2551801.641,109.2165136,23.0647477,372.909,cruise
975.0,T016,U04,319800.58,2547919.709,109.2414444,23.0299716,273.057,return
980.0,T001,U07,315500.332,2545506.835,109.1997836,23.007714,314.8,handover
980.0,T002,U05,324088.71,2545126.435,109.2835966,23.0052097,407.082,descent
980.0,T003,U08,314816.047,2547919.156,109.1928191,23.0294186,363.995,descent
980.0,T004,U06,322870.603,2548006.81,109.2713839,23.0310882,351.7,handover
980.0,T006,U01,323330.195,2546707.017,109.2760168,23.0194009,351.6,handover
980.0,T009,U02,315022.067,2549874.764,109.1945935,23.0470985,571.799,cruise
980.0,T010,U03,317279.221,2551860.201,109.2163791,23.065275,372.909,cruise
980.0,T016,U04,319774.993,2547865.439,109.2412011,23.0294788,273.057,return
985.0,T001,U07,315500.332,2545506.835,109.1997836,23.007714,314.8,handover
985.0,T002,U05,324088.71,2545126.435,109.2835966,23.0052097,394.582,descent
985.0,T003,U08,314816.047,2547919.156,109.1928191,23.0294186,353.995,descent
985.0,T004,U06,322870.603,2548006.81,109.2713839,23.0310882,351.7,handover
985.0,T006,U01,323330.195,2546707.017,109.2760168,23.0194009,351.6,handover
985.0,T009,U02,314983.249,2549920.515,109.1942093,23.0475073,571.799,cruise
985.0,T010,U03,317266.152,2551918.76,109.2162446,23.0658023,372.909,cruise
985.0,T016,U04,319749.405,2547811.168,109.2409579,23.028986,273.057,return
990.0,T001,U07,315500.332,2545506.835,109.1997836,23.007714,314.8,handover
990.0,T002,U05,324088.71,2545126.435,109.2835966,23.0052097,382.082,descent
990.0,T003,U08,314816.047,2547919.156,109.1928191,23.0294186,348.5,handover
990.0,T004,U06,322870.603,2548006.81,109.2713839,23.0310882,351.7,handover
990.0,T006,U01,323330.195,2546707.017,109.2760168,23.0194009,351.6,handover
990.0,T009,U02,314944.432,2549966.267,109.1938251,23.047916,571.799,cruise
990.0,T010,U03,317253.082,2551977.319,109.2161101,23.0663295,372.909,cruise
990.0,T016,U04,319723.818,2547756.898,109.2407146,23.0284933,273.057,return
995.0,T001,U07,315500.332,2545506.835,109.1997836,23.007714,314.8,handover
995.0,T002,U05,324088.71,2545126.435,109.2835966,23.0052097,369.582,descent
995.0,T003,U08,314816.047,2547919.156,109.1928191,23.0294186,348.5,handover
995.0,T004,U06,322870.603,2548006.81,109.2713839,23.0310882,351.7,handover
995.0,T006,U01,323330.195,2546707.017,109.2760168,23.0194009,351.6,handover
995.0,T009,U02,314905.614,2550012.018,109.1934408,23.0483248,571.799,cruise
995.0,T010,U03,317240.013,2552035.878,109.2159756,23.0668568,372.909,cruise
995.0,T016,U04,319698.23,2547702.627,109.2404714,23.0280005,273.057,return
1000.0,T001,U07,315500.332,2545506.835,109.1997836,23.007714,314.8,handover
1000.0,T002,U05,324088.71,2545126.435,109.2835966,23.0052097,357.082,descent
1000.0,T003,U08,314816.047,2547919.156,109.1928191,23.0294186,348.5,handover
1000.0,T004,U06,322870.603,2548006.81,109.2713839,23.0310882,351.7,handover
1000.0,T006,U01,323330.195,2546707.017,109.2760168,23.0194009,351.6,handover
1000.0,T009,U02,314866.796,2550057.769,109.1930566,23.0487336,571.799,cruise
1000.0,T010,U03,317226.943,2552094.438,109.2158411,23.0673841,372.909,cruise
1000.0,T016,U04,319672.643,2547648.357,109.2402281,23.0275077,273.057,return
1005.0,T001,U07,315500.332,2545506.835,109.1997836,23.007714,314.8,handover
1005.0,T002,U05,324088.71,2545126.435,109.2835966,23.0052097,351,handover
1005.0,T003,U08,314816.047,2547919.156,109.1928191,23.0294186,348.5,handover
1005.0,T004,U06,322870.603,2548006.81,109.2713839,23.0310882,351.7,handover
1005.0,T006,U01,323330.195,2546707.017,109.2760168,23.0194009,351.6,handover
1005.0,T009,U02,314827.979,2550103.521,109.1926723,23.0491423,571.799,cruise
1005.0,T010,U03,317213.873,2552152.997,109.2157066,23.0679114,372.909,cruise
1005.0,T016,U04,319647.055,2547594.086,109.2399849,23.0270149,273.057,return
1010.0,T001,U07,315500.332,2545506.835,109.1997836,23.007714,314.8,handover
1010.0,T002,U05,324088.71,2545126.435,109.2835966,23.0052097,351,handover
1010.0,T003,U08,314816.047,2547919.156,109.1928191,23.0294186,348.5,handover
1010.0,T004,U06,322870.603,2548006.81,109.2713839,23.0310882,351.7,handover
1010.0,T006,U01,323330.195,2546707.017,109.2760168,23.0194009,351.6,handover
1010.0,T009,U02,314798.303,2550138.497,109.1923786,23.0494548,568.855,descent
1010.0,T010,U03,317200.804,2552211.556,109.215572,23.0684387,372.909,cruise
1010.0,T016,U04,319621.468,2547539.816,109.2397416,23.0265221,273.057,return
1015.0,T001,U07,315500.332,2545506.835,109.1997836,23.007714,314.8,handover
1015.0,T002,U05,324088.71,2545126.435,109.2835966,23.0052097,351,handover
1015.0,T003,U08,314816.047,2547919.156,109.1928191,23.0294186,348.5,handover
1015.0,T004,U06,322870.603,2548006.81,109.2713839,23.0310882,351.7,handover
1015.0,T006,U01,323330.195,2546707.017,109.2760168,23.0194009,351.6,handover
1015.0,T009,U02,314798.303,2550138.497,109.1923786,23.0494548,556.355,descent
1015.0,T010,U03,317187.734,2552270.115,109.2154375,23.068966,372.909,cruise
1015.0,T016,U04,319595.88,2547485.546,109.2394984,23.0260293,273.057,return
1020.0,T001,U07,315500.332,2545506.835,109.1997836,23.007714,314.8,handover
1020.0,T002,U05,324088.71,2545126.435,109.2835966,23.0052097,351,handover
1020.0,T003,U08,314816.047,2547919.156,109.1928191,23.0294186,348.5,handover
1020.0,T004,U06,322870.603,2548006.81,109.2713839,23.0310882,351.7,handover
1020.0,T006,U01,323330.195,2546707.017,109.2760168,23.0194009,351.6,handover
1020.0,T009,U02,314798.303,2550138.497,109.1923786,23.0494548,543.855,descent
1020.0,T010,U03,317174.664,2552328.675,109.215303,23.0694933,372.909,cruise
1020.0,T016,U04,319570.293,2547431.275,109.2392551,23.0255365,273.057,return
1025.0,T001,U07,315500.332,2545506.835,109.1997836,23.007714,314.8,handover
1025.0,T002,U05,324088.71,2545126.435,109.2835966,23.0052097,351,handover
1025.0,T003,U08,314816.047,2547919.156,109.1928191,23.0294186,348.5,handover
1025.0,T004,U06,322870.603,2548006.81,109.2713839,23.0310882,351.7,handover
1025.0,T006,U01,323330.195,2546707.017,109.2760168,23.0194009,351.6,handover
1025.0,T009,U02,314798.303,2550138.497,109.1923786,23.0494548,531.355,descent
1025.0,T010,U03,317161.595,2552387.234,109.2151685,23.0700206,372.909,cruise
1025.0,T016,U04,319544.705,2547377.005,109.2390119,23.0250437,273.057,return
1030.0,T001,U07,315500.332,2545506.835,109.1997836,23.007714,314.8,handover
1030.0,T002,U05,324088.71,2545126.435,109.2835966,23.0052097,351,handover
1030.0,T003,U08,314816.047,2547919.156,109.1928191,23.0294186,348.5,handover
1030.0,T004,U06,322870.603,2548006.81,109.2713839,23.0310882,351.7,handover
1030.0,T006,U01,323330.195,2546707.017,109.2760168,23.0194009,351.6,handover
1030.0,T009,U02,314798.303,2550138.497,109.1923786,23.0494548,518.855,descent
1030.0,T010,U03,317148.525,2552445.793,109.215034,23.0705479,372.909,cruise
1030.0,T016,U04,319519.118,2547322.734,109.2387686,23.0245509,273.057,return
1035.0,T001,U07,315500.332,2545506.835,109.1997836,23.007714,314.8,handover
1035.0,T002,U05,324088.71,2545126.435,109.2835966,23.0052097,351,handover
1035.0,T003,U08,314816.047,2547919.156,109.1928191,23.0294186,348.5,handover
1035.0,T004,U06,322870.603,2548006.81,109.2713839,23.0310882,351.7,handover
1035.0,T006,U01,323330.195,2546707.017,109.2760168,23.0194009,351.6,handover
1035.0,T009,U02,314798.303,2550138.497,109.1923786,23.0494548,506.355,descent
1035.0,T010,U03,317135.456,2552504.352,109.2148995,23.0710751,372.909,cruise
1035.0,T016,U04,319493.53,2547268.464,109.2385254,23.0240581,273.057,return
1040.0,T001,U07,315500.332,2545506.835,109.1997836,23.007714,314.8,handover
1040.0,T002,U05,324088.71,2545126.435,109.2835966,23.0052097,351,handover
1040.0,T003,U08,314816.047,2547919.156,109.1928191,23.0294186,348.5,handover
1040.0,T004,U06,322870.603,2548006.81,109.2713839,23.0310882,351.7,handover
1040.0,T006,U01,323330.195,2546707.017,109.2760168,23.0194009,351.6,handover
1040.0,T009,U02,314798.303,2550138.497,109.1923786,23.0494548,493.855,descent
1040.0,T010,U03,317122.386,2552562.912,109.214765,23.0716024,372.909,cruise
1040.0,T016,U04,319467.943,2547214.193,109.2382822,23.0235653,273.057,return
1045.0,T001,U07,315500.332,2545506.835,109.1997836,23.007714,314.8,handover
1045.0,T002,U05,324088.71,2545126.435,109.2835966,23.0052097,351,handover
1045.0,T003,U08,314816.047,2547919.156,109.1928191,23.0294186,348.5,handover
1045.0,T004,U06,322870.603,2548006.81,109.2713839,23.0310882,351.7,handover
1045.0,T006,U01,323330.195,2546707.017,109.2760168,23.0194009,351.6,handover
1045.0,T009,U02,314798.303,2550138.497,109.1923786,23.0494548,481.355,descent
1045.0,T010,U03,317109.316,2552621.471,109.2146305,23.0721297,372.909,cruise
1045.0,T016,U04,319442.355,2547159.923,109.2380389,23.0230725,273.057,return
1050.0,T001,U07,315500.332,2545506.835,109.1997836,23.007714,314.8,handover
1050.0,T002,U05,324088.71,2545126.435,109.2835966,23.0052097,351,handover
1050.0,T003,U08,314816.047,2547919.156,109.1928191,23.0294186,348.5,handover
1050.0,T004,U06,322870.603,2548006.81,109.2713839,23.0310882,351.7,handover
1050.0,T006,U01,323330.195,2546707.017,109.2760168,23.0194009,351.6,handover
1050.0,T009,U02,314798.303,2550138.497,109.1923786,23.0494548,474.5,handover
1050.0,T010,U03,317096.247,2552680.03,109.2144959,23.072657,372.909,cruise
1050.0,T016,U04,319416.768,2547105.653,109.2377957,23.0225797,273.057,return
1055.0,T001,U07,315500.332,2545506.835,109.1997836,23.007714,314.8,handover
1055.0,T002,U05,324088.71,2545126.435,109.2835966,23.0052097,351,handover
1055.0,T003,U08,314816.047,2547919.156,109.1928191,23.0294186,348.5,handover
1055.0,T004,U06,322870.603,2548006.81,109.2713839,23.0310882,351.7,handover
1055.0,T006,U01,323330.195,2546707.017,109.2760168,23.0194009,351.6,handover
1055.0,T009,U02,314798.303,2550138.497,109.1923786,23.0494548,474.5,handover
1055.0,T010,U03,317083.177,2552738.589,109.2143614,23.0731843,372.909,cruise
1055.0,T016,U04,319391.18,2547051.382,109.2375525,23.0220869,273.057,return
1060.0,T001,U07,315500.332,2545506.835,109.1997836,23.007714,314.8,handover
1060.0,T002,U05,324088.71,2545126.435,109.2835966,23.0052097,351,handover
1060.0,T003,U08,314816.047,2547919.156,109.1928191,23.0294186,348.5,handover
1060.0,T004,U06,322870.603,2548006.81,109.2713839,23.0310882,351.7,handover
1060.0,T006,U01,323330.195,2546707.017,109.2760168,23.0194009,351.6,handover
1060.0,T009,U02,314798.303,2550138.497,109.1923786,23.0494548,474.5,handover
1060.0,T010,U03,317070.107,2552797.149,109.2142269,23.0737116,372.909,cruise
1060.0,T016,U04,319365.593,2546997.112,109.2373092,23.0215942,273.057,return
1065.0,T001,U07,315500.332,2545506.835,109.1997836,23.007714,314.8,handover
1065.0,T002,U05,324088.71,2545126.435,109.2835966,23.0052097,351,handover
1065.0,T003,U08,314816.047,2547919.156,109.1928191,23.0294186,348.5,handover
1065.0,T004,U06,322870.603,2548006.81,109.2713839,23.0310882,358.395,return
1065.0,T006,U01,323330.195,2546707.017,109.2760168,23.0194009,351.6,handover
1065.0,T009,U02,314798.303,2550138.497,109.1923786,23.0494548,474.5,handover
1065.0,T010,U03,317057.038,2552855.708,109.2140924,23.0742389,372.909,cruise
1065.0,T016,U04,319340.005,2546942.841,109.237066,23.0211014,273.057,return
1070.0,T001,U07,315500.332,2545506.835,109.1997836,23.007714,314.8,handover
1070.0,T002,U05,324088.71,2545126.435,109.2835966,23.0052097,351,handover
1070.0,T003,U08,314816.047,2547919.156,109.1928191,23.0294186,348.5,handover
1070.0,T004,U06,322870.603,2548006.81,109.2713839,23.0310882,373.395,return
1070.0,T006,U01,323330.195,2546707.017,109.2760168,23.0194009,351.6,handover
1070.0,T009,U02,314798.303,2550138.497,109.1923786,23.0494548,474.5,handover
1070.0,T010,U03,317043.968,2552914.267,109.2139579,23.0747662,372.909,cruise
1070.0,T016,U04,319314.418,2546888.571,109.2368228,23.0206086,273.057,return
1075.0,T001,U07,315500.332,2545506.835,109.1997836,23.007714,314.8,handover
1075.0,T002,U05,324088.71,2545126.435,109.2835966,23.0052097,351,handover
1075.0,T003,U08,314816.047,2547919.156,109.1928191,23.0294186,348.5,handover
1075.0,T004,U06,322870.603,2548006.81,109.2713839,23.0310882,388.395,return
1075.0,T006,U01,323330.195,2546707.017,109.2760168,23.0194009,351.6,handover
1075.0,T009,U02,314798.303,2550138.497,109.1923786,23.0494548,474.5,handover
1075.0,T010,U03,317030.899,2552972.826,109.2138233,23.0752934,372.909,cruise
1075.0,T016,U04,319288.83,2546834.3,109.2365796,23.0201158,273.057,return
1080.0,T001,U07,315500.332,2545506.835,109.1997836,23.007714,314.8,handover
1080.0,T002,U05,324088.71,2545126.435,109.2835966,23.0052097,351,handover
1080.0,T003,U08,314816.047,2547919.156,109.1928191,23.0294186,348.5,handover
1080.0,T004,U06,322852.427,2547996.165,109.2712078,23.0309901,399.182,return
1080.0,T006,U01,323330.195,2546707.017,109.2760168,23.0194009,351.6,handover
1080.0,T009,U02,314798.303,2550138.497,109.1923786,23.0494548,474.5,handover
1080.0,T010,U03,317017.829,2553031.386,109.2136888,23.0758207,372.909,cruise
1080.0,T016,U04,319263.243,2546780.03,109.2363363,23.019623,273.057,return
1085.0,T001,U07,315500.332,2545506.835,109.1997836,23.007714,314.8,handover
1085.0,T002,U05,324088.71,2545126.435,109.2835966,23.0052097,351,handover
1085.0,T003,U08,314816.047,2547919.156,109.1928191,23.0294186,348.5,handover
1085.0,T004,U06,322787.709,2547958.262,109.2705808,23.030641,399.182,return
1085.0,T006,U01,323330.195,2546707.017,109.2760168,23.0194009,351.6,handover
1085.0,T009,U02,314798.303,2550138.497,109.1923786,23.0494548,474.5,handover
1085.0,T010,U03,317004.759,2553089.945,109.2135543,23.076348,372.909,cruise
1085.0,T016,U04,319237.655,2546725.759,109.2360931,23.0191302,273.057,return
1090.0,T001,U07,315500.332,2545506.835,109.1997836,23.007714,314.8,handover
1090.0,T002,U05,324088.71,2545126.435,109.2835966,23.0052097,351,handover
1090.0,T003,U08,314816.047,2547919.156,109.1928191,23.0294186,348.5,handover
1090.0,T004,U06,322722.992,2547920.359,109.2699538,23.0302919,399.182,return
1090.0,T006,U01,323330.195,2546707.017,109.2760168,23.0194009,351.6,handover
1090.0,T009,U02,314798.303,2550138.497,109.1923786,23.0494548,474.5,handover
1090.0,T010,U03,316991.69,2553148.504,109.2134197,23.0768753,372.909,cruise
1090.0,T016,U04,319212.068,2546671.489,109.2358499,23.0186374,273.057,return
1095.0,T001,U07,315500.332,2545506.835,109.1997836,23.007714,314.8,handover
1095.0,T002,U05,324088.71,2545126.435,109.2835966,23.0052097,351,handover
1095.0,T003,U08,314816.047,2547919.156,109.1928191,23.0294186,348.5,handover
1095.0,T004,U06,322658.274,2547882.456,109.2693268,23.0299427,399.182,return
1095.0,T006,U01,323330.195,2546707.017,109.2760168,23.0194009,351.6,handover
1095.0,T009,U02,314798.303,2550138.497,109.1923786,23.0494548,474.5,handover
1095.0,T010,U03,316978.62,2553207.063,109.2132852,23.0774026,372.909,cruise
1095.0,T016,U04,319186.48,2546617.219,109.2356067,23.0181446,273.057,return
1100.0,T001,U07,315500.332,2545506.835,109.1997836,23.007714,314.8,handover
1100.0,T002,U05,324088.71,2545126.435,109.2835966,23.0052097,351,handover
1100.0,T003,U08,314816.047,2547919.156,109.1928191,23.0294186,348.5,handover
1100.0,T004,U06,322593.557,2547844.553,109.2686999,23.0295936,399.182,return
1100.0,T006,U01,323330.195,2546707.017,109.2760168,23.0194009,351.6,handover
1100.0,T009,U02,314798.303,2550138.497,109.1923786,23.0494548,474.5,handover
1100.0,T010,U03,316965.551,2553265.623,109.2131507,23.0779299,372.909,cruise
1100.0,T016,U04,319160.893,2546562.948,109.2353635,23.0176518,273.057,return
1105.0,T001,U07,315500.332,2545506.835,109.1997836,23.007714,314.8,handover
1105.0,T002,U05,324088.71,2545126.435,109.2835966,23.0052097,351,handover
1105.0,T003,U08,314816.047,2547919.156,109.1928191,23.0294186,348.5,handover
1105.0,T004,U06,322528.839,2547806.65,109.2680729,23.0292444,399.182,return
1105.0,T006,U01,323330.195,2546707.017,109.2760168,23.0194009,351.701,return
1105.0,T009,U02,314798.303,2550138.497,109.1923786,23.0494548,474.5,handover
1105.0,T010,U03,316952.481,2553324.182,109.2130162,23.0784572,372.909,cruise
1105.0,T016,U04,319135.305,2546508.678,109.2351203,23.017159,273.057,return
1110.0,T001,U07,315500.332,2545506.835,109.1997836,23.007714,314.8,handover
1110.0,T002,U05,324088.71,2545126.435,109.2835966,23.0052097,351,handover
1110.0,T003,U08,314816.047,2547919.156,109.1928191,23.0294186,348.5,handover
1110.0,T004,U06,322464.122,2547768.747,109.2674459,23.0288953,399.182,return
1110.0,T006,U01,323330.195,2546707.017,109.2760168,23.0194009,366.701,return
1110.0,T009,U02,314798.303,2550138.497,109.1923786,23.0494548,474.5,handover
1110.0,T010,U03,316939.411,2553382.741,109.2128816,23.0789844,372.909,cruise
1110.0,T016,U04,319109.718,2546454.407,109.234877,23.0166662,273.057,return
1115.0,T001,U07,315500.332,2545506.835,109.1997836,23.007714,314.8,handover
1115.0,T002,U05,324088.71,2545126.435,109.2835966,23.0052097,351,handover
1115.0,T003,U08,314816.047,2547919.156,109.1928191,23.0294186,348.5,handover
1115.0,T004,U06,322399.404,2547730.844,109.2668189,23.0285461,399.182,return
1115.0,T006,U01,323330.195,2546707.017,109.2760168,23.0194009,381.701,return
1115.0,T009,U02,314798.303,2550138.497,109.1923786,23.0494548,474.5,handover
1115.0,T010,U03,316926.352,2553441.253,109.2127472,23.0795113,372.899,descent
1115.0,T016,U04,319084.13,2546400.137,109.2346338,23.0161734,273.057,return
1120.0,T001,U07,315500.332,2545506.835,109.1997836,23.007714,314.8,handover
1120.0,T002,U05,324088.71,2545126.435,109.2835966,23.0052097,351,handover
1120.0,T003,U08,314816.047,2547919.156,109.1928191,23.0294186,348.5,handover
1120.0,T004,U06,322334.687,2547692.941,109.266192,23.028197,399.182,return
1120.0,T006,U01,323330.195,2546707.017,109.2760168,23.0194009,396.701,return
1120.0,T009,U02,314798.303,2550138.497,109.1923786,23.0494548,474.5,handover
1120.0,T010,U03,316926.352,2553441.253,109.2127472,23.0795113,360.399,descent
1120.0,T016,U04,319058.543,2546345.866,109.2343906,23.0156806,273.057,return
1125.0,T001,U07,315500.332,2545506.835,109.1997836,23.007714,314.8,handover
1125.0,T002,U05,324088.71,2545126.435,109.2835966,23.0052097,351,handover
1125.0,T003,U08,314816.047,2547919.156,109.1928191,23.0294186,348.5,handover
1125.0,T004,U06,322269.969,2547655.038,109.265565,23.0278478,399.182,return
1125.0,T006,U01,323330.195,2546707.017,109.2760168,23.0194009,411.701,return
1125.0,T009,U02,314798.303,2550138.497,109.1923786,23.0494548,474.5,handover
1125.0,T010,U03,316926.352,2553441.253,109.2127472,23.0795113,347.899,descent
1125.0,T016,U04,319032.955,2546291.596,109.2341474,23.0151878,273.057,return
1130.0,T001,U07,315500.332,2545506.835,109.1997836,23.007714,314.8,handover
1130.0,T002,U05,324088.71,2545126.435,109.2835966,23.0052097,351,handover
1130.0,T003,U08,314816.047,2547919.156,109.1928191,23.0294186,348.5,handover
1130.0,T004,U06,322205.251,2547617.135,109.264938,23.0274987,399.182,return
1130.0,T006,U01,323330.195,2546707.017,109.2760168,23.0194009,426.701,return
1130.0,T009,U02,314798.303,2550138.497,109.1923786,23.0494548,474.5,handover
1130.0,T010,U03,316926.352,2553441.253,109.2127472,23.0795113,335.399,descent
1130.0,T016,U04,319007.368,2546237.326,109.2339042,23.014695,273.057,return
1135.0,T001,U07,315500.332,2545506.835,109.1997836,23.007714,314.8,handover
1135.0,T002,U05,324088.71,2545126.435,109.2835966,23.0052097,351,handover
1135.0,T003,U08,314816.047,2547919.156,109.1928191,23.0294186,348.5,handover
1135.0,T004,U06,322140.534,2547579.232,109.2643111,23.0271495,399.182,return
1135.0,T006,U01,323306.65,2546701.182,109.2757878,23.0193457,435.637,return
1135.0,T009,U02,314798.303,2550138.497,109.1923786,23.0494548,474.5,handover
1135.0,T010,U03,316926.352,2553441.253,109.2127472,23.0795113,322.899,descent
1135.0,T016,U04,318981.78,2546183.055,109.233661,23.0142022,273.057,return
1140.0,T001,U07,315500.332,2545506.835,109.1997836,23.007714,314.8,handover
1140.0,T002,U05,324088.71,2545126.435,109.2835966,23.0052097,351,handover
1140.0,T003,U08,314816.047,2547919.156,109.1928191,23.0294186,348.5,handover
1140.0,T004,U06,322075.816,2547541.329,109.2636841,23.0268003,399.182,return
1140.0,T006,U01,323248.412,2546686.749,109.2752213,23.0192092,435.637,return
1140.0,T009,U02,314798.303,2550138.497,109.1923786,23.0494548,474.5,handover
1140.0,T010,U03,316926.352,2553441.253,109.2127472,23.0795113,310.399,descent
1140.0,T016,U04,318956.193,2546128.785,109.2334178,23.0137094,273.057,return
1145.0,T001,U07,315500.332,2545506.835,109.1997836,23.007714,318.738,return
1145.0,T002,U05,324088.71,2545126.435,109.2835966,23.0052097,351,handover
1145.0,T003,U08,314816.047,2547919.156,109.1928191,23.0294186,348.5,handover
1145.0,T004,U06,322011.099,2547503.426,109.2630572,23.0264512,399.182,return
1145.0,T006,U01,323190.174,2546672.316,109.2746549,23.0190727,435.637,return
1145.0,T009,U02,314798.303,2550138.497,109.1923786,23.0494548,474.5,handover
1145.0,T010,U03,316926.352,2553441.253,109.2127472,23.0795113,297.899,descent
1145.0,T016,U04,318930.605,2546074.514,109.2331746,23.0132166,273.057,return
1150.0,T001,U07,315500.332,2545506.835,109.1997836,23.007714,331.238,return
1150.0,T002,U05,324088.71,2545126.435,109.2835966,23.0052097,351,handover
1150.0,T003,U08,314816.047,2547919.156,109.1928191,23.0294186,348.5,handover
1150.0,T004,U06,321946.381,2547465.523,109.2624302,23.026102,399.182,return
1150.0,T006,U01,323131.935,2546657.884,109.2740885,23.0189362,435.637,return
1150.0,T009,U02,314798.303,2550138.497,109.1923786,23.0494548,474.5,handover
1150.0,T010,U03,316926.352,2553441.253,109.2127472,23.0795113,285.399,descent
1150.0,T016,U04,318905.018,2546020.244,109.2329314,23.0127238,273.057,return
1155.0,T001,U07,315500.332,2545506.835,109.1997836,23.007714,343.738,return
1155.0,T002,U05,324088.71,2545126.435,109.2835966,23.0052097,351,handover
1155.0,T003,U08,314816.047,2547919.156,109.1928191,23.0294186,348.5,handover
1155.0,T004,U06,321881.664,2547427.62,109.2618033,23.0257528,399.182,return
1155.0,T006,U01,323073.697,2546643.451,109.273522,23.0187997,435.637,return
1155.0,T009,U02,314798.303,2550138.497,109.1923786,23.0494548,474.5,handover
1155.0,T010,U03,316926.352,2553441.253,109.2127472,23.0795113,272.899,descent
1155.0,T016,U04,318879.43,2545965.973,109.2326882,23.012231,273.057,return
1160.0,T001,U07,315500.332,2545506.835,109.1997836,23.007714,356.238,return
1160.0,T002,U05,324088.71,2545126.435,109.2835966,23.0052097,351,handover
1160.0,T003,U08,314816.047,2547919.156,109.1928191,23.0294186,348.5,handover
1160.0,T004,U06,321816.946,2547389.717,109.2611763,23.0254037,399.182,return
1160.0,T006,U01,323015.459,2546629.018,109.2729556,23.0186632,435.637,return
1160.0,T009,U02,314798.303,2550138.497,109.1923786,23.0494548,474.5,handover
1160.0,T010,U03,316926.352,2553441.253,109.2127472,23.0795113,270.9,handover
1160.0,T016,U04,318853.843,2545911.703,109.232445,23.0117382,273.057,return
1165.0,T001,U07,315516.172,2545507.08,109.1999381,23.007718,366.098,return
1165.0,T002,U05,324088.71,2545126.435,109.2835966,23.0052097,351,handover
1165.0,T003,U08,314816.047,2547919.156,109.1928191,23.0294186,348.5,handover
1165.0,T004,U06,321752.229,2547351.814,109.2605494,23.0250545,399.182,return
1165.0,T006,U01,322957.22,2546614.586,109.2723891,23.0185266,435.637,return
1165.0,T009,U02,314798.303,2550138.497,109.1923786,23.0494548,474.5,handover
1165.0,T010,U03,316926.352,2553441.253,109.2127472,23.0795113,270.9,handover
1165.0,T016,U04,318828.255,2545857.432,109.2322018,23.0112454,273.057,return
1170.0,T001,U07,315591.163,2545508.24,109.2006694,23.0077368,366.098,return
1170.0,T002,U05,324088.71,2545126.435,109.2835966,23.0052097,351,handover
1170.0,T003,U08,314816.047,2547919.156,109.1928191,23.0294186,348.5,handover
1170.0,T004,U06,321687.511,2547313.911,109.2599225,23.0247053,399.182,return
1170.0,T006,U01,322898.982,2546600.153,109.2718227,23.0183901,435.637,return
1170.0,T009,U02,314798.303,2550138.497,109.1923786,23.0494548,474.5,handover
1170.0,T010,U03,316926.352,2553441.253,109.2127472,23.0795113,270.9,handover
1170.0,T016,U04,318802.668,2545803.162,109.2319586,23.0107526,273.057,return
1175.0,T001,U07,315666.154,2545509.401,109.2014006,23.0077556,366.098,return
1175.0,T002,U05,324088.71,2545126.435,109.2835966,23.0052097,351,handover
1175.0,T003,U08,314816.047,2547919.156,109.1928191,23.0294186,348.5,handover
1175.0,T004,U06,321622.793,2547276.008,109.2592955,23.0243561,399.182,return
1175.0,T006,U01,322840.744,2546585.721,109.2712563,23.0182536,435.637,return
1175.0,T009,U02,314798.303,2550138.497,109.1923786,23.0494548,474.5,handover
1175.0,T010,U03,316926.352,2553441.253,109.2127472,23.0795113,270.9,handover
1175.0,T016,U04,318777.08,2545748.892,109.2317154,23.0102598,273.057,return
1180.0,T001,U07,315741.145,2545510.561,109.2021319,23.0077743,366.098,return
1180.0,T002,U05,324088.71,2545126.435,109.2835966,23.0052097,351,handover
1180.0,T003,U08,314816.047,2547919.156,109.1928191,23.0294186,348.5,handover
1180.0,T004,U06,321558.076,2547238.105,109.2586686,23.0240069,399.182,return
1180.0,T006,U01,322782.506,2546571.288,109.2706898,23.0181171,435.637,return
1180.0,T009,U02,314798.303,2550138.497,109.1923786,23.0494548,474.5,handover
1180.0,T010,U03,316926.352,2553441.253,109.2127472,23.0795113,270.9,handover
1180.0,T016,U04,318751.493,2545694.621,109.2314722,23.009767,273.057,return
1185.0,T001,U07,315816.136,2545511.722,109.2028632,23.0077931,366.098,return
1185.0,T002,U05,324088.71,2545126.435,109.2835966,23.0052097,351,handover
1185.0,T003,U08,314816.047,2547919.156,109.1928191,23.0294186,348.5,handover
1185.0,T004,U06,321493.358,2547200.202,109.2580417,23.0236578,399.182,return
1185.0,T006,U01,322724.267,2546556.855,109.2701234,23.0179805,435.637,return
1185.0,T009,U02,314798.303,2550138.497,109.1923786,23.0494548,474.5,handover
1185.0,T010,U03,316926.352,2553441.253,109.2127472,23.0795113,270.9,handover
1185.0,T016,U04,318725.905,2545640.351,109.2312291,23.0092742,273.057,return
1190.0,T001,U07,315891.127,2545512.883,109.2035945,23.0078119,366.098,return
1190.0,T002,U05,324088.71,2545126.435,109.2835966,23.0052097,351,handover
1190.0,T003,U08,314816.047,2547919.156,109.1928191,23.0294186,348.5,handover
1190.0,T004,U06,321428.641,2547162.299,109.2574148,23.0233086,399.182,return
1190.0,T006,U01,322666.029,2546542.423,109.269557,23.017844,435.637,return
1190.0,T009,U02,314798.303,2550138.497,109.1923786,23.0494548,474.5,handover
1190.0,T010,U03,316926.352,2553441.253,109.2127472,23.0795113,270.9,handover
1190.0,T016,U04,318700.318,2545586.08,109.2309859,23.0087814,273.057,return
1195.0,T001,U07,315966.118,2545514.043,109.2043258,23.0078307,366.098,return
1195.0,T002,U05,324088.71,2545126.435,109.2835966,23.0052097,351,handover
1195.0,T003,U08,314816.047,2547919.156,109.1928191,23.0294186,348.5,handover
1195.0,T004,U06,321363.923,2547124.396,109.2567878,23.0229594,399.182,return
1195.0,T006,U01,322607.791,2546527.99,109.2689905,23.0177075,435.637,return
1195.0,T009,U02,314798.303,2550138.497,109.1923786,23.0494548,474.5,handover
1195.0,T010,U03,316926.352,2553441.253,109.2127472,23.0795113,270.9,handover
1195.0,T016,U04,318686.201,2545556.139,109.2308517,23.0085095,267.453,return
1200.0,T001,U07,316041.109,2545515.204,109.2050571,23.0078495,366.098,return
1200.0,T002,U05,324088.71,2545126.435,109.2835966,23.0052097,351,handover
1200.0,T003,U08,314816.047,2547919.156,109.1928191,23.0294186,348.5,handover
1200.0,T004,U06,321299.206,2547086.493,109.2561609,23.0226102,399.182,return
1200.0,T006,U01,322549.552,2546513.557,109.2684241,23.017571,435.637,return
1200.0,T009,U02,314798.303,2550138.497,109.1923786,23.0494548,474.5,handover
1200.0,T010,U03,316926.352,2553441.253,109.2127472,23.0795113,270.9,handover
1200.0,T016,U04,318686.201,2545556.139,109.2308517,23.0085095,254.953,return
1205.0,T001,U07,316116.1,2545516.364,109.2057884,23.0078682,366.098,return
1205.0,T002,U05,324088.71,2545126.435,109.2835966,23.0052097,351,handover
1205.0,T003,U08,314816.047,2547919.156,109.1928191,23.0294186,348.5,handover
1205.0,T004,U06,321234.488,2547048.59,109.255534,23.022261,399.182,return
1205.0,T006,U01,322491.314,2546499.125,109.2678577,23.0174344,435.637,return
1205.0,T009,U02,314798.303,2550138.497,109.1923786,23.0494548,474.5,handover
1205.0,T010,U03,316926.352,2553441.253,109.2127472,23.0795113,270.9,handover
1205.0,T016,U04,318686.201,2545556.139,109.2308517,23.0085095,242.453,return
1210.0,T001,U07,316191.091,2545517.525,109.2065197,23.007887,366.098,return
1210.0,T002,U05,324088.71,2545126.435,109.2835966,23.0052097,351,handover
1210.0,T003,U08,314816.047,2547919.156,109.1928191,23.0294186,348.5,handover
1210.0,T004,U06,321169.771,2547010.687,109.2549071,23.0219118,399.182,return
1210.0,T006,U01,322433.076,2546484.692,109.2672912,23.0172979,435.637,return
1210.0,T009,U02,314798.303,2550138.497,109.1923786,23.0494548,474.5,handover
1210.0,T010,U03,316926.352,2553441.253,109.2127472,23.0795113,270.9,handover
1210.0,T016,U04,318686.201,2545556.139,109.2308517,23.0085095,229.953,return
1215.0,T001,U07,316266.082,2545518.685,109.207251,23.0079058,366.098,return
1215.0,T002,U05,324088.71,2545126.435,109.2835966,23.0052097,351,handover
1215.0,T003,U08,314816.047,2547919.156,109.1928191,23.0294186,348.5,handover
1215.0,T004,U06,321105.053,2546972.783,109.2542802,23.0215626,399.182,return
1215.0,T006,U01,322374.837,2546470.259,109.2667248,23.0171614,435.637,return
1215.0,T009,U02,314798.303,2550138.497,109.1923786,23.0494548,474.5,handover
1215.0,T010,U03,316926.352,2553441.253,109.2127472,23.0795113,270.9,handover
1215.0,T016,U04,318686.201,2545556.139,109.2308517,23.0085095,217.453,return
1220.0,T001,U07,316341.073,2545519.846,109.2079823,23.0079245,366.098,return
1220.0,T002,U05,324088.71,2545126.435,109.2835966,23.0052097,351,handover
1220.0,T003,U08,314816.047,2547919.156,109.1928191,23.0294186,348.5,handover
1220.0,T004,U06,321040.335,2546934.88,109.2536533,23.0212134,399.182,return
1220.0,T006,U01,322316.599,2546455.827,109.2661584,23.0170248,435.637,return
1220.0,T009,U02,314798.303,2550138.497,109.1923786,23.0494548,474.5,handover
1220.0,T010,U03,316926.352,2553441.253,109.2127472,23.0795113,270.9,handover
1220.0,T016,U04,318686.201,2545556.139,109.2308517,23.0085095,204.953,return
1225.0,T001,U07,316416.064,2545521.007,109.2087136,23.0079433,366.098,return
1225.0,T002,U05,324088.71,2545126.435,109.2835966,23.0052097,351,handover
1225.0,T003,U08,314816.047,2547919.156,109.1928191,23.0294186,348.5,handover
1225.0,T004,U06,320975.618,2546896.977,109.2530264,23.0208642,399.182,return
1225.0,T006,U01,322258.361,2546441.394,109.265592,23.0168883,435.637,return
1225.0,T009,U02,314798.303,2550138.497,109.1923786,23.0494548,474.5,handover
1225.0,T010,U03,316926.352,2553441.253,109.2127472,23.0795113,270.9,handover
1225.0,T016,U04,318686.201,2545556.139,109.2308517,23.0085095,192.453,return
1230.0,T001,U07,316491.055,2545522.167,109.2094449,23.007962,366.098,return
1230.0,T002,U05,324088.71,2545126.435,109.2835966,23.0052097,351,handover
1230.0,T003,U08,314816.047,2547919.156,109.1928191,23.0294186,348.5,handover
1230.0,T004,U06,320910.9,2546859.074,109.2523995,23.020515,399.182,return
1230.0,T006,U01,322200.123,2546426.961,109.2650255,23.0167517,435.637,return
1230.0,T009,U02,314798.303,2550138.497,109.1923786,23.0494548,474.5,handover
1230.0,T010,U03,316926.352,2553441.253,109.2127472,23.0795113,270.9,handover
1230.0,T016,U04,318686.201,2545556.139,109.2308517,23.0085095,179.953,return
1235.0,T001,U07,316566.046,2545523.328,109.2101762,23.0079808,366.098,return
1235.0,T002,U05,324088.71,2545126.435,109.2835966,23.0052097,351,handover
1235.0,T003,U08,314816.047,2547919.156,109.1928191,23.0294186,348.5,handover
1235.0,T004,U06,320846.183,2546821.171,109.2517726,23.0201658,399.182,return
1235.0,T006,U01,322141.884,2546412.529,109.2644591,23.0166152,435.637,return
1235.0,T009,U02,314798.303,2550138.497,109.1923786,23.0494548,474.5,handover
1235.0,T010,U03,316926.352,2553441.253,109.2127472,23.0795113,270.9,handover
1235.0,T016,U04,318686.201,2545556.139,109.2308517,23.0085095,167.453,return
1240.0,T001,U07,316641.037,2545524.488,109.2109075,23.0079995,366.098,return
1240.0,T002,U05,324088.71,2545126.435,109.2835966,23.0052097,351,handover
1240.0,T003,U08,314816.047,2547919.156,109.1928191,23.0294186,348.5,handover
1240.0,T004,U06,320781.465,2546783.268,109.2511457,23.0198166,399.182,return
1240.0,T006,U01,322083.646,2546398.096,109.2638927,23.0164786,435.637,return
1240.0,T009,U02,314798.303,2550138.497,109.1923786,23.0494548,474.5,handover
1240.0,T010,U03,316926.352,2553441.253,109.2127472,23.0795113,270.9,handover
1240.0,T016,U04,318686.201,2545556.139,109.2308517,23.0085095,154.953,return
1245.0,T001,U07,316716.028,2545525.649,109.2116388,23.0080183,366.098,return
1245.0,T002,U05,324088.71,2545126.435,109.2835966,23.0052097,358.702,return
1245.0,T003,U08,314816.047,2547919.156,109.1928191,23.0294186,348.5,handover
1245.0,T004,U06,320716.748,2546745.365,109.2505188,23.0194674,399.182,return
1245.0,T006,U01,322025.408,2546383.663,109.2633263,23.0163421,435.637,return
1245.0,T009,U02,314798.303,2550138.497,109.1923786,23.0494548,474.5,handover
1245.0,T010,U03,316926.352,2553441.253,109.2127472,23.0795113,270.9,handover
1245.0,T016,U04,318686.201,2545556.139,109.2308517,23.0085095,142.453,return
1250.0,T001,U07,316791.019,2545526.809,109.2123701,23.008037,366.098,return
1250.0,T002,U05,324088.71,2545126.435,109.2835966,23.0052097,373.702,return
1250.0,T003,U08,314816.047,2547919.156,109.1928191,23.0294186,348.5,handover
1250.0,T004,U06,320652.03,2546707.462,109.249892,23.0191182,399.182,return
1250.0,T006,U01,321967.169,2546369.231,109.2627599,23.0162055,435.637,return
1250.0,T009,U02,314798.303,2550138.497,109.1923786,23.0494548,474.5,handover
1250.0,T010,U03,316926.352,2553441.253,109.2127472,23.0795113,270.9,handover
1250.0,T016,U04,318686.201,2545556.139,109.2308517,23.0085095,129.953,return
1255.0,T001,U07,316866.01,2545527.97,109.2131014,23.0080557,366.098,return
1255.0,T002,U05,324088.71,2545126.435,109.2835966,23.0052097,388.702,return
1255.0,T003,U08,314816.047,2547919.156,109.1928191,23.0294186,348.5,handover
1255.0,T004,U06,320587.313,2546669.559,109.2492651,23.0187689,399.182,return
1255.0,T006,U01,321908.931,2546354.798,109.2621935,23.016069,435.637,return
1255.0,T009,U02,314798.303,2550138.497,109.1923786,23.0494548,474.5,handover
1255.0,T010,U03,316926.352,2553441.253,109.2127472,23.0795113,270.9,handover
1260.0,T001,U07,316941.001,2545529.131,109.2138327,23.0080745,366.098,return
1260.0,T002,U05,324088.71,2545126.435,109.2835966,23.0052097,403.702,return
1260.0,T003,U08,314816.047,2547919.156,109.1928191,23.0294186,348.5,handover
1260.0,T004,U06,320522.595,2546631.656,109.2486382,23.0184197,399.182,return
1260.0,T006,U01,321850.693,2546340.365,109.261627,23.0159324,435.637,return
1260.0,T009,U02,314798.303,2550138.497,109.1923786,23.0494548,481.273,return
1260.0,T010,U03,316926.352,2553441.253,109.2127472,23.0795113,270.9,handover
1265.0,T001,U07,317015.992,2545530.291,109.214564,23.0080932,366.098,return
1265.0,T002,U05,324088.71,2545126.435,109.2835966,23.0052097,418.702,return
1265.0,T003,U08,314816.047,2547919.156,109.1928191,23.0294186,348.5,handover
1265.0,T004,U06,320457.877,2546593.753,109.2480113,23.0180705,399.182,return
1265.0,T006,U01,321792.455,2546325.933,109.2610606,23.0157959,435.637,return
1265.0,T009,U02,314798.303,2550138.497,109.1923786,23.0494548,496.273,return
1265.0,T010,U03,316926.352,2553441.253,109.2127472,23.0795113,270.9,handover
1270.0,T001,U07,317090.983,2545531.452,109.2152953,23.0081119,366.098,return
1270.0,T002,U05,324088.71,2545126.435,109.2835966,23.0052097,433.702,return
1270.0,T003,U08,314816.047,2547919.156,109.1928191,23.0294186,348.5,handover
1270.0,T004,U06,320393.16,2546555.85,109.2473845,23.0177213,399.182,return
1270.0,T006,U01,321734.216,2546311.5,109.2604942,23.0156593,435.637,return
1270.0,T009,U02,314798.303,2550138.497,109.1923786,23.0494548,511.273,return
1270.0,T010,U03,316926.352,2553441.253,109.2127472,23.0795113,270.9,handover
1275.0,T001,U07,317165.974,2545532.612,109.2160266,23.0081307,366.098,return
1275.0,T002,U05,324088.71,2545126.435,109.2835966,23.0052097,448.702,return
1275.0,T003,U08,314816.047,2547919.156,109.1928191,23.0294186,348.5,handover
1275.0,T004,U06,320328.442,2546517.947,109.2467576,23.017372,399.182,return
1275.0,T006,U01,321675.978,2546297.068,109.2599278,23.0155227,435.637,return
1275.0,T009,U02,314798.303,2550138.497,109.1923786,23.0494548,526.273,return
1275.0,T010,U03,316926.352,2553441.253,109.2127472,23.0795113,270.9,handover
1280.0,T001,U07,317240.965,2545533.773,109.2167579,23.0081494,366.098,return
1280.0,T002,U05,324088.71,2545126.435,109.2835966,23.0052097,463.702,return
1280.0,T003,U08,314816.047,2547919.156,109.1928191,23.0294186,348.5,handover
1280.0,T004,U06,320263.725,2546480.044,109.2461307,23.0170228,399.182,return
1280.0,T006,U01,321617.74,2546282.635,109.2593614,23.0153862,435.637,return
1280.0,T009,U02,314798.303,2550138.497,109.1923786,23.0494548,541.273,return
1280.0,T010,U03,316926.352,2553441.253,109.2127472,23.0795113,270.9,handover
1285.0,T001,U07,317315.956,2545534.933,109.2174892,23.0081681,366.098,return
1285.0,T002,U05,324088.71,2545126.435,109.2835966,23.0052097,478.702,return
1285.0,T003,U08,314816.047,2547919.156,109.1928191,23.0294186,348.5,handover
1285.0,T004,U06,320199.007,2546442.141,109.2455039,23.0166736,399.182,return
1285.0,T006,U01,321559.501,2546268.202,109.258795,23.0152496,435.637,return
1285.0,T009,U02,314798.303,2550138.497,109.1923786,23.0494548,556.273,return
1285.0,T010,U03,316926.352,2553441.253,109.2127472,23.0795113,270.9,handover
1290.0,T001,U07,317390.947,2545536.094,109.2182205,23.0081868,366.098,return
1290.0,T002,U05,324088.71,2545126.435,109.2835966,23.0052097,493.702,return
1290.0,T003,U08,314816.047,2547919.156,109.1928191,23.0294186,348.5,handover
1290.0,T004,U06,320134.29,2546404.238,109.244877,23.0163244,399.182,return
1290.0,T006,U01,321501.263,2546253.77,109.2582286,23.0151131,435.637,return
1290.0,T009,U02,314798.303,2550138.497,109.1923786,23.0494548,571.273,return
1290.0,T010,U03,316926.352,2553441.253,109.2127472,23.0795113,270.9,handover
1295.0,T001,U07,317465.938,2545537.254,109.2189518,23.0082055,366.098,return
1295.0,T002,U05,324088.71,2545126.435,109.2835966,23.0052097,508.702,return
1295.0,T003,U08,314816.047,2547919.156,109.1928191,23.0294186,348.5,handover
1295.0,T004,U06,320069.572,2546366.335,109.2442502,23.0159751,399.182,return
1295.0,T006,U01,321443.025,2546239.337,109.2576622,23.0149765,435.637,return
1295.0,T009,U02,314835.76,2550094.35,109.1927494,23.0490604,571.799,return
1295.0,T010,U03,316926.352,2553441.253,109.2127472,23.0795113,270.9,handover
1300.0,T001,U07,317540.929,2545538.415,109.2196831,23.0082242,366.098,return
1300.0,T002,U05,324088.71,2545126.435,109.2835966,23.0052097,523.702,return
1300.0,T003,U08,314816.047,2547919.156,109.1928191,23.0294186,348.5,handover
1300.0,T004,U06,320004.855,2546328.432,109.2436233,23.0156259,399.182,return
1300.0,T006,U01,321384.787,2546224.904,109.2570958,23.0148399,435.637,return
1300.0,T009,U02,314874.578,2550048.598,109.1931336,23.0486516,571.799,return
1300.0,T010,U03,316926.352,2553441.253,109.2127472,23.0795113,270.9,handover
1305.0,T001,U07,317615.92,2545539.576,109.2204144,23.0082429,366.098,return
1305.0,T002,U05,324088.71,2545126.435,109.2835966,23.0052097,538.702,return
1305.0,T003,U08,314816.047,2547919.156,109.1928191,23.0294186,348.5,handover
1305.0,T004,U06,319940.137,2546290.529,109.2429965,23.0152766,399.182,return
1305.0,T006,U01,321326.548,2546210.472,109.2565294,23.0147033,435.637,return
1305.0,T009,U02,314913.395,2550002.847,109.1935178,23.0482429,571.799,return
1305.0,T010,U03,316926.352,2553441.253,109.2127472,23.0795113,270.9,handover
1310.0,T001,U07,317690.911,2545540.736,109.2211457,23.0082616,366.098,return
1310.0,T002,U05,324088.71,2545126.435,109.2835966,23.0052097,553.702,return
1310.0,T003,U08,314816.047,2547919.156,109.1928191,23.0294186,348.5,handover
1310.0,T004,U06,319875.419,2546252.626,109.2423696,23.0149274,399.182,return
1310.0,T006,U01,321268.31,2546196.039,109.255963,23.0145668,435.637,return
1310.0,T009,U02,314952.213,2549957.096,109.1939021,23.0478341,571.799,return
1310.0,T010,U03,316926.352,2553441.253,109.2127472,23.0795113,270.9,handover
1315.0,T001,U07,317765.902,2545541.897,109.221877,23.0082803,366.098,return
1315.0,T002,U05,324088.71,2545126.435,109.2835966,23.0052097,568.702,return
1315.0,T003,U08,314816.047,2547919.156,109.1928191,23.0294186,348.5,handover
1315.0,T004,U06,319810.702,2546214.723,109.2417428,23.0145782,399.182,return
1315.0,T006,U01,321210.072,2546181.606,109.2553966,23.0144302,435.637,return
1315.0,T009,U02,314991.031,2549911.344,109.1942863,23.0474254,571.799,return
1315.0,T010,U03,316926.352,2553441.253,109.2127472,23.0795113,270.9,handover
1320.0,T001,U07,317840.893,2545543.057,109.2226083,23.008299,366.098,return
1320.0,T002,U05,324088.71,2545126.435,109.2835966,23.0052097,583.702,return
1320.0,T003,U08,314816.047,2547919.156,109.1928191,23.0294186,348.5,handover
1320.0,T004,U06,319745.984,2546176.82,109.241116,23.0142289,399.182,return
1320.0,T006,U01,321151.833,2546167.174,109.2548302,23.0142936,435.637,return
1320.0,T009,U02,315029.848,2549865.593,109.1946705,23.0470166,571.799,return
1320.0,T010,U03,316926.352,2553441.253,109.2127472,23.0795113,270.9,handover
1325.0,T001,U07,317915.884,2545544.218,109.2233396,23.0083177,366.098,return
1325.0,T002,U05,324055.044,2545129.113,109.2832679,23.0052303,591.947,return
1325.0,T003,U08,314816.047,2547919.156,109.1928191,23.0294186,348.5,handover
1325.0,T004,U06,319681.267,2546138.917,109.2404891,23.0138797,399.182,return
1325.0,T006,U01,321093.595,2546152.741,109.2542638,23.014157,435.637,return
1325.0,T009,U02,315068.666,2549819.842,109.1950548,23.0466078,571.799,return
1325.0,T010,U03,316926.352,2553441.253,109.2127472,23.0795113,270.9,handover
1330.0,T001,U07,317990.875,2545545.378,109.2240709,23.0083364,366.098,return
1330.0,T002,U05,323980.28,2545135.06,109.282538,23.0052761,591.947,return
1330.0,T003,U08,314816.047,2547919.156,109.1928191,23.0294186,348.5,handover
1330.0,T004,U06,319616.549,2546101.014,109.2398623,23.0135304,399.182,return
1330.0,T006,U01,321035.357,2546138.308,109.2536974,23.0140205,435.637,return
1330.0,T009,U02,315107.484,2549774.09,109.195439,23.0461991,571.799,return
1330.0,T010,U03,316926.352,2553441.253,109.2127472,23.0795113,270.9,handover
1335.0,T001,U07,318065.866,2545546.539,109.2248022,23.0083551,366.098,return
1335.0,T002,U05,323905.517,2545141.006,109.2818081,23.0053219,591.947,return
1335.0,T003,U08,314816.047,2547919.156,109.1928191,23.0294186,348.5,handover
1335.0,T004,U06,319551.832,2546063.111,109.2392355,23.0131812,399.182,return
1335.0,T006,U01,320977.118,2546123.876,109.253131,23.0138839,435.637,return
1335.0,T009,U02,315146.301,2549728.339,109.1958232,23.0457903,571.799,return
1335.0,T010,U03,316926.352,2553441.253,109.2127472,23.0795113,270.9,handover
1340.0,T001,U07,318140.857,2545547.7,109.2255335,23.0083738,366.098,return
1340.0,T002,U05,323830.753,2545146.953,109.2810782,23.0053677,591.947,return
1340.0,T003,U08,314816.047,2547919.156,109.1928191,23.0294186,348.5,handover
1340.0,T004,U06,319487.114,2546025.208,109.2386087,23.0128319,399.182,return
1340.0,T006,U01,320918.88,2546109.443,109.2525646,23.0137473,435.637,return
1340.0,T009,U02,315185.119,2549682.587,109.1962074,23.0453815,571.799,return
1340.0,T010,U03,316926.352,2553441.253,109.2127472,23.0795113,270.9,handover
1345.0,T001,U07,318215.849,2545548.86,109.2262648,23.0083924,366.098,return
1345.0,T002,U05,323755.989,2545152.899,109.2803483,23.0054134,591.947,return
1345.0,T003,U08,314816.047,2547919.156,109.1928191,23.0294186,348.5,handover
1345.0,T004,U06,319422.397,2545987.305,109.2379818,23.0124826,399.182,return
1345.0,T006,U01,320860.642,2546095.01,109.2519982,23.0136107,435.637,return
1345.0,T009,U02,315223.937,2549636.836,109.1965917,23.0449728,571.799,return
1345.0,T010,U03,316926.352,2553441.253,109.2127472,23.0795113,270.9,handover
1350.0,T001,U07,318290.84,2545550.021,109.2269961,23.0084111,366.098,return
1350.0,T002,U05,323681.225,2545158.846,109.2796184,23.0054592,591.947,return
1350.0,T003,U08,314816.047,2547919.156,109.1928191,23.0294186,354.131,return
1350.0,T004,U06,319357.679,2545949.402,109.237355,23.0121334,399.182,return
1350.0,T006,U01,320802.404,2546080.578,109.2514318,23.0134741,435.637,return
1350.0,T009,U02,315262.755,2549591.085,109.1969759,23.044564,571.799,return
1350.0,T010,U03,316926.352,2553441.253,109.2127472,23.0795113,270.9,handover
1355.0,T001,U07,318365.831,2545551.181,109.2277275,23.0084298,366.098,return
1355.0,T002,U05,323606.461,2545164.793,109.2788884,23.005505,591.947,return
1355.0,T003,U08,314816.047,2547919.156,109.1928191,23.0294186,366.631,return
1355.0,T004,U06,319292.961,2545911.499,109.2367282,23.0117841,399.182,return
1355.0,T006,U01,320744.165,2546066.145,109.2508654,23.0133375,435.637,return
1355.0,T009,U02,315301.572,2549545.333,109.1973601,23.0441553,571.799,return
1355.0,T010,U03,316926.352,2553441.253,109.2127472,23.0795113,270.9,handover
1360.0,T001,U07,318440.822,2545552.342,109.2284588,23.0084484,366.098,return
1360.0,T002,U05,323531.697,2545170.739,109.2781585,23.0055507,591.947,return
1360.0,T003,U08,314816.047,2547919.156,109.1928191,23.0294186,379.131,return
1360.0,T004,U06,319228.244,2545873.596,109.2361014,23.0114349,399.182,return
1360.0,T006,U01,320685.927,2546051.713,109.250299,23.0132009,435.637,return
1360.0,T009,U02,315340.39,2549499.582,109.1977443,23.0437465,571.799,return
1360.0,T010,U03,316926.352,2553441.253,109.2127472,23.0795113,270.9,handover
1365.0,T001,U07,318515.813,2545553.502,109.2291901,23.0084671,366.098,return
1365.0,T002,U05,323456.933,2545176.686,109.2774286,23.0055965,591.947,return
1365.0,T003,U08,314816.047,2547919.156,109.1928191,23.0294186,391.631,return
1365.0,T004,U06,319163.526,2545835.693,109.2354746,23.0110856,399.182,return
1365.0,T006,U01,320627.689,2546037.28,109.2497326,23.0130643,435.637,return
1365.0,T009,U02,315379.208,2549453.831,109.1981285,23.0433377,571.799,return
1365.0,T010,U03,316926.352,2553441.253,109.2127472,23.0795113,270.9,handover
1370.0,T001,U07,318590.804,2545554.663,109.2299214,23.0084858,366.098,return
1370.0,T002,U05,323382.169,2545182.632,109.2766987,23.0056423,591.947,return
1370.0,T003,U08,314816.047,2547919.156,109.1928191,23.0294186,404.131,return
1370.0,T004,U06,319098.809,2545797.79,109.2348478,23.0107363,399.182,return
1370.0,T006,U01,320569.45,2546022.847,109.2491662,23.0129277,435.637,return
1370.0,T009,U02,315418.025,2549408.079,109.1985127,23.0429289,571.799,return
1370.0,T010,U03,316926.352,2553441.253,109.2127472,23.0795113,283.501,return
1375.0,T001,U07,318665.795,2545555.823,109.2306527,23.0085044,366.098,return
1375.0,T002,U05,323307.405,2545188.579,109.2759688,23.005688,591.947,return
1375.0,T003,U08,314816.047,2547919.156,109.1928191,23.0294186,416.631,return
1375.0,T004,U06,319034.091,2545759.887,109.234221,23.0103871,399.182,return
1375.0,T006,U01,320511.212,2546008.415,109.2485998,23.0127911,435.637,return
1375.0,T009,U02,315456.843,2549362.328,109.1988969,23.0425202,571.799,return
1375.0,T010,U03,316926.352,2553441.253,109.2127472,23.0795113,298.501,return
1380.0,T001,U07,318686.201,2545556.139,109.2308517,23.0085095,358.819,return
1380.0,T002,U05,323232.642,2545194.525,109.2752389,23.0057338,591.947,return
1380.0,T003,U08,314816.047,2547919.156,109.1928191,23.0294186,429.131,return
1380.0,T004,U06,318969.374,2545721.984,109.2335942,23.0100378,399.182,return
1380.0,T006,U01,320452.974,2545993.982,109.2480335,23.0126545,435.637,return
1380.0,T009,U02,315495.661,2549316.577,109.1992811,23.0421114,571.799,return
1380.0,T010,U03,316926.352,2553441.253,109.2127472,23.0795113,313.501,return
1385.0,T001,U07,318686.201,2545556.139,109.2308517,23.0085095,348.819,return
1385.0,T002,U05,323157.878,2545200.472,109.2745089,23.0057795,591.947,return
1385.0,T003,U08,314816.047,2547919.156,109.1928191,23.0294186,441.631,return
1385.0,T004,U06,318904.656,2545684.081,109.2329674,23.0096885,399.182,return
1385.0,T006,U01,320394.736,2545979.549,109.2474671,23.0125179,435.637,return
1385.0,T009,U02,315534.478,2549270.825,109.1996653,23.0417026,571.799,return
1385.0,T010,U03,316926.352,2553441.253,109.2127472,23.0795113,328.501,return
1390.0,T001,U07,318686.201,2545556.139,109.2308517,23.0085095,338.819,return
1390.0,T002,U05,323083.114,2545206.418,109.273779,23.0058253,591.947,return
1390.0,T003,U08,314816.047,2547919.156,109.1928191,23.0294186,454.131,return
1390.0,T004,U06,318839.938,2545646.178,109.2323406,23.0093392,399.182,return
1390.0,T006,U01,320336.497,2545965.117,109.2469007,23.0123813,435.637,return
1390.0,T009,U02,315573.296,2549225.074,109.2000495,23.0412939,571.799,return
1390.0,T010,U03,316926.352,2553441.253,109.2127472,23.0795113,343.501,return
1395.0,T001,U07,318686.201,2545556.139,109.2308517,23.0085095,328.819,return
1395.0,T002,U05,323008.35,2545212.365,109.2730491,23.005871,591.947,return
1395.0,T003,U08,314816.047,2547919.156,109.1928191,23.0294186,466.631,return
1395.0,T004,U06,318775.221,2545608.275,109.2317138,23.0089899,399.182,return
1395.0,T006,U01,320278.259,2545950.684,109.2463343,23.0122447,435.637,return
1395.0,T009,U02,315612.114,2549179.323,109.2004337,23.0408851,571.799,return
1395.0,T010,U03,316926.352,2553441.253,109.2127472,23.0795113,358.501,return
1400.0,T001,U07,318686.201,2545556.139,109.2308517,23.0085095,318.819,return
1400.0,T002,U05,322933.586,2545218.312,109.2723192,23.0059167,591.947,return
1400.0,T003,U08,314816.047,2547919.156,109.1928191,23.0294186,479.131,return
1400.0,T004,U06,318710.503,2545570.372,109.2310871,23.0086407,399.182,return
1400.0,T006,U01,320220.021,2545936.251,109.2457679,23.0121081,435.637,return
1400.0,T009,U02,315650.932,2549133.571,109.2008179,23.0404763,571.799,return
1400.0,T010,U03,316926.868,2553438.944,109.2127525,23.0794905,372.909,return
1405.0,T001,U07,318686.201,2545556.139,109.2308517,23.0085095,308.819,return
1405.0,T002,U05,322858.822,2545224.258,109.2715893,23.0059625,591.947,return
1405.0,T003,U08,314816.047,2547919.156,109.1928191,23.0294186,491.631,return
1405.0,T004,U06,318686.201,2545556.139,109.2308517,23.0085095,391.376,return
1405.0,T006,U01,320161.782,2545921.819,109.2452016,23.0119715,435.637,return
1405.0,T009,U02,315689.749,2549087.82,109.2012021,23.0400675,571.799,return
1405.0,T010,U03,316939.937,2553380.385,109.212887,23.0789632,372.909,return
1410.0,T001,U07,318686.201,2545556.139,109.2308517,23.0085095,298.819,return
1410.0,T002,U05,322784.058,2545230.205,109.2708594,23.0060082,591.947,return
1410.0,T003,U08,314816.047,2547919.156,109.1928191,23.0294186,504.131,return
1410.0,T004,U06,318686.201,2545556.139,109.2308517,23.0085095,378.876,return
1410.0,T006,U01,320103.544,2545907.386,109.2446352,23.0118349,435.637,return
1410.0,T009,U02,315728.567,2549042.069,109.2015863,23.0396588,571.799,return
1410.0,T010,U03,316953.007,2553321.826,109.2130216,23.0784359,372.909,return
1415.0,T001,U07,318686.201,2545556.139,109.2308517,23.0085095,288.819,return
1415.0,T002,U05,322709.294,2545236.151,109.2701294,23.0060539,591.947,return
1415.0,T003,U08,314839.898,2547904.594,109.1930535,23.0292898,511.973,return
1415.0,T004,U06,318686.201,2545556.139,109.2308517,23.0085095,366.376,return
1415.0,T006,U01,320045.306,2545892.953,109.2440688,23.0116983,435.637,return
1415.0,T009,U02,315767.385,2548996.317,109.2019704,23.03925,571.799,return
1415.0,T010,U03,316966.076,2553263.267,109.2131561,23.0779087,372.909,return
1420.0,T001,U07,318686.201,2545556.139,109.2308517,23.0085095,278.819,return
1420.0,T002,U05,322634.53,2545242.098,109.2693995,23.0060996,591.947,return
1420.0,T003,U08,314903.909,2547865.51,109.1936827,23.028944,511.973,return
1420.0,T004,U06,318686.201,2545556.139,109.2308517,23.0085095,353.876,return
1420.0,T006,U01,319987.067,2545878.521,109.2435024,23.0115616,435.637,return
1420.0,T009,U02,315806.202,2548950.566,109.2023546,23.0388412,571.799,return
1420.0,T010,U03,316979.146,2553204.707,109.2132906,23.0773814,372.909,return
1425.0,T001,U07,318686.201,2545556.139,109.2308517,23.0085095,268.819,return
1425.0,T002,U05,322559.767,2545248.044,109.2686696,23.0061454,591.947,return
1425.0,T003,U08,314967.92,2547826.426,109.1943118,23.0285983,511.973,return
1425.0,T004,U06,318686.201,2545556.139,109.2308517,23.0085095,341.376,return
1425.0,T006,U01,319928.829,2545864.088,109.2429361,23.011425,435.637,return
1425.0,T009,U02,315845.02,2548904.815,109.2027388,23.0384324,571.799,return
1425.0,T010,U03,316992.216,2553146.148,109.2134252,23.0768541,372.909,return
1430.0,T001,U07,318686.201,2545556.139,109.2308517,23.0085095,258.819,return
1430.0,T002,U05,322485.003,2545253.991,109.2679397,23.0061911,591.947,return
1430.0,T003,U08,315031.932,2547787.342,109.1949409,23.0282525,511.973,return
1430.0,T004,U06,318686.201,2545556.139,109.2308517,23.0085095,328.876,return
1430.0,T006,U01,319870.591,2545849.655,109.2423697,23.0112884,435.637,return
1430.0,T009,U02,315883.838,2548859.063,109.203123,23.0380236,571.799,return
1430.0,T010,U03,317005.285,2553087.589,109.2135597,23.0763268,372.909,return
1435.0,T001,U07,318686.201,2545556.139,109.2308517,23.0085095,248.819,return
1435.0,T002,U05,322410.239,2545259.937,109.2672098,23.0062368,591.947,return
1435.0,T003,U08,315095.943,2547748.259,109.1955701,23.0279068,511.973,return
1435.0,T004,U06,318686.201,2545556.139,109.2308517,23.0085095,316.376,return
1435.0,T006,U01,319812.353,2545835.223,109.2418033,23.0111518,435.637,return
1435.0,T009,U02,315922.656,2548813.312,109.2035072,23.0376148,571.799,return
1435.0,T010,U03,317018.355,2553029.03,109.2136942,23.0757995,372.909,return
1440.0,T001,U07,318686.201,2545556.139,109.2308517,23.0085095,238.819,return
1440.0,T002,U05,322335.475,2545265.884,109.2664798,23.0062825,591.947,return
1440.0,T003,U08,315159.955,2547709.175,109.1961992,23.027561,511.973,return
1440.0,T004,U06,318686.201,2545556.139,109.2308517,23.0085095,303.876,return
1440.0,T006,U01,319754.114,2545820.79,109.241237,23.0110151,435.637,return
1440.0,T009,U02,315961.473,2548767.56,109.2038913,23.0372061,571.799,return
1440.0,T010,U03,317031.424,2552970.47,109.2138287,23.0752722,372.909,return
1445.0,T001,U07,318686.201,2545556.139,109.2308517,23.0085095,228.819,return
1445.0,T002,U05,322260.711,2545271.831,109.2657499,23.0063282,591.947,return
1445.0,T003,U08,315223.966,2547670.091,109.1968283,23.0272152,511.973,return
1445.0,T004,U06,318686.201,2545556.139,109.2308517,23.0085095,291.376,return
1445.0,T006,U01,319695.876,2545806.358,109.2406706,23.0108785,435.637,return
1445.0,T009,U02,316000.291,2548721.809,109.2042755,23.0367973,571.799,return
1445.0,T010,U03,317044.494,2552911.911,109.2139633,23.0747449,372.909,return
1450.0,T001,U07,318686.201,2545556.139,109.2308517,23.0085095,218.819,return
1450.0,T002,U05,322185.947,2545277.777,109.26502,23.0063739,591.947,return
1450.0,T003,U08,315287.978,2547631.008,109.1974574,23.0268695,511.973,return
1450.0,T004,U06,318686.201,2545556.139,109.2308517,23.0085095,278.876,return
1450.0,T006,U01,319637.638,2545791.925,109.2401042,23.0107419,435.637,return
1450.0,T009,U02,316039.109,2548676.058,109.2046597,23.0363885,571.799,return
1450.0,T010,U03,317057.564,2552853.352,109.2140978,23.0742177,372.909,return
1455.0,T001,U07,318686.201,2545556.139,109.2308517,23.0085095,208.819,return
1455.0,T002,U05,322111.183,2545283.724,109.2642901,23.0064196,591.947,return
1455.0,T003,U08,315351.989,2547591.924,109.1980866,23.0265237,511.973,return
1455.0,T004,U06,318686.201,2545556.139,109.2308517,23.0085095,266.376,return
1455.0,T006,U01,319579.399,2545777.492,109.2395379,23.0106053,435.637,return
1455.0,T009,U02,316077.926,2548630.306,109.2050438,23.0359797,571.799,return
1455.0,T010,U03,317070.633,2552794.793,109.2142323,23.0736904,372.909,return
1460.0,T001,U07,318686.201,2545556.139,109.2308517,23.0085095,198.819,return
1460.0,T002,U05,322036.419,2545289.67,109.2635602,23.0064653,591.947,return
1460.0,T003,U08,315416.0,2547552.84,109.1987157,23.0261779,511.973,return
1460.0,T004,U06,318686.201,2545556.139,109.2308517,23.0085095,253.876,return
1460.0,T006,U01,319521.161,2545763.06,109.2389715,23.0104686,435.637,return
1460.0,T009,U02,316116.744,2548584.555,109.205428,23.0355709,571.799,return
1460.0,T010,U03,317083.703,2552736.233,109.2143668,23.0731631,372.909,return
1465.0,T001,U07,318686.201,2545556.139,109.2308517,23.0085095,188.819,return
1465.0,T002,U05,321961.656,2545295.617,109.2628302,23.006511,591.947,return
1465.0,T003,U08,315480.012,2547513.756,109.1993448,23.0258321,511.973,return
1465.0,T004,U06,318686.201,2545556.139,109.2308517,23.0085095,241.376,return
1465.0,T006,U01,319462.923,2545748.627,109.2384051,23.010332,435.637,return
1465.0,T009,U02,316155.562,2548538.804,109.2058122,23.0351621,571.799,return
1465.0,T010,U03,317096.773,2552677.674,109.2145013,23.0726358,372.909,return
1470.0,T001,U07,318686.201,2545556.139,109.2308517,23.0085095,178.819,return
1470.0,T002,U05,321886.892,2545301.563,109.2621003,23.0065567,591.947,return
1470.0,T003,U08,315544.023,2547474.673,109.1999739,23.0254864,511.973,return
1470.0,T004,U06,318686.201,2545556.139,109.2308517,23.0085095,228.876,return
1470.0,T006,U01,319404.685,2545734.194,109.2378388,23.0101953,435.637,return
1470.0,T009,U02,316194.379,2548493.052,109.2061963,23.0347533,571.799,return
1470.0,T010,U03,317109.842,2552619.115,109.2146359,23.0721085,372.909,return
1475.0,T001,U07,318686.201,2545556.139,109.2308517,23.0085095,168.819,return
1475.0,T002,U05,321812.128,2545307.51,109.2613704,23.0066024,591.947,return
1475.0,T003,U08,315608.035,2547435.589,109.200603,23.0251406,511.973,return
1475.0,T004,U06,318686.201,2545556.139,109.2308517,23.0085095,216.376,return
1475.0,T006,U01,319346.446,2545719.762,109.2372724,23.0100587,435.637,return
1475.0,T009,U02,316233.197,2548447.301,109.2065805,23.0343445,571.799,return
1475.0,T010,U03,317122.912,2552560.556,109.2147704,23.0715812,372.909,return
1480.0,T001,U07,318686.201,2545556.139,109.2308517,23.0085095,158.819,return
1480.0,T002,U05,321737.364,2545313.456,109.2606405,23.0066481,591.947,return
1480.0,T003,U08,315672.046,2547396.505,109.2012321,23.0247948,511.973,return
1480.0,T004,U06,318686.201,2545556.139,109.2308517,23.0085095,203.876,return
1480.0,T006,U01,319288.208,2545705.329,109.236706,23.0099221,435.637,return
1480.0,T009,U02,316272.015,2548401.55,109.2069646,23.0339357,571.799,return
1480.0,T010,U03,317135.981,2552501.996,109.2149049,23.0710539,372.909,return
1485.0,T001,U07,318686.201,2545556.139,109.2308517,23.0085095,148.819,return
1485.0,T002,U05,321662.6,2545319.403,109.2599106,23.0066937,591.947,return
1485.0,T003,U08,315736.058,2547357.421,109.2018612,23.024449,511.973,return
1485.0,T004,U06,318686.201,2545556.139,109.2308517,23.0085095,191.376,return
1485.0,T006,U01,319229.97,2545690.896,109.2361397,23.0097854,435.637,return
1485.0,T009,U02,316310.833,2548355.798,109.2073488,23.0335269,571.799,return
1485.0,T010,U03,317149.051,2552443.437,109.2150394,23.0705266,372.909,return
1490.0,T001,U07,318686.201,2545556.139,109.2308517,23.0085095,138.819,return
1490.0,T002,U05,321587.836,2545325.35,109.2591806,23.0067394,591.947,return
1490.0,T003,U08,315800.069,2547318.338,109.2024903,23.0241032,511.973,return
1490.0,T004,U06,318686.201,2545556.139,109.2308517,23.0085095,178.876,return
1490.0,T006,U01,319171.731,2545676.464,109.2355733,23.0096488,435.637,return
1490.0,T009,U02,316349.65,2548310.047,109.2077329,23.0331181,571.799,return
1490.0,T010,U03,317162.121,2552384.878,109.2151739,23.0699994,372.909,return
1495.0,T001,U07,318686.201,2545556.139,109.2308517,23.0085095,128.819,return
1495.0,T002,U05,321513.072,2545331.296,109.2584507,23.0067851,591.947,return
1495.0,T003,U08,315864.08,2547279.254,109.2031194,23.0237574,511.973,return
1495.0,T004,U06,318686.201,2545556.139,109.2308517,23.0085095,166.376,return
1495.0,T006,U01,319113.493,2545662.031,109.235007,23.0095121,435.637,return
1495.0,T009,U02,316388.468,2548264.296,109.2081171,23.0327094,571.799,return
1495.0,T010,U03,317175.19,2552326.319,109.2153084,23.0694721,372.909,return
1500.0,T002,U05,321438.308,2545337.243,109.2577208,23.0068308,591.947,return
1500.0,T003,U08,315928.092,2547240.17,109.2037485,23.0234116,511.973,return
1500.0,T004,U06,318686.201,2545556.139,109.2308517,23.0085095,153.876,return
1500.0,T006,U01,319055.255,2545647.598,109.2344406,23.0093755,435.637,return
1500.0,T009,U02,316427.286,2548218.544,109.2085012,23.0323006,571.799,return
1500.0,T010,U03,317188.26,2552267.759,109.2154429,23.0689448,372.909,return
1505.0,T002,U05,321363.544,2545343.189,109.2569909,23.0068764,591.947,return
1505.0,T003,U08,315992.103,2547201.086,109.2043776,23.0230658,511.973,return
1505.0,T004,U06,318686.201,2545556.139,109.2308517,23.0085095,141.376,return
1505.0,T006,U01,318997.017,2545633.166,109.2338743,23.0092388,435.637,return
1505.0,T009,U02,316466.103,2548172.793,109.2088854,23.0318918,571.799,return
1505.0,T010,U03,317201.329,2552209.2,109.2155775,23.0684175,372.909,return
1510.0,T002,U05,321288.781,2545349.136,109.2562609,23.0069221,591.947,return
1510.0,T003,U08,316056.115,2547162.003,109.2050067,23.02272,511.973,return
1510.0,T004,U06,318686.201,2545556.139,109.2308517,23.0085095,128.876,return
1510.0,T006,U01,318938.778,2545618.733,109.2333079,23.0091022,435.637,return
1510.0,T009,U02,316504.921,2548127.042,109.2092695,23.031483,571.799,return
1510.0,T010,U03,317214.399,2552150.641,109.215712,23.0678902,372.909,return
1515.0,T002,U05,321214.017,2545355.082,109.255531,23.0069677,591.947,return
1515.0,T003,U08,316120.126,2547122.919,109.2056357,23.0223742,511.973,return
1515.0,T006,U01,318880.54,2545604.3,109.2327416,23.0089655,435.637,return
1515.0,T009,U02,316543.739,2548081.29,109.2096536,23.0310742,571.799,return
1515.0,T010,U03,317227.469,2552092.082,109.2158465,23.0673629,372.909,return
1520.0,T002,U05,321139.253,2545361.029,109.2548011,23.0070134,591.947,return
1520.0,T003,U08,316184.137,2547083.835,109.2062648,23.0220284,511.973,return
1520.0,T006,U01,318822.302,2545589.868,109.2321752,23.0088289,435.637,return
1520.0,T009,U02,316582.556,2548035.539,109.2100378,23.0306653,571.799,return
1520.0,T010,U03,317240.538,2552033.522,109.215981,23.0668356,372.909,return
1525.0,T002,U05,321064.489,2545366.975,109.2540712,23.0070591,591.947,return
1525.0,T003,U08,316248.149,2547044.752,109.2068939,23.0216826,511.973,return
1525.0,T006,U01,318764.063,2545575.435,109.2316089,23.0086922,435.637,return
1525.0,T009,U02,316621.374,2547989.788,109.2104219,23.0302565,571.799,return
1525.0,T010,U03,317253.608,2551974.963,109.2161155,23.0663083,372.909,return
1530.0,T002,U05,320989.725,2545372.922,109.2533413,23.0071047,591.947,return
1530.0,T003,U08,316312.16,2547005.668,109.207523,23.0213368,511.973,return
1530.0,T006,U01,318705.825,2545561.002,109.2310425,23.0085555,435.637,return
1530.0,T009,U02,316660.192,2547944.036,109.210806,23.0298477,571.799,return
1530.0,T010,U03,317266.678,2551916.404,109.21625,23.065781,372.909,return
1535.0,T002,U05,320914.961,2545378.869,109.2526113,23.0071503,591.947,return
1535.0,T003,U08,316376.172,2546966.584,109.208152,23.020991,511.973,return
1535.0,T006,U01,318686.201,2545556.139,109.2308517,23.0085095,427.348,return
1535.0,T009,U02,316699.01,2547898.285,109.2111902,23.0294389,571.799,return
1535.0,T010,U03,317279.747,2551857.845,109.2163845,23.0652537,372.909,return
1540.0,T002,U05,320840.197,2545384.815,109.2518814,23.007196,591.947,return
1540.0,T003,U08,316440.183,2546927.5,109.2087811,23.0206452,511.973,return
1540.0,T006,U01,318686.201,2545556.139,109.2308517,23.0085095,414.848,return
1540.0,T009,U02,316737.827,2547852.533,109.2115743,23.0290301,571.799,return
1540.0,T010,U03,317292.817,2551799.285,109.216519,23.0647265,372.909,return
1545.0,T002,U05,320765.433,2545390.762,109.2511515,23.0072416,591.947,return
1545.0,T003,U08,316504.195,2546888.417,109.2094102,23.0202993,511.973,return
1545.0,T006,U01,318686.201,2545556.139,109.2308517,23.0085095,402.348,return
1545.0,T009,U02,316776.645,2547806.782,109.2119584,23.0286213,571.799,return
1545.0,T010,U03,317305.886,2551740.726,109.2166535,23.0641992,372.909,return
1550.0,T002,U05,320690.669,2545396.708,109.2504216,23.0072873,591.947,return
1550.0,T003,U08,316568.206,2546849.333,109.2100392,23.0199535,511.973,return
1550.0,T006,U01,318686.201,2545556.139,109.2308517,23.0085095,389.848,return
1550.0,T009,U02,316815.463,2547761.031,109.2123425,23.0282125,571.799,return
1550.0,T010,U03,317318.956,2551682.167,109.216788,23.0636719,372.909,return
1555.0,T002,U05,320615.906,2545402.655,109.2496916,23.0073329,591.947,return
1555.0,T003,U08,316632.217,2546810.249,109.2106683,23.0196077,511.973,return
1555.0,T006,U01,318686.201,2545556.139,109.2308517,23.0085095,377.348,return
1555.0,T009,U02,316854.28,2547715.279,109.2127267,23.0278037,571.799,return
1555.0,T010,U03,317332.026,2551623.608,109.2169225,23.0631446,372.909,return
1560.0,T002,U05,320541.142,2545408.601,109.2489617,23.0073785,591.947,return
1560.0,T003,U08,316696.229,2546771.165,109.2112973,23.0192619,511.973,return
1560.0,T006,U01,318686.201,2545556.139,109.2308517,23.0085095,364.848,return
1560.0,T009,U02,316893.098,2547669.528,109.2131108,23.0273949,571.799,return
1560.0,T010,U03,317345.095,2551565.049,109.217057,23.0626173,372.909,return
1565.0,T002,U05,320466.378,2545414.548,109.2482318,23.0074241,591.947,return
1565.0,T003,U08,316760.24,2546732.082,109.2119264,23.018916,511.973,return
1565.0,T006,U01,318686.201,2545556.139,109.2308517,23.0085095,352.348,return
1565.0,T009,U02,316931.916,2547623.777,109.2134949,23.0269861,571.799,return
1565.0,T010,U03,317358.165,2551506.489,109.2171915,23.06209,372.909,return
1570.0,T002,U05,320391.614,2545420.494,109.2475019,23.0074698,591.947,return
1570.0,T003,U08,316824.252,2546692.998,109.2125554,23.0185702,511.973,return
1570.0,T006,U01,318686.201,2545556.139,109.2308517,23.0085095,339.848,return
1570.0,T009,U02,316970.733,2547578.025,109.213879,23.0265773,571.799,return
1570.0,T010,U03,317371.235,2551447.93,109.217326,23.0615627,372.909,return
1575.0,T002,U05,320316.85,2545426.441,109.2467719,23.0075154,591.947,return
1575.0,T003,U08,316888.263,2546653.914,109.2131845,23.0182244,511.973,return
1575.0,T006,U01,318686.201,2545556.139,109.2308517,23.0085095,327.348,return
1575.0,T009,U02,317009.551,2547532.274,109.2142631,23.0261684,571.799,return
1575.0,T010,U03,317384.304,2551389.371,109.2174605,23.0610354,372.909,return
1580.0,T002,U05,320242.086,2545432.388,109.246042,23.007561,591.947,return
1580.0,T003,U08,316952.275,2546614.831,109.2138135,23.0178785,511.973,return
1580.0,T006,U01,318686.201,2545556.139,109.2308517,23.0085095,314.848,return
1580.0,T009,U02,317048.369,2547486.523,109.2146472,23.0257596,571.799,return
1580.0,T010,U03,317397.374,2551330.812,109.217595,23.0605081,372.909,return
1585.0,T002,U05,320167.322,2545438.334,109.2453121,23.0076066,591.947,return
1585.0,T003,U08,317016.286,2546575.747,109.2144426,23.0175327,511.973,return
1585.0,T006,U01,318686.201,2545556.139,109.2308517,23.0085095,302.348,return
1585.0,T009,U02,317087.187,2547440.771,109.2150313,23.0253508,571.799,return
1585.0,T010,U03,317410.443,2551272.252,109.2177295,23.0599808,372.909,return
1590.0,T002,U05,320092.558,2545444.281,109.2445821,23.0076522,591.947,return
1590.0,T003,U08,317080.297,2546536.663,109.2150716,23.0171868,511.973,return
1590.0,T006,U01,318686.201,2545556.139,109.2308517,23.0085095,289.848,return
1590.0,T009,U02,317126.004,2547395.02,109.2154154,23.024942,571.799,return
1590.0,T010,U03,317423.513,2551213.693,109.2178639,23.0594535,372.909,return
1595.0,T002,U05,320017.795,2545450.227,109.2438522,23.0076978,591.947,return
1595.0,T003,U08,317144.309,2546497.579,109.2157006,23.016841,511.973,return
1595.0,T006,U01,318686.201,2545556.139,109.2308517,23.0085095,277.348,return
1595.0,T009,U02,317164.822,2547349.269,109.2157995,23.0245332,571.799,return
1595.0,T010,U03,317436.583,2551155.134,109.2179984,23.0589263,372.909,return
1600.0,T002,U05,319943.031,2545456.174,109.2431223,23.0077434,591.947,return
1600.0,T003,U08,317208.32,2546458.496,109.2163297,23.0164952,511.973,return
1600.0,T006,U01,318686.201,2545556.139,109.2308517,23.0085095,264.848,return
1600.0,T009,U02,317203.64,2547303.517,109.2161836,23.0241244,571.799,return
1600.0,T010,U03,317449.652,2551096.575,109.2181329,23.058399,372.909,return
1605.0,T002,U05,319868.267,2545462.12,109.2423924,23.007789,591.947,return
1605.0,T003,U08,317272.332,2546419.412,109.2169587,23.0161493,511.973,return
1605.0,T006,U01,318686.201,2545556.139,109.2308517,23.0085095,252.348,return
1605.0,T009,U02,317242.457,2547257.766,109.2165677,23.0237155,571.799,return
1605.0,T010,U03,317462.722,2551038.015,109.2182674,23.0578717,372.909,return
1610.0,T002,U05,319793.503,2545468.067,109.2416624,23.0078346,591.947,return
1610.0,T003,U08,317336.343,2546380.328,109.2175877,23.0158034,511.973,return
1610.0,T006,U01,318686.201,2545556.139,109.2308517,23.0085095,239.848,return
1610.0,T009,U02,317281.275,2547212.015,109.2169518,23.0233067,571.799,return
1610.0,T010,U03,317475.791,2550979.456,109.2184019,23.0573444,372.909,return
1610.901,T018,U04,318686.201,2545556.139,109.2308517,23.0085095,127.7,ascent
1615.0,T002,U05,319718.739,2545474.013,109.2409325,23.0078802,591.947,return
1615.0,T003,U08,317400.354,2546341.244,109.2182167,23.0154576,511.973,return
1615.0,T006,U01,318686.201,2545556.139,109.2308517,23.0085095,227.348,return
1615.0,T009,U02,317320.093,2547166.263,109.2173359,23.0228979,571.799,return
1615.0,T010,U03,317488.861,2550920.897,109.2185364,23.0568171,372.909,return
1615.901,T018,U04,318686.201,2545556.139,109.2308517,23.0085095,142.7,ascent
1620.0,T002,U05,319643.975,2545479.96,109.2402026,23.0079258,591.947,return
1620.0,T003,U08,317464.366,2546302.161,109.2188458,23.0151117,511.973,return
1620.0,T006,U01,318686.201,2545556.139,109.2308517,23.0085095,214.848,return
1620.0,T009,U02,317358.91,2547120.512,109.21772,23.0224891,571.799,return
1620.0,T010,U03,317501.931,2550862.338,109.2186709,23.0562898,372.909,return
1620.901,T018,U04,318686.201,2545556.139,109.2308517,23.0085095,157.7,ascent
1625.0,T002,U05,319569.211,2545485.907,109.2394726,23.0079714,591.947,return
1625.0,T003,U08,317528.377,2546263.077,109.2194748,23.0147659,511.973,return
1625.0,T006,U01,318686.201,2545556.139,109.2308517,23.0085095,202.348,return
1625.0,T009,U02,317397.728,2547074.761,109.2181041,23.0220802,571.799,return
1625.0,T010,U03,317515.0,2550803.778,109.2188053,23.0557625,372.909,return
1625.901,T018,U04,318686.201,2545556.139,109.2308517,23.0085095,172.7,ascent
1630.0,T002,U05,319494.447,2545491.853,109.2387427,23.008017,591.947,return
1630.0,T003,U08,317592.389,2546223.993,109.2201038,23.01442,511.973,return
1630.0,T006,U01,318686.201,2545556.139,109.2308517,23.0085095,189.848,return
1630.0,T009,U02,317436.546,2547029.009,109.2184882,23.0216714,571.799,return
1630.0,T010,U03,317528.07,2550745.219,109.2189398,23.0552352,372.909,return
1630.901,T018,U04,318686.201,2545556.139,109.2308517,23.0085095,187.7,ascent
1635.0,T002,U05,319419.683,2545497.8,109.2380128,23.0080625,591.947,return
1635.0,T003,U08,317656.4,2546184.909,109.2207328,23.0140741,511.973,return
1635.0,T006,U01,318686.201,2545556.139,109.2308517,23.0085095,177.348,return
1635.0,T009,U02,317475.364,2546983.258,109.2188722,23.0212626,571.799,return
1635.0,T010,U03,317541.14,2550686.66,109.2190743,23.0547079,372.909,return
1635.901,T018,U04,318686.201,2545556.139,109.2308517,23.0085095,202.7,ascent
1640.0,T002,U05,319344.92,2545503.746,109.2372829,23.0081081,591.947,return
1640.0,T003,U08,317720.412,2546145.826,109.2213618,23.0137283,511.973,return
1640.0,T006,U01,318686.201,2545556.139,109.2308517,23.0085095,164.848,return
1640.0,T009,U02,317514.181,2546937.506,109.2192563,23.0208538,571.799,return
1640.0,T010,U03,317554.209,2550628.101,109.2192088,23.0541806,372.909,return
1640.901,T018,U04,318686.201,2545556.139,109.2308517,23.0085095,217.7,ascent
1645.0,T002,U05,319270.156,2545509.693,109.2365529,23.0081537,591.947,return
1645.0,T003,U08,317784.423,2546106.742,109.2219908,23.0133824,511.973,return
1645.0,T006,U01,318686.201,2545556.139,109.2308517,23.0085095,152.348,return
1645.0,T009,U02,317552.999,2546891.755,109.2196404,23.0204449,571.799,return
1645.0,T010,U03,317567.279,2550569.541,109.2193432,23.0536533,372.909,return
1645.901,T018,U04,318686.201,2545556.139,109.2308517,23.0085095,232.7,ascent
1650.0,T002,U05,319195.392,2545515.639,109.235823,23.0081992,591.947,return
1650.0,T003,U08,317848.434,2546067.658,109.2226198,23.0130365,511.973,return
1650.0,T006,U01,318686.201,2545556.139,109.2308517,23.0085095,139.848,return
1650.0,T009,U02,317591.817,2546846.004,109.2200245,23.0200361,571.799,return
1650.0,T010,U03,317580.348,2550510.982,109.2194777,23.053126,372.909,return
1650.901,T018,U04,318686.201,2545556.139,109.2308517,23.0085095,247.7,ascent
1655.0,T002,U05,319120.628,2545521.586,109.2350931,23.0082448,591.947,return
1655.0,T003,U08,317912.446,2546028.575,109.2232488,23.0126906,511.973,return
1655.0,T009,U02,317630.634,2546800.252,109.2204086,23.0196273,571.799,return
1655.0,T010,U03,317593.418,2550452.423,109.2196122,23.0525987,372.909,return
1655.901,T018,U04,318686.201,2545556.139,109.2308517,23.0085095,262.7,ascent
1660.0,T002,U05,319045.864,2545527.533,109.2343631,23.0082904,591.947,return
1660.0,T003,U08,317976.457,2545989.491,109.2238778,23.0123447,511.973,return
1660.0,T009,U02,317669.452,2546754.501,109.2207926,23.0192184,571.799,return
1660.0,T010,U03,317606.488,2550393.864,109.2197467,23.0520714,372.909,return
1660.901,T018,U04,318694.122,2545572.939,109.230927,23.0086621,273.057,cruise
1665.0,T002,U05,318971.1,2545533.479,109.2336332,23.0083359,591.947,return
1665.0,T003,U08,318040.469,2545950.407,109.2245068,23.0119989,511.973,return
1665.0,T009,U02,317708.27,2546708.75,109.2211767,23.0188096,571.799,return
1665.0,T010,U03,317619.557,2550335.304,109.2198811,23.0515441,372.909,return
1665.901,T018,U04,318719.71,2545627.21,109.2311702,23.0091549,273.057,cruise
1670.0,T002,U05,318896.336,2545539.426,109.2329033,23.0083815,591.947,return
1670.0,T003,U08,318104.48,2545911.323,109.2251358,23.011653,511.973,return
1670.0,T009,U02,317747.087,2546662.998,109.2215608,23.0184008,571.799,return
1670.0,T010,U03,317632.627,2550276.745,109.2200156,23.0510168,372.909,return
1670.901,T018,U04,318745.297,2545681.48,109.2314134,23.0096477,273.057,cruise
1675.0,T002,U05,318821.572,2545545.372,109.2321733,23.008427,591.947,return
1675.0,T003,U08,318168.492,2545872.24,109.2257647,23.0113071,511.973,return
1675.0,T009,U02,317785.905,2546617.247,109.2219448,23.0179919,571.799,return
1675.0,T010,U03,317645.697,2550218.186,109.2201501,23.0504895,372.909,return
1675.901,T018,U04,318770.885,2545735.751,109.2316565,23.0101405,273.057,cruise
1680.0,T002,U05,318746.808,2545551.319,109.2314434,23.0084726,591.947,return
1680.0,T003,U08,318232.503,2545833.156,109.2263937,23.0109612,511.973,return
1680.0,T009,U02,317824.723,2546571.496,109.2223289,23.0175831,571.799,return
1680.0,T010,U03,317658.766,2550159.627,109.2202846,23.0499622,372.909,return
1680.901,T018,U04,318796.472,2545790.021,109.2318997,23.0106333,273.057,cruise
1685.0,T002,U05,318686.201,2545556.139,109.2308517,23.0085095,589.58,return
1685.0,T003,U08,318296.514,2545794.072,109.2270227,23.0106153,511.973,return
1685.0,T009,U02,317863.541,2546525.744,109.2227129,23.0171742,571.799,return
1685.0,T010,U03,317671.836,2550101.067,109.220419,23.0494349,372.909,return
1685.901,T018,U04,318822.06,2545844.291,109.2321429,23.0111261,273.057,cruise
1690.0,T002,U05,318686.201,2545556.139,109.2308517,23.0085095,577.08,return
1690.0,T003,U08,318360.526,2545754.988,109.2276517,23.0102694,511.973,return
1690.0,T009,U02,317902.358,2546479.993,109.223097,23.0167654,571.799,return
1690.0,T010,U03,317684.905,2550042.508,109.2205535,23.0489076,372.909,return
1690.901,T018,U04,318847.647,2545898.562,109.2323861,23.0116189,273.057,cruise
1695.0,T002,U05,318686.201,2545556.139,109.2308517,23.0085095,564.58,return
1695.0,T003,U08,318424.537,2545715.905,109.2282806,23.0099235,511.973,return
1695.0,T009,U02,317941.176,2546434.242,109.223481,23.0163566,571.799,return
1695.0,T010,U03,317697.975,2549983.949,109.2206879,23.0483804,372.909,return
1695.901,T018,U04,318873.235,2545952.832,109.2326293,23.0121117,273.057,cruise
1700.0,T002,U05,318686.201,2545556.139,109.2308517,23.0085095,552.08,return
1700.0,T003,U08,318488.549,2545676.821,109.2289096,23.0095776,511.973,return
1700.0,T009,U02,317979.994,2546388.49,109.2238651,23.0159477,571.799,return
1700.0,T010,U03,317711.045,2549925.39,109.2208224,23.0478531,372.909,return
1700.901,T018,U04,318898.822,2546007.103,109.2328725,23.0126045,273.057,cruise
1705.0,T002,U05,318686.201,2545556.139,109.2308517,23.0085095,539.58,return
1705.0,T003,U08,318552.56,2545637.737,109.2295386,23.0092317,511.973,return
1705.0,T009,U02,318018.811,2546342.739,109.2242491,23.0155389,571.799,return
1705.0,T010,U03,317724.114,2549866.83,109.2209569,23.0473258,372.909,return
1705.901,T018,U04,318924.41,2546061.373,109.2331157,23.0130973,273.057,cruise
1710.0,T002,U05,318686.201,2545556.139,109.2308517,23.0085095,527.08,return
1710.0,T003,U08,318616.571,2545598.653,109.2301675,23.0088858,511.973,return
1710.0,T009,U02,318057.629,2546296.988,109.2246332,23.01513,571.799,return
1710.0,T010,U03,317737.184,2549808.271,109.2210913,23.0467985,372.909,return
1710.901,T018,U04,318949.997,2546115.644,109.2333589,23.0135901,273.057,cruise
1715.0,T002,U05,318686.201,2545556.139,109.2308517,23.0085095,514.58,return
1715.0,T003,U08,318680.583,2545559.57,109.2307965,23.0085399,511.973,return
1715.0,T009,U02,318096.447,2546251.236,109.2250172,23.0147212,571.799,return
1715.0,T010,U03,317750.253,2549749.712,109.2212258,23.0462712,372.909,return
1715.901,T018,U04,318975.585,2546169.914,109.2336021,23.0140829,273.057,cruise
1720.0,T002,U05,318686.201,2545556.139,109.2308517,23.0085095,502.08,return
1720.0,T003,U08,318686.201,2545556.139,109.2308517,23.0085095,502.851,return
1720.0,T009,U02,318135.264,2546205.485,109.2254013,23.0143123,571.799,return
1720.0,T010,U03,317763.323,2549691.153,109.2213603,23.0457439,372.909,return
1720.901,T018,U04,319001.172,2546224.184,109.2338453,23.0145757,273.057,cruise
1725.0,T002,U05,318686.201,2545556.139,109.2308517,23.0085095,489.58,return
1725.0,T003,U08,318686.201,2545556.139,109.2308517,23.0085095,492.851,return
1725.0,T009,U02,318174.082,2546159.734,109.2257853,23.0139035,571.799,return
1725.0,T010,U03,317776.393,2549632.593,109.2214947,23.0452166,372.909,return
1725.901,T018,U04,319026.76,2546278.455,109.2340885,23.0150685,273.057,cruise
1730.0,T002,U05,318686.201,2545556.139,109.2308517,23.0085095,477.08,return
1730.0,T003,U08,318686.201,2545556.139,109.2308517,23.0085095,482.851,return
1730.0,T009,U02,318212.9,2546113.982,109.2261694,23.0134947,571.799,return
1730.0,T010,U03,317789.462,2549574.034,109.2216292,23.0446893,372.909,return
1730.901,T018,U04,319052.347,2546332.725,109.2343317,23.0155613,273.057,cruise
1735.0,T002,U05,318686.201,2545556.139,109.2308517,23.0085095,464.58,return
1735.0,T003,U08,318686.201,2545556.139,109.2308517,23.0085095,472.851,return
1735.0,T009,U02,318251.718,2546068.231,109.2265534,23.0130858,571.799,return
1735.0,T010,U03,317802.532,2549515.475,109.2217636,23.044162,372.909,return
1735.901,T018,U04,319077.935,2546386.996,109.2345749,23.0160541,273.057,cruise
1740.0,T002,U05,318686.201,2545556.139,109.2308517,23.0085095,452.08,return
1740.0,T003,U08,318686.201,2545556.139,109.2308517,23.0085095,462.851,return
1740.0,T009,U02,318290.535,2546022.479,109.2269374,23.0126769,571.799,return
1740.0,T010,U03,317815.602,2549456.916,109.2218981,23.0436347,372.909,return
1740.901,T018,U04,319103.522,2546441.266,109.2348182,23.0165469,273.057,cruise
1745.0,T002,U05,318686.201,2545556.139,109.2308517,23.0085095,439.58,return
1745.0,T003,U08,318686.201,2545556.139,109.2308517,23.0085095,452.851,return
1745.0,T009,U02,318329.353,2545976.728,109.2273214,23.0122681,571.799,return
1745.0,T010,U03,317828.671,2549398.356,109.2220325,23.0431074,372.909,return
1745.901,T018,U04,319129.11,2546495.537,109.2350614,23.0170397,273.057,cruise
1750.0,T002,U05,318686.201,2545556.139,109.2308517,23.0085095,427.08,return
1750.0,T003,U08,318686.201,2545556.139,109.2308517,23.0085095,442.851,return
1750.0,T009,U02,318368.171,2545930.977,109.2277055,23.0118592,571.799,return
1750.0,T010,U03,317841.741,2549339.797,109.222167,23.0425801,372.909,return
1750.901,T018,U04,319154.697,2546549.807,109.2353046,23.0175325,273.057,cruise
1755.0,T002,U05,318686.201,2545556.139,109.2308517,23.0085095,414.58,return
1755.0,T003,U08,318686.201,2545556.139,109.2308517,23.0085095,432.851,return
1755.0,T009,U02,318406.988,2545885.225,109.2280895,23.0114504,571.799,return
1755.0,T010,U03,317854.81,2549281.238,109.2223014,23.0420528,372.909,return
1755.901,T018,U04,319180.285,2546604.078,109.2355478,23.0180253,273.057,cruise
1760.0,T002,U05,318686.201,2545556.139,109.2308517,23.0085095,402.08,return
1760.0,T003,U08,318686.201,2545556.139,109.2308517,23.0085095,422.851,return
1760.0,T009,U02,318445.806,2545839.474,109.2284735,23.0110415,571.799,return
1760.0,T010,U03,317867.88,2549222.679,109.2224359,23.0415255,372.909,return
1760.901,T018,U04,319205.872,2546658.348,109.235791,23.0185181,273.057,cruise
1765.0,T002,U05,318686.201,2545556.139,109.2308517,23.0085095,389.58,return
1765.0,T003,U08,318686.201,2545556.139,109.2308517,23.0085095,412.851,return
1765.0,T009,U02,318484.624,2545793.723,109.2288575,23.0106327,571.799,return
1765.0,T010,U03,317880.95,2549164.12,109.2225703,23.0409982,372.909,return
1765.901,T018,U04,319231.459,2546712.618,109.2360342,23.0190108,273.057,cruise
1770.0,T002,U05,318686.201,2545556.139,109.2308517,23.0085095,377.08,return
1770.0,T003,U08,318686.201,2545556.139,109.2308517,23.0085095,402.851,return
1770.0,T009,U02,318523.442,2545747.971,109.2292416,23.0102238,571.799,return
1770.0,T010,U03,317894.019,2549105.56,109.2227048,23.0404709,372.909,return
1770.901,T018,U04,319257.047,2546766.889,109.2362775,23.0195036,273.057,cruise
1775.0,T002,U05,318686.201,2545556.139,109.2308517,23.0085095,364.58,return
1775.0,T003,U08,318686.201,2545556.139,109.2308517,23.0085095,392.851,return
1775.0,T009,U02,318562.259,2545702.22,109.2296256,23.009815,571.799,return
1775.0,T010,U03,317907.089,2549047.001,109.2228392,23.0399436,372.909,return
1775.901,T018,U04,319282.634,2546821.159,109.2365207,23.0199964,273.057,cruise
1780.0,T002,U05,318686.201,2545556.139,109.2308517,23.0085095,352.08,return
1780.0,T003,U08,318686.201,2545556.139,109.2308517,23.0085095,382.851,return
1780.0,T009,U02,318601.077,2545656.469,109.2300096,23.0094061,571.799,return
1780.0,T010,U03,317920.159,2548988.442,109.2229737,23.0394163,372.909,return
1780.901,T018,U04,319308.222,2546875.43,109.2367639,23.0204892,273.057,cruise
1785.0,T002,U05,318686.201,2545556.139,109.2308517,23.0085095,339.58,return
1785.0,T003,U08,318686.201,2545556.139,109.2308517,23.0085095,372.851,return
1785.0,T009,U02,318639.895,2545610.717,109.2303936,23.0089972,571.799,return
1785.0,T010,U03,317933.228,2548929.883,109.2231081,23.038889,372.909,return
1785.901,T018,U04,319333.809,2546929.7,109.2370071,23.020982,273.057,cruise
1790.0,T002,U05,318686.201,2545556.139,109.2308517,23.0085095,327.08,return
1790.0,T003,U08,318686.201,2545556.139,109.2308517,23.0085095,362.851,return
1790.0,T009,U02,318678.712,2545564.966,109.2307776,23.0085884,571.799,return
1790.0,T010,U03,317946.298,2548871.323,109.2232425,23.0383617,372.909,return
1790.901,T018,U04,319359.397,2546983.971,109.2372504,23.0214748,273.057,cruise
1795.0,T002,U05,318686.201,2545556.139,109.2308517,23.0085095,314.58,return
1795.0,T003,U08,318686.201,2545556.139,109.2308517,23.0085095,352.851,return
1795.0,T009,U02,318686.201,2545556.139,109.2308517,23.0085095,561.711,return
1795.0,T010,U03,317959.367,2548812.764,109.223377,23.0378344,372.909,return
1795.901,T018,U04,319384.984,2547038.241,109.2374936,23.0219676,273.057,cruise
1800.0,T002,U05,318686.201,2545556.139,109.2308517,23.0085095,302.08,return
1800.0,T003,U08,318686.201,2545556.139,109.2308517,23.0085095,342.851,return
1800.0,T009,U02,318686.201,2545556.139,109.2308517,23.0085095,549.211,return
1800.0,T010,U03,317972.437,2548754.205,109.2235114,23.0373071,372.909,return
1800.901,T018,U04,319410.572,2547092.511,109.2377368,23.0224604,273.057,cruise
1805.0,T002,U05,318686.201,2545556.139,109.2308517,23.0085095,289.58,return
1805.0,T003,U08,318686.201,2545556.139,109.2308517,23.0085095,332.851,return
1805.0,T009,U02,318686.201,2545556.139,109.2308517,23.0085095,536.711,return
1805.0,T010,U03,317985.507,2548695.646,109.2236459,23.0367798,372.909,return
1805.901,T018,U04,319436.159,2547146.782,109.23798,23.0229532,273.057,cruise
1810.0,T002,U05,318686.201,2545556.139,109.2308517,23.0085095,277.08,return
1810.0,T003,U08,318686.201,2545556.139,109.2308517,23.0085095,322.851,return
1810.0,T009,U02,318686.201,2545556.139,109.2308517,23.0085095,524.211,return
1810.0,T010,U03,317998.576,2548637.086,109.2237803,23.0362525,372.909,return
1810.901,T018,U04,319461.747,2547201.052,109.2382233,23.023446,273.057,cruise
1815.0,T002,U05,318686.201,2545556.139,109.2308517,23.0085095,264.58,return
1815.0,T003,U08,318686.201,2545556.139,109.2308517,23.0085095,312.851,return
1815.0,T009,U02,318686.201,2545556.139,109.2308517,23.0085095,511.711,return
1815.0,T010,U03,318011.646,2548578.527,109.2239147,23.0357252,372.909,return
1815.901,T018,U04,319487.334,2547255.323,109.2384665,23.0239388,273.057,cruise
1820.0,T002,U05,318686.201,2545556.139,109.2308517,23.0085095,252.08,return
1820.0,T003,U08,318686.201,2545556.139,109.2308517,23.0085095,302.851,return
1820.0,T009,U02,318686.201,2545556.139,109.2308517,23.0085095,499.211,return
1820.0,T010,U03,318024.715,2548519.968,109.2240492,23.0351979,372.909,return
1820.901,T018,U04,319512.922,2547309.593,109.2387098,23.0244316,273.057,cruise
1825.0,T002,U05,318686.201,2545556.139,109.2308517,23.0085095,239.58,return
1825.0,T003,U08,318686.201,2545556.139,109.2308517,23.0085095,292.851,return
1825.0,T009,U02,318686.201,2545556.139,109.2308517,23.0085095,486.711,return
1825.0,T010,U03,318037.785,2548461.409,109.2241836,23.0346706,372.909,return
1825.901,T018,U04,319538.509,2547363.864,109.238953,23.0249244,273.057,cruise
1830.0,T002,U05,318686.201,2545556.139,109.2308517,23.0085095,227.08,return
1830.0,T003,U08,318686.201,2545556.139,109.2308517,23.0085095,282.851,return
1830.0,T009,U02,318686.201,2545556.139,109.2308517,23.0085095,474.211,return
1830.0,T010,U03,318050.855,2548402.849,109.224318,23.0341433,372.909,return
1830.901,T018,U04,319564.097,2547418.134,109.2391962,23.0254172,273.057,cruise
1835.0,T002,U05,318686.201,2545556.139,109.2308517,23.0085095,214.58,return
1835.0,T003,U08,318686.201,2545556.139,109.2308517,23.0085095,272.851,return
1835.0,T009,U02,318686.201,2545556.139,109.2308517,23.0085095,461.711,return
1835.0,T010,U03,318063.924,2548344.29,109.2244525,23.0336159,372.909,return
1835.901,T018,U04,319589.684,2547472.404,109.2394395,23.02591,273.057,cruise
1840.0,T002,U05,318686.201,2545556.139,109.2308517,23.0085095,202.08,return
1840.0,T003,U08,318686.201,2545556.139,109.2308517,23.0085095,262.851,return
1840.0,T009,U02,318686.201,2545556.139,109.2308517,23.0085095,449.211,return
1840.0,T010,U03,318076.994,2548285.731,109.2245869,23.0330886,372.909,return
1840.901,T018,U04,319615.272,2547526.675,109.2396827,23.0264028,273.057,cruise
1845.0,T002,U05,318686.201,2545556.139,109.2308517,23.0085095,189.58,return
1845.0,T003,U08,318686.201,2545556.139,109.2308517,23.0085095,252.851,return
1845.0,T009,U02,318686.201,2545556.139,109.2308517,23.0085095,436.711,return
1845.0,T010,U03,318090.064,2548227.172,109.2247213,23.0325613,372.909,return
1845.901,T018,U04,319640.859,2547580.945,109.239926,23.0268956,273.057,cruise
1850.0,T002,U05,318686.201,2545556.139,109.2308517,23.0085095,177.08,return
1850.0,T003,U08,318686.201,2545556.139,109.2308517,23.0085095,242.851,return
1850.0,T009,U02,318686.201,2545556.139,109.2308517,23.0085095,424.211,return
1850.0,T010,U03,318103.133,2548168.612,109.2248558,23.032034,372.909,return
1850.901,T018,U04,319666.447,2547635.216,109.2401692,23.0273884,273.057,cruise
1855.0,T002,U05,318686.201,2545556.139,109.2308517,23.0085095,164.58,return
1855.0,T003,U08,318686.201,2545556.139,109.2308517,23.0085095,232.851,return
1855.0,T009,U02,318686.201,2545556.139,109.2308517,23.0085095,411.711,return
1855.0,T010,U03,318116.203,2548110.053,109.2249902,23.0315067,372.909,return
1855.901,T018,U04,319692.034,2547689.486,109.2404125,23.0278811,273.057,cruise
1860.0,T002,U05,318686.201,2545556.139,109.2308517,23.0085095,152.08,return
1860.0,T003,U08,318686.201,2545556.139,109.2308517,23.0085095,222.851,return
1860.0,T009,U02,318686.201,2545556.139,109.2308517,23.0085095,399.211,return
1860.0,T010,U03,318129.272,2548051.494,109.2251246,23.0309794,372.909,return
1860.901,T018,U04,319717.622,2547743.757,109.2406557,23.0283739,273.057,cruise
1865.0,T002,U05,318686.201,2545556.139,109.2308517,23.0085095,139.58,return
1865.0,T003,U08,318686.201,2545556.139,109.2308517,23.0085095,212.851,return
1865.0,T009,U02,318686.201,2545556.139,109.2308517,23.0085095,386.711,return
1865.0,T010,U03,318142.342,2547992.935,109.225259,23.0304521,372.909,return
1865.901,T018,U04,319743.209,2547798.027,109.240899,23.0288667,273.057,cruise
1870.0,T003,U08,318686.201,2545556.139,109.2308517,23.0085095,202.851,return
1870.0,T009,U02,318686.201,2545556.139,109.2308517,23.0085095,374.211,return
1870.0,T010,U03,318155.412,2547934.375,109.2253935,23.0299248,372.909,return
1870.901,T018,U04,319768.797,2547852.298,109.2411422,23.0293595,273.057,cruise
1875.0,T003,U08,318686.201,2545556.139,109.2308517,23.0085095,192.851,return
1875.0,T009,U02,318686.201,2545556.139,109.2308517,23.0085095,361.711,return
1875.0,T010,U03,318168.481,2547875.816,109.2255279,23.0293975,372.909,return
1875.901,T018,U04,319794.384,2547906.568,109.2413855,23.0298523,273.057,cruise
1880.0,T003,U08,318686.201,2545556.139,109.2308517,23.0085095,182.851,return
1880.0,T009,U02,318686.201,2545556.139,109.2308517,23.0085095,349.211,return
1880.0,T010,U03,318181.551,2547817.257,109.2256623,23.0288702,372.909,return
1880.901,T018,U04,319819.972,2547960.838,109.2416287,23.0303451,273.057,cruise
1885.0,T003,U08,318686.201,2545556.139,109.2308517,23.0085095,172.851,return
1885.0,T009,U02,318686.201,2545556.139,109.2308517,23.0085095,336.711,return
1885.0,T010,U03,318194.621,2547758.698,109.2257967,23.0283429,372.909,return
1885.901,T018,U04,319845.559,2548015.109,109.241872,23.0308379,273.057,cruise
1890.0,T003,U08,318686.201,2545556.139,109.2308517,23.0085095,162.851,return
1890.0,T009,U02,318686.201,2545556.139,109.2308517,23.0085095,324.211,return
1890.0,T010,U03,318207.69,2547700.138,109.2259311,23.0278156,372.909,return
1890.901,T018,U04,319871.147,2548069.379,109.2421153,23.0313307,273.057,cruise
1895.0,T003,U08,318686.201,2545556.139,109.2308517,23.0085095,152.851,return
1895.0,T009,U02,318686.201,2545556.139,109.2308517,23.0085095,311.711,return
1895.0,T010,U03,318220.76,2547641.579,109.2260656,23.0272883,372.909,return
1895.901,T018,U04,319896.734,2548123.65,109.2423585,23.0318235,273.057,cruise
1900.0,T003,U08,318686.201,2545556.139,109.2308517,23.0085095,142.851,return
1900.0,T009,U02,318686.201,2545556.139,109.2308517,23.0085095,299.211,return
1900.0,T010,U03,318233.829,2547583.02,109.2262,23.026761,372.909,return
1900.47,T008,U06,318686.201,2545556.139,109.2308517,23.0085095,127.7,ascent
1900.901,T018,U04,319922.322,2548177.92,109.2426018,23.0323163,273.057,cruise
1905.0,T003,U08,318686.201,2545556.139,109.2308517,23.0085095,132.851,return
1905.0,T009,U02,318686.201,2545556.139,109.2308517,23.0085095,286.711,return
1905.0,T010,U03,318246.899,2547524.461,109.2263344,23.0262337,372.909,return
1905.47,T008,U06,318686.201,2545556.139,109.2308517,23.0085095,142.7,ascent
1905.901,T018,U04,319947.909,2548232.191,109.242845,23.032809,273.057,cruise
1910.0,T009,U02,318686.201,2545556.139,109.2308517,23.0085095,274.211,return
1910.0,T010,U03,318259.969,2547465.901,109.2264688,23.0257064,372.909,return
1910.47,T008,U06,318686.201,2545556.139,109.2308517,23.0085095,157.7,ascent
1910.901,T018,U04,319973.497,2548286.461,109.2430883,23.0333018,273.057,cruise
1915.0,T009,U02,318686.201,2545556.139,109.2308517,23.0085095,261.711,return
1915.0,T010,U03,318273.038,2547407.342,109.2266032,23.0251791,372.909,return
1915.47,T008,U06,318686.201,2545556.139,109.2308517,23.0085095,172.7,ascent
1915.901,T018,U04,319988.6,2548318.494,109.2432319,23.0335927,267.935,descent
1920.0,T009,U02,318686.201,2545556.139,109.2308517,23.0085095,249.211,return
1920.0,T010,U03,318286.108,2547348.783,109.2267376,23.0246518,372.909,return
1920.47,T008,U06,318686.201,2545556.139,109.2308517,23.0085095,187.7,ascent
1920.901,T018,U04,319988.6,2548318.494,109.2432319,23.0335927,255.435,descent
1925.0,T009,U02,318686.201,2545556.139,109.2308517,23.0085095,236.711,return
1925.0,T010,U03,318299.177,2547290.224,109.226872,23.0241245,372.909,return
1925.47,T008,U06,318686.201,2545556.139,109.2308517,23.0085095,202.7,ascent
1925.901,T018,U04,319988.6,2548318.494,109.2432319,23.0335927,242.935,descent
1930.0,T009,U02,318686.201,2545556.139,109.2308517,23.0085095,224.211,return
1930.0,T010,U03,318312.247,2547231.664,109.2270064,23.0235972,372.909,return
1930.47,T008,U06,318686.201,2545556.139,109.2308517,23.0085095,217.7,ascent
1930.901,T018,U04,319988.6,2548318.494,109.2432319,23.0335927,230.435,descent
1935.0,T009,U02,318686.201,2545556.139,109.2308517,23.0085095,211.711,return
1935.0,T010,U03,318325.317,2547173.105,109.2271408,23.0230698,372.909,return
1935.47,T008,U06,318686.201,2545556.139,109.2308517,23.0085095,232.7,ascent
1935.901,T018,U04,319988.6,2548318.494,109.2432319,23.0335927,217.935,descent
1940.0,T009,U02,318686.201,2545556.139,109.2308517,23.0085095,199.211,return
1940.0,T010,U03,318338.386,2547114.546,109.2272753,23.0225425,372.909,return
1940.47,T008,U06,318686.201,2545556.139,109.2308517,23.0085095,247.7,ascent
1940.901,T018,U04,319988.6,2548318.494,109.2432319,23.0335927,205.435,descent
1945.0,T009,U02,318686.201,2545556.139,109.2308517,23.0085095,186.711,return
1945.0,T010,U03,318351.456,2547055.987,109.2274097,23.0220152,372.909,return
1945.47,T008,U06,318686.201,2545556.139,109.2308517,23.0085095,262.7,ascent
1945.901,T018,U04,319988.6,2548318.494,109.2432319,23.0335927,192.935,descent
1950.0,T009,U02,318686.201,2545556.139,109.2308517,23.0085095,174.211,return
1950.0,T010,U03,318364.526,2546997.427,109.2275441,23.0214879,372.909,return
1950.47,T008,U06,318686.201,2545556.139,109.2308517,23.0085095,277.7,ascent
1950.901,T018,U04,319988.6,2548318.494,109.2432319,23.0335927,184,handover
1955.0,T009,U02,318686.201,2545556.139,109.2308517,23.0085095,161.711,return
1955.0,T010,U03,318377.595,2546938.868,109.2276785,23.0209606,372.909,return
1955.47,T008,U06,318686.201,2545556.139,109.2308517,23.0085095,292.7,ascent
1955.901,T018,U04,319988.6,2548318.494,109.2432319,23.0335927,184,handover
1960.0,T009,U02,318686.201,2545556.139,109.2308517,23.0085095,149.211,return
1960.0,T010,U03,318390.665,2546880.309,109.2278129,23.0204333,372.909,return
1960.47,T008,U06,318686.201,2545556.139,109.2308517,23.0085095,307.7,ascent
1960.901,T018,U04,319988.6,2548318.494,109.2432319,23.0335927,184,handover
1965.0,T009,U02,318686.201,2545556.139,109.2308517,23.0085095,136.711,return
1965.0,T010,U03,318403.734,2546821.75,109.2279473,23.019906,372.909,return
1965.47,T008,U06,318686.201,2545556.139,109.2308517,23.0085095,322.7,ascent
1965.901,T018,U04,319988.6,2548318.494,109.2432319,23.0335927,184,handover
1970.0,T010,U03,318416.804,2546763.191,109.2280817,23.0193787,372.909,return
1970.47,T008,U06,318686.201,2545556.139,109.2308517,23.0085095,337.7,ascent
1970.901,T018,U04,319988.6,2548318.494,109.2432319,23.0335927,184,handover
1975.0,T010,U03,318429.874,2546704.631,109.2282161,23.0188514,372.909,return
1975.47,T008,U06,318686.201,2545556.139,109.2308517,23.0085095,352.7,ascent
1975.56,T005,U07,318686.201,2545556.139,109.2308517,23.0085095,127.7,ascent
1975.901,T018,U04,319988.6,2548318.494,109.2432319,23.0335927,184,handover
1980.0,T010,U03,318442.943,2546646.072,109.2283505,23.0183241,372.909,return
1980.47,T008,U06,318686.201,2545556.139,109.2308517,23.0085095,367.7,ascent
1980.56,T005,U07,318686.201,2545556.139,109.2308517,23.0085095,140.2,ascent
1980.901,T018,U04,319988.6,2548318.494,109.2432319,23.0335927,184,handover
1985.0,T010,U03,318456.013,2546587.513,109.2284849,23.0177968,372.909,return
1985.47,T008,U06,318686.201,2545556.139,109.2308517,23.0085095,382.7,ascent
1985.56,T005,U07,318686.201,2545556.139,109.2308517,23.0085095,152.7,ascent
1985.901,T018,U04,319988.6,2548318.494,109.2432319,23.0335927,184,handover
1990.0,T010,U03,318469.083,2546528.954,109.2286192,23.0172695,372.909,return
1990.47,T008,U06,318686.201,2545556.139,109.2308517,23.0085095,397.7,ascent
1990.56,T005,U07,318686.201,2545556.139,109.2308517,23.0085095,165.2,ascent
1990.901,T018,U04,319988.6,2548318.494,109.2432319,23.0335927,184,handover
1995.0,T010,U03,318482.152,2546470.394,109.2287536,23.0167421,372.909,return
1995.47,T008,U06,318686.201,2545556.139,109.2308517,23.0085095,412.7,ascent
1995.56,T005,U07,318686.201,2545556.139,109.2308517,23.0085095,177.7,ascent
1995.901,T018,U04,319988.6,2548318.494,109.2432319,23.0335927,184,handover
2000.0,T010,U03,318495.222,2546411.835,109.228888,23.0162148,372.909,return
2000.47,T008,U06,318738.993,2545605.091,109.2313609,23.0089572,413.301,cruise
2000.56,T005,U07,318686.201,2545556.139,109.2308517,23.0085095,190.2,ascent
2000.901,T018,U04,319988.6,2548318.494,109.2432319,23.0335927,184,handover
2005.0,T010,U03,318508.291,2546353.276,109.2290224,23.0156875,372.909,return
2005.47,T008,U06,318793.989,2545656.086,109.2318913,23.0094237,413.301,cruise
2005.56,T005,U07,318686.201,2545556.139,109.2308517,23.0085095,202.7,ascent
2005.901,T018,U04,319988.6,2548318.494,109.2432319,23.0335927,184,handover
2010.0,T010,U03,318521.361,2546294.717,109.2291568,23.0151602,372.909,return
2010.47,T008,U06,318848.984,2545707.081,109.2324217,23.0098901,413.301,cruise
2010.56,T005,U07,318686.201,2545556.139,109.2308517,23.0085095,215.2,ascent
2010.901,T018,U04,319988.6,2548318.494,109.2432319,23.0335927,184,handover
2014.859,T019,U01,318686.201,2545556.139,109.2308517,23.0085095,127.7,ascent
2015.0,T010,U03,318534.431,2546236.157,109.2292912,23.0146329,372.909,return
2015.47,T008,U06,318903.98,2545758.076,109.2329521,23.0103565,413.301,cruise
2015.56,T005,U07,318686.201,2545556.139,109.2308517,23.0085095,227.7,ascent
2015.901,T018,U04,319988.6,2548318.494,109.2432319,23.0335927,184,handover
2019.859,T019,U01,318686.201,2545556.139,109.2308517,23.0085095,142.7,ascent
2020.0,T010,U03,318547.5,2546177.598,109.2294256,23.0141056,372.909,return
2020.47,T008,U06,318958.975,2545809.071,109.2334825,23.010823,413.301,cruise
2020.56,T005,U07,318686.201,2545556.139,109.2308517,23.0085095,240.2,ascent
2020.901,T018,U04,319988.6,2548318.494,109.2432319,23.0335927,184,handover
2024.859,T019,U01,318686.201,2545556.139,109.2308517,23.0085095,157.7,ascent
2025.0,T010,U03,318560.57,2546119.039,109.22956,23.0135783,372.909,return
2025.47,T008,U06,319013.971,2545860.066,109.234013,23.0112894,413.301,cruise
2025.56,T005,U07,318686.201,2545556.139,109.2308517,23.0085095,252.7,ascent
2025.901,T018,U04,319988.6,2548318.494,109.2432319,23.0335927,184,handover
2029.859,T019,U01,318686.201,2545556.139,109.2308517,23.0085095,172.7,ascent
2030.0,T010,U03,318573.639,2546060.48,109.2296944,23.013051,372.909,return
2030.47,T008,U06,319068.966,2545911.062,109.2345434,23.0117558,413.301,cruise
2030.56,T005,U07,318686.201,2545556.139,109.2308517,23.0085095,265.2,ascent
2030.901,T018,U04,319988.6,2548318.494,109.2432319,23.0335927,184,handover
2034.859,T019,U01,318686.201,2545556.139,109.2308517,23.0085095,187.7,ascent
2035.0,T010,U03,318586.709,2546001.92,109.2298287,23.0125237,372.909,return
2035.47,T008,U06,319123.962,2545962.057,109.2350738,23.0122222,413.301,cruise
2035.56,T005,U07,318698.083,2545581.339,109.2309646,23.0087383,273.057,cruise
2035.901,T018,U04,319988.6,2548318.494,109.2432319,23.0335927,184,handover
2039.859,T019,U01,318686.201,2545556.139,109.2308517,23.0085095,202.7,ascent
2040.0,T010,U03,318599.779,2545943.361,109.2299631,23.0119963,372.909,return
2040.47,T008,U06,319178.957,2546013.052,109.2356043,23.0126887,413.301,cruise
2040.56,T005,U07,318730.067,2545649.177,109.2312686,23.0093543,273.057,cruise
2040.901,T018,U04,319988.6,2548318.494,109.2432319,23.0335927,184,handover
2044.859,T019,U01,318686.201,2545556.139,109.2308517,23.0085095,217.7,ascent
2045.0,T010,U03,318612.848,2545884.802,109.2300975,23.011469,372.909,return
2045.47,T008,U06,319233.953,2546064.047,109.2361347,23.0131551,413.301,cruise
2045.56,T005,U07,318762.051,2545717.015,109.2315726,23.0099703,273.057,cruise
2045.901,T018,U04,319988.6,2548318.494,109.2432319,23.0335927,184,handover
2049.859,T019,U01,318686.201,2545556.139,109.2308517,23.0085095,232.7,ascent
2050.0,T010,U03,318625.918,2545826.243,109.2302319,23.0109417,372.909,return
2050.47,T008,U06,319288.948,2546115.042,109.2366652,23.0136215,413.301,cruise
2050.56,T005,U07,318794.036,2545784.853,109.2318766,23.0105863,273.057,cruise
2050.901,T018,U04,319988.6,2548318.494,109.2432319,23.0335927,184,handover
2054.859,T019,U01,318686.201,2545556.139,109.2308517,23.0085095,247.7,ascent
2055.0,T010,U03,318638.988,2545767.683,109.2303663,23.0104144,372.909,return
2055.47,T008,U06,319343.944,2546166.037,109.2371956,23.0140879,413.301,cruise
2055.56,T005,U07,318826.02,2545852.691,109.2321806,23.0112023,273.057,cruise
2055.901,T018,U04,319988.6,2548318.494,109.2432319,23.0335927,184,handover
2059.859,T019,U01,318686.201,2545556.139,109.2308517,23.0085095,262.7,ascent
2060.0,T010,U03,318652.057,2545709.124,109.2305006,23.0098871,372.909,return
2060.47,T008,U06,319398.939,2546217.032,109.2377261,23.0145543,413.301,cruise
2060.56,T005,U07,318858.004,2545920.529,109.2324846,23.0118183,273.057,cruise
2060.901,T018,U04,319988.6,2548318.494,109.2432319,23.0335927,184,handover
2064.859,T019,U01,318686.201,2545556.139,109.2308517,23.0085095,277.7,ascent
2065.0,T010,U03,318665.127,2545650.565,109.230635,23.0093598,372.909,return
2065.47,T008,U06,319453.935,2546268.027,109.2382565,23.0150207,413.301,cruise
2065.56,T005,U07,318889.989,2545988.367,109.2327886,23.0124343,273.057,cruise
2065.901,T018,U04,319988.6,2548318.494,109.2432319,23.0335927,184,handover
2069.859,T019,U01,318686.201,2545556.139,109.2308517,23.0085095,292.7,ascent
2070.0,T010,U03,318678.196,2545592.006,109.2307694,23.0088325,372.909,return
2070.47,T008,U06,319508.93,2546319.022,109.238787,23.0154872,413.301,cruise
2070.56,T005,U07,318921.973,2546056.205,109.2330926,23.0130503,273.057,cruise
2070.901,T018,U04,319988.6,2548318.494,109.2432319,23.0335927,184,handover
2074.859,T019,U01,318686.201,2545556.139,109.2308517,23.0085095,307.7,ascent
2075.0,T010,U03,318686.201,2545556.139,109.2308517,23.0085095,368.065,return
2075.47,T008,U06,319563.926,2546370.017,109.2393175,23.0159536,413.301,cruise
2075.56,T005,U07,318953.957,2546124.044,109.2333966,23.0136663,273.057,cruise
2075.901,T018,U04,319988.6,2548318.494,109.2432319,23.0335927,184,handover
2079.859,T019,U01,318686.201,2545556.139,109.2308517,23.0085095,322.7,ascent
2080.0,T010,U03,318686.201,2545556.139,109.2308517,23.0085095,355.565,return
2080.47,T008,U06,319618.921,2546421.012,109.2398479,23.01642,413.301,cruise
2080.56,T005,U07,318985.942,2546191.882,109.2337006,23.0142823,273.057,cruise
2080.901,T018,U04,319988.6,2548318.494,109.2432319,23.0335927,184,handover
2084.859,T019,U01,318686.201,2545556.139,109.2308517,23.0085095,337.7,ascent
2085.0,T010,U03,318686.201,2545556.139,109.2308517,23.0085095,343.065,return
2085.47,T008,U06,319673.917,2546472.007,109.2403784,23.0168864,413.301,cruise
2085.56,T005,U07,319017.926,2546259.72,109.2340046,23.0148983,273.057,cruise
2085.901,T018,U04,319988.6,2548318.494,109.2432319,23.0335927,184,handover
2089.859,T019,U01,318686.201,2545556.139,109.2308517,23.0085095,352.7,ascent
2090.0,T010,U03,318686.201,2545556.139,109.2308517,23.0085095,330.565,return
2090.47,T008,U06,319728.912,2546523.002,109.2409089,23.0173528,413.301,cruise
2090.56,T005,U07,319049.911,2546327.558,109.2343086,23.0155143,273.057,cruise
2090.901,T018,U04,319988.6,2548318.494,109.2432319,23.0335927,184,handover
2094.859,T019,U01,318679.793,2545556.04,109.2307892,23.0085079,366.098,cruise
2095.0,T010,U03,318686.201,2545556.139,109.2308517,23.0085095,318.065,return
2095.47,T008,U06,319783.908,2546573.997,109.2414394,23.0178192,413.301,cruise
2095.56,T005,U07,319081.895,2546395.396,109.2346126,23.0161303,273.057,cruise
2095.901,T018,U04,319988.6,2548318.494,109.2432319,23.0335927,184,handover
2099.859,T019,U01,318619.801,2545555.112,109.2302042,23.008493,366.098,cruise
2100.0,T010,U03,318686.201,2545556.139,109.2308517,23.0085095,305.565,return
2100.47,T008,U06,319838.903,2546624.992,109.2419699,23.0182856,413.301,cruise
2100.56,T005,U07,319113.879,2546463.234,109.2349166,23.0167463,273.057,cruise
2100.901,T018,U04,319988.6,2548318.494,109.2432319,23.0335927,184,handover
2104.859,T019,U01,318559.808,2545554.183,109.2296191,23.0084781,366.098,cruise
2105.0,T010,U03,318686.201,2545556.139,109.2308517,23.0085095,293.065,return
2105.47,T008,U06,319893.899,2546675.987,109.2425003,23.018752,413.301,cruise
2105.56,T005,U07,319145.864,2546531.072,109.2352206,23.0173623,273.057,cruise
2105.901,T018,U04,319988.6,2548318.494,109.2432319,23.0335927,184,handover
2109.859,T019,U01,318499.815,2545553.255,109.2290341,23.0084631,366.098,cruise
2110.0,T010,U03,318686.201,2545556.139,109.2308517,23.0085095,280.565,return
2110.47,T008,U06,319948.894,2546726.982,109.2430308,23.0192184,413.301,cruise
2110.56,T005,U07,319177.848,2546598.91,109.2355246,23.0179783,273.057,cruise
2110.901,T018,U04,319988.6,2548318.494,109.2432319,23.0335927,184,handover
2114.859,T019,U01,318439.822,2545552.326,109.228449,23.0084482,366.098,cruise
2115.0,T010,U03,318686.201,2545556.139,109.2308517,23.0085095,268.065,return
2115.47,T008,U06,320003.89,2546777.977,109.2435613,23.0196848,413.301,cruise
2115.56,T005,U07,319209.832,2546666.748,109.2358287,23.0185943,273.057,cruise
2115.901,T018,U04,319988.6,2548318.494,109.2432319,23.0335927,184,handover
2119.859,T019,U01,318379.829,2545551.398,109.227864,23.0084333,366.098,cruise
2120.0,T010,U03,318686.201,2545556.139,109.2308517,23.0085095,255.565,return
2120.47,T008,U06,320058.885,2546828.973,109.2440918,23.0201512,413.301,cruise
2120.56,T005,U07,319241.817,2546734.586,109.2361327,23.0192103,273.057,cruise
2120.901,T018,U04,319988.6,2548318.494,109.2432319,23.0335927,184,handover
2124.859,T019,U01,318319.837,2545550.469,109.2272789,23.0084183,366.098,cruise
2125.0,T010,U03,318686.201,2545556.139,109.2308517,23.0085095,243.065,return
2125.47,T008,U06,320113.881,2546879.968,109.2446223,23.0206176,413.301,cruise
2125.56,T005,U07,319273.801,2546802.424,109.2364367,23.0198263,273.057,cruise
2125.901,T018,U04,319988.6,2548318.494,109.2432319,23.0335927,184,handover
2129.859,T019,U01,318259.844,2545549.541,109.2266939,23.0084034,366.098,cruise
2130.0,T010,U03,318686.201,2545556.139,109.2308517,23.0085095,230.565,return
2130.47,T008,U06,320168.876,2546930.963,109.2451528,23.021084,413.301,cruise
2130.56,T005,U07,319305.786,2546870.262,109.2367407,23.0204423,273.057,cruise
2130.901,T018,U04,319988.6,2548318.494,109.2432319,23.0335927,184,handover
2134.859,T019,U01,318199.851,2545548.613,109.2261088,23.0083885,366.098,cruise
2135.0,T010,U03,318686.201,2545556.139,109.2308517,23.0085095,218.065,return
2135.47,T008,U06,320223.872,2546981.958,109.2456834,23.0215504,413.301,cruise
2135.56,T005,U07,319337.77,2546938.1,109.2370448,23.0210583,273.057,cruise
2135.901,T018,U04,319988.6,2548318.494,109.2432319,23.0335927,184,handover
2139.859,T019,U01,318139.858,2545547.684,109.2255238,23.0083735,366.098,cruise
2140.0,T010,U03,318686.201,2545556.139,109.2308517,23.0085095,205.565,return
2140.47,T008,U06,320278.867,2547032.953,109.2462139,23.0220168,413.301,cruise
2140.56,T005,U07,319369.754,2547005.938,109.2373488,23.0216743,273.057,cruise
2140.901,T018,U04,319988.6,2548318.494,109.2432319,23.0335927,184,handover
2144.859,T019,U01,318079.865,2545546.756,109.2249387,23.0083586,366.098,cruise
2145.0,T010,U03,318686.201,2545556.139,109.2308517,23.0085095,193.065,return
2145.47,T008,U06,320333.863,2547083.948,109.2467444,23.0224832,413.301,cruise
2145.56,T005,U07,319401.739,2547073.776,109.2376528,23.0222903,273.057,cruise
2145.901,T018,U04,319988.6,2548318.494,109.2432319,23.0335927,184,handover
2149.859,T019,U01,318019.872,2545545.827,109.2243537,23.0083436,366.098,cruise
2150.0,T010,U03,318686.201,2545556.139,109.2308517,23.0085095,180.565,return
2150.47,T008,U06,320388.858,2547134.943,109.2472749,23.0229495,413.301,cruise
2150.56,T005,U07,319433.723,2547141.614,109.2379569,23.0229063,273.057,cruise
2150.901,T018,U04,319988.6,2548318.494,109.2432319,23.0335927,184,handover
2154.859,T019,U01,317959.88,2545544.899,109.2237687,23.0083287,366.098,cruise
2155.0,T010,U03,318686.201,2545556.139,109.2308517,23.0085095,168.065,return
2155.47,T008,U06,320443.854,2547185.938,109.2478054,23.0234159,413.301,cruise
2155.56,T005,U07,319465.707,2547209.452,109.2382609,23.0235223,273.057,cruise
2155.901,T018,U04,319988.6,2548318.494,109.2432319,23.0335927,184,handover
2159.859,T019,U01,317899.887,2545543.97,109.2231836,23.0083137,366.098,cruise
2160.0,T010,U03,318686.201,2545556.139,109.2308517,23.0085095,155.565,return
2160.47,T008,U06,320498.849,2547236.933,109.248336,23.0238823,413.301,cruise
2160.56,T005,U07,319497.692,2547277.29,109.238565,23.0241383,273.057,cruise
2160.901,T018,U04,319988.6,2548318.494,109.2432319,23.0335927,188.278,return
2164.859,T019,U01,317839.894,2545543.042,109.2225986,23.0082988,366.098,cruise
2165.0,T010,U03,318686.201,2545556.139,109.2308517,23.0085095,143.065,return
2165.47,T008,U06,320553.845,2547287.928,109.2488665,23.0243487,413.301,cruise
2165.56,T005,U07,319529.676,2547345.128,109.238869,23.0247543,273.057,cruise
2165.901,T018,U04,319988.6,2548318.494,109.2432319,23.0335927,203.278,return
2169.859,T019,U01,317779.901,2545542.113,109.2220135,23.0082838,366.098,cruise
2170.0,T010,U03,318686.201,2545556.139,109.2308517,23.0085095,130.565,return
2170.47,T008,U06,320608.84,2547338.923,109.249397,23.0248151,413.301,cruise
2170.56,T005,U07,319561.66,2547412.966,109.2391731,23.0253703,273.057,cruise
2170.901,T018,U04,319988.6,2548318.494,109.2432319,23.0335927,218.278,return
2174.859,T019,U01,317719.908,2545541.185,109.2214285,23.0082689,366.098,cruise
2175.47,T008,U06,320663.836,2547389.918,109.2499276,23.0252814,413.301,cruise
2175.56,T005,U07,319593.645,2547480.804,109.2394771,23.0259862,273.057,cruise
2175.901,T018,U04,319988.6,2548318.494,109.2432319,23.0335927,233.278,return
2179.859,T019,U01,317659.916,2545540.256,109.2208434,23.0082539,366.098,cruise
2180.47,T008,U06,320718.831,2547440.913,109.2504581,23.0257478,413.301,cruise
2180.56,T005,U07,319625.629,2547548.642,109.2397812,23.0266022,273.057,cruise
2180.901,T018,U04,319988.6,2548318.494,109.2432319,23.0335927,248.278,return
2184.859,T019,U01,317599.923,2545539.328,109.2202584,23.0082389,366.098,cruise
2185.47,T008,U06,320773.827,2547491.908,109.2509887,23.0262142,413.301,cruise
2185.56,T005,U07,319657.614,2547616.481,109.2400852,23.0272182,273.057,cruise
2185.901,T018,U04,319988.6,2548318.494,109.2432319,23.0335927,263.278,return
2189.859,T019,U01,317539.93,2545538.4,109.2196733,23.008224,366.098,cruise
2190.47,T008,U06,320828.822,2547542.903,109.2515192,23.0266806,413.301,cruise
2190.56,T005,U07,319689.598,2547684.319,109.2403893,23.0278342,273.057,cruise
2190.901,T018,U04,319979.693,2548299.602,109.2431472,23.0334212,273.057,return
2194.859,T019,U01,317479.937,2545537.471,109.2190883,23.008209,366.098,cruise
2195.47,T008,U06,320883.818,2547593.898,109.2520498,23.0271469,413.301,cruise
2195.56,T005,U07,319721.582,2547752.157,109.2406934,23.0284502,273.057,cruise
2195.901,T018,U04,319954.105,2548245.332,109.2429039,23.0329284,273.057,return
2199.859,T019,U01,317419.944,2545536.543,109.2185033,23.008194,366.098,cruise
2200.47,T008,U06,320938.813,2547644.893,109.2525803,23.0276133,413.301,cruise
2200.56,T005,U07,319753.567,2547819.995,109.2409974,23.0290662,273.057,cruise
2200.901,T018,U04,319928.518,2548191.061,109.2426607,23.0324356,273.057,return
2204.859,T019,U01,317359.951,2545535.614,109.2179182,23.0081791,366.098,cruise
2205.47,T008,U06,320993.809,2547695.888,109.2531109,23.0280797,413.301,cruise
2205.56,T005,U07,319785.551,2547887.833,109.2413015,23.0296822,273.057,cruise
2205.901,T018,U04,319902.93,2548136.791,109.2424174,23.0319428,273.057,return
2209.859,T019,U01,317299.959,2545534.686,109.2173332,23.0081641,366.098,cruise
2210.47,T008,U06,321048.804,2547746.884,109.2536414,23.0285461,413.301,cruise
2210.56,T005,U07,319817.535,2547955.671,109.2416056,23.0302982,273.057,cruise
2210.901,T018,U04,319877.343,2548082.52,109.2421742,23.03145,273.057,return
2214.859,T019,U01,317239.966,2545533.757,109.2167481,23.0081491,366.098,cruise
2215.47,T008,U06,321103.8,2547797.879,109.254172,23.0290124,413.301,cruise
2215.56,T005,U07,319849.52,2548023.509,109.2419096,23.0309142,273.057,cruise
2215.901,T018,U04,319851.755,2548028.25,109.2419309,23.0309572,273.057,return
2219.859,T019,U01,317179.973,2545532.829,109.2161631,23.0081342,366.098,cruise
2220.47,T008,U06,321158.795,2547848.874,109.2547026,23.0294788,413.301,cruise
2220.56,T005,U07,319881.504,2548091.347,109.2422137,23.0315301,273.057,cruise
2220.901,T018,U04,319826.168,2547973.979,109.2416876,23.0304644,273.057,return
2224.859,T019,U01,317119.98,2545531.9,109.2155781,23.0081192,366.098,cruise
2225.47,T008,U06,321213.791,2547899.869,109.2552332,23.0299452,413.301,cruise
2225.56,T005,U07,319913.488,2548159.185,109.2425178,23.0321461,273.057,cruise
2225.901,T018,U04,319800.58,2547919.709,109.2414444,23.0299716,273.057,return
2229.859,T019,U01,317059.987,2545530.972,109.214993,23.0081042,366.098,cruise
2230.47,T008,U06,321268.786,2547950.864,109.2557637,23.0304115,413.301,cruise
2230.56,T005,U07,319945.473,2548227.023,109.2428219,23.0327621,273.057,cruise
2230.901,T018,U04,319774.993,2547865.439,109.2412011,23.0294788,273.057,return
2234.859,T019,U01,316999.995,2545530.043,109.214408,23.0080892,366.098,cruise
2235.47,T008,U06,321323.782,2548001.859,109.2562943,23.0308779,413.301,cruise
2235.56,T005,U07,319977.457,2548294.861,109.243126,23.0333781,273.057,cruise
2235.901,T018,U04,319749.405,2547811.168,109.2409579,23.028986,273.057,return
2239.859,T019,U01,316940.002,2545529.115,109.2138229,23.0080742,366.098,cruise
2240.47,T008,U06,321378.777,2548052.854,109.2568249,23.0313442,413.301,cruise
2240.56,T005,U07,319988.6,2548318.494,109.2432319,23.0335927,266.54,descent
2240.901,T018,U04,319723.818,2547756.898,109.2407146,23.0284933,273.057,return
2244.859,T019,U01,316880.009,2545528.187,109.2132379,23.0080592,366.098,cruise
2245.47,T008,U06,321433.772,2548103.849,109.2573555,23.0318106,413.301,cruise
2245.56,T005,U07,319988.6,2548318.494,109.2432319,23.0335927,256.54,descent
2245.901,T018,U04,319698.23,2547702.627,109.2404714,23.0280005,273.057,return
2249.859,T019,U01,316820.016,2545527.258,109.2126529,23.0080443,366.098,cruise
2250.47,T008,U06,321488.768,2548154.844,109.2578861,23.0322769,413.301,cruise
2250.56,T005,U07,319988.6,2548318.494,109.2432319,23.0335927,246.54,descent
2250.901,T018,U04,319672.643,2547648.357,109.2402281,23.0275077,273.057,return
2254.859,T019,U01,316760.023,2545526.33,109.2120678,23.0080293,366.098,cruise
2255.47,T008,U06,321543.763,2548205.839,109.2584167,23.0327433,413.301,cruise
2255.56,T005,U07,319988.6,2548318.494,109.2432319,23.0335927,236.54,descent
2255.901,T018,U04,319647.055,2547594.086,109.2399849,23.0270149,273.057,return
2259.752,T013,U05,318686.201,2545556.139,109.2308517,23.0085095,127.7,ascent
2259.859,T019,U01,316700.03,2545525.401,109.2114828,23.0080143,366.098,cruise
2260.47,T008,U06,321598.759,2548256.834,109.2589473,23.0332096,413.301,cruise
2260.56,T005,U07,319988.6,2548318.494,109.2432319,23.0335927,226.54,descent
2260.901,T018,U04,319621.468,2547539.816,109.2397416,23.0265221,273.057,return
2264.752,T013,U05,318686.201,2545556.139,109.2308517,23.0085095,142.7,ascent
2264.859,T019,U01,316640.038,2545524.473,109.2108977,23.0079993,366.098,cruise
2265.47,T008,U06,321653.754,2548307.829,109.2594779,23.033676,413.301,cruise
2265.56,T005,U07,319988.6,2548318.494,109.2432319,23.0335927,216.54,descent
2265.901,T018,U04,319595.88,2547485.546,109.2394984,23.0260293,273.057,return
2269.752,T013,U05,318686.201,2545556.139,109.2308517,23.0085095,157.7,ascent
2269.859,T019,U01,316580.045,2545523.544,109.2103127,23.0079843,366.098,cruise
2270.47,T008,U06,321708.75,2548358.824,109.2600085,23.0341423,413.301,cruise
2270.56,T005,U07,319988.6,2548318.494,109.2432319,23.0335927,206.54,descent
2270.901,T018,U04,319570.293,2547431.275,109.2392551,23.0255365,273.057,return
2274.752,T013,U05,318686.201,2545556.139,109.2308517,23.0085095,172.7,ascent
2274.859,T019,U01,316520.052,2545522.616,109.2097277,23.0079693,366.098,cruise
2275.47,T008,U06,321763.745,2548409.819,109.2605391,23.0346087,413.301,cruise
2275.56,T005,U07,319988.6,2548318.494,109.2432319,23.0335927,196.54,descent
2275.901,T018,U04,319544.705,2547377.005,109.2390119,23.0250437,273.057,return
2279.752,T013,U05,318686.201,2545556.139,109.2308517,23.0085095,187.7,ascent
2279.859,T019,U01,316460.059,2545521.687,109.2091426,23.0079543,366.098,cruise
2280.47,T008,U06,321818.741,2548460.814,109.2610697,23.035075,413.301,cruise
2280.56,T005,U07,319988.6,2548318.494,109.2432319,23.0335927,186.54,descent
2280.901,T018,U04,319519.118,2547322.734,109.2387686,23.0245509,273.057,return
2284.752,T013,U05,318686.201,2545556.139,109.2308517,23.0085095,202.7,ascent
2284.859,T019,U01,316400.066,2545520.759,109.2085576,23.0079393,366.098,cruise
2285.47,T008,U06,321873.736,2548511.809,109.2616004,23.0355414,413.301,cruise
2285.56,T005,U07,319988.6,2548318.494,109.2432319,23.0335927,184,handover
2285.901,T018,U04,319493.53,2547268.464,109.2385254,23.0240581,273.057,return
2289.752,T013,U05,318686.201,2545556.139,109.2308517,23.0085095,217.7,ascent
2289.859,T019,U01,316340.074,2545519.831,109.2079725,23.0079243,366.098,cruise
2290.47,T008,U06,321928.732,2548562.804,109.262131,23.0360077,413.301,cruise
2290.56,T005,U07,319988.6,2548318.494,109.2432319,23.0335927,184,handover
2290.901,T018,U04,319467.943,2547214.193,109.2382822,23.0235653,273.057,return
2294.752,T013,U05,318686.201,2545556.139,109.2308517,23.0085095,232.7,ascent
2294.859,T019,U01,316280.081,2545518.902,109.2073875,23.0079093,366.098,cruise
2295.47,T008,U06,321983.727,2548613.799,109.2626616,23.0364741,413.301,cruise
2295.56,T005,U07,319988.6,2548318.494,109.2432319,23.0335927,184,handover
2295.901,T018,U04,319442.355,2547159.923,109.2380389,23.0230725,273.057,return
2299.752,T013,U05,318686.201,2545556.139,109.2308517,23.0085095,247.7,ascent
2299.859,T019,U01,316220.088,2545517.974,109.2068025,23.0078943,366.098,cruise
2300.47,T008,U06,322038.723,2548664.795,109.2631922,23.0369404,413.301,cruise
2300.56,T005,U07,319988.6,2548318.494,109.2432319,23.0335927,184,handover
2300.901,T018,U04,319416.768,2547105.653,109.2377957,23.0225797,273.057,return
2304.752,T013,U05,318686.201,2545556.139,109.2308517,23.0085095,262.7,ascent
2304.859,T019,U01,316160.095,2545517.045,109.2062174,23.0078792,366.098,cruise
2305.47,T008,U06,322093.718,2548715.79,109.2637229,23.0374067,413.301,cruise
2305.56,T005,U07,319988.6,2548318.494,109.2432319,23.0335927,184,handover
2305.901,T018,U04,319391.18,2547051.382,109.2375525,23.0220869,273.057,return
2309.752,T013,U05,318686.201,2545556.139,109.2308517,23.0085095,277.7,ascent
2309.859,T019,U01,316100.102,2545516.117,109.2056324,23.0078642,366.098,cruise
2310.47,T008,U06,322148.714,2548766.785,109.2642535,23.0378731,413.301,cruise
2310.56,T005,U07,319988.6,2548318.494,109.2432319,23.0335927,184,handover
2310.901,T018,U04,319365.593,2546997.112,109.2373092,23.0215942,273.057,return
2314.752,T013,U05,318686.201,2545556.139,109.2308517,23.0085095,292.7,ascent
2314.859,T019,U01,316040.11,2545515.188,109.2050474,23.0078492,366.098,cruise
2315.47,T008,U06,322203.709,2548817.78,109.2647842,23.0383394,413.301,cruise
2315.56,T005,U07,319988.6,2548318.494,109.2432319,23.0335927,184,handover
2315.901,T018,U04,319340.005,2546942.841,109.237066,23.0211014,273.057,return
2319.752,T013,U05,318663.211,2545613.387,109.2306207,23.0090239,295.362,cruise
2319.859,T019,U01,315980.117,2545514.26,109.2044623,23.0078342,366.098,cruise
2320.47,T008,U06,322258.705,2548868.775,109.2653148,23.0388057,413.301,cruise
2320.56,T005,U07,319988.6,2548318.494,109.2432319,23.0335927,184,handover
2320.901,T018,U04,319314.418,2546888.571,109.2368228,23.0206086,273.057,return
2324.752,T013,U05,318635.26,2545682.984,109.2303399,23.0096492,295.362,cruise
2324.859,T019,U01,315920.124,2545513.331,109.2038773,23.0078192,366.098,cruise
2325.47,T008,U06,322313.7,2548919.77,109.2658455,23.0392721,413.301,cruise
2325.56,T005,U07,319988.6,2548318.494,109.2432319,23.0335927,184,handover
2325.901,T018,U04,319288.83,2546834.3,109.2365796,23.0201158,273.057,return
2329.752,T013,U05,318607.31,2545752.581,109.2300591,23.0102746,295.362,cruise
2329.859,T019,U01,315860.131,2545512.403,109.2032923,23.0078041,366.098,cruise
2330.47,T008,U06,322368.696,2548970.765,109.2663761,23.0397384,413.301,cruise
2330.56,T005,U07,319988.6,2548318.494,109.2432319,23.0335927,184,handover
2330.901,T018,U04,319263.243,2546780.03,109.2363363,23.019623,273.057,return
2334.752,T013,U05,318579.36,2545822.178,109.2297782,23.0108999,295.362,cruise
2334.859,T019,U01,315800.138,2545511.474,109.2027072,23.0077891,366.098,cruise
2335.47,T008,U06,322423.691,2549021.76,109.2669068,23.0402047,413.301,cruise
2335.56,T005,U07,319988.6,2548318.494,109.2432319,23.0335927,184,handover
2335.901,T018,U04,319237.655,2546725.759,109.2360931,23.0191302,273.057,return
2339.752,T013,U05,318551.409,2545891.776,109.2294974,23.0115253,295.362,cruise
2339.859,T019,U01,315740.145,2545510.546,109.2021222,23.0077741,366.098,cruise
2340.47,T008,U06,322478.687,2549072.755,109.2674374,23.0406711,413.301,cruise
2340.56,T005,U07,319988.6,2548318.494,109.2432319,23.0335927,184,handover
2340.901,T018,U04,319212.068,2546671.489,109.2358499,23.0186374,273.057,return
2344.752,T013,U05,318523.459,2545961.373,109.2292166,23.0121506,295.362,cruise
2344.859,T019,U01,315680.153,2545509.618,109.2015372,23.0077591,366.098,cruise
2345.47,T008,U06,322533.682,2549123.75,109.2679681,23.0411374,413.301,cruise
2345.56,T005,U07,319988.6,2548318.494,109.2432319,23.0335927,184,handover
2345.901,T018,U04,319186.48,2546617.219,109.2356067,23.0181446,273.057,return
2349.752,T013,U05,318495.509,2546030.97,109.2289357,23.012776,295.362,cruise
2349.859,T019,U01,315620.16,2545508.689,109.2009521,23.007744,366.098,cruise
2350.47,T008,U06,322588.678,2549174.745,109.2684988,23.0416037,413.301,cruise
2350.56,T005,U07,319988.6,2548318.494,109.2432319,23.0335927,184,handover
2350.901,T018,U04,319160.893,2546562.948,109.2353635,23.0176518,273.057,return
2354.752,T013,U05,318467.559,2546100.567,109.2286549,23.0134013,295.362,cruise
2354.859,T019,U01,315560.167,2545507.761,109.2003671,23.007729,366.098,cruise
2355.47,T008,U06,322643.673,2549225.74,109.2690294,23.04207,413.301,cruise
2355.56,T005,U07,319988.6,2548318.494,109.2432319,23.0335927,184,handover
2355.901,T018,U04,319135.305,2546508.678,109.2351203,23.017159,273.057,return
2359.752,T013,U05,318439.608,2546170.165,109.2283741,23.0140267,295.362,cruise
2359.859,T019,U01,315500.332,2545506.835,109.1997836,23.007714,366.065,descent
2360.47,T008,U06,322698.669,2549276.735,109.2695601,23.0425364,413.301,cruise
2360.56,T005,U07,319988.6,2548318.494,109.2432319,23.0335927,184,handover
2360.901,T018,U04,319109.718,2546454.407,109.234877,23.0166662,273.057,return
2364.752,T013,U05,318411.658,2546239.762,109.2280932,23.014652,295.362,cruise
2364.859,T019,U01,315500.332,2545506.835,109.1997836,23.007714,353.565,descent
2365.47,T008,U06,322753.664,2549327.73,109.2700908,23.0430027,413.301,cruise
2365.56,T005,U07,319988.6,2548318.494,109.2432319,23.0335927,184,handover
2365.901,T018,U04,319084.13,2546400.137,109.2346338,23.0161734,273.057,return
2369.752,T013,U05,318383.708,2546309.359,109.2278124,23.0152774,295.362,cruise
2369.859,T019,U01,315500.332,2545506.835,109.1997836,23.007714,341.065,descent
2370.47,T008,U06,322808.66,2549378.725,109.2706215,23.043469,413.301,cruise
2370.56,T005,U07,319988.6,2548318.494,109.2432319,23.0335927,184,handover
2370.901,T018,U04,319058.543,2546345.866,109.2343906,23.0156806,273.057,return
2374.752,T013,U05,318355.757,2546378.956,109.2275315,23.0159027,295.362,cruise
2374.859,T019,U01,315500.332,2545506.835,109.1997836,23.007714,328.565,descent
2375.47,T008,U06,322863.655,2549429.72,109.2711522,23.0439353,413.301,cruise
2375.56,T005,U07,319988.6,2548318.494,109.2432319,23.0335927,184,handover
2375.901,T018,U04,319032.955,2546291.596,109.2341474,23.0151878,273.057,return
2379.752,T013,U05,318327.807,2546448.554,109.2272507,23.0165281,295.362,cruise
2379.859,T019,U01,315500.332,2545506.835,109.1997836,23.007714,316.065,descent
2380.47,T008,U06,322918.651,2549480.715,109.2716828,23.0444016,413.301,cruise
2380.56,T005,U07,319988.6,2548318.494,109.2432319,23.0335927,184,handover
2380.901,T018,U04,319007.368,2546237.326,109.2339042,23.014695,273.057,return
2384.752,T013,U05,318299.857,2546518.151,109.2269698,23.0171534,295.362,cruise
2384.859,T019,U01,315500.332,2545506.835,109.1997836,23.007714,314.8,handover
2385.47,T008,U06,322973.646,2549531.71,109.2722135,23.0448679,413.301,cruise
2385.56,T005,U07,319988.6,2548318.494,109.2432319,23.0335927,184,handover
2385.901,T018,U04,318981.78,2546183.055,109.233661,23.0142022,273.057,return
2387.575,T007,U08,318686.201,2545556.139,109.2308517,23.0085095,127.7,ascent
2389.752,T013,U05,318271.906,2546587.748,109.226689,23.0177788,295.362,cruise
2389.859,T019,U01,315500.332,2545506.835,109.1997836,23.007714,314.8,handover
2390.47,T008,U06,323028.642,2549582.706,109.2727442,23.0453342,413.301,cruise
2390.56,T005,U07,319988.6,2548318.494,109.2432319,23.0335927,184,handover
2390.901,T018,U04,318956.193,2546128.785,109.2334178,23.0137094,273.057,return
2392.575,T007,U08,318686.201,2545556.139,109.2308517,23.0085095,140.2,ascent
2394.752,T013,U05,318243.956,2546657.346,109.2264081,23.0184041,295.362,cruise
2394.859,T019,U01,315500.332,2545506.835,109.1997836,23.007714,314.8,handover
2395.47,T008,U06,323083.637,2549633.701,109.2732749,23.0458006,413.301,cruise
2395.56,T005,U07,319988.6,2548318.494,109.2432319,23.0335927,184,handover
2395.901,T018,U04,318930.605,2546074.514,109.2331746,23.0132166,273.057,return
2397.575,T007,U08,318686.201,2545556.139,109.2308517,23.0085095,152.7,ascent
2399.752,T013,U05,318216.006,2546726.943,109.2261272,23.0190295,295.362,cruise
2399.859,T019,U01,315500.332,2545506.835,109.1997836,23.007714,314.8,handover
2400.47,T008,U06,323138.633,2549684.696,109.2738056,23.0462669,413.301,cruise
2400.56,T005,U07,319988.6,2548318.494,109.2432319,23.0335927,184,handover
2400.901,T018,U04,318905.018,2546020.244,109.2329314,23.0127238,273.057,return
2402.575,T007,U08,318686.201,2545556.139,109.2308517,23.0085095,165.2,ascent
2404.752,T013,U05,318188.055,2546796.54,109.2258464,23.0196548,295.362,cruise
2404.859,T019,U01,315500.332,2545506.835,109.1997836,23.007714,314.8,handover
2405.47,T008,U06,323193.628,2549735.691,109.2743364,23.0467332,413.301,cruise
2405.56,T005,U07,319988.6,2548318.494,109.2432319,23.0335927,184,handover
2405.901,T018,U04,318879.43,2545965.973,109.2326882,23.012231,273.057,return
2407.575,T007,U08,318686.201,2545556.139,109.2308517,23.0085095,177.7,ascent
2409.752,T013,U05,318160.105,2546866.137,109.2255655,23.0202801,295.362,cruise
2409.859,T019,U01,315500.332,2545506.835,109.1997836,23.007714,314.8,handover
2410.47,T008,U06,323248.624,2549786.686,109.2748671,23.0471995,413.301,cruise
2410.56,T005,U07,319988.6,2548318.494,109.2432319,23.0335927,184,handover
2410.901,T018,U04,318853.843,2545911.703,109.232445,23.0117382,273.057,return
2412.575,T007,U08,318686.201,2545556.139,109.2308517,23.0085095,190.2,ascent
2414.752,T013,U05,318132.155,2546935.735,109.2252846,23.0209055,295.362,cruise
2414.859,T019,U01,315500.332,2545506.835,109.1997836,23.007714,314.8,handover
2415.47,T008,U06,323303.619,2549837.681,109.2753978,23.0476658,413.301,cruise
2415.56,T005,U07,319988.6,2548318.494,109.2432319,23.0335927,184,handover
2415.901,T018,U04,318828.255,2545857.432,109.2322018,23.0112454,273.057,return
2417.575,T007,U08,318686.201,2545556.139,109.2308517,23.0085095,202.7,ascent
2419.752,T013,U05,318104.204,2547005.332,109.2250038,23.0215308,295.362,cruise
2419.859,T019,U01,315500.332,2545506.835,109.1997836,23.007714,314.8,handover
2420.47,T008,U06,323358.615,2549888.676,109.2759285,23.0481321,413.301,cruise
2420.56,T005,U07,319988.6,2548318.494,109.2432319,23.0335927,184,handover
2420.901,T018,U04,318802.668,2545803.162,109.2319586,23.0107526,273.057,return
2422.575,T007,U08,318686.201,2545556.139,109.2308517,23.0085095,215.2,ascent
2424.752,T013,U05,318076.254,2547074.929,109.2247229,23.0221562,295.362,cruise
2424.859,T019,U01,315500.332,2545506.835,109.1997836,23.007714,314.8,handover
2425.47,T008,U06,323413.61,2549939.671,109.2764592,23.0485984,413.301,cruise
2425.56,T005,U07,319988.6,2548318.494,109.2432319,23.0335927,184,handover
2425.901,T018,U04,318777.08,2545748.892,109.2317154,23.0102598,273.057,return
2427.575,T007,U08,318686.201,2545556.139,109.2308517,23.0085095,227.7,ascent
2429.752,T013,U05,318048.304,2547144.526,109.224442,23.0227815,295.362,cruise
2429.859,T019,U01,315500.332,2545506.835,109.1997836,23.007714,314.8,handover
2430.47,T008,U06,323468.606,2549990.666,109.2769899,23.0490647,413.301,cruise
2430.56,T005,U07,319988.6,2548318.494,109.2432319,23.0335927,184,handover
2430.901,T018,U04,318751.493,2545694.621,109.2314722,23.009767,273.057,return
2432.575,T007,U08,318686.201,2545556.139,109.2308517,23.0085095,240.2,ascent
2434.752,T013,U05,318020.353,2547214.124,109.2241611,23.0234068,295.362,cruise
2434.859,T019,U01,315500.332,2545506.835,109.1997836,23.007714,314.8,handover
2435.47,T008,U06,323523.601,2550041.661,109.2775207,23.049531,413.301,cruise
2435.56,T005,U07,319988.6,2548318.494,109.2432319,23.0335927,184,handover
2435.901,T018,U04,318725.905,2545640.351,109.2312291,23.0092742,273.057,return
2437.575,T007,U08,318686.201,2545556.139,109.2308517,23.0085095,252.7,ascent
2439.752,T013,U05,317992.403,2547283.721,109.2238803,23.0240322,295.362,cruise
2439.859,T019,U01,315500.332,2545506.835,109.1997836,23.007714,314.8,handover
2440.47,T008,U06,323578.597,2550092.656,109.2780514,23.0499973,413.301,cruise
2440.56,T005,U07,319988.6,2548318.494,109.2432319,23.0335927,184,handover
2440.901,T018,U04,318700.318,2545586.08,109.2309859,23.0087814,273.057,return
2442.575,T007,U08,318686.201,2545556.139,109.2308517,23.0085095,265.2,ascent
2444.752,T013,U05,317964.453,2547353.318,109.2235994,23.0246575,295.362,cruise
2444.859,T019,U01,315500.332,2545506.835,109.1997836,23.007714,314.8,handover
2445.47,T008,U06,323633.592,2550143.651,109.2785822,23.0504636,413.301,cruise
2445.56,T005,U07,319988.6,2548318.494,109.2432319,23.0335927,184,handover
2445.901,T018,U04,318686.201,2545556.139,109.2308517,23.0085095,267.453,return
2447.575,T007,U08,318686.201,2545556.139,109.2308517,23.0085095,277.7,ascent
2449.752,T013,U05,317936.503,2547422.916,109.2233185,23.0252829,295.362,cruise
2449.859,T019,U01,315500.332,2545506.835,109.1997836,23.007714,314.8,handover
2450.47,T008,U06,323688.588,2550194.646,109.2791129,23.0509299,413.301,cruise
2450.56,T005,U07,319988.6,2548318.494,109.2432319,23.0335927,184,handover
2450.901,T018,U04,318686.201,2545556.139,109.2308517,23.0085095,254.953,return
2452.575,T007,U08,318686.201,2545556.139,109.2308517,23.0085095,290.2,ascent
2454.752,T013,U05,317908.552,2547492.513,109.2230376,23.0259082,295.362,cruise
2454.859,T019,U01,315500.332,2545506.835,109.1997836,23.007714,314.8,handover
2455.47,T008,U06,323743.583,2550245.641,109.2796436,23.0513961,413.301,cruise
2455.56,T005,U07,319988.6,2548318.494,109.2432319,23.0335927,184,handover
2455.901,T018,U04,318686.201,2545556.139,109.2308517,23.0085095,242.453,return
2457.575,T007,U08,318686.201,2545556.139,109.2308517,23.0085095,302.7,ascent
2459.752,T013,U05,317880.602,2547562.11,109.2227567,23.0265335,295.362,cruise
2459.859,T019,U01,315500.332,2545506.835,109.1997836,23.007714,314.8,handover
2460.47,T008,U06,323798.579,2550296.636,109.2801744,23.0518624,413.301,cruise
2460.56,T005,U07,319988.6,2548318.494,109.2432319,23.0335927,184,handover
2460.901,T018,U04,318686.201,2545556.139,109.2308517,23.0085095,229.953,return
2462.575,T007,U08,318700.971,2545590.581,109.2309917,23.0088221,308.954,cruise
2464.752,T013,U05,317852.652,2547631.707,109.2224758,23.0271589,295.362,cruise
2464.859,T019,U01,315500.332,2545506.835,109.1997836,23.007714,314.8,handover
2465.47,T008,U06,323853.574,2550347.631,109.2807051,23.0523287,413.301,cruise
2465.56,T005,U07,319988.6,2548318.494,109.2432319,23.0335927,184,handover
2465.901,T018,U04,318686.201,2545556.139,109.2308517,23.0085095,217.453,return
2467.575,T007,U08,318730.53,2545659.51,109.2312719,23.0094477,308.954,cruise
2469.752,T013,U05,317824.701,2547701.305,109.2221949,23.0277842,295.362,cruise
2469.859,T019,U01,315500.332,2545506.835,109.1997836,23.007714,314.8,handover
2470.47,T008,U06,323908.57,2550398.626,109.2812359,23.052795,413.301,cruise
2470.56,T005,U07,319988.6,2548318.494,109.2432319,23.0335927,184,handover
2470.901,T018,U04,318686.201,2545556.139,109.2308517,23.0085095,204.953,return
2472.575,T007,U08,318760.089,2545728.439,109.2315521,23.0100733,308.954,cruise
2474.752,T013,U05,317796.751,2547770.902,109.221914,23.0284095,295.362,cruise
2474.859,T019,U01,315500.332,2545506.835,109.1997836,23.007714,314.8,handover
2475.47,T008,U06,323963.565,2550449.621,109.2817667,23.0532613,413.301,cruise
2475.56,T005,U07,319988.6,2548318.494,109.2432319,23.0335927,184,handover
2475.901,T018,U04,318686.201,2545556.139,109.2308517,23.0085095,192.453,return
2477.575,T007,U08,318789.648,2545797.369,109.2318323,23.0106989,308.954,cruise
2479.752,T013,U05,317768.801,2547840.499,109.2216331,23.0290349,295.362,cruise
2479.859,T019,U01,315500.332,2545506.835,109.1997836,23.007714,314.8,handover
2480.47,T008,U06,324018.561,2550500.617,109.2822974,23.0537276,413.301,cruise
2480.56,T005,U07,319988.6,2548318.494,109.2432319,23.0335927,184,handover
2480.901,T018,U04,318686.201,2545556.139,109.2308517,23.0085095,179.953,return
2481.35,T020,U02,318686.201,2545556.139,109.2308517,23.0085095,127.7,ascent
2482.575,T007,U08,318819.208,2545866.298,109.2321125,23.0113245,308.954,cruise
2484.752,T013,U05,317740.85,2547910.096,109.2213522,23.0296602,295.362,cruise
2484.859,T019,U01,315500.332,2545506.835,109.1997836,23.007714,314.8,handover
2485.47,T008,U06,324073.556,2550551.612,109.2828282,23.0541938,413.301,cruise
2485.56,T005,U07,319988.6,2548318.494,109.2432319,23.0335927,184,handover
2485.901,T018,U04,318686.201,2545556.139,109.2308517,23.0085095,167.453,return
2486.35,T020,U02,318686.201,2545556.139,109.2308517,23.0085095,142.7,ascent
2487.575,T007,U08,318848.767,2545935.227,109.2323927,23.01195,308.954,cruise
2489.752,T013,U05,317712.9,2547979.694,109.2210713,23.0302855,295.362,cruise
2489.859,T019,U01,315500.332,2545506.835,109.1997836,23.007714,314.8,handover
2490.47,T008,U06,324105.419,2550581.157,109.2831357,23.054464,408.043,descent
2490.56,T005,U07,319988.6,2548318.494,109.2432319,23.0335927,184,handover
2490.901,T018,U04,318686.201,2545556.139,109.2308517,23.0085095,154.953,return
2491.35,T020,U02,318686.201,2545556.139,109.2308517,23.0085095,157.7,ascent
2492.575,T007,U08,318878.326,2546004.157,109.2326729,23.0125756,308.954,cruise
2494.752,T013,U05,317684.95,2548049.291,109.2207903,23.0309108,295.362,cruise
2494.859,T019,U01,315500.332,2545506.835,109.1997836,23.007714,314.8,handover
2495.47,T008,U06,324105.419,2550581.157,109.2831357,23.054464,395.543,descent
2495.56,T005,U07,319988.6,2548318.494,109.2432319,23.0335927,184,handover
2495.901,T018,U04,318686.201,2545556.139,109.2308517,23.0085095,142.453,return
2496.35,T020,U02,318686.201,2545556.139,109.2308517,23.0085095,172.7,ascent
2497.575,T007,U08,318907.885,2546073.086,109.2329532,23.0132012,308.954,cruise
2499.752,T013,U05,317656.999,2548118.888,109.2205094,23.0315362,295.362,cruise
2499.859,T019,U01,315500.332,2545506.835,109.1997836,23.007714,314.8,handover
2500.47,T008,U06,324105.419,2550581.157,109.2831357,23.054464,383.043,descent
2500.56,T005,U07,319988.6,2548318.494,109.2432319,23.0335927,184,handover
2500.901,T018,U04,318686.201,2545556.139,109.2308517,23.0085095,129.953,return
2501.35,T020,U02,318686.201,2545556.139,109.2308517,23.0085095,187.7,ascent
2502.575,T007,U08,318937.444,2546142.015,109.2332334,23.0138268,308.954,cruise
2504.752,T013,U05,317639.705,2548161.952,109.2203356,23.0319231,290.596,descent
2504.859,T019,U01,315500.332,2545506.835,109.1997836,23.007714,314.8,handover
2505.47,T008,U06,324105.419,2550581.157,109.2831357,23.054464,370.543,descent
2505.56,T005,U07,319988.6,2548318.494,109.2432319,23.0335927,184,handover
2506.35,T020,U02,318686.201,2545556.139,109.2308517,23.0085095,202.7,ascent
2507.575,T007,U08,318967.004,2546210.945,109.2335136,23.0144524,308.954,cruise
2509.752,T013,U05,317639.705,2548161.952,109.2203356,23.0319231,278.096,descent
2509.859,T019,U01,315500.332,2545506.835,109.1997836,23.007714,314.8,handover
2510.47,T008,U06,324105.419,2550581.157,109.2831357,23.054464,358.043,descent
2510.56,T005,U07,319988.6,2548318.494,109.2432319,23.0335927,184,handover
2511.35,T020,U02,318686.201,2545556.139,109.2308517,23.0085095,217.7,ascent
2512.575,T007,U08,318996.563,2546279.874,109.2337938,23.015078,308.954,cruise
2514.752,T013,U05,317639.705,2548161.952,109.2203356,23.0319231,265.596,descent
2514.859,T019,U01,315500.332,2545506.835,109.1997836,23.007714,314.8,handover
2515.47,T008,U06,324105.419,2550581.157,109.2831357,23.054464,345.543,descent
2515.56,T005,U07,319988.6,2548318.494,109.2432319,23.0335927,184,handover
2516.35,T020,U02,318686.201,2545556.139,109.2308517,23.0085095,232.7,ascent
2517.575,T007,U08,319026.122,2546348.803,109.234074,23.0157036,308.954,cruise
2519.752,T013,U05,317639.705,2548161.952,109.2203356,23.0319231,253.096,descent
2519.859,T019,U01,315500.332,2545506.835,109.1997836,23.007714,314.8,handover
2520.47,T008,U06,324105.419,2550581.157,109.2831357,23.054464,333.043,descent
2520.56,T005,U07,319988.6,2548318.494,109.2432319,23.0335927,184,handover
2521.35,T020,U02,318686.201,2545556.139,109.2308517,23.0085095,247.7,ascent
2522.575,T007,U08,319055.681,2546417.733,109.2343543,23.0163292,308.954,cruise
2524.752,T013,U05,317639.705,2548161.952,109.2203356,23.0319231,240.596,descent
2524.859,T019,U01,315500.332,2545506.835,109.1997836,23.007714,314.8,handover
2525.47,T008,U06,324105.419,2550581.157,109.2831357,23.054464,320.543,descent
2525.56,T005,U07,319988.6,2548318.494,109.2432319,23.0335927,184,handover
2526.35,T020,U02,318686.201,2545556.139,109.2308517,23.0085095,262.7,ascent
2527.575,T007,U08,319085.241,2546486.662,109.2346345,23.0169548,308.954,cruise
2529.752,T013,U05,317639.705,2548161.952,109.2203356,23.0319231,228.096,descent
2529.859,T019,U01,315500.332,2545506.835,109.1997836,23.007714,314.8,handover
2530.47,T008,U06,324105.419,2550581.157,109.2831357,23.054464,308.043,descent
2530.56,T005,U07,319988.6,2548318.494,109.2432319,23.0335927,184,handover
2531.35,T020,U02,318694.122,2545572.939,109.230927,23.0086621,273.057,cruise
2532.575,T007,U08,319114.8,2546555.591,109.2349147,23.0175803,308.954,cruise
2534.752,T013,U05,317639.705,2548161.952,109.2203356,23.0319231,215.596,descent
2534.859,T019,U01,315500.332,2545506.835,109.1997836,23.007714,314.8,handover
2535.47,T008,U06,324105.419,2550581.157,109.2831357,23.054464,295.543,descent
2535.56,T005,U07,319988.6,2548318.494,109.2432319,23.0335927,184,handover
2536.35,T020,U02,318719.71,2545627.21,109.2311702,23.0091549,273.057,cruise
2537.575,T007,U08,319144.359,2546624.521,109.235195,23.0182059,308.954,cruise
2539.752,T013,U05,317639.705,2548161.952,109.2203356,23.0319231,212.1,handover
2539.859,T019,U01,315500.332,2545506.835,109.1997836,23.007714,314.8,handover
2540.47,T008,U06,324105.419,2550581.157,109.2831357,23.054464,283.043,descent
2540.56,T005,U07,319988.6,2548318.494,109.2432319,23.0335927,184,handover
2541.35,T020,U02,318745.297,2545681.48,109.2314134,23.0096477,273.057,cruise
2542.575,T007,U08,319173.918,2546693.45,109.2354752,23.0188315,308.954,cruise
2544.752,T013,U05,317639.705,2548161.952,109.2203356,23.0319231,212.1,handover
2544.859,T019,U01,315500.332,2545506.835,109.1997836,23.007714,314.8,handover
2545.47,T008,U06,324105.419,2550581.157,109.2831357,23.054464,279.8,handover
2545.56,T005,U07,319988.6,2548318.494,109.2432319,23.0335927,184,handover
2546.35,T020,U02,318770.885,2545735.751,109.2316565,23.0101405,273.057,cruise
2547.575,T007,U08,319203.477,2546762.379,109.2357554,23.0194571,308.954,cruise
2549.752,T013,U05,317639.705,2548161.952,109.2203356,23.0319231,212.1,handover
2549.859,T019,U01,315500.332,2545506.835,109.1997836,23.007714,314.8,handover
2550.47,T008,U06,324105.419,2550581.157,109.2831357,23.054464,279.8,handover
2550.56,T005,U07,319988.6,2548318.494,109.2432319,23.0335927,184,handover
2551.35,T020,U02,318796.472,2545790.021,109.2318997,23.0106333,273.057,cruise
2552.575,T007,U08,319233.037,2546831.309,109.2360357,23.0200827,308.954,cruise
2554.752,T013,U05,317639.705,2548161.952,109.2203356,23.0319231,212.1,handover
2554.859,T019,U01,315500.332,2545506.835,109.1997836,23.007714,314.8,handover
2555.47,T008,U06,324105.419,2550581.157,109.2831357,23.054464,279.8,handover
2555.56,T005,U07,319988.6,2548318.494,109.2432319,23.0335927,184,handover
2556.35,T020,U02,318822.06,2545844.291,109.2321429,23.0111261,273.057,cruise
2557.575,T007,U08,319262.596,2546900.238,109.2363159,23.0207083,308.954,cruise
2559.752,T013,U05,317639.705,2548161.952,109.2203356,23.0319231,212.1,handover
2559.859,T019,U01,315500.332,2545506.835,109.1997836,23.007714,314.8,handover
2560.47,T008,U06,324105.419,2550581.157,109.2831357,23.054464,279.8,handover
2560.56,T005,U07,319988.6,2548318.494,109.2432319,23.0335927,184,handover
2561.35,T020,U02,318847.647,2545898.562,109.2323861,23.0116189,273.057,cruise
2562.575,T007,U08,319292.155,2546969.167,109.2365962,23.0213339,308.954,cruise
2564.752,T013,U05,317639.705,2548161.952,109.2203356,23.0319231,212.1,handover
2564.859,T019,U01,315500.332,2545506.835,109.1997836,23.007714,328.282,ascent
2565.47,T008,U06,324105.419,2550581.157,109.2831357,23.054464,279.8,handover
2565.56,T005,U07,319988.6,2548318.494,109.2432319,23.0335927,184,handover
2566.35,T020,U02,318873.235,2545952.832,109.2326293,23.0121117,273.057,cruise
2567.575,T007,U08,319321.714,2547038.097,109.2368764,23.0219594,308.954,cruise
2569.752,T013,U05,317639.705,2548161.952,109.2203356,23.0319231,212.1,handover
2569.859,T019,U01,315500.332,2545506.835,109.1997836,23.007714,343.282,ascent
2570.47,T008,U06,324105.419,2550581.157,109.2831357,23.054464,279.8,handover
2570.56,T005,U07,319988.6,2548318.494,109.2432319,23.0335927,184,handover
2571.35,T020,U02,318898.822,2546007.103,109.2328725,23.0126045,273.057,cruise
2572.575,T007,U08,319351.273,2547107.026,109.2371567,23.022585,308.954,cruise
2574.752,T013,U05,317639.705,2548161.952,109.2203356,23.0319231,212.1,handover
2574.859,T019,U01,315500.332,2545506.835,109.1997836,23.007714,358.282,ascent
2575.47,T008,U06,324105.419,2550581.157,109.2831357,23.054464,279.8,handover
2575.56,T005,U07,319988.6,2548318.494,109.2432319,23.0335927,184,handover
2576.35,T020,U02,318924.41,2546061.373,109.2331157,23.0130973,273.057,cruise
2577.575,T007,U08,319380.833,2547175.955,109.2374369,23.0232106,308.954,cruise
2579.752,T013,U05,317639.705,2548161.952,109.2203356,23.0319231,212.1,handover
2579.859,T019,U01,315500.332,2545506.835,109.1997836,23.007714,373.282,ascent
2580.47,T008,U06,324105.419,2550581.157,109.2831357,23.054464,279.8,handover
2580.56,T005,U07,319988.6,2548318.494,109.2432319,23.0335927,184,handover
2581.35,T020,U02,318949.997,2546115.644,109.2333589,23.0135901,273.057,cruise
2582.575,T007,U08,319410.392,2547244.885,109.2377172,23.0238362,308.954,cruise
2584.752,T013,U05,317639.705,2548161.952,109.2203356,23.0319231,212.1,handover
2584.859,T019,U01,315500.332,2545506.835,109.1997836,23.007714,388.282,ascent
2585.47,T008,U06,324105.419,2550581.157,109.2831357,23.054464,279.8,handover
2585.56,T005,U07,319988.6,2548318.494,109.2432319,23.0335927,184,handover
2586.35,T020,U02,318975.585,2546169.914,109.2336021,23.0140829,273.057,cruise
2587.575,T007,U08,319439.951,2547313.814,109.2379974,23.0244618,308.954,cruise
2589.752,T013,U05,317639.705,2548161.952,109.2203356,23.0319231,212.1,handover
2589.859,T019,U01,315500.332,2545506.835,109.1997836,23.007714,403.282,ascent
2590.47,T008,U06,324105.419,2550581.157,109.2831357,23.054464,279.8,handover
2590.56,T005,U07,319988.6,2548318.494,109.2432319,23.0335927,184,handover
2591.35,T020,U02,319001.172,2546224.184,109.2338453,23.0145757,273.057,cruise
2592.575,T007,U08,319469.51,2547382.743,109.2382777,23.0250874,308.954,cruise
2594.752,T013,U05,317639.705,2548161.952,109.2203356,23.0319231,212.1,handover
2594.859,T019,U01,315500.332,2545506.835,109.1997836,23.007714,418.282,ascent
2595.47,T008,U06,324105.419,2550581.157,109.2831357,23.054464,279.8,handover
2595.56,T005,U07,319988.6,2548318.494,109.2432319,23.0335927,184,handover
2596.35,T020,U02,319026.76,2546278.455,109.2340885,23.0150685,273.057,cruise
2597.575,T007,U08,319499.069,2547451.673,109.2385579,23.0257129,308.954,cruise
2599.752,T013,U05,317639.705,2548161.952,109.2203356,23.0319231,212.1,handover
2599.859,T019,U01,315500.332,2545506.835,109.1997836,23.007714,433.282,ascent
2600.47,T008,U06,324105.419,2550581.157,109.2831357,23.054464,279.8,handover
2600.56,T005,U07,319988.6,2548318.494,109.2432319,23.0335927,184,handover
2601.35,T020,U02,319052.347,2546332.725,109.2343317,23.0155613,273.057,cruise
2602.575,T007,U08,319528.629,2547520.602,109.2388382,23.0263385,308.954,cruise
2604.752,T013,U05,317639.705,2548161.952,109.2203356,23.0319231,212.1,handover
2604.859,T019,U01,315500.332,2545506.835,109.1997836,23.007714,448.282,ascent
2605.47,T008,U06,324105.419,2550581.157,109.2831357,23.054464,279.8,handover
2605.56,T005,U07,319988.6,2548318.494,109.2432319,23.0335927,184,handover
2606.35,T020,U02,319077.935,2546386.996,109.2345749,23.0160541,273.057,cruise
2607.575,T007,U08,319558.188,2547589.531,109.2391185,23.0269641,308.954,cruise
2609.752,T013,U05,317639.705,2548161.952,109.2203356,23.0319231,212.1,handover
2609.859,T019,U01,315500.332,2545506.835,109.1997836,23.007714,463.282,ascent
2610.47,T008,U06,324105.419,2550581.157,109.2831357,23.054464,279.8,handover
2610.56,T005,U07,319988.6,2548318.494,109.2432319,23.0335927,184,handover
2611.35,T020,U02,319103.522,2546441.266,109.2348182,23.0165469,273.057,cruise
2612.575,T007,U08,319587.747,2547658.461,109.2393988,23.0275897,308.954,cruise
2614.752,T013,U05,317639.705,2548161.952,109.2203356,23.0319231,212.1,handover
2614.859,T019,U01,315500.332,2545506.835,109.1997836,23.007714,478.282,ascent
2615.47,T008,U06,324105.419,2550581.157,109.2831357,23.054464,279.8,handover
2615.56,T005,U07,319988.6,2548318.494,109.2432319,23.0335927,184,handover
2616.35,T020,U02,319129.11,2546495.537,109.2350614,23.0170397,273.057,cruise
2617.575,T007,U08,319617.306,2547727.39,109.239679,23.0282153,308.954,cruise
2619.752,T013,U05,317639.705,2548161.952,109.2203356,23.0319231,212.1,handover
2619.859,T019,U01,315500.332,2545506.835,109.1997836,23.007714,493.282,ascent
2620.47,T008,U06,324105.419,2550581.157,109.2831357,23.054464,279.8,handover
2620.56,T005,U07,319988.6,2548318.494,109.2432319,23.0335927,184,handover
2621.35,T020,U02,319154.697,2546549.807,109.2353046,23.0175325,273.057,cruise
2622.575,T007,U08,319646.866,2547796.319,109.2399593,23.0288409,308.954,cruise
2624.752,T013,U05,317639.705,2548161.952,109.2203356,23.0319231,212.1,handover
2624.859,T019,U01,315500.332,2545506.835,109.1997836,23.007714,508.282,ascent
2625.47,T008,U06,324105.419,2550581.157,109.2831357,23.054464,279.8,handover
2625.56,T005,U07,319988.6,2548318.494,109.2432319,23.0335927,184,handover
2626.35,T020,U02,319180.285,2546604.078,109.2355478,23.0180253,273.057,cruise
2627.575,T007,U08,319676.425,2547865.249,109.2402396,23.0294664,308.954,cruise
2629.752,T013,U05,317639.705,2548161.952,109.2203356,23.0319231,212.1,handover
2629.859,T019,U01,315500.332,2545506.835,109.1997836,23.007714,523.282,ascent
2630.47,T008,U06,324105.419,2550581.157,109.2831357,23.054464,279.8,handover
2630.56,T005,U07,319988.6,2548318.494,109.2432319,23.0335927,184,handover
2631.35,T020,U02,319205.872,2546658.348,109.235791,23.0185181,273.057,cruise
2632.575,T007,U08,319705.984,2547934.178,109.2405199,23.030092,308.954,cruise
2634.752,T013,U05,317639.705,2548161.952,109.2203356,23.0319231,212.1,handover
2634.859,T019,U01,315500.332,2545506.835,109.1997836,23.007714,538.282,ascent
2635.47,T008,U06,324105.419,2550581.157,109.2831357,23.054464,279.8,handover
2635.56,T005,U07,319988.6,2548318.494,109.2432319,23.0335927,184,handover
2636.35,T020,U02,319231.459,2546712.618,109.2360342,23.0190108,273.057,cruise
2637.575,T007,U08,319735.543,2548003.107,109.2408001,23.0307176,308.954,cruise
2639.752,T013,U05,317639.705,2548161.952,109.2203356,23.0319231,212.1,handover
2639.859,T019,U01,315500.332,2545506.835,109.1997836,23.007714,553.282,ascent
2640.47,T008,U06,324105.419,2550581.157,109.2831357,23.054464,279.8,handover
2640.56,T005,U07,319988.6,2548318.494,109.2432319,23.0335927,184,handover
2641.35,T020,U02,319257.047,2546766.889,109.2362775,23.0195036,273.057,cruise
2642.575,T007,U08,319765.102,2548072.037,109.2410804,23.0313432,308.954,cruise
2644.752,T013,U05,317639.705,2548161.952,109.2203356,23.0319231,212.1,handover
2644.859,T019,U01,315500.332,2545506.835,109.1997836,23.007714,568.282,ascent
2645.47,T008,U06,324105.419,2550581.157,109.2831357,23.054464,279.8,handover
2645.56,T005,U07,319988.6,2548318.494,109.2432319,23.0335927,184,handover
2646.35,T020,U02,319282.634,2546821.159,109.2365207,23.0199964,273.057,cruise
2647.575,T007,U08,319794.662,2548140.966,109.2413607,23.0319687,308.954,cruise
2649.752,T013,U05,317639.705,2548161.952,109.2203356,23.0319231,212.1,handover
2649.859,T019,U01,315500.332,2545506.835,109.1997836,23.007714,583.282,ascent
2650.47,T008,U06,324105.419,2550581.157,109.2831357,23.054464,279.8,handover
2650.56,T005,U07,319988.6,2548318.494,109.2432319,23.0335927,184,handover
2651.35,T020,U02,319308.222,2546875.43,109.2367639,23.0204892,273.057,cruise
2652.575,T007,U08,319824.221,2548209.895,109.241641,23.0325943,308.954,cruise
2654.752,T013,U05,317639.705,2548161.952,109.2203356,23.0319231,212.1,handover
2654.859,T019,U01,315500.332,2545506.835,109.1997836,23.007714,598.282,ascent
2655.47,T008,U06,324105.419,2550581.157,109.2831357,23.054464,279.8,handover
2655.56,T005,U07,319988.6,2548318.494,109.2432319,23.0335927,184,handover
2656.35,T020,U02,319333.809,2546929.7,109.2370071,23.020982,273.057,cruise
2657.575,T007,U08,319853.78,2548278.825,109.2419213,23.0332199,308.954,cruise
2659.752,T013,U05,317639.705,2548161.952,109.2203356,23.0319231,212.1,handover
2659.859,T019,U01,315500.332,2545506.835,109.1997836,23.007714,613.282,ascent
2660.47,T008,U06,324105.419,2550581.157,109.2831357,23.054464,279.8,handover
2660.56,T005,U07,319988.6,2548318.494,109.2432319,23.0335927,184,handover
2661.35,T020,U02,319359.397,2546983.971,109.2372504,23.0214748,273.057,cruise
2662.575,T007,U08,319883.339,2548347.754,109.2422016,23.0338455,308.954,cruise
2664.752,T013,U05,317639.705,2548161.952,109.2203356,23.0319231,212.1,handover
2664.859,T019,U01,315500.332,2545506.835,109.1997836,23.007714,628.282,ascent
2665.47,T008,U06,324105.419,2550581.157,109.2831357,23.054464,279.8,handover
2665.56,T005,U07,319988.6,2548318.494,109.2432319,23.0335927,184,handover
2666.35,T020,U02,319384.984,2547038.241,109.2374936,23.0219676,273.057,cruise
2667.575,T007,U08,319912.898,2548416.683,109.2424819,23.0344711,308.954,cruise
2669.752,T013,U05,317639.705,2548161.952,109.2203356,23.0319231,212.1,handover
2669.859,T019,U01,315500.332,2545506.835,109.1997836,23.007714,643.282,ascent
2670.47,T008,U06,324105.419,2550581.157,109.2831357,23.054464,279.8,handover
2670.56,T005,U07,319988.6,2548318.494,109.2432319,23.0335927,184,handover
2671.35,T020,U02,319410.572,2547092.511,109.2377368,23.0224604,273.057,cruise
2672.575,T007,U08,319942.458,2548485.613,109.2427622,23.0350966,308.954,cruise
2674.752,T013,U05,317639.705,2548161.952,109.2203356,23.0319231,212.1,handover
2674.859,T019,U01,315500.332,2545506.835,109.1997836,23.007714,658.282,ascent
2675.47,T008,U06,324105.419,2550581.157,109.2831357,23.054464,279.8,handover
2675.56,T005,U07,319988.6,2548318.494,109.2432319,23.0335927,184,handover
2676.35,T020,U02,319436.159,2547146.782,109.23798,23.0229532,273.057,cruise
2677.575,T007,U08,319972.017,2548554.542,109.2430425,23.0357222,308.954,cruise
2679.752,T013,U05,317639.705,2548161.952,109.2203356,23.0319231,212.1,handover
2679.859,T019,U01,315471.901,2545539.992,109.1995023,23.0080102,662.363,cruise
2680.47,T008,U06,324105.419,2550581.157,109.2831357,23.054464,279.8,handover
2680.56,T005,U07,319988.6,2548318.494,109.2432319,23.0335927,190.825,return
2681.35,T020,U02,319461.747,2547201.052,109.2382233,23.023446,273.057,cruise
2682.575,T007,U08,320001.576,2548623.471,109.2433228,23.0363478,308.954,cruise
2684.752,T013,U05,317639.705,2548161.952,109.2203356,23.0319231,212.1,handover
2684.859,T019,U01,315432.845,2545585.54,109.1991159,23.0084171,662.363,cruise
2685.47,T008,U06,324105.419,2550581.157,109.2831357,23.054464,279.8,handover
2685.56,T005,U07,319988.6,2548318.494,109.2432319,23.0335927,203.325,return
2686.35,T020,U02,319487.334,2547255.323,109.2384665,23.0239388,273.057,cruise
2687.575,T007,U08,320031.135,2548692.401,109.2436031,23.0369734,308.954,cruise
2689.752,T013,U05,317639.705,2548161.952,109.2203356,23.0319231,212.1,handover
2689.859,T019,U01,315393.789,2545631.088,109.1987295,23.0088241,662.363,cruise
2690.47,T008,U06,324105.419,2550581.157,109.2831357,23.054464,279.8,handover
2690.56,T005,U07,319988.6,2548318.494,109.2432319,23.0335927,215.825,return
2691.35,T020,U02,319512.922,2547309.593,109.2387098,23.0244316,273.057,cruise
2692.575,T007,U08,320060.694,2548761.33,109.2438834,23.0375989,308.954,cruise
2694.752,T013,U05,317639.705,2548161.952,109.2203356,23.0319231,212.1,handover
2694.859,T019,U01,315354.733,2545676.637,109.1983431,23.009231,662.363,cruise
2695.47,T008,U06,324105.419,2550581.157,109.2831357,23.054464,279.8,handover
2695.56,T005,U07,319988.6,2548318.494,109.2432319,23.0335927,228.325,return
2696.35,T020,U02,319538.509,2547363.864,109.238953,23.0249244,273.057,cruise
2697.575,T007,U08,320090.254,2548830.259,109.2441637,23.0382245,308.954,cruise
2699.752,T013,U05,317639.705,2548161.952,109.2203356,23.0319231,212.1,handover
2699.859,T019,U01,315315.677,2545722.185,109.1979567,23.0096379,662.363,cruise
2700.47,T008,U06,324105.419,2550581.157,109.2831357,23.054464,279.8,handover
2700.56,T005,U07,319988.6,2548318.494,109.2432319,23.0335927,240.825,return
2701.35,T020,U02,319564.097,2547418.134,109.2391962,23.0254172,273.057,cruise
2702.575,T007,U08,320119.813,2548899.189,109.244444,23.0388501,308.954,cruise
2704.752,T013,U05,317639.705,2548161.952,109.2203356,23.0319231,212.1,handover
2704.859,T019,U01,315276.621,2545767.733,109.1975703,23.0100448,662.363,cruise
2705.47,T008,U06,324105.419,2550581.157,109.2831357,23.054464,279.8,handover
2705.56,T005,U07,319988.6,2548318.494,109.2432319,23.0335927,253.325,return
2706.35,T020,U02,319589.684,2547472.404,109.2394395,23.02591,273.057,cruise
2707.575,T007,U08,320149.372,2548968.118,109.2447243,23.0394757,308.954,cruise
2709.752,T013,U05,317639.705,2548161.952,109.2203356,23.0319231,212.1,handover
2709.859,T019,U01,315237.566,2545813.281,109.1971839,23.0104517,662.363,cruise
2710.47,T008,U06,324105.419,2550581.157,109.2831357,23.054464,279.8,handover
2710.56,T005,U07,319988.6,2548318.494,109.2432319,23.0335927,265.825,return
2711.35,T020,U02,319615.272,2547526.675,109.2396827,23.0264028,273.057,cruise
2712.575,T007,U08,320178.931,2549037.047,109.2450047,23.0401012,308.954,cruise
2714.752,T013,U05,317639.705,2548161.952,109.2203356,23.0319231,212.1,handover
2714.859,T019,U01,315198.51,2545858.829,109.1967975,23.0108586,662.363,cruise
2715.47,T008,U06,324105.419,2550581.157,109.2831357,23.054464,279.8,handover
2715.56,T005,U07,319975.121,2548289.905,109.2431037,23.0333331,273.057,return
2716.35,T020,U02,319640.859,2547580.945,109.239926,23.0268956,273.057,cruise
2717.575,T007,U08,320208.49,2549105.977,109.245285,23.0407268,308.954,cruise
2719.752,T013,U05,317639.705,2548161.952,109.2203356,23.0319231,212.1,handover
2719.859,T019,U01,315159.454,2545904.377,109.1964111,23.0112655,662.363,cruise
2720.47,T008,U06,324105.419,2550581.157,109.2831357,23.054464,279.8,handover
2720.56,T005,U07,319943.136,2548222.067,109.2427997,23.0327171,273.057,return
2721.35,T020,U02,319666.447,2547635.216,109.2401692,23.0273884,273.057,cruise
2722.575,T007,U08,320238.05,2549174.906,109.2455653,23.0413524,308.954,cruise
2724.752,T013,U05,317639.705,2548161.952,109.2203356,23.0319231,212.1,handover
2724.859,T019,U01,315120.398,2545949.926,109.1960247,23.0116725,662.363,cruise
2725.47,T008,U06,324105.419,2550581.157,109.2831357,23.054464,279.8,handover
2725.56,T005,U07,319911.152,2548154.229,109.2424956,23.0321011,273.057,return
2726.35,T020,U02,319692.034,2547689.486,109.2404125,23.0278811,273.057,cruise
2727.575,T007,U08,320267.609,2549243.835,109.2458456,23.041978,308.954,cruise
2729.752,T013,U05,317639.705,2548161.952,109.2203356,23.0319231,212.1,handover
2729.859,T019,U01,315081.342,2545995.474,109.1956383,23.0120794,662.363,cruise
2730.47,T008,U06,324105.419,2550581.157,109.2831357,23.054464,279.8,handover
2730.56,T005,U07,319879.168,2548086.391,109.2421915,23.0314851,273.057,return
2731.35,T020,U02,319717.622,2547743.757,109.2406557,23.0283739,273.057,cruise
2732.575,T007,U08,320297.168,2549312.765,109.246126,23.0426035,308.954,cruise
2734.752,T013,U05,317639.705,2548161.952,109.2203356,23.0319231,212.1,handover
2734.859,T019,U01,315042.286,2546041.022,109.1952518,23.0124863,662.363,cruise
2735.47,T008,U06,324105.419,2550581.157,109.2831357,23.054464,279.8,handover
2735.56,T005,U07,319847.183,2548018.553,109.2418874,23.0308692,273.057,return
2736.35,T020,U02,319743.209,2547798.027,109.240899,23.0288667,273.057,cruise
2737.575,T007,U08,320326.727,2549381.694,109.2464063,23.0432291,308.954,cruise
2739.752,T013,U05,317639.705,2548161.952,109.2203356,23.0319231,212.1,handover
2739.859,T019,U01,315003.23,2546086.57,109.1948654,23.0128932,662.363,cruise
2740.47,T008,U06,324105.419,2550581.157,109.2831357,23.054464,279.8,handover
2740.56,T005,U07,319815.199,2547950.715,109.2415834,23.0302532,273.057,return
2741.35,T020,U02,319768.797,2547852.298,109.2411422,23.0293595,273.057,cruise
2742.575,T007,U08,320356.287,2549450.623,109.2466866,23.0438547,308.954,cruise
2744.752,T013,U05,317639.705,2548161.952,109.2203356,23.0319231,212.1,handover
2744.859,T019,U01,314964.174,2546132.118,109.194479,23.0133001,662.363,cruise
2745.47,T008,U06,324105.419,2550581.157,109.2831357,23.054464,279.8,handover
2745.56,T005,U07,319783.214,2547882.877,109.2412793,23.0296372,273.057,return
2746.35,T020,U02,319794.384,2547906.568,109.2413855,23.0298523,273.057,cruise
2747.575,T007,U08,320385.846,2549519.553,109.246967,23.0444802,308.954,cruise
2749.752,T013,U05,317639.705,2548161.952,109.2203356,23.0319231,212.1,handover
2749.859,T019,U01,314925.118,2546177.666,109.1940926,23.013707,662.363,cruise
2750.47,T008,U06,324105.419,2550581.157,109.2831357,23.054464,279.8,handover
2750.56,T005,U07,319751.23,2547815.039,109.2409752,23.0290212,273.057,return
2751.35,T020,U02,319819.972,2547960.838,109.2416287,23.0303451,273.057,cruise
2752.575,T007,U08,320415.405,2549588.482,109.2472473,23.0451058,308.954,cruise
2754.752,T013,U05,317639.705,2548161.952,109.2203356,23.0319231,212.1,handover
2754.859,T019,U01,314886.062,2546223.215,109.1937062,23.0141139,662.363,cruise
2755.47,T008,U06,324105.419,2550581.157,109.2831357,23.054464,279.8,handover
2755.56,T005,U07,319719.246,2547747.201,109.2406711,23.0284052,273.057,return
2756.35,T020,U02,319845.559,2548015.109,109.241872,23.0308379,273.057,cruise
2757.575,T007,U08,320444.964,2549657.411,109.2475276,23.0457314,308.954,cruise
2759.752,T013,U05,317639.705,2548161.952,109.2203356,23.0319231,212.1,handover
2759.859,T019,U01,314847.007,2546268.763,109.1933197,23.0145208,662.363,cruise
2760.47,T008,U06,324105.419,2550581.157,109.2831357,23.054464,279.8,handover
2760.56,T005,U07,319687.261,2547679.363,109.2403671,23.0277892,273.057,return
2761.35,T020,U02,319871.147,2548069.379,109.2421153,23.0313307,273.057,cruise
2762.575,T007,U08,320474.523,2549726.341,109.247808,23.0463569,308.954,cruise
2764.752,T013,U05,317639.705,2548161.952,109.2203356,23.0319231,212.1,handover
2764.859,T019,U01,314807.951,2546314.311,109.1929333,23.0149277,662.363,cruise
2765.47,T008,U06,324105.419,2550581.157,109.2831357,23.054464,279.8,handover
2765.56,T005,U07,319655.277,2547611.525,109.240063,23.0271732,273.057,return
2766.35,T020,U02,319896.734,2548123.65,109.2423585,23.0318235,273.057,cruise
2767.575,T007,U08,320504.083,2549795.27,109.2480883,23.0469825,308.954,cruise
2769.752,T013,U05,317639.705,2548161.952,109.2203356,23.0319231,212.1,handover
2769.859,T019,U01,314768.895,2546359.859,109.1925469,23.0153346,662.363,cruise
2770.47,T008,U06,324105.419,2550581.157,109.2831357,23.054464,279.8,handover
2770.56,T005,U07,319623.293,2547543.687,109.239759,23.0265572,273.057,return
2771.35,T020,U02,319922.322,2548177.92,109.2426018,23.0323163,273.057,cruise
2772.575,T007,U08,320533.642,2549864.199,109.2483687,23.0476081,308.954,cruise
2774.752,T013,U05,317639.705,2548161.952,109.2203356,23.0319231,212.1,handover
2774.859,T019,U01,314729.839,2546405.407,109.1921604,23.0157415,662.363,cruise
2775.47,T008,U06,324105.419,2550581.157,109.2831357,23.054464,279.8,handover
2775.56,T005,U07,319591.308,2547475.849,109.2394549,23.0259412,273.057,return
2776.35,T020,U02,319947.909,2548232.191,109.242845,23.032809,273.057,cruise
2777.575,T007,U08,320563.201,2549933.129,109.248649,23.0482337,308.954,cruise
2779.752,T013,U05,317639.705,2548161.952,109.2203356,23.0319231,222.905,return
2779.859,T019,U01,314690.783,2546450.956,109.191774,23.0161484,662.363,cruise
2780.47,T008,U06,324105.419,2550581.157,109.2831357,23.054464,279.8,handover
2780.56,T005,U07,319559.324,2547408.011,109.2391509,23.0253253,273.057,return
2781.35,T020,U02,319973.497,2548286.461,109.2430883,23.0333018,273.057,cruise
2782.575,T007,U08,320592.76,2550002.058,109.2489294,23.0488592,308.954,cruise
2784.752,T013,U05,317639.705,2548161.952,109.2203356,23.0319231,237.905,return
2784.859,T019,U01,314651.727,2546496.504,109.1913875,23.0165553,662.363,cruise
2785.47,T008,U06,324105.419,2550581.157,109.2831357,23.054464,290.908,return
2785.56,T005,U07,319527.34,2547340.173,109.2388468,23.0247093,273.057,return
2786.35,T020,U02,319988.6,2548318.494,109.2432319,23.0335927,267.935,descent
2787.575,T007,U08,320622.319,2550070.987,109.2492097,23.0494848,308.954,cruise
2789.752,T013,U05,317639.705,2548161.952,109.2203356,23.0319231,252.905,return
2789.859,T019,U01,314612.671,2546542.052,109.1910011,23.0169622,662.363,cruise
2790.47,T008,U06,324105.419,2550581.157,109.2831357,23.054464,305.908,return
2790.56,T005,U07,319495.355,2547272.334,109.2385428,23.0240933,273.057,return
2791.35,T020,U02,319988.6,2548318.494,109.2432319,23.0335927,255.435,descent
2792.575,T007,U08,320651.879,2550139.917,109.2494901,23.0501104,308.954,cruise
2794.752,T013,U05,317639.705,2548161.952,109.2203356,23.0319231,267.905,return
2794.859,T019,U01,314573.615,2546587.6,109.1906146,23.0173691,662.363,cruise
2795.47,T008,U06,324105.419,2550581.157,109.2831357,23.054464,320.908,return
2795.56,T005,U07,319463.371,2547204.496,109.2382387,23.0234773,273.057,return
2796.35,T020,U02,319988.6,2548318.494,109.2432319,23.0335927,242.935,descent
2797.575,T007,U08,320681.438,2550208.846,109.2497704,23.0507359,308.954,cruise
2799.752,T013,U05,317639.705,2548161.952,109.2203356,23.0319231,282.905,return
2799.859,T019,U01,314534.559,2546633.148,109.1902282,23.017776,662.363,cruise
2800.47,T008,U06,324105.419,2550581.157,109.2831357,23.054464,335.908,return
2800.56,T005,U07,319431.386,2547136.658,109.2379347,23.0228613,273.057,return
2801.35,T020,U02,319988.6,2548318.494,109.2432319,23.0335927,230.435,descent
2802.575,T007,U08,320710.997,2550277.775,109.2500508,23.0513615,308.954,cruise
2804.752,T013,U05,317644.443,2548150.154,109.2203832,23.0318171,295.362,return
2804.859,T019,U01,314495.503,2546678.696,109.1898417,23.0181829,662.363,cruise
2805.47,T008,U06,324105.419,2550581.157,109.2831357,23.054464,350.908,return
2805.56,T005,U07,319399.402,2547068.82,109.2376306,23.0222453,273.057,return
2806.35,T020,U02,319988.6,2548318.494,109.2432319,23.0335927,217.935,descent
2807.575,T007,U08,320740.556,2550346.705,109.2503312,23.0519871,308.954,cruise
2809.752,T013,U05,317672.393,2548080.557,109.2206641,23.0311918,295.362,return
2809.859,T019,U01,314456.448,2546724.245,109.1894553,23.0185898,662.363,cruise
2810.47,T008,U06,324105.419,2550581.157,109.2831357,23.054464,365.908,return
2810.56,T005,U07,319367.418,2547000.982,109.2373266,23.0216293,273.057,return
2811.35,T020,U02,319988.6,2548318.494,109.2432319,23.0335927,205.435,descent
2812.575,T007,U08,320770.115,2550415.634,109.2506115,23.0526126,308.954,cruise
2814.752,T013,U05,317700.344,2548010.96,109.2209451,23.0305664,295.362,return
2814.859,T019,U01,314417.392,2546769.793,109.1890688,23.0189967,662.363,cruise
2815.47,T008,U06,324105.419,2550581.157,109.2831357,23.054464,380.908,return
2815.56,T005,U07,319335.433,2546933.144,109.2370226,23.0210133,273.057,return
2816.35,T020,U02,319988.6,2548318.494,109.2432319,23.0335927,192.935,descent
2817.575,T007,U08,320799.675,2550484.563,109.2508919,23.0532382,308.954,cruise
2819.752,T013,U05,317728.294,2547941.362,109.221226,23.0299411,295.362,return
2819.859,T019,U01,314378.336,2546815.341,109.1886824,23.0194035,662.363,cruise
2820.47,T008,U06,324105.419,2550581.157,109.2831357,23.054464,395.908,return
2820.56,T005,U07,319303.449,2546865.306,109.2367185,23.0203973,273.057,return
2821.35,T020,U02,319988.6,2548318.494,109.2432319,23.0335927,184,handover
2822.575,T007,U08,320829.234,2550553.493,109.2511723,23.0538638,308.954,cruise
2824.752,T013,U05,317756.244,2547871.765,109.2215069,23.0293158,295.362,return
2824.859,T019,U01,314339.28,2546860.889,109.1882959,23.0198104,662.363,cruise
2825.47,T008,U06,324105.419,2550581.157,109.2831357,23.054464,410.908,return
2825.56,T005,U07,319271.465,2546797.468,109.2364145,23.0197813,273.057,return
2826.35,T020,U02,319988.6,2548318.494,109.2432319,23.0335927,184,handover
2827.575,T007,U08,320858.793,2550622.422,109.2514526,23.0544893,308.954,cruise
2829.752,T013,U05,317784.195,2547802.168,109.2217878,23.0286904,295.362,return
2829.859,T019,U01,314300.224,2546906.437,109.1879095,23.0202173,662.363,cruise
2830.47,T008,U06,324059.197,2550538.297,109.2826896,23.0540721,413.301,return
2830.56,T005,U07,319239.48,2546729.63,109.2361105,23.0191653,273.057,return
2831.35,T020,U02,319988.6,2548318.494,109.2432319,23.0335927,184,handover
2832.575,T007,U08,320888.352,2550691.351,109.251733,23.0551149,308.954,cruise
2834.752,T013,U05,317812.145,2547732.57,109.2220687,23.0280651,295.362,return
2834.859,T019,U01,314261.168,2546951.986,109.187523,23.0206242,662.363,cruise
2835.47,T008,U06,324004.201,2550487.302,109.2821588,23.0536058,413.301,return
2835.56,T005,U07,319207.496,2546661.792,109.2358064,23.0185493,273.057,return
2836.35,T020,U02,319988.6,2548318.494,109.2432319,23.0335927,184,handover
2837.575,T007,U08,320917.911,2550760.281,109.2520134,23.0557404,308.954,cruise
2839.752,T013,U05,317840.095,2547662.973,109.2223496,23.0274398,295.362,return
2839.859,T019,U01,314222.112,2546997.534,109.1871365,23.0210311,662.363,cruise
2840.47,T008,U06,323949.206,2550436.307,109.2816281,23.0531395,413.301,return
2840.56,T005,U07,319175.511,2546593.954,109.2355024,23.0179333,273.057,return
2841.35,T020,U02,319988.6,2548318.494,109.2432319,23.0335927,184,handover
2842.575,T007,U08,320947.471,2550829.21,109.2522938,23.056366,308.954,cruise
2844.752,T013,U05,317868.046,2547593.376,109.2226305,23.0268144,295.362,return
2844.859,T019,U01,314183.056,2547043.082,109.1867501,23.021438,662.363,cruise
2845.47,T008,U06,323894.21,2550385.312,109.2810973,23.0526733,413.301,return
2845.56,T005,U07,319143.527,2546526.116,109.2351984,23.0173173,273.057,return
2846.35,T020,U02,319988.6,2548318.494,109.2432319,23.0335927,184,handover
2847.575,T007,U08,320977.03,2550898.139,109.2525742,23.0569916,308.954,cruise
2849.752,T013,U05,317895.996,2547523.779,109.2229114,23.0261891,295.362,return
2849.859,T019,U01,314144.0,2547088.63,109.1863636,23.0218449,662.363,cruise
2850.47,T008,U06,323839.215,2550334.316,109.2805666,23.052207,413.301,return
2850.56,T005,U07,319111.543,2546458.278,109.2348944,23.0167013,273.057,return
2851.35,T020,U02,319988.6,2548318.494,109.2432319,23.0335927,184,handover
2852.575,T007,U08,321006.589,2550967.069,109.2528546,23.0576171,308.954,cruise
2854.752,T013,U05,317923.946,2547454.181,109.2231923,23.0255638,295.362,return
2854.859,T019,U01,314104.944,2547134.178,109.1859771,23.0222517,662.363,cruise
2855.47,T008,U06,323784.219,2550283.321,109.2800358,23.0517407,413.301,return
2855.56,T005,U07,319079.558,2546390.44,109.2345904,23.0160853,273.057,return
2856.35,T020,U02,319988.6,2548318.494,109.2432319,23.0335927,184,handover
2857.575,T007,U08,321036.148,2551035.998,109.2531349,23.0582427,308.954,cruise
2859.752,T013,U05,317951.896,2547384.584,109.2234732,23.0249384,295.362,return
2859.859,T019,U01,314065.889,2547179.726,109.1855906,23.0226586,662.363,cruise
2860.47,T008,U06,323729.224,2550232.326,109.2795051,23.0512744,413.301,return
2860.56,T005,U07,319047.574,2546322.602,109.2342864,23.0154693,273.057,return
2861.35,T020,U02,319988.6,2548318.494,109.2432319,23.0335927,184,handover
2862.575,T007,U08,321065.708,2551104.927,109.2534153,23.0588683,308.954,cruise
2864.752,T013,U05,317979.847,2547314.987,109.2237541,23.0243131,295.362,return
2864.859,T019,U01,314026.833,2547225.275,109.1852041,23.0230655,662.363,cruise
2865.47,T008,U06,323674.228,2550181.331,109.2789743,23.0508081,413.301,return
2865.56,T005,U07,319015.59,2546254.764,109.2339824,23.0148533,273.057,return
2866.35,T020,U02,319988.6,2548318.494,109.2432319,23.0335927,184,handover
2867.575,T007,U08,321095.267,2551173.857,109.2536957,23.0594938,308.954,cruise
2869.752,T013,U05,318007.797,2547245.39,109.224035,23.0236878,295.362,return
2869.859,T019,U01,313987.777,2547270.823,109.1848177,23.0234724,662.363,cruise
2870.47,T008,U06,323619.233,2550130.336,109.2784436,23.0503418,413.301,return
2870.56,T005,U07,318983.605,2546186.926,109.2336784,23.0142373,273.057,return
2871.35,T020,U02,319988.6,2548318.494,109.2432319,23.0335927,184,handover
2872.575,T007,U08,321124.826,2551242.786,109.2539761,23.0601194,308.954,cruise
2874.752,T013,U05,318035.747,2547175.792,109.2243158,23.0230624,295.362,return
2874.859,T019,U01,313948.721,2547316.371,109.1844312,23.0238793,662.363,cruise
2875.47,T008,U06,323564.237,2550079.341,109.2779128,23.0498755,413.301,return
2875.56,T005,U07,318951.621,2546119.088,109.2333743,23.0136213,273.057,return
2876.35,T020,U02,319988.6,2548318.494,109.2432319,23.0335927,184,handover
2877.575,T007,U08,321154.385,2551311.715,109.2542565,23.0607449,308.954,cruise
2879.752,T013,U05,318063.698,2547106.195,109.2245967,23.0224371,295.362,return
2879.859,T019,U01,313909.665,2547361.919,109.1840447,23.0242861,662.363,cruise
2880.47,T008,U06,323509.242,2550028.346,109.2773821,23.0494092,413.301,return
2880.56,T005,U07,318919.637,2546051.25,109.2330703,23.0130053,273.057,return
2881.35,T020,U02,319988.6,2548318.494,109.2432319,23.0335927,184,handover
2882.575,T007,U08,321183.944,2551380.645,109.2545369,23.0613705,308.954,cruise
2884.752,T013,U05,318091.648,2547036.598,109.2248776,23.0218118,295.362,return
2884.859,T019,U01,313870.609,2547407.467,109.1836582,23.024693,662.363,cruise
2885.47,T008,U06,323454.246,2549977.351,109.2768514,23.0489429,413.301,return
2885.56,T005,U07,318887.652,2545983.412,109.2327663,23.0123893,273.057,return
2886.35,T020,U02,319988.6,2548318.494,109.2432319,23.0335927,184,handover
2887.575,T007,U08,321213.504,2551449.574,109.2548173,23.0619961,308.954,cruise
2889.752,T013,U05,318119.598,2546967.0,109.2251585,23.0211864,295.362,return
2889.859,T019,U01,313831.553,2547453.016,109.1832717,23.0250999,662.363,cruise
2890.47,T008,U06,323399.251,2549926.356,109.2763206,23.0484766,413.301,return
2890.56,T005,U07,318855.668,2545915.574,109.2324624,23.0117733,273.057,return
2891.35,T020,U02,319988.6,2548318.494,109.2432319,23.0335927,184,handover
2892.575,T007,U08,321243.063,2551518.503,109.2550977,23.0626216,308.954,cruise
2894.752,T013,U05,318147.549,2546897.403,109.2254393,23.0205611,295.362,return
2894.859,T019,U01,313792.497,2547498.564,109.1828852,23.0255067,662.363,cruise
2895.47,T008,U06,323344.255,2549875.361,109.2757899,23.0480103,413.301,return
2895.56,T005,U07,318823.683,2545847.736,109.2321584,23.0111573,273.057,return
2896.35,T020,U02,319988.6,2548318.494,109.2432319,23.0335927,184,handover
2897.575,T007,U08,321272.622,2551587.433,109.2553781,23.0632472,308.954,cruise
2899.752,T013,U05,318175.499,2546827.806,109.2257202,23.0199357,295.362,return
2899.859,T019,U01,313753.441,2547544.112,109.1824987,23.0259136,662.363,cruise
2900.47,T008,U06,323289.26,2549824.366,109.2752592,23.047544,413.301,return
2900.56,T005,U07,318791.699,2545779.897,109.2318544,23.0105413,273.057,return
2901.35,T020,U02,319988.6,2548318.494,109.2432319,23.0335927,184,handover
2902.575,T007,U08,321302.181,2551656.362,109.2556585,23.0638727,308.954,cruise
2904.752,T013,U05,318203.449,2546758.209,109.2260011,23.0193104,295.362,return
2904.859,T019,U01,313714.385,2547589.66,109.1821122,23.0263205,662.363,cruise
2905.47,T008,U06,323234.264,2549773.371,109.2747285,23.0470777,413.301,return
2905.56,T005,U07,318759.715,2545712.059,109.2315504,23.0099253,273.057,return
2906.35,T020,U02,319988.6,2548318.494,109.2432319,23.0335927,184,handover
2907.575,T007,U08,321331.74,2551725.291,109.255939,23.0644983,308.954,cruise
2909.752,T013,U05,318231.4,2546688.611,109.2262819,23.018685,295.362,return
2909.859,T019,U01,313675.33,2547635.208,109.1817257,23.0267274,662.363,cruise
2910.47,T008,U06,323179.269,2549722.376,109.2741978,23.0466114,413.301,return
2910.56,T005,U07,318727.73,2545644.221,109.2312464,23.0093093,273.057,return
2911.35,T020,U02,319988.6,2548318.494,109.2432319,23.0335927,184,handover
2912.575,T007,U08,321361.3,2551794.221,109.2562194,23.0651239,308.954,cruise
2914.752,T013,U05,318259.35,2546619.014,109.2265628,23.0180597,295.362,return
2914.859,T019,U01,313636.274,2547680.756,109.1813392,23.0271342,662.363,cruise
2915.47,T008,U06,323124.273,2549671.381,109.2736671,23.0461451,413.301,return
2915.56,T005,U07,318695.746,2545576.383,109.2309424,23.0086933,273.057,return
2916.35,T020,U02,319988.6,2548318.494,109.2432319,23.0335927,184,handover
2917.575,T007,U08,321390.859,2551863.15,109.2564998,23.0657494,308.954,cruise
2919.752,T013,U05,318287.3,2546549.417,109.2268437,23.0174344,295.362,return
2919.859,T019,U01,313597.218,2547726.305,109.1809527,23.0275411,662.363,cruise
2920.47,T008,U06,323069.278,2549620.386,109.2731364,23.0456788,413.301,return
2920.56,T005,U07,318686.201,2545556.139,109.2308517,23.0085095,266.041,return
2921.35,T020,U02,319988.6,2548318.494,109.2432319,23.0335927,184,handover
2922.575,T007,U08,321420.418,2551932.079,109.2567802,23.066375,308.954,cruise
2924.752,T013,U05,318315.251,2546479.82,109.2271245,23.016809,295.362,return
2924.859,T019,U01,313558.162,2547771.853,109.1805662,23.027948,662.363,cruise
2925.47,T008,U06,323014.282,2549569.391,109.2726057,23.0452125,413.301,return
2925.56,T005,U07,318686.201,2545556.139,109.2308517,23.0085095,256.041,return
2926.35,T020,U02,319988.6,2548318.494,109.2432319,23.0335927,184,handover
2927.575,T007,U08,321449.977,2552001.009,109.2570606,23.0670005,308.954,cruise
2929.752,T013,U05,318343.201,2546410.222,109.2274054,23.0161837,295.362,return
2929.859,T019,U01,313519.106,2547817.401,109.1801797,23.0283548,662.363,cruise
2930.47,T008,U06,322959.287,2549518.396,109.272075,23.0447462,413.301,return
2930.56,T005,U07,318686.201,2545556.139,109.2308517,23.0085095,246.041,return
2931.35,T020,U02,319988.6,2548318.494,109.2432319,23.0335927,184,handover
2932.575,T007,U08,321479.536,2552069.938,109.2573411,23.0676261,308.954,cruise
2934.752,T013,U05,318371.151,2546340.625,109.2276862,23.0155583,295.362,return
2934.859,T019,U01,313480.05,2547862.949,109.1797932,23.0287617,662.363,cruise
2935.47,T008,U06,322904.291,2549467.4,109.2715443,23.0442799,413.301,return
2935.56,T005,U07,318686.201,2545556.139,109.2308517,23.0085095,236.041,return
2936.35,T020,U02,319988.6,2548318.494,109.2432319,23.0335927,184,handover
2937.575,T007,U08,321509.096,2552138.867,109.2576215,23.0682516,308.954,cruise
2939.752,T013,U05,318399.102,2546271.028,109.2279671,23.014933,295.362,return
2939.859,T019,U01,313440.994,2547908.497,109.1794067,23.0291686,662.363,cruise
2940.47,T008,U06,322849.296,2549416.405,109.2710136,23.0438136,413.301,return
2940.56,T005,U07,318686.201,2545556.139,109.2308517,23.0085095,226.041,return
2941.35,T020,U02,319988.6,2548318.494,109.2432319,23.0335927,184,handover
2942.575,T007,U08,321538.655,2552207.797,109.2579019,23.0688772,308.954,cruise
2944.752,T013,U05,318427.052,2546201.431,109.2282479,23.0143076,295.362,return
2944.859,T019,U01,313401.938,2547954.046,109.1790202,23.0295754,662.363,cruise
2945.47,T008,U06,322794.3,2549365.41,109.2704829,23.0433472,413.301,return
2945.56,T005,U07,318686.201,2545556.139,109.2308517,23.0085095,216.041,return
2946.35,T020,U02,319988.6,2548318.494,109.2432319,23.0335927,184,handover
2947.575,T007,U08,321568.214,2552276.726,109.2581823,23.0695028,308.954,cruise
2949.752,T013,U05,318455.002,2546131.833,109.2285287,23.0136823,295.362,return
2949.859,T019,U01,313362.882,2547999.594,109.1786336,23.0299823,662.363,cruise
2950.47,T008,U06,322739.305,2549314.415,109.2699522,23.0428809,413.301,return
2950.56,T005,U07,318686.201,2545556.139,109.2308517,23.0085095,206.041,return
2951.35,T020,U02,319988.6,2548318.494,109.2432319,23.0335927,184,handover
2952.575,T007,U08,321597.773,2552345.655,109.2584628,23.0701283,308.954,cruise
2954.752,T013,U05,318482.952,2546062.236,109.2288096,23.0130569,295.362,return
2954.859,T019,U01,313323.826,2548045.142,109.1782471,23.0303891,662.363,cruise
2955.47,T008,U06,322684.309,2549263.42,109.2694215,23.0424146,413.301,return
2955.56,T005,U07,318686.201,2545556.139,109.2308517,23.0085095,196.041,return
2956.35,T020,U02,319988.6,2548318.494,109.2432319,23.0335927,184,handover
2957.575,T007,U08,321607.166,2552367.559,109.2585519,23.0703271,302.132,descent
2959.752,T013,U05,318510.903,2545992.639,109.2290904,23.0124316,295.362,return
2959.859,T019,U01,313284.771,2548090.69,109.1778606,23.030796,662.363,cruise
2960.47,T008,U06,322629.314,2549212.425,109.2688909,23.0419483,413.301,return
2960.56,T005,U07,318686.201,2545556.139,109.2308517,23.0085095,186.041,return
2961.35,T020,U02,319988.6,2548318.494,109.2432319,23.0335927,184,handover
2962.575,T007,U08,321607.166,2552367.559,109.2585519,23.0703271,292.132,descent
2964.752,T013,U05,318538.853,2545923.041,109.2293713,23.0118062,295.362,return
2964.859,T019,U01,313245.715,2548136.238,109.1774741,23.0312028,662.363,cruise
2965.47,T008,U06,322574.318,2549161.43,109.2683602,23.041482,413.301,return
2965.56,T005,U07,318686.201,2545556.139,109.2308517,23.0085095,176.041,return
2966.35,T020,U02,319988.6,2548318.494,109.2432319,23.0335927,184,handover
2967.575,T007,U08,321607.166,2552367.559,109.2585519,23.0703271,282.132,descent
2969.752,T013,U05,318566.803,2545853.444,109.2296521,23.0111809,295.362,return
2969.859,T019,U01,313206.659,2548181.786,109.1770875,23.0316097,662.363,cruise
2970.47,T008,U06,322519.323,2549110.435,109.2678295,23.0410156,413.301,return
2970.56,T005,U07,318686.201,2545556.139,109.2308517,23.0085095,166.041,return
2971.35,T020,U02,319988.6,2548318.494,109.2432319,23.0335927,184,handover
2972.575,T007,U08,321607.166,2552367.559,109.2585519,23.0703271,272.132,descent
2974.752,T013,U05,318594.754,2545783.847,109.2299329,23.0105555,295.362,return
2974.859,T019,U01,313167.603,2548227.335,109.176701,23.0320166,662.363,cruise
2975.47,T008,U06,322464.327,2549059.44,109.2672989,23.0405493,413.301,return
2975.56,T005,U07,318686.201,2545556.139,109.2308517,23.0085095,156.041,return
2976.35,T020,U02,319988.6,2548318.494,109.2432319,23.0335927,184,handover
2977.575,T007,U08,321607.166,2552367.559,109.2585519,23.0703271,262.132,descent
2979.752,T013,U05,318622.704,2545714.25,109.2302137,23.0099302,295.362,return
2979.859,T019,U01,313128.547,2548272.883,109.1763145,23.0324234,662.363,cruise
2980.47,T008,U06,322409.332,2549008.445,109.2667682,23.040083,413.301,return
2980.56,T005,U07,318686.201,2545556.139,109.2308517,23.0085095,146.041,return
2981.35,T020,U02,319988.6,2548318.494,109.2432319,23.0335927,184,handover
2982.575,T007,U08,321607.166,2552367.559,109.2585519,23.0703271,252.132,descent
2984.752,T013,U05,318650.654,2545644.652,109.2304946,23.0093048,295.362,return
2984.859,T019,U01,313089.491,2548318.431,109.1759279,23.0328303,662.363,cruise
2985.47,T008,U06,322354.336,2548957.45,109.2662376,23.0396167,413.301,return
2985.56,T005,U07,318686.201,2545556.139,109.2308517,23.0085095,136.041,return
2986.35,T020,U02,319988.6,2548318.494,109.2432319,23.0335927,184,handover
2987.575,T007,U08,321607.166,2552367.559,109.2585519,23.0703271,242.132,descent
2989.752,T013,U05,318678.605,2545575.055,109.2307754,23.0086795,295.362,return
2989.859,T019,U01,313050.435,2548363.979,109.1755414,23.0332371,662.363,cruise
2990.47,T008,U06,322299.341,2548906.455,109.2657069,23.0391503,413.301,return
2991.35,T020,U02,319988.6,2548318.494,109.2432319,23.0335927,184,handover
2992.575,T007,U08,321607.166,2552367.559,109.2585519,23.0703271,232.132,descent
2994.752,T013,U05,318686.201,2545556.139,109.2308517,23.0085095,286.259,return
2994.859,T019,U01,313011.379,2548409.527,109.1751549,23.033644,662.363,cruise
2995.47,T008,U06,322244.345,2548855.46,109.2651763,23.038684,413.301,return
2996.35,T020,U02,319988.6,2548318.494,109.2432319,23.0335927,184,handover
2997.575,T007,U08,321607.166,2552367.559,109.2585519,23.0703271,222.132,descent
2999.752,T013,U05,318686.201,2545556.139,109.2308517,23.0085095,273.759,return
2999.859,T019,U01,312972.323,2548455.075,109.1747683,23.0340508,662.363,cruise
3000.47,T008,U06,322189.35,2548804.465,109.2646456,23.0382177,413.301,return
3001.35,T020,U02,319988.6,2548318.494,109.2432319,23.0335927,184,handover
3002.575,T007,U08,321607.166,2552367.559,109.2585519,23.0703271,219.5,handover
3004.752,T013,U05,318686.201,2545556.139,109.2308517,23.0085095,261.259,return
3004.859,T019,U01,312933.267,2548500.624,109.1743818,23.0344577,662.363,cruise
3005.47,T008,U06,322134.354,2548753.47,109.264115,23.0377513,413.301,return
3006.35,T020,U02,319988.6,2548318.494,109.2432319,23.0335927,184,handover
3007.575,T007,U08,321607.166,2552367.559,109.2585519,23.0703271,219.5,handover
3009.752,T013,U05,318686.201,2545556.139,109.2308517,23.0085095,248.759,return
3009.859,T019,U01,312894.212,2548546.172,109.1739952,23.0348645,662.363,cruise
3010.47,T008,U06,322079.359,2548702.475,109.2635843,23.037285,413.301,return
3011.35,T020,U02,319988.6,2548318.494,109.2432319,23.0335927,184,handover
3012.575,T007,U08,321607.166,2552367.559,109.2585519,23.0703271,219.5,handover
3014.752,T013,U05,318686.201,2545556.139,109.2308517,23.0085095,236.259,return
3014.859,T019,U01,312855.156,2548591.72,109.1736087,23.0352714,662.363,cruise
3015.47,T008,U06,322024.363,2548651.48,109.2630537,23.0368186,413.301,return
3016.35,T020,U02,319988.6,2548318.494,109.2432319,23.0335927,184,handover
3017.575,T007,U08,321607.166,2552367.559,109.2585519,23.0703271,219.5,handover
3019.752,T013,U05,318686.201,2545556.139,109.2308517,23.0085095,223.759,return
3019.859,T019,U01,312816.1,2548637.268,109.1732221,23.0356782,662.363,cruise
3020.47,T008,U06,321969.368,2548600.485,109.2625231,23.0363523,413.301,return
3021.35,T020,U02,319988.6,2548318.494,109.2432319,23.0335927,184,handover
3022.575,T007,U08,321607.166,2552367.559,109.2585519,23.0703271,219.5,handover
3024.752,T013,U05,318686.201,2545556.139,109.2308517,23.0085095,211.259,return
3024.859,T019,U01,312777.044,2548682.816,109.1728356,23.036085,662.363,cruise
3025.47,T008,U06,321914.372,2548549.489,109.2619924,23.035886,413.301,return
3026.35,T020,U02,319988.6,2548318.494,109.2432319,23.0335927,184,handover
3027.575,T007,U08,321607.166,2552367.559,109.2585519,23.0703271,219.5,handover
3029.752,T013,U05,318686.201,2545556.139,109.2308517,23.0085095,198.759,return
3029.859,T019,U01,312737.988,2548728.365,109.172449,23.0364919,662.363,cruise
3030.47,T008,U06,321859.377,2548498.494,109.2614618,23.0354196,413.301,return
3031.35,T020,U02,319988.6,2548318.494,109.2432319,23.0335927,188.278,return
3032.575,T007,U08,321607.166,2552367.559,109.2585519,23.0703271,219.5,handover
3034.752,T013,U05,318686.201,2545556.139,109.2308517,23.0085095,186.259,return
3034.859,T019,U01,312698.932,2548773.913,109.1720625,23.0368987,662.363,cruise
3035.47,T008,U06,321804.382,2548447.499,109.2609312,23.0349533,413.301,return
3036.35,T020,U02,319988.6,2548318.494,109.2432319,23.0335927,203.278,return
3037.575,T007,U08,321607.166,2552367.559,109.2585519,23.0703271,219.5,handover
3039.752,T013,U05,318686.201,2545556.139,109.2308517,23.0085095,173.759,return
3039.859,T019,U01,312659.876,2548819.461,109.1716759,23.0373056,662.363,cruise
3040.47,T008,U06,321749.386,2548396.504,109.2604006,23.0344869,413.301,return
3041.35,T020,U02,319988.6,2548318.494,109.2432319,23.0335927,218.278,return
3042.575,T007,U08,321607.166,2552367.559,109.2585519,23.0703271,219.5,handover
3044.752,T013,U05,318686.201,2545556.139,109.2308517,23.0085095,161.259,return
3044.859,T019,U01,312620.82,2548865.009,109.1712893,23.0377124,662.363,cruise
3045.47,T008,U06,321694.391,2548345.509,109.25987,23.0340206,413.301,return
3046.35,T020,U02,319988.6,2548318.494,109.2432319,23.0335927,233.278,return
3047.575,T007,U08,321607.166,2552367.559,109.2585519,23.0703271,219.5,handover
3049.752,T013,U05,318686.201,2545556.139,109.2308517,23.0085095,148.759,return
3049.859,T019,U01,312581.764,2548910.557,109.1709028,23.0381192,662.363,cruise
3050.47,T008,U06,321639.395,2548294.514,109.2593394,23.0335542,413.301,return
3051.35,T020,U02,319988.6,2548318.494,109.2432319,23.0335927,248.278,return
3052.575,T007,U08,321607.166,2552367.559,109.2585519,23.0703271,219.5,handover
3054.752,T013,U05,318686.201,2545556.139,109.2308517,23.0085095,136.259,return
3054.859,T019,U01,312542.708,2548956.105,109.1705162,23.0385261,662.363,cruise
3055.47,T008,U06,321584.4,2548243.519,109.2588088,23.0330879,413.301,return
3056.35,T020,U02,319988.6,2548318.494,109.2432319,23.0335927,263.278,return
3057.575,T007,U08,321607.166,2552367.559,109.2585519,23.0703271,219.5,handover
3059.859,T019,U01,312503.653,2549001.654,109.1701296,23.0389329,662.363,cruise
3060.47,T008,U06,321529.404,2548192.524,109.2582782,23.0326215,413.301,return
3061.35,T020,U02,319979.693,2548299.602,109.2431472,23.0334212,273.057,return
3062.575,T007,U08,321607.166,2552367.559,109.2585519,23.0703271,219.5,handover
3064.859,T019,U01,312464.597,2549047.202,109.1697431,23.0393398,662.363,cruise
3065.47,T008,U06,321474.409,2548141.529,109.2577476,23.0321552,413.301,return
3066.35,T020,U02,319954.105,2548245.332,109.2429039,23.0329284,273.057,return
3067.575,T007,U08,321607.166,2552367.559,109.2585519,23.0703271,219.5,handover
3069.859,T019,U01,312425.541,2549092.75,109.1693565,23.0397466,662.363,cruise
3070.47,T008,U06,321419.413,2548090.534,109.257217,23.0316888,413.301,return
3071.35,T020,U02,319928.518,2548191.061,109.2426607,23.0324356,273.057,return
3072.575,T007,U08,321607.166,2552367.559,109.2585519,23.0703271,219.5,handover
3074.859,T019,U01,312386.485,2549138.298,109.1689699,23.0401534,662.363,cruise
3075.47,T008,U06,321364.418,2548039.539,109.2566864,23.0312225,413.301,return
3076.35,T020,U02,319902.93,2548136.791,109.2424174,23.0319428,273.057,return
3077.575,T007,U08,321607.166,2552367.559,109.2585519,23.0703271,219.5,handover
3079.582,T021,U03,318686.201,2545556.139,109.2308517,23.0085095,127.7,ascent
3079.859,T019,U01,312375.159,2549151.507,109.1688578,23.0402714,653.488,descent
3080.47,T008,U06,321309.422,2547988.544,109.2561558,23.0307561,413.301,return
3081.35,T020,U02,319877.343,2548082.52,109.2421742,23.03145,273.057,return
3082.575,T007,U08,321607.166,2552367.559,109.2585519,23.0703271,219.5,handover
3084.582,T021,U03,318686.201,2545556.139,109.2308517,23.0085095,142.7,ascent
3084.859,T019,U01,312375.159,2549151.507,109.1688578,23.0402714,640.988,descent
3085.47,T008,U06,321254.427,2547937.549,109.2556252,23.0302897,413.301,return
3086.35,T020,U02,319851.755,2548028.25,109.2419309,23.0309572,273.057,return
3087.575,T007,U08,321607.166,2552367.559,109.2585519,23.0703271,219.5,handover
3089.582,T021,U03,318686.201,2545556.139,109.2308517,23.0085095,157.7,ascent
3089.859,T019,U01,312375.159,2549151.507,109.1688578,23.0402714,628.488,descent
3090.47,T008,U06,321199.431,2547886.554,109.2550946,23.0298234,413.301,return
3091.35,T020,U02,319826.168,2547973.979,109.2416876,23.0304644,273.057,return
3092.575,T007,U08,321607.166,2552367.559,109.2585519,23.0703271,219.5,handover
3094.582,T021,U03,318686.201,2545556.139,109.2308517,23.0085095,172.7,ascent
3094.859,T019,U01,312375.159,2549151.507,109.1688578,23.0402714,615.988,descent
3095.47,T008,U06,321144.436,2547835.559,109.2545641,23.029357,413.301,return
3096.35,T020,U02,319800.58,2547919.709,109.2414444,23.0299716,273.057,return
3097.575,T007,U08,321607.166,2552367.559,109.2585519,23.0703271,219.5,handover
3099.582,T021,U03,318686.201,2545556.139,109.2308517,23.0085095,187.7,ascent
3099.859,T019,U01,312375.159,2549151.507,109.1688578,23.0402714,603.488,descent
3100.47,T008,U06,321089.44,2547784.564,109.2540335,23.0288907,413.301,return
3101.35,T020,U02,319774.993,2547865.439,109.2412011,23.0294788,273.057,return
3102.575,T007,U08,321607.166,2552367.559,109.2585519,23.0703271,219.5,handover
3104.582,T021,U03,318686.201,2545556.139,109.2308517,23.0085095,202.7,ascent
3104.859,T019,U01,312375.159,2549151.507,109.1688578,23.0402714,590.988,descent
3105.47,T008,U06,321034.445,2547733.569,109.2535029,23.0284243,413.301,return
3106.35,T020,U02,319749.405,2547811.168,109.2409579,23.028986,273.057,return
3107.575,T007,U08,321607.166,2552367.559,109.2585519,23.0703271,219.5,handover
3109.582,T021,U03,318686.201,2545556.139,109.2308517,23.0085095,217.7,ascent
3109.859,T019,U01,312375.159,2549151.507,109.1688578,23.0402714,578.488,descent
3110.47,T008,U06,320979.449,2547682.574,109.2529723,23.0279579,413.301,return
3111.35,T020,U02,319723.818,2547756.898,109.2407146,23.0284933,273.057,return
3112.575,T007,U08,321607.166,2552367.559,109.2585519,23.0703271,219.5,handover
3114.582,T021,U03,318686.201,2545556.139,109.2308517,23.0085095,232.7,ascent
3114.859,T019,U01,312375.159,2549151.507,109.1688578,23.0402714,565.988,descent
3115.47,T008,U06,320924.454,2547631.578,109.2524418,23.0274915,413.301,return
3116.35,T020,U02,319698.23,2547702.627,109.2404714,23.0280005,273.057,return
3117.575,T007,U08,321607.166,2552367.559,109.2585519,23.0703271,219.5,handover
3119.582,T021,U03,318686.201,2545556.139,109.2308517,23.0085095,247.7,ascent
3119.859,T019,U01,312375.159,2549151.507,109.1688578,23.0402714,553.488,descent
3120.47,T008,U06,320869.458,2547580.583,109.2519112,23.0270252,413.301,return
3121.35,T020,U02,319672.643,2547648.357,109.2402281,23.0275077,273.057,return
3122.575,T007,U08,321607.166,2552367.559,109.2585519,23.0703271,219.5,handover
3124.582,T021,U03,318686.201,2545556.139,109.2308517,23.0085095,262.7,ascent
3124.859,T019,U01,312375.159,2549151.507,109.1688578,23.0402714,540.988,descent
3125.47,T008,U06,320814.463,2547529.588,109.2513807,23.0265588,413.301,return
3126.35,T020,U02,319647.055,2547594.086,109.2399849,23.0270149,273.057,return
3127.575,T007,U08,321607.166,2552367.559,109.2585519,23.0703271,219.5,handover
3129.582,T021,U03,318694.122,2545572.939,109.230927,23.0086621,273.057,cruise
3129.859,T019,U01,312375.159,2549151.507,109.1688578,23.0402714,528.488,descent
3130.47,T008,U06,320759.467,2547478.593,109.2508501,23.0260924,413.301,return
3131.35,T020,U02,319621.468,2547539.816,109.2397416,23.0265221,273.057,return
3132.575,T007,U08,321607.166,2552367.559,109.2585519,23.0703271,219.5,handover
3134.582,T021,U03,318719.71,2545627.21,109.2311702,23.0091549,273.057,cruise
3134.859,T019,U01,312375.159,2549151.507,109.1688578,23.0402714,515.988,descent
3135.47,T008,U06,320704.472,2547427.598,109.2503196,23.0256261,413.301,return
3136.35,T020,U02,319595.88,2547485.546,109.2394984,23.0260293,273.057,return
3137.575,T007,U08,321607.166,2552367.559,109.2585519,23.0703271,219.5,handover
3139.582,T021,U03,318745.297,2545681.48,109.2314134,23.0096477,273.057,cruise
3139.859,T019,U01,312375.159,2549151.507,109.1688578,23.0402714,503.488,descent
3140.47,T008,U06,320649.476,2547376.603,109.249789,23.0251597,413.301,return
3141.35,T020,U02,319570.293,2547431.275,109.2392551,23.0255365,273.057,return
3142.575,T007,U08,321607.166,2552367.559,109.2585519,23.0703271,219.5,handover
3144.582,T021,U03,318770.885,2545735.751,109.2316565,23.0101405,273.057,cruise
3144.859,T019,U01,312375.159,2549151.507,109.1688578,23.0402714,490.988,descent
3145.47,T008,U06,320594.481,2547325.608,109.2492585,23.0246933,413.301,return
3146.35,T020,U02,319544.705,2547377.005,109.2390119,23.0250437,273.057,return
3147.575,T007,U08,321607.166,2552367.559,109.2585519,23.0703271,219.5,handover
3149.582,T021,U03,318796.472,2545790.021,109.2318997,23.0106333,273.057,cruise
3149.859,T019,U01,312375.159,2549151.507,109.1688578,23.0402714,478.488,descent
3150.47,T008,U06,320539.485,2547274.613,109.248728,23.0242269,413.301,return
3151.35,T020,U02,319519.118,2547322.734,109.2387686,23.0245509,273.057,return
3152.575,T007,U08,321607.166,2552367.559,109.2585519,23.0703271,219.5,handover
3154.582,T021,U03,318822.06,2545844.291,109.2321429,23.0111261,273.057,cruise
3154.859,T019,U01,312375.159,2549151.507,109.1688578,23.0402714,465.988,descent
3155.47,T008,U06,320484.49,2547223.618,109.2481974,23.0237605,413.301,return
3156.35,T020,U02,319493.53,2547268.464,109.2385254,23.0240581,273.057,return
3157.575,T007,U08,321607.166,2552367.559,109.2585519,23.0703271,219.5,handover
3159.582,T021,U03,318847.647,2545898.562,109.2323861,23.0116189,273.057,cruise
3159.859,T019,U01,312375.159,2549151.507,109.1688578,23.0402714,453.488,descent
3160.47,T008,U06,320429.494,2547172.623,109.2476669,23.0232941,413.301,return
3161.35,T020,U02,319467.943,2547214.193,109.2382822,23.0235653,273.057,return
3162.575,T007,U08,321607.166,2552367.559,109.2585519,23.0703271,219.5,handover
3164.582,T021,U03,318873.235,2545952.832,109.2326293,23.0121117,273.057,cruise
3164.859,T019,U01,312375.159,2549151.507,109.1688578,23.0402714,440.988,descent
3165.47,T008,U06,320374.499,2547121.628,109.2471364,23.0228278,413.301,return
3166.35,T020,U02,319442.355,2547159.923,109.2380389,23.0230725,273.057,return
3167.575,T007,U08,321607.166,2552367.559,109.2585519,23.0703271,219.5,handover
3169.582,T021,U03,318898.822,2546007.103,109.2328725,23.0126045,273.057,cruise
3169.859,T019,U01,312375.159,2549151.507,109.1688578,23.0402714,428.488,descent
3170.47,T008,U06,320319.503,2547070.633,109.2466059,23.0223614,413.301,return
3171.35,T020,U02,319416.768,2547105.653,109.2377957,23.0225797,273.057,return
3172.575,T007,U08,321607.166,2552367.559,109.2585519,23.0703271,219.5,handover
3174.582,T021,U03,318924.41,2546061.373,109.2331157,23.0130973,273.057,cruise
3174.859,T019,U01,312375.159,2549151.507,109.1688578,23.0402714,415.988,descent
3175.47,T008,U06,320264.508,2547019.638,109.2460753,23.021895,413.301,return
3176.35,T020,U02,319391.18,2547051.382,109.2375525,23.0220869,273.057,return
3177.575,T007,U08,321607.166,2552367.559,109.2585519,23.0703271,219.5,handover
3179.582,T021,U03,318949.997,2546115.644,109.2333589,23.0135901,273.057,cruise
3179.859,T019,U01,312375.159,2549151.507,109.1688578,23.0402714,403.488,descent
3180.47,T008,U06,320209.512,2546968.643,109.2455448,23.0214286,413.301,return
3181.35,T020,U02,319365.593,2546997.112,109.2373092,23.0215942,273.057,return
3182.575,T007,U08,321607.166,2552367.559,109.2585519,23.0703271,219.5,handover
3184.582,T021,U03,318975.585,2546169.914,109.2336021,23.0140829,273.057,cruise
3184.859,T019,U01,312375.159,2549151.507,109.1688578,23.0402714,390.988,descent
3185.47,T008,U06,320154.517,2546917.648,109.2450143,23.0209622,413.301,return
3186.35,T020,U02,319340.005,2546942.841,109.237066,23.0211014,273.057,return
3187.575,T007,U08,321607.166,2552367.559,109.2585519,23.0703271,219.5,handover
3189.582,T021,U03,319001.172,2546224.184,109.2338453,23.0145757,273.057,cruise
3189.859,T019,U01,312375.159,2549151.507,109.1688578,23.0402714,378.488,descent
3190.47,T008,U06,320099.521,2546866.653,109.2444838,23.0204958,413.301,return
3191.35,T020,U02,319314.418,2546888.571,109.2368228,23.0206086,273.057,return
3192.575,T007,U08,321607.166,2552367.559,109.2585519,23.0703271,219.5,handover
3194.582,T021,U03,319026.76,2546278.455,109.2340885,23.0150685,273.057,cruise
3194.859,T019,U01,312375.159,2549151.507,109.1688578,23.0402714,365.988,descent
3195.47,T008,U06,320044.526,2546815.658,109.2439533,23.0200294,413.301,return
3196.35,T020,U02,319288.83,2546834.3,109.2365796,23.0201158,273.057,return
3197.575,T007,U08,321607.166,2552367.559,109.2585519,23.0703271,219.5,handover
3199.582,T021,U03,319052.347,2546332.725,109.2343317,23.0155613,273.057,cruise
3199.859,T019,U01,312375.159,2549151.507,109.1688578,23.0402714,353.488,descent
3200.47,T008,U06,319989.53,2546764.663,109.2434228,23.019563,413.301,return
3201.35,T020,U02,319263.243,2546780.03,109.2363363,23.019623,273.057,return
3202.575,T007,U08,321607.166,2552367.559,109.2585519,23.0703271,219.5,handover
3204.582,T021,U03,319077.935,2546386.996,109.2345749,23.0160541,273.057,cruise
3204.859,T019,U01,312375.159,2549151.507,109.1688578,23.0402714,340.988,descent
3205.47,T008,U06,319934.535,2546713.667,109.2428923,23.0190966,413.301,return
3206.35,T020,U02,319237.655,2546725.759,109.2360931,23.0191302,273.057,return
3207.575,T007,U08,321607.166,2552367.559,109.2585519,23.0703271,219.5,handover
3209.582,T021,U03,319103.522,2546441.266,109.2348182,23.0165469,273.057,cruise
3209.859,T019,U01,312375.159,2549151.507,109.1688578,23.0402714,338.5,handover
3210.47,T008,U06,319879.539,2546662.672,109.2423618,23.0186302,413.301,return
3211.35,T020,U02,319212.068,2546671.489,109.2358499,23.0186374,273.057,return
3212.575,T007,U08,321607.166,2552367.559,109.2585519,23.0703271,219.5,handover
3214.582,T021,U03,319129.11,2546495.537,109.2350614,23.0170397,273.057,cruise
3214.859,T019,U01,312375.159,2549151.507,109.1688578,23.0402714,338.5,handover
3215.47,T008,U06,319824.544,2546611.677,109.2418313,23.0181638,413.301,return
3216.35,T020,U02,319186.48,2546617.219,109.2356067,23.0181446,273.057,return
3217.575,T007,U08,321607.166,2552367.559,109.2585519,23.0703271,219.5,handover
3219.582,T021,U03,319154.697,2546549.807,109.2353046,23.0175325,273.057,cruise
3219.859,T019,U01,312375.159,2549151.507,109.1688578,23.0402714,338.5,handover
3220.47,T008,U06,319769.548,2546560.682,109.2413009,23.0176974,413.301,return
3221.35,T020,U02,319160.893,2546562.948,109.2353635,23.0176518,273.057,return
3222.575,T007,U08,321607.166,2552367.559,109.2585519,23.0703271,219.5,handover
3224.582,T021,U03,319180.285,2546604.078,109.2355478,23.0180253,273.057,cruise
3224.859,T019,U01,312375.159,2549151.507,109.1688578,23.0402714,338.5,handover
3225.47,T008,U06,319714.553,2546509.687,109.2407704,23.017231,413.301,return
3226.35,T020,U02,319135.305,2546508.678,109.2351203,23.017159,273.057,return
3227.575,T007,U08,321607.166,2552367.559,109.2585519,23.0703271,219.5,handover
3229.582,T021,U03,319205.872,2546658.348,109.235791,23.0185181,273.057,cruise
3229.859,T019,U01,312375.159,2549151.507,109.1688578,23.0402714,338.5,handover
3230.47,T008,U06,319659.557,2546458.692,109.2402399,23.0167646,413.301,return
3231.35,T020,U02,319109.718,2546454.407,109.234877,23.0166662,273.057,return
3232.575,T007,U08,321607.166,2552367.559,109.2585519,23.0703271,219.5,handover
3234.582,T021,U03,319231.459,2546712.618,109.2360342,23.0190108,273.057,cruise
3234.859,T019,U01,312375.159,2549151.507,109.1688578,23.0402714,338.5,handover
3235.47,T008,U06,319604.562,2546407.697,109.2397094,23.0162982,413.301,return
3236.35,T020,U02,319084.13,2546400.137,109.2346338,23.0161734,273.057,return
3237.575,T007,U08,321607.166,2552367.559,109.2585519,23.0703271,219.5,handover
3239.582,T021,U03,319257.047,2546766.889,109.2362775,23.0195036,273.057,cruise
3239.859,T019,U01,312375.159,2549151.507,109.1688578,23.0402714,338.5,handover
3240.47,T008,U06,319549.566,2546356.702,109.239179,23.0158318,413.301,return
3241.35,T020,U02,319058.543,2546345.866,109.2343906,23.0156806,273.057,return
3242.575,T007,U08,321607.166,2552367.559,109.2585519,23.0703271,219.5,handover
3244.582,T021,U03,319282.634,2546821.159,109.2365207,23.0199964,273.057,cruise
3244.859,T019,U01,312375.159,2549151.507,109.1688578,23.0402714,338.5,handover
3245.47,T008,U06,319494.571,2546305.707,109.2386485,23.0153654,413.301,return
3246.35,T020,U02,319032.955,2546291.596,109.2341474,23.0151878,273.057,return
3247.575,T007,U08,321607.166,2552367.559,109.2585519,23.0703271,219.5,handover
3249.582,T021,U03,319308.222,2546875.43,109.2367639,23.0204892,273.057,cruise
3249.859,T019,U01,312375.159,2549151.507,109.1688578,23.0402714,338.5,handover
3250.47,T008,U06,319439.575,2546254.712,109.238118,23.014899,413.301,return
3251.35,T020,U02,319007.368,2546237.326,109.2339042,23.014695,273.057,return
3252.575,T007,U08,321607.166,2552367.559,109.2585519,23.0703271,219.5,handover
3254.582,T021,U03,319333.809,2546929.7,109.2370071,23.020982,273.057,cruise
3254.859,T019,U01,312375.159,2549151.507,109.1688578,23.0402714,338.5,handover
3255.47,T008,U06,319384.58,2546203.717,109.2375876,23.0144326,413.301,return
3256.35,T020,U02,318981.78,2546183.055,109.233661,23.0142022,273.057,return
3257.575,T007,U08,321607.166,2552367.559,109.2585519,23.0703271,219.5,handover
3259.582,T021,U03,319359.397,2546983.971,109.2372504,23.0214748,273.057,cruise
3259.859,T019,U01,312375.159,2549151.507,109.1688578,23.0402714,338.5,handover
3260.47,T008,U06,319329.584,2546152.722,109.2370571,23.0139661,413.301,return
3261.35,T020,U02,318956.193,2546128.785,109.2334178,23.0137094,273.057,return
3262.575,T007,U08,321607.166,2552367.559,109.2585519,23.0703271,219.5,handover
3264.582,T021,U03,319384.984,2547038.241,109.2374936,23.0219676,273.057,cruise
3264.859,T019,U01,312375.159,2549151.507,109.1688578,23.0402714,338.5,handover
3265.47,T008,U06,319274.589,2546101.727,109.2365267,23.0134997,413.301,return
3266.35,T020,U02,318930.605,2546074.514,109.2331746,23.0132166,273.057,return
3267.575,T007,U08,321607.166,2552367.559,109.2585519,23.0703271,219.5,handover
3269.582,T021,U03,319410.572,2547092.511,109.2377368,23.0224604,273.057,cruise
3269.859,T019,U01,312375.159,2549151.507,109.1688578,23.0402714,338.5,handover
3270.47,T008,U06,319219.593,2546050.732,109.2359962,23.0130333,413.301,return
3271.35,T020,U02,318905.018,2546020.244,109.2329314,23.0127238,273.057,return
3272.575,T007,U08,321607.166,2552367.559,109.2585519,23.0703271,219.5,handover
3274.582,T021,U03,319436.159,2547146.782,109.23798,23.0229532,273.057,cruise
3274.859,T019,U01,312375.159,2549151.507,109.1688578,23.0402714,338.5,handover
3275.47,T008,U06,319164.598,2545999.737,109.2354658,23.0125669,413.301,return
3276.35,T020,U02,318879.43,2545965.973,109.2326882,23.012231,273.057,return
3277.575,T007,U08,321607.166,2552367.559,109.2585519,23.0703271,219.5,handover
3279.582,T021,U03,319461.747,2547201.052,109.2382233,23.023446,273.057,cruise
3279.859,T019,U01,312375.159,2549151.507,109.1688578,23.0402714,338.5,handover
3280.47,T008,U06,319109.602,2545948.742,109.2349353,23.0121005,413.301,return
3281.35,T020,U02,318853.843,2545911.703,109.232445,23.0117382,273.057,return
3282.575,T007,U08,321607.166,2552367.559,109.2585519,23.0703271,219.5,handover
3284.582,T021,U03,319487.334,2547255.323,109.2384665,23.0239388,273.057,cruise
3284.859,T019,U01,312375.159,2549151.507,109.1688578,23.0402714,338.5,handover
3285.47,T008,U06,319054.607,2545897.747,109.2344049,23.011634,413.301,return
3286.35,T020,U02,318828.255,2545857.432,109.2322018,23.0112454,273.057,return
3287.575,T007,U08,321607.166,2552367.559,109.2585519,23.0703271,219.5,handover
3289.582,T021,U03,319512.922,2547309.593,109.2387098,23.0244316,273.057,cruise
3289.859,T019,U01,312375.159,2549151.507,109.1688578,23.0402714,338.5,handover
3290.47,T008,U06,318999.611,2545846.752,109.2338745,23.0111676,413.301,return
3291.35,T020,U02,318802.668,2545803.162,109.2319586,23.0107526,273.057,return
3292.575,T007,U08,321607.166,2552367.559,109.2585519,23.0703271,219.5,handover
3294.582,T021,U03,319538.509,2547363.864,109.238953,23.0249244,273.057,cruise
3294.859,T019,U01,312375.159,2549151.507,109.1688578,23.0402714,338.5,handover
3295.47,T008,U06,318944.616,2545795.756,109.233344,23.0107012,413.301,return
3296.35,T020,U02,318777.08,2545748.892,109.2317154,23.0102598,273.057,return
3297.575,T007,U08,321607.166,2552367.559,109.2585519,23.0703271,219.5,handover
3299.582,T021,U03,319564.097,2547418.134,109.2391962,23.0254172,273.057,cruise
3299.859,T019,U01,312375.159,2549151.507,109.1688578,23.0402714,338.5,handover
3300.47,T008,U06,318889.62,2545744.761,109.2328136,23.0102348,413.301,return
3301.35,T020,U02,318751.493,2545694.621,109.2314722,23.009767,273.057,return
3302.575,T007,U08,321607.166,2552367.559,109.2585519,23.0703271,219.5,handover
3304.582,T021,U03,319589.684,2547472.404,109.2394395,23.02591,273.057,cruise
3304.859,T019,U01,312375.159,2549151.507,109.1688578,23.0402714,338.5,handover
3305.47,T008,U06,318834.625,2545693.766,109.2322832,23.0097683,413.301,return
3306.35,T020,U02,318725.905,2545640.351,109.2312291,23.0092742,273.057,return
3307.575,T007,U08,321607.166,2552367.559,109.2585519,23.0703271,219.5,handover
3309.582,T021,U03,319615.272,2547526.675,109.2396827,23.0264028,273.057,cruise
3309.859,T019,U01,312375.159,2549151.507,109.1688578,23.0402714,338.5,handover
3310.47,T008,U06,318779.629,2545642.771,109.2317528,23.0093019,413.301,return
3311.35,T020,U02,318700.318,2545586.08,109.2309859,23.0087814,273.057,return
3312.575,T007,U08,321607.166,2552367.559,109.2585519,23.0703271,219.5,handover
3314.582,T021,U03,319640.859,2547580.945,109.239926,23.0268956,273.057,cruise
3314.859,T019,U01,312375.159,2549151.507,109.1688578,23.0402714,338.5,handover
3315.47,T008,U06,318724.634,2545591.776,109.2312224,23.0088355,413.301,return
3316.35,T020,U02,318686.201,2545556.139,109.2308517,23.0085095,267.453,return
3317.575,T007,U08,321607.166,2552367.559,109.2585519,23.0703271,219.5,handover
3319.582,T021,U03,319666.447,2547635.216,109.2401692,23.0273884,273.057,cruise
3319.859,T019,U01,312375.159,2549151.507,109.1688578,23.0402714,338.5,handover
3320.47,T008,U06,318686.201,2545556.139,109.2308517,23.0085095,409.536,return
3321.35,T020,U02,318686.201,2545556.139,109.2308517,23.0085095,254.953,return
3322.575,T007,U08,321607.166,2552367.559,109.2585519,23.0703271,219.5,handover
3324.582,T021,U03,319692.034,2547689.486,109.2404125,23.0278811,273.057,cruise
3324.859,T019,U01,312375.159,2549151.507,109.1688578,23.0402714,338.5,handover
3325.47,T008,U06,318686.201,2545556.139,109.2308517,23.0085095,397.036,return
3326.35,T020,U02,318686.201,2545556.139,109.2308517,23.0085095,242.453,return
3327.575,T007,U08,321607.166,2552367.559,109.2585519,23.0703271,219.5,handover
3329.582,T021,U03,319717.622,2547743.757,109.2406557,23.0283739,273.057,cruise
3329.859,T019,U01,312375.159,2549151.507,109.1688578,23.0402714,338.5,handover
3330.47,T008,U06,318686.201,2545556.139,109.2308517,23.0085095,384.536,return
3331.35,T020,U02,318686.201,2545556.139,109.2308517,23.0085095,229.953,return
3332.575,T007,U08,321607.166,2552367.559,109.2585519,23.0703271,219.5,handover
3334.582,T021,U03,319743.209,2547798.027,109.240899,23.0288667,273.057,cruise
3334.859,T019,U01,312375.159,2549151.507,109.1688578,23.0402714,338.5,handover
3335.47,T008,U06,318686.201,2545556.139,109.2308517,23.0085095,372.036,return
3336.35,T020,U02,318686.201,2545556.139,109.2308517,23.0085095,217.453,return
3337.575,T007,U08,321607.166,2552367.559,109.2585519,23.0703271,219.5,handover
3339.582,T021,U03,319768.797,2547852.298,109.2411422,23.0293595,273.057,cruise
3339.859,T019,U01,312375.159,2549151.507,109.1688578,23.0402714,338.5,handover
3340.47,T008,U06,318686.201,2545556.139,109.2308517,23.0085095,359.536,return
3341.35,T020,U02,318686.201,2545556.139,109.2308517,23.0085095,204.953,return
3342.575,T007,U08,321607.166,2552367.559,109.2585519,23.0703271,219.5,handover
3344.582,T021,U03,319794.384,2547906.568,109.2413855,23.0298523,273.057,cruise
3344.859,T019,U01,312375.159,2549151.507,109.1688578,23.0402714,338.5,handover
3345.47,T008,U06,318686.201,2545556.139,109.2308517,23.0085095,347.036,return
3346.35,T020,U02,318686.201,2545556.139,109.2308517,23.0085095,192.453,return
3347.575,T007,U08,321607.166,2552367.559,109.2585519,23.0703271,219.5,handover
3349.582,T021,U03,319819.972,2547960.838,109.2416287,23.0303451,273.057,cruise
3349.859,T019,U01,312375.159,2549151.507,109.1688578,23.0402714,338.5,handover
3350.47,T008,U06,318686.201,2545556.139,109.2308517,23.0085095,334.536,return
3351.35,T020,U02,318686.201,2545556.139,109.2308517,23.0085095,179.953,return
3352.575,T007,U08,321607.166,2552367.559,109.2585519,23.0703271,219.5,handover
3354.582,T021,U03,319845.559,2548015.109,109.241872,23.0308379,273.057,cruise
3354.859,T019,U01,312375.159,2549151.507,109.1688578,23.0402714,338.5,handover
3355.47,T008,U06,318686.201,2545556.139,109.2308517,23.0085095,322.036,return
3356.35,T020,U02,318686.201,2545556.139,109.2308517,23.0085095,167.453,return
3357.575,T007,U08,321607.166,2552367.559,109.2585519,23.0703271,219.5,handover
3359.582,T021,U03,319871.147,2548069.379,109.2421153,23.0313307,273.057,cruise
3359.859,T019,U01,312375.159,2549151.507,109.1688578,23.0402714,338.5,handover
3360.47,T008,U06,318686.201,2545556.139,109.2308517,23.0085095,309.536,return
3361.35,T020,U02,318686.201,2545556.139,109.2308517,23.0085095,154.953,return
3362.575,T007,U08,321607.166,2552367.559,109.2585519,23.0703271,219.5,handover
3364.582,T021,U03,319896.734,2548123.65,109.2423585,23.0318235,273.057,cruise
3364.859,T019,U01,312375.159,2549151.507,109.1688578,23.0402714,338.5,handover
3365.47,T008,U06,318686.201,2545556.139,109.2308517,23.0085095,297.036,return
3366.35,T020,U02,318686.201,2545556.139,109.2308517,23.0085095,142.453,return
3367.575,T007,U08,321607.166,2552367.559,109.2585519,23.0703271,219.5,handover
3369.582,T021,U03,319922.322,2548177.92,109.2426018,23.0323163,273.057,cruise
3369.859,T019,U01,312375.159,2549151.507,109.1688578,23.0402714,338.5,handover
3370.47,T008,U06,318686.201,2545556.139,109.2308517,23.0085095,284.536,return
3371.35,T020,U02,318686.201,2545556.139,109.2308517,23.0085095,129.953,return
3372.575,T007,U08,321607.166,2552367.559,109.2585519,23.0703271,219.5,handover
3374.582,T021,U03,319947.909,2548232.191,109.242845,23.032809,273.057,cruise
3374.859,T019,U01,312375.159,2549151.507,109.1688578,23.0402714,338.5,handover
3375.47,T008,U06,318686.201,2545556.139,109.2308517,23.0085095,272.036,return
3377.575,T007,U08,321607.166,2552367.559,109.2585519,23.0703271,219.5,handover
3379.582,T021,U03,319973.497,2548286.461,109.2430883,23.0333018,273.057,cruise
3379.859,T019,U01,312375.159,2549151.507,109.1688578,23.0402714,338.5,handover
3380.47,T008,U06,318686.201,2545556.139,109.2308517,23.0085095,259.536,return
3382.575,T007,U08,321607.166,2552367.559,109.2585519,23.0703271,219.5,handover
3384.582,T021,U03,319988.6,2548318.494,109.2432319,23.0335927,267.935,descent
3384.859,T019,U01,312375.159,2549151.507,109.1688578,23.0402714,338.5,handover
3385.47,T008,U06,318686.201,2545556.139,109.2308517,23.0085095,247.036,return
3387.575,T007,U08,321607.166,2552367.559,109.2585519,23.0703271,219.5,handover
3389.582,T021,U03,319988.6,2548318.494,109.2432319,23.0335927,255.435,descent
3389.859,T019,U01,312375.159,2549151.507,109.1688578,23.0402714,350.515,return
3390.47,T008,U06,318686.201,2545556.139,109.2308517,23.0085095,234.536,return
3392.575,T007,U08,321607.166,2552367.559,109.2585519,23.0703271,219.5,handover
3394.582,T021,U03,319988.6,2548318.494,109.2432319,23.0335927,242.935,descent
3394.859,T019,U01,312375.159,2549151.507,109.1688578,23.0402714,365.515,return
3395.47,T008,U06,318686.201,2545556.139,109.2308517,23.0085095,222.036,return
3397.575,T007,U08,321607.166,2552367.559,109.2585519,23.0703271,226.21,return
3399.582,T021,U03,319988.6,2548318.494,109.2432319,23.0335927,230.435,descent
3399.859,T019,U01,312375.159,2549151.507,109.1688578,23.0402714,380.515,return
3400.47,T008,U06,318686.201,2545556.139,109.2308517,23.0085095,209.536,return
3402.575,T007,U08,321607.166,2552367.559,109.2585519,23.0703271,238.71,return
3404.582,T021,U03,319988.6,2548318.494,109.2432319,23.0335927,217.935,descent
3404.859,T019,U01,312375.159,2549151.507,109.1688578,23.0402714,395.515,return
3405.47,T008,U06,318686.201,2545556.139,109.2308517,23.0085095,197.036,return
3407.575,T007,U08,321607.166,2552367.559,109.2585519,23.0703271,251.21,return
3409.582,T021,U03,319988.6,2548318.494,109.2432319,23.0335927,205.435,descent
3409.859,T019,U01,312375.159,2549151.507,109.1688578,23.0402714,410.515,return
3410.47,T008,U06,318686.201,2545556.139,109.2308517,23.0085095,184.536,return
3412.575,T007,U08,321607.166,2552367.559,109.2585519,23.0703271,263.71,return
3414.582,T021,U03,319988.6,2548318.494,109.2432319,23.0335927,192.935,descent
3414.859,T019,U01,312375.159,2549151.507,109.1688578,23.0402714,425.515,return
3415.47,T008,U06,318686.201,2545556.139,109.2308517,23.0085095,172.036,return
3417.575,T007,U08,321607.166,2552367.559,109.2585519,23.0703271,276.21,return
3419.582,T021,U03,319988.6,2548318.494,109.2432319,23.0335927,184,handover
3419.859,T019,U01,312375.159,2549151.507,109.1688578,23.0402714,440.515,return
3420.47,T008,U06,318686.201,2545556.139,109.2308517,23.0085095,159.536,return
3422.575,T007,U08,321607.166,2552367.559,109.2585519,23.0703271,288.71,return
3424.582,T021,U03,319988.6,2548318.494,109.2432319,23.0335927,184,handover
3424.859,T019,U01,312375.159,2549151.507,109.1688578,23.0402714,455.515,return
3425.47,T008,U06,318686.201,2545556.139,109.2308517,23.0085095,147.036,return
3427.575,T007,U08,321607.166,2552367.559,109.2585519,23.0703271,301.21,return
3429.582,T021,U03,319988.6,2548318.494,109.2432319,23.0335927,184,handover
3429.859,T019,U01,312375.159,2549151.507,109.1688578,23.0402714,470.515,return
3430.47,T008,U06,318686.201,2545556.139,109.2308517,23.0085095,134.536,return
3432.575,T007,U08,321595.92,2552341.335,109.2584452,23.0700891,308.954,return
3434.582,T021,U03,319988.6,2548318.494,109.2432319,23.0335927,184,handover
3434.859,T019,U01,312375.159,2549151.507,109.1688578,23.0402714,485.515,return
3437.575,T007,U08,321566.361,2552272.405,109.2581648,23.0694635,308.954,return
3439.582,T021,U03,319988.6,2548318.494,109.2432319,23.0335927,184,handover
3439.859,T019,U01,312375.159,2549151.507,109.1688578,23.0402714,500.515,return
3442.575,T007,U08,321536.802,2552203.476,109.2578843,23.068838,308.954,return
3444.582,T021,U03,319988.6,2548318.494,109.2432319,23.0335927,184,handover
3444.859,T019,U01,312375.159,2549151.507,109.1688578,23.0402714,515.515,return
3447.575,T007,U08,321507.243,2552134.547,109.2576039,23.0682124,308.954,return
3448.176,T014,U05,318686.201,2545556.139,109.2308517,23.0085095,127.7,ascent
3449.582,T021,U03,319988.6,2548318.494,109.2432319,23.0335927,184,handover
3449.859,T019,U01,312375.159,2549151.507,109.1688578,23.0402714,530.515,return
3452.575,T007,U08,321477.684,2552065.617,109.2573235,23.0675869,308.954,return
3453.176,T014,U05,318686.201,2545556.139,109.2308517,23.0085095,142.7,ascent
3454.582,T021,U03,319988.6,2548318.494,109.2432319,23.0335927,184,handover
3454.859,T019,U01,312375.159,2549151.507,109.1688578,23.0402714,545.515,return
3457.575,T007,U08,321448.124,2551996.688,109.2570431,23.0669613,308.954,return
3458.176,T014,U05,318686.201,2545556.139,109.2308517,23.0085095,157.7,ascent
3459.582,T021,U03,319988.6,2548318.494,109.2432319,23.0335927,184,handover
3459.859,T019,U01,312375.159,2549151.507,109.1688578,23.0402714,560.515,return
3462.575,T007,U08,321418.565,2551927.759,109.2567626,23.0663358,308.954,return
3463.176,T014,U05,318686.201,2545556.139,109.2308517,23.0085095,172.7,ascent
3464.582,T021,U03,319988.6,2548318.494,109.2432319,23.0335927,184,handover
3464.859,T019,U01,312422.811,2549124.36,109.169326,23.0400317,561.804,return
3467.575,T007,U08,321389.006,2551858.829,109.2564822,23.0657102,308.954,return
3468.176,T014,U05,318686.201,2545556.139,109.2308517,23.0085095,187.7,ascent
3469.582,T021,U03,319988.6,2548318.494,109.2432319,23.0335927,184,handover
3469.859,T019,U01,312474.944,2549094.66,109.1698382,23.0397694,561.804,return
3472.575,T007,U08,321359.447,2551789.9,109.2562018,23.0650847,308.954,return
3473.176,T014,U05,318686.201,2545556.139,109.2308517,23.0085095,202.7,ascent
3473.392,T011,U07,318686.201,2545556.139,109.2308517,23.0085095,127.7,ascent
3474.582,T021,U03,319988.6,2548318.494,109.2432319,23.0335927,184,handover
3474.859,T019,U01,312527.078,2549064.96,109.1703504,23.0395071,561.804,return
3477.575,T007,U08,321329.888,2551720.971,109.2559214,23.0644591,308.954,return
3478.176,T014,U05,318686.201,2545556.139,109.2308517,23.0085095,217.7,ascent
3478.392,T011,U07,318686.201,2545556.139,109.2308517,23.0085095,140.2,ascent
3479.582,T021,U03,319988.6,2548318.494,109.2432319,23.0335927,184,handover
3479.859,T019,U01,312579.211,2549035.259,109.1708627,23.0392449,561.804,return
3482.575,T007,U08,321300.328,2551652.041,109.255641,23.0638335,308.954,return
3483.176,T014,U05,318686.201,2545556.139,109.2308517,23.0085095,232.7,ascent
3483.392,T011,U07,318686.201,2545556.139,109.2308517,23.0085095,152.7,ascent
3484.582,T021,U03,319988.6,2548318.494,109.2432319,23.0335927,184,handover
3484.859,T019,U01,312631.345,2549005.559,109.1713749,23.0389826,561.804,return
3487.575,T007,U08,321270.769,2551583.112,109.2553606,23.063208,308.954,return
3488.176,T014,U05,318686.201,2545556.139,109.2308517,23.0085095,247.7,ascent
3488.392,T011,U07,318686.201,2545556.139,109.2308517,23.0085095,165.2,ascent
3489.582,T021,U03,319988.6,2548318.494,109.2432319,23.0335927,184,handover
3489.859,T019,U01,312683.478,2548975.859,109.1718871,23.0387203,561.804,return
3492.575,T007,U08,321241.21,2551514.183,109.2550802,23.0625824,308.954,return
3493.176,T014,U05,318686.201,2545556.139,109.2308517,23.0085095,262.7,ascent
3493.392,T011,U07,318686.201,2545556.139,109.2308517,23.0085095,177.7,ascent
3494.582,T021,U03,319988.6,2548318.494,109.2432319,23.0335927,184,handover
3494.859,T019,U01,312735.612,2548946.159,109.1723993,23.038458,561.804,return
3497.575,T007,U08,321211.651,2551445.253,109.2547997,23.0619569,308.954,return
3498.176,T014,U05,318686.201,2545556.139,109.2308517,23.0085095,277.7,ascent
3498.392,T011,U07,318686.201,2545556.139,109.2308517,23.0085095,190.2,ascent
3499.582,T021,U03,319988.6,2548318.494,109.2432319,23.0335927,184,handover
3499.859,T019,U01,312787.745,2548916.459,109.1729115,23.0381958,561.804,return
3502.575,T007,U08,321182.092,2551376.324,109.2545193,23.0613313,308.954,return
3503.176,T014,U05,318686.201,2545556.139,109.2308517,23.0085095,292.7,ascent
3503.392,T011,U07,318686.201,2545556.139,109.2308517,23.0085095,202.7,ascent
3504.582,T021,U03,319988.6,2548318.494,109.2432319,23.0335927,184,handover
3504.859,T019,U01,312839.879,2548886.759,109.1734237,23.0379335,561.804,return
3507.575,T007,U08,321152.532,2551307.395,109.2542389,23.0607057,308.954,return
3508.176,T014,U05,318717.264,2545621.488,109.231147,23.0091029,293.229,cruise
3508.392,T011,U07,318686.201,2545556.139,109.2308517,23.0085095,215.2,ascent
3509.582,T021,U03,319988.6,2548318.494,109.2432319,23.0335927,184,handover
3509.859,T019,U01,312892.012,2548857.058,109.1739359,23.0376712,561.804,return
3512.575,T007,U08,321122.973,2551238.465,109.2539585,23.0600802,308.954,return
3513.176,T014,U05,318749.463,2545689.224,109.2314531,23.009718,293.229,cruise
3513.392,T011,U07,318686.201,2545556.139,109.2308517,23.0085095,227.7,ascent
3514.582,T021,U03,319988.6,2548318.494,109.2432319,23.0335927,184,handover
3514.859,T019,U01,312944.146,2548827.358,109.1744481,23.0374089,561.804,return
3517.575,T007,U08,321093.414,2551169.536,109.2536782,23.0594546,308.954,return
3518.176,T014,U05,318781.661,2545756.961,109.2317592,23.0103331,293.229,cruise
3518.392,T011,U07,318686.201,2545556.139,109.2308517,23.0085095,240.2,ascent
3519.582,T021,U03,319988.6,2548318.494,109.2432319,23.0335927,184,handover
3519.723,T023,U04,318686.201,2545556.139,109.2308517,23.0085095,127.7,ascent
3519.859,T019,U01,312996.279,2548797.658,109.1749604,23.0371466,561.804,return
3522.575,T007,U08,321063.855,2551100.607,109.2533978,23.0588291,308.954,return
3523.176,T014,U05,318813.86,2545824.698,109.2320652,23.0109483,293.229,cruise
3523.392,T011,U07,318686.201,2545556.139,109.2308517,23.0085095,252.7,ascent
3524.582,T021,U03,319988.6,2548318.494,109.2432319,23.0335927,184,handover
3524.723,T023,U04,318686.201,2545556.139,109.2308517,23.0085095,142.7,ascent
3524.859,T019,U01,313048.413,2548767.958,109.1754726,23.0368843,561.804,return
3527.575,T007,U08,321034.295,2551031.677,109.2531174,23.0582035,308.954,return
3528.176,T014,U05,318846.058,2545892.434,109.2323713,23.0115634,293.229,cruise
3528.392,T011,U07,318686.201,2545556.139,109.2308517,23.0085095,265.2,ascent
3529.582,T021,U03,319988.6,2548318.494,109.2432319,23.0335927,184,handover
3529.723,T023,U04,318686.201,2545556.139,109.2308517,23.0085095,157.7,ascent
3529.859,T019,U01,313100.546,2548738.258,109.1759848,23.036622,561.804,return
3532.575,T007,U08,321004.736,2550962.748,109.252837,23.0575779,308.954,return
3533.176,T014,U05,318878.256,2545960.171,109.2326774,23.0121785,293.229,cruise
3533.392,T011,U07,318686.201,2545556.139,109.2308517,23.0085095,277.7,ascent
3534.582,T021,U03,319988.6,2548318.494,109.2432319,23.0335927,184,handover
3534.723,T023,U04,318686.201,2545556.139,109.2308517,23.0085095,172.7,ascent
3534.859,T019,U01,313152.68,2548708.558,109.176497,23.0363598,561.804,return
3537.575,T007,U08,320975.177,2550893.819,109.2525566,23.0569524,308.954,return
3538.176,T014,U05,318910.455,2546027.908,109.2329835,23.0127936,293.229,cruise
3538.392,T011,U07,318686.201,2545556.139,109.2308517,23.0085095,290.2,ascent
3539.582,T021,U03,319988.6,2548318.494,109.2432319,23.0335927,184,handover
3539.723,T023,U04,318686.201,2545556.139,109.2308517,23.0085095,187.7,ascent
3539.859,T019,U01,313204.813,2548678.857,109.1770092,23.0360975,561.804,return
3542.575,T007,U08,320945.618,2550824.889,109.2522762,23.0563268,308.954,return
3543.176,T014,U05,318942.653,2546095.645,109.2332896,23.0134087,293.229,cruise
3543.392,T011,U07,318686.201,2545556.139,109.2308517,23.0085095,302.7,ascent
3544.582,T021,U03,319988.6,2548318.494,109.2432319,23.0335927,184,handover
3544.723,T023,U04,318686.201,2545556.139,109.2308517,23.0085095,202.7,ascent
3544.859,T019,U01,313256.947,2548649.157,109.1775213,23.0358352,561.804,return
3547.575,T007,U08,320916.059,2550755.96,109.2519958,23.0557012,308.954,return
3548.176,T014,U05,318974.852,2546163.381,109.2335957,23.0140238,293.229,cruise
3548.392,T011,U07,318686.201,2545556.139,109.2308517,23.0085095,315.2,ascent
3549.582,T021,U03,319988.6,2548318.494,109.2432319,23.0335927,184,handover
3549.723,T023,U04,318686.201,2545556.139,109.2308517,23.0085095,217.7,ascent
3549.859,T019,U01,313309.08,2548619.457,109.1780335,23.0355729,561.804,return
3552.575,T007,U08,320886.499,2550687.031,109.2517154,23.0550757,308.954,return
3553.176,T014,U05,319007.05,2546231.118,109.2339018,23.0146389,293.229,cruise
3553.392,T011,U07,318686.201,2545556.139,109.2308517,23.0085095,327.7,ascent
3554.582,T021,U03,319988.6,2548318.494,109.2432319,23.0335927,184,handover
3554.723,T023,U04,318686.201,2545556.139,109.2308517,23.0085095,232.7,ascent
3554.859,T019,U01,313361.214,2548589.757,109.1785457,23.0353106,561.804,return
3557.575,T007,U08,320856.94,2550618.101,109.2514351,23.0544501,308.954,return
3558.176,T014,U05,319039.249,2546298.855,109.2342079,23.015254,293.229,cruise
3558.392,T011,U07,318686.201,2545556.139,109.2308517,23.0085095,340.2,ascent
3559.582,T021,U03,319988.6,2548318.494,109.2432319,23.0335927,184,handover
3559.723,T023,U04,318686.201,2545556.139,109.2308517,23.0085095,247.7,ascent
3559.859,T019,U01,313413.347,2548560.057,109.1790579,23.0350483,561.804,return
3562.575,T007,U08,320827.381,2550549.172,109.2511547,23.0538245,308.954,return
3563.176,T014,U05,319071.447,2546366.591,109.2345141,23.0158691,293.229,cruise
3563.392,T011,U07,318686.201,2545556.139,109.2308517,23.0085095,352.7,ascent
3564.582,T021,U03,319988.6,2548318.494,109.2432319,23.0335927,184,handover
3564.723,T023,U04,318686.201,2545556.139,109.2308517,23.0085095,262.7,ascent
3564.859,T019,U01,313465.481,2548530.357,109.1795701,23.034786,561.804,return
3567.575,T007,U08,320797.822,2550480.243,109.2508743,23.053199,308.954,return
3568.176,T014,U05,319103.645,2546434.328,109.2348202,23.0164842,293.229,cruise
3568.392,T011,U07,318686.201,2545556.139,109.2308517,23.0085095,365.2,ascent
3569.582,T021,U03,319988.6,2548318.494,109.2432319,23.0335927,184,handover
3569.723,T023,U04,318686.201,2545556.139,109.2308517,23.0085095,277.7,ascent
3569.859,T019,U01,313517.614,2548500.656,109.1800823,23.0345237,561.804,return
3572.575,T007,U08,320768.263,2550411.313,109.250594,23.0525734,308.954,return
3573.176,T014,U05,319135.844,2546502.065,109.2351263,23.0170993,293.229,cruise
3573.392,T011,U07,318686.201,2545556.139,109.2308517,23.0085095,377.7,ascent
3574.582,T021,U03,319988.6,2548318.494,109.2432319,23.0335927,184,handover
3574.723,T023,U04,318686.201,2545556.139,109.2308517,23.0085095,292.7,ascent
3574.859,T019,U01,313569.747,2548470.956,109.1805945,23.0342613,561.804,return
3577.575,T007,U08,320738.703,2550342.384,109.2503136,23.0519478,308.954,return
3578.176,T014,U05,319168.042,2546569.801,109.2354324,23.0177144,293.229,cruise
3578.392,T011,U07,318686.201,2545556.139,109.2308517,23.0085095,390.2,ascent
3579.582,T021,U03,319988.6,2548318.494,109.2432319,23.0335927,184,handover
3579.723,T023,U04,318686.201,2545556.139,109.2308517,23.0085095,307.7,ascent
3579.859,T019,U01,313621.881,2548441.256,109.1811067,23.033999,561.804,return
3582.575,T007,U08,320709.144,2550273.455,109.2500332,23.0513223,308.954,return
3583.176,T014,U05,319200.241,2546637.538,109.2357385,23.0183295,293.229,cruise
3583.392,T011,U07,318689.125,2545582.744,109.2308771,23.00875,398.239,cruise
3584.582,T021,U03,319988.6,2548318.494,109.2432319,23.0335927,184,handover
3584.723,T023,U04,318686.201,2545556.139,109.2308517,23.0085095,322.7,ascent
3584.859,T019,U01,313674.014,2548411.556,109.1816188,23.0337367,561.804,return
3587.575,T007,U08,320679.585,2550204.525,109.2497529,23.0506967,308.954,return
3588.176,T014,U05,319232.439,2546705.275,109.2360446,23.0189446,293.229,cruise
3588.392,T011,U07,318697.318,2545657.295,109.2309482,23.0094241,398.239,cruise
3589.582,T021,U03,319988.6,2548318.494,109.2432319,23.0335927,184,handover
3589.723,T023,U04,318684.511,2545601.264,109.2308299,23.0089168,326.411,cruise
3589.859,T019,U01,313726.148,2548381.856,109.182131,23.0334744,561.804,return
3592.575,T007,U08,320650.026,2550135.596,109.2494725,23.0500711,308.954,return
3593.176,T014,U05,319264.638,2546773.012,109.2363508,23.0195598,293.229,cruise
3593.392,T011,U07,318705.511,2545731.846,109.2310194,23.0100981,398.239,cruise
3594.582,T021,U03,319988.6,2548318.494,109.2432319,23.0335927,184,handover
3594.723,T023,U04,318682.264,2545661.222,109.2308009,23.0094579,326.411,cruise
3594.859,T019,U01,313778.281,2548352.156,109.1826432,23.0332121,561.804,return
3597.575,T007,U08,320620.467,2550066.667,109.2491922,23.0494456,308.954,return
3598.176,T014,U05,319296.836,2546840.748,109.2366569,23.0201749,293.229,cruise
3598.392,T011,U07,318713.705,2545806.398,109.2310905,23.0107721,398.239,cruise
3599.582,T021,U03,319988.6,2548318.494,109.2432319,23.0335927,188.278,ascent
3599.723,T023,U04,318680.017,2545721.18,109.2307719,23.009999,326.411,cruise
3599.859,T019,U01,313830.415,2548322.455,109.1831554,23.0329498,561.804,return
3602.575,T007,U08,320590.907,2549997.737,109.2489118,23.04882,308.954,return
3603.176,T014,U05,319329.034,2546908.485,109.236963,23.02079,293.229,cruise
3603.392,T011,U07,318721.898,2545880.949,109.2311616,23.0114461,398.239,cruise
3604.582,T021,U03,319988.6,2548318.494,109.2432319,23.0335927,203.278,ascent
3604.723,T023,U04,318677.771,2545781.138,109.230743,23.0105401,326.411,cruise
3604.859,T019,U01,313882.548,2548292.755,109.1836675,23.0326875,561.804,return
3607.575,T007,U08,320561.348,2549928.808,109.2486314,23.0481944,308.954,return
3608.176,T014,U05,319361.233,2546976.222,109.2372692,23.0214051,293.229,cruise
3608.392,T011,U07,318730.091,2545955.5,109.2312328,23.0121202,398.239,cruise
3609.582,T021,U03,319988.6,2548318.494,109.2432319,23.0335927,218.278,ascent
3609.723,T023,U04,318675.524,2545841.096,109.230714,23.0110812,326.411,cruise
3609.859,T019,U01,313934.682,2548263.055,109.1841797,23.0324252,561.804,return
3612.575,T007,U08,320531.789,2549859.879,109.2483511,23.0475689,308.954,return
3613.176,T014,U05,319393.431,2547043.958,109.2375753,23.0220202,293.229,cruise
3613.392,T011,U07,318738.284,2546030.051,109.2313039,23.0127942,398.239,cruise
3614.582,T021,U03,319988.6,2548318.494,109.2432319,23.0335927,233.278,ascent
3614.723,T023,U04,318673.278,2545901.054,109.230685,23.0116224,326.411,cruise
3614.859,T019,U01,313986.815,2548233.355,109.1846919,23.0321628,561.804,return
3617.575,T007,U08,320502.23,2549790.949,109.2480707,23.0469433,308.954,return
3618.176,T014,U05,319425.63,2547111.695,109.2378814,23.0226353,293.229,cruise
3618.392,T011,U07,318746.477,2546104.602,109.231375,23.0134682,398.239,cruise
3619.582,T021,U03,319988.6,2548318.494,109.2432319,23.0335927,248.278,ascent
3619.723,T023,U04,318671.031,2545961.012,109.2306561,23.0121635,326.411,cruise
3619.859,T019,U01,314038.949,2548203.655,109.1852041,23.0319005,561.804,return
3622.575,T007,U08,320472.671,2549722.02,109.2477904,23.0463177,308.954,return
3623.176,T014,U05,319457.828,2547179.432,109.2381876,23.0232504,293.229,cruise
3623.392,T011,U07,318754.671,2546179.153,109.2314462,23.0141422,398.239,cruise
3624.582,T021,U03,319988.6,2548318.494,109.2432319,23.0335927,263.278,ascent
3624.723,T023,U04,318668.785,2546020.97,109.2306271,23.0127046,326.411,cruise
3624.859,T019,U01,314091.082,2548173.954,109.1857162,23.0316382,561.804,return
3627.575,T007,U08,320443.111,2549653.091,109.2475101,23.0456922,308.954,return
3628.176,T014,U05,319490.026,2547247.169,109.2384937,23.0238655,293.229,cruise
3628.392,T011,U07,318762.864,2546253.704,109.2315173,23.0148162,398.239,cruise
3629.582,T021,U03,319988.6,2548318.494,109.2432319,23.0335927,278.278,ascent
3629.723,T023,U04,318666.538,2546080.928,109.2305981,23.0132457,326.411,cruise
3629.859,T019,U01,314143.216,2548144.254,109.1862284,23.0313759,561.804,return
3632.575,T007,U08,320413.552,2549584.161,109.2472297,23.0450666,308.954,return
3633.176,T014,U05,319522.225,2547314.905,109.2387999,23.0244806,293.229,cruise
3633.392,T011,U07,318771.057,2546328.255,109.2315885,23.0154903,398.239,cruise
3634.582,T021,U03,319988.6,2548318.494,109.2432319,23.0335927,293.278,ascent
3634.723,T023,U04,318664.292,2546140.885,109.2305691,23.0137868,326.411,cruise
3634.859,T019,U01,314195.349,2548114.554,109.1867405,23.0311135,561.804,return
3637.575,T007,U08,320383.993,2549515.232,109.2469494,23.044441,308.954,return
3638.176,T014,U05,319554.423,2547382.642,109.239106,23.0250957,293.229,cruise
3638.392,T011,U07,318779.25,2546402.807,109.2316596,23.0161643,398.239,cruise
3639.582,T021,U03,319988.6,2548318.494,109.2432319,23.0335927,308.278,ascent
3639.723,T023,U04,318662.045,2546200.843,109.2305401,23.014328,326.411,cruise
3639.859,T019,U01,314247.483,2548084.854,109.1872527,23.0308512,561.804,return
3642.575,T007,U08,320354.434,2549446.303,109.246669,23.0438155,308.954,return
3643.176,T014,U05,319586.622,2547450.379,109.2394122,23.0257108,293.229,cruise
3643.392,T011,U07,318787.443,2546477.358,109.2317307,23.0168383,398.239,cruise
3644.582,T021,U03,319988.6,2548318.494,109.2432319,23.0335927,323.278,ascent
3644.723,T023,U04,318659.799,2546260.801,109.2305112,23.0148691,326.411,cruise
3644.859,T019,U01,314299.616,2548055.154,109.1877649,23.0305889,561.804,return
3647.575,T007,U08,320324.874,2549377.373,109.2463887,23.0431899,308.954,return
3648.176,T014,U05,319618.82,2547518.115,109.2397183,23.0263259,293.229,cruise
3648.392,T011,U07,318795.636,2546551.909,109.2318019,23.0175123,398.239,cruise
3649.582,T021,U03,319988.6,2548318.494,109.2432319,23.0335927,338.278,ascent
3649.723,T023,U04,318657.552,2546320.759,109.2304822,23.0154102,326.411,cruise
3649.859,T019,U01,314351.75,2548025.454,109.188277,23.0303265,561.804,return
3652.575,T007,U08,320295.315,2549308.444,109.2461084,23.0425643,308.954,return
3653.176,T014,U05,319651.019,2547585.852,109.2400245,23.026941,293.229,cruise
3653.392,T011,U07,318803.83,2546626.46,109.231873,23.0181864,398.239,cruise
3654.582,T021,U03,319988.6,2548318.494,109.2432319,23.0335927,353.278,ascent
3654.723,T023,U04,318655.306,2546380.717,109.2304532,23.0159513,326.411,cruise
3654.859,T019,U01,314403.883,2547995.753,109.1887892,23.0300642,561.804,return
3657.575,T007,U08,320265.756,2549239.515,109.2458281,23.0419387,308.954,return
3658.176,T014,U05,319683.217,2547653.589,109.2403307,23.0275561,293.229,cruise
3658.392,T011,U07,318812.023,2546701.011,109.2319442,23.0188604,398.239,cruise
3659.582,T021,U03,319988.6,2548318.494,109.2432319,23.0335927,368.278,ascent
3659.723,T023,U04,318653.059,2546440.675,109.2304242,23.0164925,326.411,cruise
3659.859,T019,U01,314456.017,2547966.053,109.1893013,23.0298019,561.804,return
3662.575,T007,U08,320236.197,2549170.585,109.2455477,23.0413132,308.954,return
3663.176,T014,U05,319715.415,2547721.326,109.2406368,23.0281712,293.229,cruise
3663.392,T011,U07,318820.216,2546775.562,109.2320153,23.0195344,398.239,cruise
3664.582,T021,U03,319988.6,2548318.494,109.2432319,23.0335927,383.278,ascent
3664.723,T023,U04,318650.813,2546500.633,109.2303953,23.0170336,326.411,cruise
3664.859,T019,U01,314508.15,2547936.353,109.1898135,23.0295395,561.804,return
3667.575,T007,U08,320206.638,2549101.656,109.2452674,23.0406876,308.954,return
3668.176,T014,U05,319747.614,2547789.062,109.240943,23.0287863,293.229,cruise
3668.392,T011,U07,318828.409,2546850.113,109.2320865,23.0202084,398.239,cruise
3669.582,T021,U03,319988.6,2548318.494,109.2432319,23.0335927,398.278,ascent
3669.723,T023,U04,318648.566,2546560.591,109.2303663,23.0175747,326.411,cruise
3669.859,T019,U01,314560.284,2547906.653,109.1903256,23.0292772,561.804,return
3672.575,T007,U08,320177.078,2549032.727,109.2449871,23.040062,308.954,return
3673.176,T014,U05,319779.812,2547856.799,109.2412491,23.0294014,293.229,cruise
3673.392,T011,U07,318836.602,2546924.665,109.2321576,23.0208825,398.239,cruise
3674.582,T021,U03,319988.6,2548318.494,109.2432319,23.0335927,413.278,ascent
3674.723,T023,U04,318646.32,2546620.549,109.2303373,23.0181158,326.411,cruise
3674.859,T019,U01,314612.417,2547876.953,109.1908378,23.0290148,561.804,return
3677.575,T007,U08,320147.519,2548963.797,109.2447068,23.0394364,308.954,return
3678.176,T014,U05,319812.011,2547924.536,109.2415553,23.0300165,293.229,cruise
3678.392,T011,U07,318844.795,2546999.216,109.2322288,23.0215565,398.239,cruise
3679.582,T021,U03,319988.6,2548318.494,109.2432319,23.0335927,428.278,ascent
3679.723,T023,U04,318644.073,2546680.507,109.2303083,23.0186569,326.411,cruise
3679.859,T019,U01,314664.551,2547847.253,109.1913499,23.0287525,561.804,return
3682.575,T007,U08,320117.96,2548894.868,109.2444265,23.0388109,308.954,return
3683.176,T014,U05,319844.209,2547992.272,109.2418615,23.0306315,293.229,cruise
3683.392,T011,U07,318852.989,2547073.767,109.2322999,23.0222305,398.239,cruise
3684.582,T021,U03,320032.551,2548297.299,109.2436631,23.0334061,431.08,cruise
3684.723,T023,U04,318641.827,2546740.465,109.2302793,23.0191981,326.411,cruise
3684.859,T019,U01,314716.684,2547817.552,109.191862,23.0284902,561.804,return
3687.575,T007,U08,320088.401,2548825.939,109.2441461,23.0381853,308.954,return
3688.176,T014,U05,319876.408,2548060.009,109.2421677,23.0312466,293.229,cruise
3688.392,T011,U07,318861.182,2547148.318,109.232371,23.0229045,398.239,cruise
3689.582,T021,U03,320086.594,2548271.237,109.2441934,23.0331766,431.08,cruise
3689.723,T023,U04,318639.58,2546800.423,109.2302504,23.0197392,326.411,cruise
3689.859,T019,U01,314768.818,2547787.852,109.1923742,23.0282278,561.804,return
3692.575,T007,U08,320058.842,2548757.009,109.2438658,23.0375597,308.954,return
3693.176,T014,U05,319908.606,2548127.746,109.2424738,23.0318617,293.229,cruise
3693.392,T011,U07,318869.375,2547222.869,109.2324422,23.0235785,398.239,cruise
3694.582,T021,U03,320140.638,2548245.174,109.2447237,23.0329471,431.08,cruise
3694.723,T023,U04,318637.334,2546860.381,109.2302214,23.0202803,326.411,cruise
3694.859,T019,U01,314820.951,2547758.152,109.1928863,23.0279655,561.804,return
3697.575,T007,U08,320029.282,2548688.08,109.2435855,23.0369341,308.954,return
3698.176,T014,U05,319940.804,2548195.482,109.24278,23.0324768,293.229,cruise
3698.392,T011,U07,318877.568,2547297.42,109.2325133,23.0242526,398.239,cruise
3699.582,T021,U03,320194.682,2548219.111,109.245254,23.0327177,431.08,cruise
3699.723,T023,U04,318635.087,2546920.339,109.2301924,23.0208214,326.411,cruise
3699.859,T019,U01,314873.085,2547728.452,109.1933985,23.0277031,561.804,return
3702.575,T007,U08,319999.723,2548619.151,109.2433052,23.0363086,308.954,return
3703.176,T014,U05,319973.003,2548263.219,109.2430862,23.0330919,293.229,cruise
3703.392,T011,U07,318885.761,2547371.971,109.2325845,23.0249266,398.239,cruise
3704.582,T021,U03,320248.726,2548193.049,109.2457843,23.0324882,431.08,cruise
3704.723,T023,U04,318632.84,2546980.296,109.2301634,23.0213625,326.411,cruise
3704.859,T019,U01,314925.218,2547698.752,109.1939106,23.0274408,561.804,return
3707.575,T007,U08,319970.164,2548550.221,109.2430249,23.035683,308.954,return
3708.176,T014,U05,320005.201,2548330.956,109.2433924,23.033707,293.229,cruise
3708.392,T011,U07,318893.954,2547446.523,109.2326556,23.0256006,398.239,cruise
3709.582,T021,U03,320302.77,2548166.986,109.2463145,23.0322587,431.08,cruise
3709.723,T023,U04,318630.594,2547040.254,109.2301344,23.0219037,326.411,cruise
3709.859,T019,U01,314977.351,2547669.052,109.1944227,23.0271784,561.804,return
3712.575,T007,U08,319940.605,2548481.292,109.2427446,23.0350574,308.954,return
3713.176,T014,U05,320037.4,2548398.693,109.2436986,23.0343221,293.229,cruise
3713.392,T011,U07,318902.148,2547521.074,109.2327268,23.0262746,398.239,cruise
3714.582,T021,U03,320356.814,2548140.924,109.2468448,23.0320292,431.08,cruise
3714.723,T023,U04,318628.347,2547100.212,109.2301055,23.0224448,326.411,cruise
3714.859,T019,U01,315029.485,2547639.351,109.1949349,23.026916,561.804,return
3717.575,T007,U08,319911.046,2548412.363,109.2424643,23.0344318,308.954,return
3718.176,T014,U05,320069.598,2548466.429,109.2440048,23.0349372,293.229,cruise
3718.392,T011,U07,318910.341,2547595.625,109.2327979,23.0269487,398.239,cruise
3719.582,T021,U03,320410.858,2548114.861,109.2473751,23.0317998,431.08,cruise
3719.723,T023,U04,318626.101,2547160.17,109.2300765,23.0229859,326.411,cruise
3719.859,T019,U01,315081.618,2547609.651,109.195447,23.0266537,561.804,return
3722.575,T007,U08,319881.486,2548343.433,109.242184,23.0338063,308.954,return
3723.176,T014,U05,320101.796,2548534.166,109.244311,23.0355523,293.229,cruise
3723.392,T011,U07,318918.534,2547670.176,109.2328691,23.0276227,398.239,cruise
3724.582,T021,U03,320464.902,2548088.799,109.2479054,23.0315703,431.08,cruise
3724.723,T023,U04,318623.854,2547220.128,109.2300475,23.023527,326.411,cruise
3724.859,T019,U01,315133.752,2547579.951,109.1959591,23.0263913,561.804,return
3727.575,T007,U08,319851.927,2548274.504,109.2419037,23.0331807,308.954,return
3728.176,T014,U05,320133.995,2548601.903,109.2446172,23.0361674,293.229,cruise
3728.392,T011,U07,318926.727,2547744.727,109.2329402,23.0282967,398.239,cruise
3729.582,T021,U03,320518.946,2548062.736,109.2484356,23.0313408,431.08,cruise
3729.723,T023,U04,318621.608,2547280.086,109.2300185,23.0240681,326.411,cruise
3729.859,T019,U01,315185.885,2547550.251,109.1964712,23.026129,561.804,return
3732.252,T025,U02,318686.201,2545556.139,109.2308517,23.0085095,127.7,ascent
3732.575,T007,U08,319822.368,2548205.575,109.2416234,23.0325551,308.954,return
3733.176,T014,U05,320166.193,2548669.639,109.2449234,23.0367825,293.229,cruise
3733.392,T011,U07,318934.92,2547819.278,109.2330114,23.0289707,398.239,cruise
3734.582,T021,U03,320572.99,2548036.674,109.2489659,23.0311113,431.08,cruise
3734.723,T023,U04,318619.361,2547340.044,109.2299895,23.0246093,326.411,cruise
3734.859,T019,U01,315238.019,2547520.551,109.1969834,23.0258666,561.804,return
3737.252,T025,U02,318686.201,2545556.139,109.2308517,23.0085095,142.7,ascent
3737.575,T007,U08,319792.809,2548136.645,109.2413431,23.0319295,308.954,return
3738.176,T014,U05,320198.392,2548737.376,109.2452296,23.0373976,293.229,cruise
3738.392,T011,U07,318943.113,2547893.829,109.2330825,23.0296447,398.239,cruise
3739.582,T021,U03,320627.033,2548010.611,109.2494962,23.0308818,431.08,cruise
3739.723,T023,U04,318617.115,2547400.002,109.2299605,23.0251504,326.411,cruise
3739.859,T019,U01,315290.152,2547490.851,109.1974955,23.0256042,561.804,return
3742.252,T025,U02,318686.201,2545556.139,109.2308517,23.0085095,157.7,ascent
3742.575,T007,U08,319763.25,2548067.716,109.2410629,23.031304,308.954,return
3743.176,T014,U05,320230.59,2548805.113,109.2455358,23.0380127,293.229,cruise
3743.392,T011,U07,318951.307,2547968.38,109.2331537,23.0303188,398.239,cruise
3744.582,T021,U03,320681.077,2547984.548,109.2500264,23.0306523,431.08,cruise
3744.723,T023,U04,318614.868,2547459.96,109.2299315,23.0256915,326.411,cruise
3744.859,T019,U01,315342.286,2547461.15,109.1980076,23.0253419,561.804,return
3747.252,T025,U02,318686.201,2545556.139,109.2308517,23.0085095,172.7,ascent
3747.575,T007,U08,319733.69,2547998.787,109.2407826,23.0306784,308.954,return
3748.176,T014,U05,320262.789,2548872.85,109.245842,23.0386277,293.229,cruise
3748.392,T011,U07,318959.5,2548042.932,109.2332248,23.0309928,398.239,cruise
3749.582,T021,U03,320735.121,2547958.486,109.2505567,23.0304228,431.08,cruise
3749.723,T023,U04,318612.622,2547519.918,109.2299026,23.0262326,326.411,cruise
3749.859,T019,U01,315394.419,2547431.45,109.1985197,23.0250795,561.804,return
3752.252,T025,U02,318686.201,2545556.139,109.2308517,23.0085095,187.7,ascent
3752.575,T007,U08,319704.131,2547929.857,109.2405023,23.0300528,308.954,return
3753.176,T014,U05,320294.987,2548940.586,109.2461482,23.0392428,293.229,cruise
3753.392,T011,U07,318967.693,2548117.483,109.233296,23.0316668,398.239,cruise
3754.582,T021,U03,320789.165,2547932.423,109.251087,23.0301933,431.08,cruise
3754.723,T023,U04,318610.375,2547579.876,109.2298736,23.0267737,326.411,cruise
3754.859,T019,U01,315446.553,2547401.75,109.1990318,23.0248171,561.804,return
3757.252,T025,U02,318686.201,2545556.139,109.2308517,23.0085095,202.7,ascent
3757.575,T007,U08,319674.572,2547860.928,109.240222,23.0294272,308.954,return
3758.176,T014,U05,320327.185,2549008.323,109.2464544,23.0398579,293.229,cruise
3758.392,T011,U07,318975.886,2548192.034,109.2333671,23.0323408,398.239,cruise
3759.582,T021,U03,320843.209,2547906.361,109.2516172,23.0299639,431.08,cruise
3759.723,T023,U04,318608.129,2547639.834,109.2298446,23.0273149,326.411,cruise
3759.859,T019,U01,315498.686,2547372.05,109.199544,23.0245547,561.804,return
3762.252,T025,U02,318686.201,2545556.139,109.2308517,23.0085095,217.7,ascent
3762.575,T007,U08,319645.013,2547791.999,109.2399417,23.0288016,308.954,return
3763.176,T014,U05,320359.384,2549076.06,109.2467606,23.040473,293.229,cruise
3763.392,T011,U07,318984.079,2548266.585,109.2334383,23.0330149,398.239,cruise
3764.582,T021,U03,320897.253,2547880.298,109.2521475,23.0297344,431.08,cruise
3764.723,T023,U04,318605.882,2547699.792,109.2298156,23.027856,326.411,cruise
3764.859,T019,U01,315550.82,2547342.35,109.2000561,23.0242924,561.804,return
3767.252,T025,U02,318686.201,2545556.139,109.2308517,23.0085095,232.7,ascent
3767.575,T007,U08,319615.453,2547723.069,109.2396615,23.0281761,308.954,return
3768.176,T014,U05,320391.582,2549143.796,109.2470668,23.0410881,293.229,cruise
3768.392,T011,U07,318992.273,2548341.136,109.2335094,23.0336889,398.239,cruise
3769.582,T021,U03,320951.297,2547854.236,109.2526777,23.0295049,431.08,cruise
3769.723,T023,U04,318603.636,2547759.749,109.2297866,23.0283971,326.411,cruise
3769.859,T019,U01,315602.953,2547312.65,109.2005682,23.02403,561.804,return
3772.252,T025,U02,318686.201,2545556.139,109.2308517,23.0085095,247.7,ascent
3772.575,T007,U08,319585.894,2547654.14,109.2393812,23.0275505,308.954,return
3773.176,T014,U05,320423.781,2549211.533,109.2473731,23.0417032,293.229,cruise
3773.392,T011,U07,319000.466,2548415.687,109.2335806,23.0343629,398.239,cruise
3774.582,T021,U03,321005.341,2547828.173,109.253208,23.0292754,431.08,cruise
3774.723,T023,U04,318601.389,2547819.707,109.2297576,23.0289382,326.411,cruise
3774.859,T019,U01,315655.087,2547282.949,109.2010803,23.0237676,561.804,return
3777.252,T025,U02,318686.201,2545556.139,109.2308517,23.0085095,262.7,ascent
3777.575,T007,U08,319556.335,2547585.211,109.2391009,23.0269249,308.954,return
3778.176,T014,U05,320455.979,2549279.27,109.2476793,23.0423183,293.229,cruise
3778.392,T011,U07,319008.659,2548490.238,109.2336517,23.0350369,398.239,cruise
3779.582,T021,U03,321059.385,2547802.111,109.2537382,23.0290459,431.08,cruise
3779.723,T023,U04,318599.143,2547879.665,109.2297286,23.0294793,326.411,cruise
3779.859,T019,U01,315707.22,2547253.249,109.2015924,23.0235052,561.804,return
3782.252,T025,U02,318686.201,2545556.139,109.2308517,23.0085095,277.7,ascent
3782.575,T007,U08,319526.776,2547516.281,109.2388206,23.0262993,308.954,return
3783.176,T014,U05,320488.178,2549347.007,109.2479855,23.0429334,293.229,cruise
3783.392,T011,U07,319016.852,2548564.79,109.2337229,23.0357109,398.239,cruise
3784.582,T021,U03,321113.429,2547776.048,109.2542685,23.0288163,431.08,cruise
3784.723,T023,U04,318596.896,2547939.623,109.2296997,23.0300205,326.411,cruise
3784.859,T019,U01,315759.354,2547223.549,109.2021045,23.0232429,561.804,return
3787.252,T025,U02,318686.201,2545556.139,109.2308517,23.0085095,292.7,ascent
3787.575,T007,U08,319497.217,2547447.352,109.2385404,23.0256737,308.954,return
3788.176,T014,U05,320520.376,2549414.743,109.2482917,23.0435484,293.229,cruise
3788.392,T011,U07,319025.045,2548639.341,109.233794,23.036385,398.239,cruise
3789.582,T021,U03,321167.472,2547749.985,109.2547987,23.0285868,431.08,cruise
3789.723,T023,U04,318594.65,2547999.581,109.2296707,23.0305616,326.411,cruise
3789.859,T019,U01,315811.487,2547193.849,109.2026166,23.0229805,561.804,return
3792.252,T025,U02,318686.201,2545556.139,109.2308517,23.0085095,307.7,ascent
3792.575,T007,U08,319467.657,2547378.423,109.2382601,23.0250481,308.954,return
3793.176,T014,U05,320552.574,2549482.48,109.248598,23.0441635,293.229,cruise
3793.392,T011,U07,319033.238,2548713.892,109.2338652,23.037059,398.239,cruise
3794.582,T021,U03,321221.516,2547723.923,109.255329,23.0283573,431.08,cruise
3794.723,T023,U04,318592.403,2548059.539,109.2296417,23.0311027,326.411,cruise
3794.859,T019,U01,315863.621,2547164.149,109.2031287,23.0227181,561.804,return
3797.252,T025,U02,318686.201,2545556.139,109.2308517,23.0085095,322.7,ascent
3797.575,T007,U08,319438.098,2547309.493,109.2379799,23.0244226,308.954,return
3798.176,T014,U05,320584.773,2549550.217,109.2489042,23.0447786,293.229,cruise
3798.392,T011,U07,319041.432,2548788.443,109.2339364,23.037733,398.239,cruise
3799.582,T021,U03,321275.56,2547697.86,109.2558592,23.0281278,431.08,cruise
3799.723,T023,U04,318590.157,2548119.497,109.2296127,23.0316438,326.411,cruise
3799.859,T019,U01,315915.754,2547134.449,109.2036408,23.0224557,561.804,return
3802.252,T025,U02,318686.201,2545556.139,109.2308517,23.0085095,337.7,ascent
3802.575,T007,U08,319408.539,2547240.564,109.2376996,23.023797,308.954,return
3803.176,T014,U05,320616.971,2549617.953,109.2492104,23.0453937,293.229,cruise
3803.392,T011,U07,319049.625,2548862.994,109.2340075,23.038407,398.239,cruise
3804.582,T021,U03,321329.604,2547671.798,109.2563895,23.0278983,431.08,cruise
3804.723,T023,U04,318587.91,2548179.455,109.2295837,23.0321849,326.411,cruise
3804.859,T019,U01,315967.888,2547104.748,109.2041529,23.0221933,561.804,return
3807.252,T025,U02,318686.201,2545556.139,109.2308517,23.0085095,352.7,ascent
3807.575,T007,U08,319378.98,2547171.635,109.2374193,23.0231714,308.954,return
3808.176,T014,U05,320649.17,2549685.69,109.2495167,23.0460088,293.229,cruise
3808.392,T011,U07,319057.818,2548937.545,109.2340787,23.0390811,398.239,cruise
3809.582,T021,U03,321383.648,2547645.735,109.2569197,23.0276688,431.08,cruise
3809.723,T023,U04,318585.663,2548239.413,109.2295547,23.0327261,326.411,cruise
3809.859,T019,U01,316020.021,2547075.048,109.204665,23.0219309,561.804,return
3812.252,T025,U02,318686.201,2545556.139,109.2308517,23.0085095,367.7,ascent
3812.575,T007,U08,319349.421,2547102.705,109.2371391,23.0225458,308.954,return
3813.176,T014,U05,320681.368,2549753.427,109.2498229,23.0466239,293.229,cruise
3813.392,T011,U07,319066.011,2549012.096,109.2341498,23.0397551,398.239,cruise
3814.582,T021,U03,321437.692,2547619.673,109.25745,23.0274393,431.08,cruise
3814.723,T023,U04,318583.417,2548299.371,109.2295257,23.0332672,326.411,cruise
3814.859,T019,U01,316072.155,2547045.348,109.2051771,23.0216685,561.804,return
3817.252,T025,U02,318677.671,2545594.362,109.230764,23.0088537,372.909,cruise
3817.575,T007,U08,319319.861,2547033.776,109.2368588,23.0219202,308.954,return
3818.176,T014,U05,320713.566,2549821.163,109.2501292,23.047239,293.229,cruise
3818.392,T011,U07,319074.204,2549086.648,109.234221,23.0404291,398.239,cruise
3819.582,T021,U03,321491.736,2547593.61,109.2579802,23.0272098,431.08,cruise
3819.723,T023,U04,318581.17,2548359.329,109.2294967,23.0338083,326.411,cruise
3819.859,T019,U01,316124.288,2547015.648,109.2056892,23.0214061,561.804,return
3822.252,T025,U02,318664.601,2545652.921,109.2306296,23.009381,372.909,cruise
3822.575,T007,U08,319290.302,2546964.847,109.2365786,23.0212946,308.954,return
3823.176,T014,U05,320745.765,2549888.9,109.2504354,23.047854,293.229,cruise
3823.392,T011,U07,319082.397,2549161.199,109.2342921,23.0411031,398.239,cruise
3823.883,T017,U06,318686.201,2545556.139,109.2308517,23.0085095,127.7,ascent
3824.582,T021,U03,321545.78,2547567.547,109.2585104,23.0269802,431.08,cruise
3824.723,T023,U04,318578.924,2548419.287,109.2294677,23.0343494,326.411,cruise
3824.859,T019,U01,316176.422,2546985.948,109.2062013,23.0211437,561.804,return
3827.252,T025,U02,318651.531,2545711.48,109.2304952,23.0099083,372.909,cruise
3827.575,T007,U08,319260.743,2546895.917,109.2362983,23.0206691,308.954,return
3828.176,T014,U05,320777.963,2549956.637,109.2507417,23.0484691,293.229,cruise
3828.392,T011,U07,319090.591,2549235.75,109.2343633,23.0417771,398.239,cruise
3828.883,T017,U06,318686.201,2545556.139,109.2308517,23.0085095,142.7,ascent
3829.582,T021,U03,321599.824,2547541.485,109.2590407,23.0267507,431.08,cruise
3829.723,T023,U04,318576.677,2548479.245,109.2294388,23.0348905,326.411,cruise
3829.859,T019,U01,316228.555,2546956.247,109.2067133,23.0208813,561.804,return
3832.252,T025,U02,318638.462,2545770.039,109.2303609,23.0104356,372.909,cruise
3832.575,T007,U08,319231.184,2546826.988,109.2360181,23.0200435,308.954,return
3833.176,T014,U05,320810.162,2550024.374,109.2510479,23.0490842,293.229,cruise
3833.392,T011,U07,319098.784,2549310.301,109.2344345,23.0424512,398.239,cruise
3833.883,T017,U06,318686.201,2545556.139,109.2308517,23.0085095,157.7,ascent
3834.582,T021,U03,321653.868,2547515.422,109.2595709,23.0265212,431.08,cruise
3834.723,T023,U04,318574.431,2548539.203,109.2294098,23.0354317,326.411,cruise
3834.859,T019,U01,316280.688,2546926.547,109.2072254,23.0206189,561.804,return
3837.252,T025,U02,318625.392,2545828.599,109.2302265,23.0109629,372.909,cruise
3837.575,T007,U08,319201.625,2546758.059,109.2357379,23.0194179,308.954,return
3838.176,T014,U05,320842.36,2550092.11,109.2513542,23.0496993,293.229,cruise
3838.392,T011,U07,319106.977,2549384.852,109.2345056,23.0431252,398.239,cruise
3838.883,T017,U06,318686.201,2545556.139,109.2308517,23.0085095,172.7,ascent
3839.582,T021,U03,321707.911,2547489.36,109.2601011,23.0262917,431.08,cruise
3839.723,T023,U04,318572.184,2548599.16,109.2293808,23.0359728,326.411,cruise
3839.859,T019,U01,316332.822,2546896.847,109.2077375,23.0203565,561.804,return
3842.252,T025,U02,318612.323,2545887.158,109.2300921,23.0114902,372.909,cruise
3842.575,T007,U08,319172.065,2546689.129,109.2354576,23.0187923,308.954,return
3843.176,T014,U05,320874.559,2550159.847,109.2516604,23.0503144,293.229,cruise
3843.392,T011,U07,319115.17,2549459.403,109.2345768,23.0437992,398.239,cruise
3843.883,T017,U06,318686.201,2545556.139,109.2308517,23.0085095,187.7,ascent
3844.582,T021,U03,321761.955,2547463.297,109.2606314,23.0260621,431.08,cruise
3844.723,T023,U04,318569.938,2548659.118,109.2293518,23.0365139,326.411,cruise
3844.859,T019,U01,316384.955,2546867.147,109.2082496,23.0200941,561.804,return
3847.252,T025,U02,318599.253,2545945.717,109.2299577,23.0120176,372.909,cruise
3847.575,T007,U08,319142.506,2546620.2,109.2351774,23.0181667,308.954,return
3848.176,T014,U05,320906.757,2550227.584,109.2519667,23.0509294,293.229,cruise
3848.392,T011,U07,319123.363,2549533.954,109.2346479,23.0444732,398.239,cruise
3848.883,T017,U06,318686.201,2545556.139,109.2308517,23.0085095,202.7,ascent
3849.582,T021,U03,321815.999,2547437.235,109.2611616,23.0258326,431.08,cruise
3849.723,T023,U04,318567.691,2548719.076,109.2293228,23.037055,326.411,cruise
3849.859,T019,U01,316437.089,2546837.447,109.2087617,23.0198317,561.804,return
3852.252,T025,U02,318586.183,2546004.276,109.2298233,23.0125449,372.909,cruise
3852.575,T007,U08,319112.947,2546551.271,109.2348972,23.0175411,308.954,return
3853.176,T014,U05,320938.955,2550295.32,109.2522729,23.0515445,293.229,cruise
3853.392,T011,U07,319131.556,2549608.505,109.2347191,23.0451472,398.239,cruise
3853.883,T017,U06,318686.201,2545556.139,109.2308517,23.0085095,217.7,ascent
3854.582,T021,U03,321870.043,2547411.172,109.2616918,23.0256031,431.08,cruise
3854.723,T023,U04,318565.445,2548779.034,109.2292938,23.0375961,326.411,cruise
3854.859,T019,U01,316489.222,2546807.747,109.2092737,23.0195693,561.804,return
3857.252,T025,U02,318573.114,2546062.836,109.229689,23.0130722,372.909,cruise
3857.575,T007,U08,319083.388,2546482.341,109.2346169,23.0169155,308.954,return
3858.176,T014,U05,320971.154,2550363.057,109.2525792,23.0521596,293.229,cruise
3858.392,T011,U07,319139.75,2549683.057,109.2347903,23.0458213,398.239,cruise
3858.883,T017,U06,318686.201,2545556.139,109.2308517,23.0085095,232.7,ascent
3859.582,T021,U03,321924.087,2547385.11,109.262222,23.0253735,431.08,cruise
3859.723,T023,U04,318563.198,2548838.992,109.2292648,23.0381373,326.411,cruise
3859.859,T019,U01,316541.356,2546778.046,109.2097858,23.0193069,561.804,return
3862.252,T025,U02,318560.044,2546121.395,109.2295546,23.0135995,372.909,cruise
3862.575,T007,U08,319053.829,2546413.412,109.2343367,23.01629,308.954,return
3863.176,T014,U05,321003.352,2550430.794,109.2528855,23.0527747,293.229,cruise
3863.392,T011,U07,319147.943,2549757.608,109.2348614,23.0464953,398.239,cruise
3863.883,T017,U06,318686.201,2545556.139,109.2308517,23.0085095,247.7,ascent
3864.582,T021,U03,321978.131,2547359.047,109.2627523,23.025144,431.08,cruise
3864.723,T023,U04,318560.952,2548898.95,109.2292358,23.0386784,326.411,cruise
3864.859,T019,U01,316593.489,2546748.346,109.2102979,23.0190445,561.804,return
3867.252,T025,U02,318546.974,2546179.954,109.2294202,23.0141268,372.909,cruise
3867.575,T007,U08,319024.269,2546344.483,109.2340565,23.0156644,308.954,return
3868.176,T014,U05,321035.551,2550498.531,109.2531917,23.0533898,293.229,cruise
3868.392,T011,U07,319156.136,2549832.159,109.2349326,23.0471693,398.239,cruise
3868.883,T017,U06,318686.201,2545556.139,109.2308517,23.0085095,262.7,ascent
3869.582,T021,U03,322032.175,2547332.984,109.2632825,23.0249145,431.08,cruise
3869.723,T023,U04,318558.705,2548958.908,109.2292068,23.0392195,326.411,cruise
3869.859,T019,U01,316645.623,2546718.646,109.21081,23.0187821,561.804,return
3872.252,T025,U02,318533.905,2546238.513,109.2292858,23.0146541,372.909,cruise
3872.575,T007,U08,318994.71,2546275.553,109.2337762,23.0150388,308.954,return
3873.176,T014,U05,321067.749,2550566.267,109.253498,23.0540048,293.229,cruise
3873.392,T011,U07,319164.329,2549906.71,109.2350037,23.0478433,398.239,cruise
3873.883,T017,U06,318686.201,2545556.139,109.2308517,23.0085095,277.7,ascent
3874.582,T021,U03,322086.219,2547306.922,109.2638127,23.0246849,431.08,cruise
3874.723,T023,U04,318556.459,2549018.866,109.2291778,23.0397606,326.411,cruise
3874.859,T019,U01,316697.756,2546688.946,109.211322,23.0185197,561.804,return
3877.252,T025,U02,318520.835,2546297.073,109.2291514,23.0151814,372.909,cruise
3877.575,T007,U08,318965.151,2546206.624,109.233496,23.0144132,308.954,return
3878.176,T014,U05,321099.948,2550634.004,109.2538043,23.0546199,293.229,cruise
3878.392,T011,U07,319172.522,2549981.261,109.2350749,23.0485174,398.239,cruise
3878.883,T017,U06,318686.201,2545556.139,109.2308517,23.0085095,292.7,ascent
3879.582,T021,U03,322140.263,2547280.859,109.2643429,23.0244554,431.08,cruise
3879.723,T023,U04,318554.212,2549078.824,109.2291488,23.0403017,326.411,cruise
3879.859,T019,U01,316749.89,2546659.246,109.2118341,23.0182573,561.804,return
3882.252,T025,U02,318507.766,2546355.632,109.229017,23.0157087,372.909,cruise
3882.575,T007,U08,318935.592,2546137.695,109.2332158,23.0137876,308.954,return
3883.176,T014,U05,321132.146,2550701.741,109.2541106,23.055235,293.229,cruise
3883.392,T011,U07,319180.715,2550055.812,109.2351461,23.0491914,398.239,cruise
3883.883,T017,U06,318686.201,2545556.139,109.2308517,23.0085095,307.7,ascent
3884.582,T021,U03,322194.306,2547254.797,109.2648732,23.0242258,431.08,cruise
3884.723,T023,U04,318551.966,2549138.782,109.2291198,23.0408428,326.411,cruise
3884.859,T019,U01,316802.023,2546629.546,109.2123462,23.0179948,561.804,return
3887.252,T025,U02,318494.696,2546414.191,109.2288826,23.016236,372.909,cruise
3887.575,T007,U08,318906.032,2546068.765,109.2329356,23.013162,308.954,return
3888.176,T014,U05,321135.492,2550708.779,109.2541424,23.0552989,282.028,descent
3888.392,T011,U07,319188.909,2550130.363,109.2352172,23.0498654,398.239,cruise
3888.883,T017,U06,318713.289,2545619.305,109.2311085,23.0090828,308.954,cruise
3889.582,T021,U03,322248.35,2547228.734,109.2654034,23.0239963,431.08,cruise
3889.723,T023,U04,318549.719,2549198.74,109.2290908,23.041384,326.411,cruise
3889.859,T019,U01,316854.157,2546599.845,109.2128582,23.0177324,561.804,return
3892.252,T025,U02,318481.626,2546472.75,109.2287482,23.0167634,372.909,cruise
3892.575,T007,U08,318876.473,2545999.836,109.2326554,23.0125364,308.954,return
3893.176,T014,U05,321135.492,2550708.779,109.2541424,23.0552989,269.528,descent
3893.392,T011,U07,319197.102,2550204.915,109.2352884,23.0505394,398.239,cruise
3893.883,T017,U06,318742.848,2545688.234,109.2313887,23.0097084,308.954,cruise
3894.582,T021,U03,322302.394,2547202.672,109.2659336,23.0237668,431.08,cruise
3894.723,T023,U04,318547.473,2549258.698,109.2290618,23.0419251,326.411,cruise
3894.859,T019,U01,316906.29,2546570.145,109.2133703,23.01747,561.804,return
3897.252,T025,U02,318468.557,2546531.309,109.2286138,23.0172907,372.909,cruise
3897.575,T007,U08,318846.914,2545930.907,109.2323752,23.0119108,308.954,return
3898.176,T014,U05,321135.492,2550708.779,109.2541424,23.0552989,257.028,descent
3898.392,T011,U07,319205.295,2550279.466,109.2353596,23.0512134,398.239,cruise
3898.883,T017,U06,318772.407,2545757.164,109.2316689,23.010334,308.954,cruise
3899.582,T021,U03,322356.438,2547176.609,109.2664638,23.0235372,431.08,cruise
3899.723,T023,U04,318545.226,2549318.656,109.2290328,23.0424662,326.411,cruise
3899.859,T019,U01,316958.424,2546540.445,109.2138824,23.0172076,561.804,return
3902.252,T025,U02,318455.487,2546589.869,109.2284794,23.017818,372.909,cruise
3902.575,T007,U08,318817.355,2545861.977,109.232095,23.0112852,308.954,return
3903.176,T014,U05,321135.492,2550708.779,109.2541424,23.0552989,244.528,descent
3903.392,T011,U07,319213.488,2550354.017,109.2354307,23.0518875,398.239,cruise
3903.883,T017,U06,318801.966,2545826.093,109.2319491,23.0109596,308.954,cruise
3904.582,T021,U03,322410.482,2547150.547,109.266994,23.0233077,431.08,cruise
3904.723,T023,U04,318542.979,2549378.614,109.2290038,23.0430073,326.411,cruise
3904.859,T019,U01,317010.557,2546510.745,109.2143944,23.0169452,561.804,return
3907.252,T025,U02,318442.417,2546648.428,109.2283451,23.0183453,372.909,cruise
3907.575,T007,U08,318787.796,2545793.048,109.2318147,23.0106596,308.954,return
3908.176,T014,U05,321135.492,2550708.779,109.2541424,23.0552989,232.028,descent
3908.392,T011,U07,319221.681,2550428.568,109.2355019,23.0525615,398.239,cruise
3908.883,T017,U06,318831.526,2545895.022,109.2322293,23.0115851,308.954,cruise
3909.582,T021,U03,322464.526,2547124.484,109.2675242,23.0230781,431.08,cruise
3909.723,T023,U04,318540.733,2549438.571,109.2289748,23.0435484,326.411,cruise
3909.859,T019,U01,317062.691,2546481.045,109.2149065,23.0166827,561.804,return
3912.252,T025,U02,318429.348,2546706.987,109.2282107,23.0188726,372.909,cruise
3912.575,T007,U08,318758.236,2545724.119,109.2315345,23.0100341,308.954,return
3913.176,T014,U05,321135.492,2550708.779,109.2541424,23.0552989,230,handover
3913.392,T011,U07,319229.874,2550503.119,109.2355731,23.0532355,398.239,cruise
3913.883,T017,U06,318861.085,2545963.952,109.2325095,23.0122107,308.954,cruise
3914.582,T021,U03,322518.57,2547098.421,109.2680544,23.0228485,431.08,cruise
3914.723,T023,U04,318538.486,2549498.529,109.2289458,23.0440896,326.411,cruise
3914.859,T019,U01,317114.824,2546451.345,109.2154185,23.0164203,561.804,return
3917.252,T025,U02,318416.278,2546765.546,109.2280763,23.0193999,372.909,cruise
3917.575,T007,U08,318728.677,2545655.189,109.2312543,23.0094085,308.954,return
3918.176,T014,U05,321135.492,2550708.779,109.2541424,23.0552989,230,handover
3918.392,T011,U07,319238.068,2550577.67,109.2356442,23.0539095,398.239,cruise
3918.883,T017,U06,318890.644,2546032.881,109.2327897,23.0128363,308.954,cruise
3919.582,T021,U03,322572.614,2547072.359,109.2685846,23.022619,431.08,cruise
3919.723,T023,U04,318536.24,2549558.487,109.2289168,23.0446307,326.411,cruise
3919.859,T019,U01,317166.958,2546421.644,109.2159306,23.0161579,561.804,return
3922.252,T025,U02,318403.209,2546824.106,109.2279419,23.0199272,372.909,cruise
3922.575,T007,U08,318699.118,2545586.26,109.2309741,23.0087829,308.954,return
3923.176,T014,U05,321135.492,2550708.779,109.2541424,23.0552989,230,handover
3923.392,T011,U07,319246.261,2550652.221,109.2357154,23.0545835,398.239,cruise
3923.883,T017,U06,318920.203,2546101.81,109.2330699,23.0134619,308.954,cruise
3924.582,T021,U03,322626.658,2547046.296,109.2691148,23.0223894,431.08,cruise
3924.723,T023,U04,318533.993,2549618.445,109.2288878,23.0451718,326.411,cruise
3924.859,T019,U01,317219.091,2546391.944,109.2164426,23.0158954,561.804,return
3927.252,T025,U02,318390.139,2546882.665,109.2278075,23.0204545,372.909,cruise
3927.575,T007,U08,318686.201,2545556.139,109.2308517,23.0085095,303.324,return
3928.176,T014,U05,321135.492,2550708.779,109.2541424,23.0552989,230,handover
3928.392,T011,U07,319254.454,2550726.773,109.2357866,23.0552576,398.239,cruise
3928.883,T017,U06,318949.763,2546170.74,109.2333501,23.0140875,308.954,cruise
3929.582,T021,U03,322680.702,2547020.234,109.269645,23.0221599,431.08,cruise
3929.723,T023,U04,318531.747,2549678.403,109.2288588,23.0457129,326.411,cruise
3929.859,T019,U01,317271.225,2546362.244,109.2169547,23.015633,561.804,return
3932.252,T025,U02,318377.069,2546941.224,109.2276731,23.0209818,372.909,cruise
3932.575,T007,U08,318686.201,2545556.139,109.2308517,23.0085095,293.324,return
3933.176,T014,U05,321135.492,2550708.779,109.2541424,23.0552989,230,handover
3933.392,T011,U07,319262.647,2550801.324,109.2358577,23.0559316,398.239,cruise
3933.883,T017,U06,318979.322,2546239.669,109.2336304,23.0147131,308.954,cruise
3934.582,T021,U03,322734.745,2546994.171,109.2701752,23.0219303,431.08,cruise
3934.723,T023,U04,318529.5,2549738.361,109.2288298,23.046254,326.411,cruise
3934.859,T019,U01,317323.358,2546332.544,109.2174667,23.0153706,561.804,return
3937.252,T025,U02,318364.0,2546999.783,109.2275387,23.0215091,372.909,cruise
3937.575,T007,U08,318686.201,2545556.139,109.2308517,23.0085095,283.324,return
3938.176,T014,U05,321135.492,2550708.779,109.2541424,23.0552989,230,handover
3938.392,T011,U07,319270.84,2550875.875,109.2359289,23.0566056,398.239,cruise
3938.883,T017,U06,319008.881,2546308.598,109.2339106,23.0153387,308.954,cruise
3939.582,T021,U03,322788.789,2546968.109,109.2707054,23.0217007,431.08,cruise
3939.723,T023,U04,318527.254,2549798.319,109.2288008,23.0467951,326.411,cruise
3939.859,T019,U01,317375.492,2546302.844,109.2179788,23.0151081,561.804,return
3942.252,T025,U02,318350.93,2547058.343,109.2274042,23.0220364,372.909,cruise
3942.575,T007,U08,318686.201,2545556.139,109.2308517,23.0085095,273.324,return
3943.176,T014,U05,321135.492,2550708.779,109.2541424,23.0552989,230,handover
3943.392,T011,U07,319279.034,2550950.426,109.2360001,23.0572796,398.239,cruise
3943.883,T017,U06,319038.44,2546377.528,109.2341908,23.0159643,308.954,cruise
3944.582,T021,U03,322842.833,2546942.046,109.2712356,23.0214712,431.08,cruise
3944.723,T023,U04,318525.007,2549858.277,109.2287718,23.0473363,326.411,cruise
3944.859,T019,U01,317427.625,2546273.144,109.2184908,23.0148457,561.804,return
3947.252,T025,U02,318337.861,2547116.902,109.2272698,23.0225638,372.909,cruise
3947.575,T007,U08,318686.201,2545556.139,109.2308517,23.0085095,263.324,return
3948.176,T014,U05,321135.492,2550708.779,109.2541424,23.0552989,230,handover
3948.392,T011,U07,319287.227,2551024.977,109.2360712,23.0579536,398.239,cruise
3948.883,T017,U06,319067.999,2546446.457,109.234471,23.0165899,308.954,cruise
3949.582,T021,U03,322896.877,2546915.984,109.2717658,23.0212416,431.08,cruise
3949.723,T023,U04,318522.761,2549918.235,109.2287428,23.0478774,326.411,cruise
3949.859,T019,U01,317479.759,2546243.443,109.2190029,23.0145833,561.804,return
3952.252,T025,U02,318324.791,2547175.461,109.2271354,23.0230911,372.909,cruise
3952.575,T007,U08,318686.201,2545556.139,109.2308517,23.0085095,253.324,return
3953.176,T014,U05,321135.492,2550708.779,109.2541424,23.0552989,230,handover
3953.392,T011,U07,319295.42,2551099.528,109.2361424,23.0586277,398.239,cruise
3953.883,T017,U06,319097.559,2546515.386,109.2347513,23.0172155,308.954,cruise
3954.582,T021,U03,322950.921,2546889.921,109.272296,23.021012,431.08,cruise
3954.723,T023,U04,318520.514,2549978.193,109.2287138,23.0484185,326.411,cruise
3954.859,T019,U01,317531.892,2546213.743,109.2195149,23.0143208,561.804,return
3957.252,T025,U02,318311.721,2547234.02,109.227001,23.0236184,372.909,cruise
3957.575,T007,U08,318686.201,2545556.139,109.2308517,23.0085095,243.324,return
3958.176,T014,U05,321135.492,2550708.779,109.2541424,23.0552989,230,handover
3958.392,T011,U07,319303.613,2551174.079,109.2362136,23.0593017,398.239,cruise
3958.883,T017,U06,319127.118,2546584.316,109.2350315,23.017841,308.954,cruise
3959.582,T021,U03,323004.965,2546863.858,109.2728262,23.0207825,431.08,cruise
3959.723,T023,U04,318518.268,2550038.151,109.2286848,23.0489596,326.411,cruise
3959.859,T019,U01,317584.026,2546184.043,109.2200269,23.0140584,561.804,return
3962.252,T025,U02,318298.652,2547292.58,109.2268666,23.0241457,372.909,cruise
3962.575,T007,U08,318686.201,2545556.139,109.2308517,23.0085095,233.324,return
3963.176,T014,U05,321135.492,2550708.779,109.2541424,23.0552989,230,handover
3963.392,T011,U07,319311.806,2551248.63,109.2362848,23.0599757,398.239,cruise
3963.883,T017,U06,319156.677,2546653.245,109.2353117,23.0184666,308.954,cruise
3964.582,T021,U03,323059.009,2546837.796,109.2733564,23.0205529,431.08,cruise
3964.723,T023,U04,318516.021,2550098.109,109.2286558,23.0495007,326.411,cruise
3964.859,T019,U01,317636.159,2546154.343,109.220539,23.0137959,561.804,return
3967.252,T025,U02,318285.582,2547351.139,109.2267322,23.024673,372.909,cruise
3967.575,T007,U08,318686.201,2545556.139,109.2308517,23.0085095,223.324,return
3968.176,T014,U05,321135.492,2550708.779,109.2541424,23.0552989,230,handover
3968.392,T011,U07,319319.999,2551323.182,109.2363559,23.0606497,398.239,cruise
3968.883,T017,U06,319186.236,2546722.174,109.235592,23.0190922,308.954,cruise
3969.582,T021,U03,323113.053,2546811.733,109.2738866,23.0203233,431.08,cruise
3969.723,T023,U04,318513.775,2550158.067,109.2286268,23.0500419,326.411,cruise
3969.859,T019,U01,317688.292,2546124.643,109.221051,23.0135335,561.804,return
3972.252,T025,U02,318272.512,2547409.698,109.2265978,23.0252003,372.909,cruise
3972.575,T007,U08,318686.201,2545556.139,109.2308517,23.0085095,213.324,return
3973.176,T014,U05,321135.492,2550708.779,109.2541424,23.0552989,230,handover
3973.392,T011,U07,319328.193,2551397.733,109.2364271,23.0613237,398.239,cruise
3973.883,T017,U06,319215.795,2546791.104,109.2358722,23.0197178,308.954,cruise
3974.582,T021,U03,323167.097,2546785.671,109.2744168,23.0200938,431.08,cruise
3974.723,T023,U04,318511.528,2550218.025,109.2285978,23.050583,326.411,cruise
3974.859,T019,U01,317740.426,2546094.943,109.221563,23.013271,561.804,return
3977.252,T025,U02,318259.443,2547468.257,109.2264634,23.0257276,372.909,cruise
3977.575,T007,U08,318686.201,2545556.139,109.2308517,23.0085095,203.324,return
3978.176,T014,U05,321135.492,2550708.779,109.2541424,23.0552989,230,handover
3978.392,T011,U07,319336.386,2551472.284,109.2364983,23.0619978,398.239,cruise
3978.883,T017,U06,319245.355,2546860.033,109.2361525,23.0203434,308.954,cruise
3979.582,T021,U03,323221.141,2546759.608,109.2749469,23.0198642,431.08,cruise
3979.723,T023,U04,318509.282,2550277.982,109.2285688,23.0511241,326.411,cruise
3979.859,T019,U01,317792.559,2546065.242,109.2220751,23.0130086,561.804,return
3982.252,T025,U02,318246.373,2547526.817,109.226329,23.0262549,372.909,cruise
3982.575,T007,U08,318686.201,2545556.139,109.2308517,23.0085095,193.324,return
3983.176,T014,U05,321135.492,2550708.779,109.2541424,23.0552989,230,handover
3983.392,T011,U07,319344.579,2551546.835,109.2365694,23.0626718,398.239,cruise
3983.883,T017,U06,319274.914,2546928.962,109.2364327,23.020969,308.954,cruise
3984.582,T021,U03,323275.184,2546733.546,109.2754771,23.0196346,431.08,cruise
3984.723,T023,U04,318507.035,2550337.94,109.2285398,23.0516652,326.411,cruise
3984.859,T019,U01,317844.693,2546035.542,109.2225871,23.0127461,561.804,return
3987.252,T025,U02,318233.304,2547585.376,109.2261946,23.0267822,372.909,cruise
3987.575,T007,U08,318686.201,2545556.139,109.2308517,23.0085095,183.324,return
3988.176,T014,U05,321135.492,2550708.779,109.2541424,23.0552989,230,handover
3988.392,T011,U07,319352.772,2551621.386,109.2366406,23.0633458,398.239,cruise
3988.883,T017,U06,319304.473,2546997.892,109.2367129,23.0215946,308.954,cruise
3989.582,T021,U03,323329.228,2546707.483,109.2760073,23.019405,431.08,cruise
3989.723,T023,U04,318504.789,2550397.898,109.2285108,23.0522063,326.411,cruise
3989.859,T019,U01,317896.826,2546005.842,109.2230991,23.0124837,561.804,return
3992.252,T025,U02,318220.234,2547643.935,109.2260601,23.0273095,372.909,cruise
3992.575,T007,U08,318686.201,2545556.139,109.2308517,23.0085095,173.324,return
3993.176,T014,U05,321135.492,2550708.779,109.2541424,23.0552989,230,handover
3993.392,T011,U07,319360.965,2551695.937,109.2367118,23.0640198,398.239,cruise
3993.883,T017,U06,319334.032,2547066.821,109.2369932,23.0222201,308.954,cruise
3994.582,T021,U03,323330.195,2546707.017,109.2760168,23.0194009,418.803,descent
3994.723,T023,U04,318502.542,2550457.856,109.2284818,23.0527474,326.411,cruise
3994.859,T019,U01,317948.96,2545976.142,109.2236112,23.0122212,561.804,return
3997.252,T025,U02,318207.164,2547702.494,109.2259257,23.0278368,372.909,cruise
3997.575,T007,U08,318686.201,2545556.139,109.2308517,23.0085095,163.324,return
3998.176,T014,U05,321135.492,2550708.779,109.2541424,23.0552989,230,handover
3998.392,T011,U07,319369.158,2551770.488,109.236783,23.0646938,398.239,cruise
3998.883,T017,U06,319363.591,2547135.75,109.2372734,23.0228457,308.954,cruise
3999.582,T021,U03,323330.195,2546707.017,109.2760168,23.0194009,406.303,descent
3999.723,T023,U04,318500.296,2550517.814,109.2284528,23.0532886,326.411,cruise
3999.859,T019,U01,318001.093,2545946.442,109.2241232,23.0119587,561.804,return
4002.252,T025,U02,318194.095,2547761.054,109.2257913,23.0283641,372.909,cruise
4002.575,T007,U08,318686.201,2545556.139,109.2308517,23.0085095,153.324,return
4003.176,T014,U05,321135.492,2550708.779,109.2541424,23.0552989,230,handover
4003.392,T011,U07,319377.352,2551845.04,109.2368541,23.0653679,398.239,cruise
4003.883,T017,U06,319393.151,2547204.68,109.2375537,23.0234713,308.954,cruise
4004.582,T021,U03,323330.195,2546707.017,109.2760168,23.0194009,393.803,descent
4004.723,T023,U04,318498.049,2550577.772,109.2284238,23.0538297,326.411,cruise
4004.859,T019,U01,318053.227,2545916.742,109.2246352,23.0116963,561.804,return
4007.252,T025,U02,318181.025,2547819.613,109.2256569,23.0288914,372.909,cruise
4007.575,T007,U08,318686.201,2545556.139,109.2308517,23.0085095,143.324,return
4008.176,T014,U05,321135.492,2550708.779,109.2541424,23.0552989,230,handover
4008.392,T011,U07,319385.545,2551919.591,109.2369253,23.0660419,398.239,cruise
4008.883,T017,U06,319422.71,2547273.609,109.237834,23.0240969,308.954,cruise
4009.582,T021,U03,323330.195,2546707.017,109.2760168,23.0194009,381.303,descent
4009.723,T023,U04,318495.802,2550637.73,109.2283948,23.0543708,326.411,cruise
4009.859,T019,U01,318105.36,2545887.041,109.2251472,23.0114338,561.804,return
4012.252,T025,U02,318167.955,2547878.172,109.2255225,23.0294187,372.909,cruise
4012.575,T007,U08,318686.201,2545556.139,109.2308517,23.0085095,133.324,return
4013.176,T014,U05,321135.492,2550708.779,109.2541424,23.0552989,230,handover
4013.392,T011,U07,319393.738,2551994.142,109.2369965,23.0667159,398.239,cruise
4013.883,T017,U06,319452.269,2547342.538,109.2381142,23.0247225,308.954,cruise
4014.582,T021,U03,323330.195,2546707.017,109.2760168,23.0194009,368.803,descent
4014.723,T023,U04,318493.556,2550697.688,109.2283658,23.0549119,326.411,cruise
4014.859,T019,U01,318157.494,2545857.341,109.2256592,23.0111714,561.804,return
4017.252,T025,U02,318154.886,2547936.731,109.225388,23.029946,372.909,cruise
4018.176,T014,U05,321135.492,2550708.779,109.2541424,23.0552989,230,handover
4018.392,T011,U07,319401.931,2552068.693,109.2370677,23.0673899,398.239,cruise
4018.883,T017,U06,319481.828,2547411.468,109.2383945,23.0253481,308.954,cruise
4019.582,T021,U03,323330.195,2546707.017,109.2760168,23.0194009,356.303,descent
4019.723,T023,U04,318491.309,2550757.646,109.2283368,23.055453,326.411,cruise
4019.859,T019,U01,318209.627,2545827.641,109.2261712,23.0109089,561.804,return
4022.252,T025,U02,318141.816,2547995.291,109.2252536,23.0304733,372.909,cruise
4023.176,T014,U05,321135.492,2550708.779,109.2541424,23.0552989,230,handover
4023.392,T011,U07,319410.124,2552143.244,109.2371388,23.0680639,398.239,cruise
4023.883,T017,U06,319511.387,2547480.397,109.2386747,23.0259736,308.954,cruise
4024.582,T021,U03,323330.195,2546707.017,109.2760168,23.0194009,351.6,handover
4024.723,T023,U04,318489.063,2550817.604,109.2283078,23.0559941,326.411,cruise
4024.859,T019,U01,318261.761,2545797.941,109.2266833,23.0106464,561.804,return
4027.252,T025,U02,318128.747,2548053.85,109.2251192,23.0310006,372.909,cruise
4028.176,T014,U05,321135.492,2550708.779,109.2541424,23.0552989,230,handover
4028.392,T011,U07,319418.317,2552217.795,109.23721,23.068738,398.239,cruise
4028.883,T017,U06,319540.947,2547549.326,109.238955,23.0265992,308.954,cruise
4029.582,T021,U03,323330.195,2546707.017,109.2760168,23.0194009,351.6,handover
4029.723,T023,U04,318488.483,2550833.078,109.2283003,23.0561338,317.137,descent
4029.859,T019,U01,318313.894,2545768.241,109.2271953,23.010384,561.804,return
4032.252,T025,U02,318115.677,2548112.409,109.2249848,23.0315279,372.909,cruise
4033.176,T014,U05,321135.492,2550708.779,109.2541424,23.0552989,230,handover
4033.392,T011,U07,319426.511,2552292.346,109.2372812,23.069412,398.239,cruise
4033.883,T017,U06,319570.506,2547618.256,109.2392353,23.0272248,308.954,cruise
4034.582,T021,U03,323330.195,2546707.017,109.2760168,23.0194009,351.6,handover
4034.723,T023,U04,318488.483,2550833.078,109.2283003,23.0561338,304.637,descent
4034.859,T019,U01,318366.028,2545738.54,109.2277073,23.0101215,561.804,return
4037.252,T025,U02,318102.607,2548170.968,109.2248503,23.0320553,372.909,cruise
4038.176,T014,U05,321135.492,2550708.779,109.2541424,23.0552989,230,handover
4038.392,T011,U07,319434.704,2552366.898,109.2373524,23.070086,398.239,cruise
4038.883,T017,U06,319600.065,2547687.185,109.2395155,23.0278504,308.954,cruise
4039.582,T021,U03,323330.195,2546707.017,109.2760168,23.0194009,351.6,handover
4039.723,T023,U04,318488.483,2550833.078,109.2283003,23.0561338,292.137,descent
4039.859,T019,U01,318418.161,2545708.84,109.2282193,23.009859,561.804,return
4042.252,T025,U02,318089.538,2548229.528,109.2247159,23.0325826,372.909,cruise
4043.176,T014,U05,321135.492,2550708.779,109.2541424,23.0552989,230,handover
4043.392,T011,U07,319442.897,2552441.449,109.2374236,23.07076,398.239,cruise
4043.883,T017,U06,319629.624,2547756.114,109.2397958,23.028476,308.954,cruise
4044.582,T021,U03,323330.195,2546707.017,109.2760168,23.0194009,351.6,handover
4044.723,T023,U04,318488.483,2550833.078,109.2283003,23.0561338,279.637,descent
4044.859,T019,U01,318470.295,2545679.14,109.2287313,23.0095965,561.804,return
4047.252,T025,U02,318076.468,2548288.087,109.2245815,23.0331099,372.909,cruise
4048.176,T014,U05,321135.492,2550708.779,109.2541424,23.0552989,230,handover
4048.392,T011,U07,319451.09,2552516.0,109.2374947,23.071434,398.239,cruise
4048.883,T017,U06,319659.184,2547825.044,109.2400761,23.0291015,308.954,cruise
4049.582,T021,U03,323330.195,2546707.017,109.2760168,23.0194009,351.6,handover
4049.723,T023,U04,318488.483,2550833.078,109.2283003,23.0561338,267.137,descent
4049.859,T019,U01,318522.428,2545649.44,109.2292433,23.0093341,561.804,return
4052.252,T025,U02,318063.399,2548346.646,109.2244471,23.0336372,372.909,cruise
4053.176,T014,U05,321135.492,2550708.779,109.2541424,23.0552989,230,handover
4053.392,T011,U07,319459.283,2552590.551,109.2375659,23.0721081,398.239,cruise
4053.883,T017,U06,319688.743,2547893.973,109.2403564,23.0297271,308.954,cruise
4054.582,T021,U03,323330.195,2546707.017,109.2760168,23.0194009,351.6,handover
4054.723,T023,U04,318488.483,2550833.078,109.2283003,23.0561338,254.637,descent
4054.859,T019,U01,318574.562,2545619.74,109.2297553,23.0090716,561.804,return
4057.252,T025,U02,318050.329,2548405.205,109.2243126,23.0341645,372.909,cruise
4058.176,T014,U05,321135.492,2550708.779,109.2541424,23.0552989,230,handover
4058.392,T011,U07,319467.476,2552665.102,109.2376371,23.0727821,398.239,cruise
4058.883,T017,U06,319718.302,2547962.902,109.2406367,23.0303527,308.954,cruise
4059.582,T021,U03,323330.195,2546707.017,109.2760168,23.0194009,351.6,handover
4059.723,T023,U04,318488.483,2550833.078,109.2283003,23.0561338,242.137,descent
4059.859,T019,U01,318626.695,2545590.04,109.2302673,23.0088091,561.804,return
4062.252,T025,U02,318037.259,2548463.765,109.2241782,23.0346918,372.909,cruise
4063.176,T014,U05,321135.492,2550708.779,109.2541424,23.0552989,230,handover
4063.392,T011,U07,319475.67,2552739.653,109.2377083,23.0734561,398.239,cruise
4063.883,T017,U06,319747.861,2548031.832,109.2409169,23.0309783,308.954,cruise
4064.582,T021,U03,323330.195,2546707.017,109.2760168,23.0194009,351.6,handover
4064.723,T023,U04,318488.483,2550833.078,109.2283003,23.0561338,229.637,descent
4064.859,T019,U01,318678.829,2545560.339,109.2307793,23.0085466,561.804,return
4067.252,T025,U02,318024.19,2548522.324,109.2240438,23.0352191,372.909,cruise
4068.176,T014,U05,321135.492,2550708.779,109.2541424,23.0552989,230,handover
4068.392,T011,U07,319483.863,2552814.204,109.2377795,23.0741301,398.239,cruise
4068.883,T017,U06,319777.42,2548100.761,109.2411972,23.0316039,308.954,cruise
4069.582,T021,U03,323330.195,2546707.017,109.2760168,23.0194009,351.6,handover
4069.723,T023,U04,318488.483,2550833.078,109.2283003,23.0561338,217.137,descent
4069.859,T019,U01,318686.201,2545556.139,109.2308517,23.0085095,551.072,return
4072.252,T025,U02,318011.12,2548580.883,109.2239093,23.0357464,372.909,cruise
4073.176,T014,U05,321135.492,2550708.779,109.2541424,23.0552989,230,handover
4073.392,T011,U07,319492.056,2552888.755,109.2378506,23.0748041,398.239,cruise
4073.883,T017,U06,319806.98,2548169.69,109.2414775,23.0322294,308.954,cruise
4074.582,T021,U03,323330.195,2546707.017,109.2760168,23.0194009,351.6,handover
4074.723,T023,U04,318488.483,2550833.078,109.2283003,23.0561338,204.637,descent
4074.859,T019,U01,318686.201,2545556.139,109.2308517,23.0085095,538.572,return
4077.252,T025,U02,317998.05,2548639.442,109.2237749,23.0362737,372.909,cruise
4078.176,T014,U05,321135.492,2550708.779,109.2541424,23.0552989,230,handover
4078.392,T011,U07,319500.249,2552963.307,109.2379218,23.0754782,398.239,cruise
4078.883,T017,U06,319836.539,2548238.62,109.2417578,23.032855,308.954,cruise
4079.582,T021,U03,323330.195,2546707.017,109.2760168,23.0194009,351.6,handover
4079.723,T023,U04,318488.483,2550833.078,109.2283003,23.0561338,195,handover
4079.859,T019,U01,318686.201,2545556.139,109.2308517,23.0085095,526.072,return
4082.252,T025,U02,317984.981,2548698.002,109.2236405,23.036801,372.909,cruise
4083.176,T014,U05,321135.492,2550708.779,109.2541424,23.0552989,230,handover
4083.392,T011,U07,319508.442,2553037.858,109.237993,23.0761522,398.239,cruise
4083.883,T017,U06,319866.098,2548307.549,109.2420381,23.0334806,308.954,cruise
4084.582,T021,U03,323330.195,2546707.017,109.2760168,23.0194009,351.6,handover
4084.723,T023,U04,318488.483,2550833.078,109.2283003,23.0561338,195,handover
4084.859,T019,U01,318686.201,2545556.139,109.2308517,23.0085095,513.572,return
4087.252,T025,U02,317971.911,2548756.561,109.223506,23.0373283,372.909,cruise
4088.176,T014,U05,321135.492,2550708.779,109.2541424,23.0552989,230,handover
4088.392,T011,U07,319516.635,2553112.409,109.2380642,23.0768262,398.239,cruise
4088.883,T017,U06,319895.657,2548376.478,109.2423184,23.0341062,308.954,cruise
4089.582,T021,U03,323330.195,2546707.017,109.2760168,23.0194009,351.6,handover
4089.723,T023,U04,318488.483,2550833.078,109.2283003,23.0561338,195,handover
4089.859,T019,U01,318686.201,2545556.139,109.2308517,23.0085095,501.072,return
4092.252,T025,U02,317958.842,2548815.12,109.2233716,23.0378556,372.909,cruise
4093.176,T014,U05,321135.492,2550708.779,109.2541424,23.0552989,230,handover
4093.392,T011,U07,319524.829,2553186.96,109.2381354,23.0775002,398.239,cruise
4093.883,T017,U06,319925.216,2548445.408,109.2425987,23.0347317,308.954,cruise
4094.582,T021,U03,323330.195,2546707.017,109.2760168,23.0194009,351.6,handover
4094.723,T023,U04,318488.483,2550833.078,109.2283003,23.0561338,195,handover
4094.859,T019,U01,318686.201,2545556.139,109.2308517,23.0085095,488.572,return
4097.252,T025,U02,317945.772,2548873.679,109.2232371,23.0383829,372.909,cruise
4098.176,T014,U05,321135.492,2550708.779,109.2541424,23.0552989,230,handover
4098.392,T011,U07,319528.976,2553224.697,109.2381714,23.0778414,393.301,descent
4098.883,T017,U06,319954.776,2548514.337,109.242879,23.0353573,308.954,cruise
4099.582,T021,U03,323330.195,2546707.017,109.2760168,23.0194009,351.6,handover
4099.723,T023,U04,318488.483,2550833.078,109.2283003,23.0561338,195,handover
4099.859,T019,U01,318686.201,2545556.139,109.2308517,23.0085095,476.072,return
4102.252,T025,U02,317932.702,2548932.238,109.2231027,23.0389102,372.909,cruise
4103.176,T014,U05,321135.492,2550708.779,109.2541424,23.0552989,230,handover
4103.392,T011,U07,319528.976,2553224.697,109.2381714,23.0778414,383.301,descent
4103.883,T017,U06,319984.335,2548583.266,109.2431593,23.0359829,308.954,cruise
4104.582,T021,U03,323330.195,2546707.017,109.2760168,23.0194009,351.6,handover
4104.723,T023,U04,318488.483,2550833.078,109.2283003,23.0561338,195,handover
4104.859,T019,U01,318686.201,2545556.139,109.2308517,23.0085095,463.572,return
4107.252,T025,U02,317919.633,2548990.798,109.2229683,23.0394375,372.909,cruise
4108.176,T014,U05,321135.492,2550708.779,109.2541424,23.0552989,230,handover
4108.392,T011,U07,319528.976,2553224.697,109.2381714,23.0778414,373.301,descent
4108.883,T017,U06,320013.894,2548652.196,109.2434396,23.0366085,308.954,cruise
4109.582,T021,U03,323330.195,2546707.017,109.2760168,23.0194009,351.6,handover
4109.723,T023,U04,318488.483,2550833.078,109.2283003,23.0561338,195,handover
4109.859,T019,U01,318686.201,2545556.139,109.2308517,23.0085095,451.072,return
4112.252,T025,U02,317906.563,2549049.357,109.2228338,23.0399648,372.909,cruise
4113.176,T014,U05,321135.492,2550708.779,109.2541424,23.0552989,230,handover
4113.392,T011,U07,319528.976,2553224.697,109.2381714,23.0778414,363.301,descent
4113.883,T017,U06,320043.453,2548721.125,109.2437199,23.0372341,308.954,cruise
4114.582,T021,U03,323330.195,2546707.017,109.2760168,23.0194009,351.6,handover
4114.723,T023,U04,318488.483,2550833.078,109.2283003,23.0561338,195,handover
4114.859,T019,U01,318686.201,2545556.139,109.2308517,23.0085095,438.572,return
4117.252,T025,U02,317893.493,2549107.916,109.2226994,23.0404921,372.909,cruise
4118.176,T014,U05,321135.492,2550708.779,109.2541424,23.0552989,230,handover
4118.392,T011,U07,319528.976,2553224.697,109.2381714,23.0778414,353.301,descent
4118.883,T017,U06,320073.012,2548790.054,109.2440002,23.0378596,308.954,cruise
4119.582,T021,U03,323330.195,2546707.017,109.2760168,23.0194009,351.6,handover
4119.723,T023,U04,318488.483,2550833.078,109.2283003,23.0561338,195,handover
4119.859,T019,U01,318686.201,2545556.139,109.2308517,23.0085095,426.072,return
4122.252,T025,U02,317880.424,2549166.475,109.2225649,23.0410194,372.909,cruise
4123.176,T014,U05,321135.492,2550708.779,109.2541424,23.0552989,230,handover
4123.392,T011,U07,319528.976,2553224.697,109.2381714,23.0778414,343.301,descent
4123.883,T017,U06,320102.572,2548858.984,109.2442805,23.0384852,308.954,cruise
4124.582,T021,U03,323330.195,2546707.017,109.2760168,23.0194009,351.6,handover
4124.723,T023,U04,318488.483,2550833.078,109.2283003,23.0561338,195,handover
4124.859,T019,U01,318686.201,2545556.139,109.2308517,23.0085095,413.572,return
4127.252,T025,U02,317867.354,2549225.035,109.2224305,23.0415467,372.909,cruise
4128.176,T014,U05,321135.492,2550708.779,109.2541424,23.0552989,230,handover
4128.392,T011,U07,319528.976,2553224.697,109.2381714,23.0778414,333.301,descent
4128.883,T017,U06,320132.131,2548927.913,109.2445608,23.0391108,308.954,cruise
4129.582,T021,U03,323330.195,2546707.017,109.2760168,23.0194009,351.6,handover
4129.723,T023,U04,318488.483,2550833.078,109.2283003,23.0561338,195,handover
4129.859,T019,U01,318686.201,2545556.139,109.2308517,23.0085095,401.072,return
4132.252,T025,U02,317854.285,2549283.594,109.222296,23.042074,372.909,cruise
4133.176,T014,U05,321135.492,2550708.779,109.2541424,23.0552989,230,handover
4133.392,T011,U07,319528.976,2553224.697,109.2381714,23.0778414,323.301,descent
4133.883,T017,U06,320161.69,2548996.842,109.2448412,23.0397364,308.954,cruise
4134.582,T021,U03,323330.195,2546707.017,109.2760168,23.0194009,351.6,handover
4134.723,T023,U04,318488.483,2550833.078,109.2283003,23.0561338,195,handover
4134.859,T019,U01,318686.201,2545556.139,109.2308517,23.0085095,388.572,return
4137.252,T025,U02,317841.215,2549342.153,109.2221616,23.0426013,372.909,cruise
4138.176,T014,U05,321135.492,2550708.779,109.2541424,23.0552989,230,handover
4138.392,T011,U07,319528.976,2553224.697,109.2381714,23.0778414,313.301,descent
4138.883,T017,U06,320191.249,2549065.772,109.2451215,23.0403619,308.954,cruise
4139.582,T021,U03,323330.195,2546707.017,109.2760168,23.0194009,351.6,handover
4139.723,T023,U04,318488.483,2550833.078,109.2283003,23.0561338,195,handover
4139.859,T019,U01,318686.201,2545556.139,109.2308517,23.0085095,376.072,return
4142.252,T025,U02,317828.145,2549400.712,109.2220271,23.0431286,372.909,cruise
4143.176,T014,U05,321135.492,2550708.779,109.2541424,23.0552989,230,handover
4143.392,T011,U07,319528.976,2553224.697,109.2381714,23.0778414,303.301,descent
4143.883,T017,U06,320220.808,2549134.701,109.2454018,23.0409875,308.954,cruise
4144.582,T021,U03,323330.195,2546707.017,109.2760168,23.0194009,351.6,handover
4144.723,T023,U04,318488.483,2550833.078,109.2283003,23.0561338,195,handover
4144.859,T019,U01,318686.201,2545556.139,109.2308517,23.0085095,363.572,return
4147.252,T025,U02,317815.076,2549459.272,109.2218927,23.0436559,372.909,cruise
4148.176,T014,U05,321135.492,2550708.779,109.2541424,23.0552989,230,handover
4148.392,T011,U07,319528.976,2553224.697,109.2381714,23.0778414,293.301,descent
4148.883,T017,U06,320250.368,2549203.63,109.2456821,23.0416131,308.954,cruise
4149.582,T021,U03,323330.195,2546707.017,109.2760168,23.0194009,351.6,handover
4149.723,T023,U04,318488.483,2550833.078,109.2283003,23.0561338,195,handover
4149.859,T019,U01,318686.201,2545556.139,109.2308517,23.0085095,351.072,return
4152.252,T025,U02,317802.006,2549517.831,109.2217582,23.0441832,372.909,cruise
4153.176,T014,U05,321135.492,2550708.779,109.2541424,23.0552989,242.567,return
4153.392,T011,U07,319528.976,2553224.697,109.2381714,23.0778414,283.301,descent
4153.883,T017,U06,320279.927,2549272.56,109.2459624,23.0422386,308.954,cruise
4154.582,T021,U03,323330.195,2546707.017,109.2760168,23.0194009,351.6,handover
4154.723,T023,U04,318488.483,2550833.078,109.2283003,23.0561338,195,handover
4154.859,T019,U01,318686.201,2545556.139,109.2308517,23.0085095,338.572,return
4157.252,T025,U02,317788.937,2549576.39,109.2216238,23.0447105,372.909,cruise
4158.176,T014,U05,321135.492,2550708.779,109.2541424,23.0552989,257.567,return
4158.392,T011,U07,319528.976,2553224.697,109.2381714,23.0778414,273.301,descent
4158.883,T017,U06,320309.486,2549341.489,109.2462428,23.0428642,308.954,cruise
4159.582,T021,U03,323330.195,2546707.017,109.2760168,23.0194009,351.6,handover
4159.723,T023,U04,318488.483,2550833.078,109.2283003,23.0561338,195,handover
4159.859,T019,U01,318686.201,2545556.139,109.2308517,23.0085095,326.072,return
4162.252,T025,U02,317775.867,2549634.949,109.2214893,23.0452378,372.909,cruise
4163.176,T014,U05,321135.492,2550708.779,109.2541424,23.0552989,272.567,return
4163.392,T011,U07,319528.976,2553224.697,109.2381714,23.0778414,263.301,descent
4163.883,T017,U06,320339.045,2549410.418,109.2465231,23.0434898,308.954,cruise
4164.582,T021,U03,323330.195,2546707.017,109.2760168,23.0194009,351.6,handover
4164.723,T023,U04,318488.483,2550833.078,109.2283003,23.0561338,195,handover
4164.859,T019,U01,318686.201,2545556.139,109.2308517,23.0085095,313.572,return
4167.252,T025,U02,317762.797,2549693.509,109.2213548,23.0457651,372.909,cruise
4168.176,T014,U05,321135.492,2550708.779,109.2541424,23.0552989,287.567,return
4168.392,T011,U07,319528.976,2553224.697,109.2381714,23.0778414,253.301,descent
4168.883,T017,U06,320368.605,2549479.348,109.2468034,23.0441154,308.954,cruise
4169.582,T021,U03,323330.195,2546707.017,109.2760168,23.0194009,351.6,handover
4169.723,T023,U04,318488.483,2550833.078,109.2283003,23.0561338,195,handover
4169.859,T019,U01,318686.201,2545556.139,109.2308517,23.0085095,301.072,return
4172.252,T025,U02,317749.728,2549752.068,109.2212204,23.0462924,372.909,cruise
4173.176,T014,U05,321115.448,2550666.612,109.2539517,23.054916,293.229,return
4173.392,T011,U07,319528.976,2553224.697,109.2381714,23.0778414,243.301,descent
4173.883,T017,U06,320398.164,2549548.277,109.2470838,23.0447409,308.954,cruise
4174.582,T021,U03,323330.195,2546707.017,109.2760168,23.0194009,351.6,handover
4174.723,T023,U04,318488.483,2550833.078,109.2283003,23.0561338,195,handover
4174.859,T019,U01,318686.201,2545556.139,109.2308517,23.0085095,288.572,return
4177.252,T025,U02,317736.658,2549810.627,109.2210859,23.0468197,372.909,cruise
4178.176,T014,U05,321083.249,2550598.876,109.2536455,23.0543009,293.229,return
4178.392,T011,U07,319528.976,2553224.697,109.2381714,23.0778414,233.301,descent
4178.883,T017,U06,320427.723,2549617.206,109.2473641,23.0453665,308.954,cruise
4179.582,T021,U03,323330.195,2546707.017,109.2760168,23.0194009,351.6,handover
4179.723,T023,U04,318488.483,2550833.078,109.2283003,23.0561338,195,handover
4179.859,T019,U01,318686.201,2545556.139,109.2308517,23.0085095,276.072,return
4182.252,T025,U02,317723.588,2549869.186,109.2209515,23.047347,372.909,cruise
4183.176,T014,U05,321051.051,2550531.139,109.2533392,23.0536859,293.229,return
4183.392,T011,U07,319528.976,2553224.697,109.2381714,23.0778414,228.3,handover
4183.883,T017,U06,320457.282,2549686.136,109.2476445,23.0459921,308.954,cruise
4184.582,T021,U03,323330.195,2546707.017,109.2760168,23.0194009,351.6,handover
4184.723,T023,U04,318488.483,2550833.078,109.2283003,23.0561338,195,handover
4184.859,T019,U01,318686.201,2545556.139,109.2308517,23.0085095,263.572,return
4187.252,T025,U02,317710.519,2549927.746,109.220817,23.0478743,372.909,cruise
4188.176,T014,U05,321018.853,2550463.402,109.2530329,23.0530708,293.229,return
4188.392,T011,U07,319528.976,2553224.697,109.2381714,23.0778414,228.3,handover
4188.883,T017,U06,320486.841,2549755.065,109.2479248,23.0466176,308.954,cruise
4189.582,T021,U03,323330.195,2546707.017,109.2760168,23.0194009,351.6,handover
4189.723,T023,U04,318488.483,2550833.078,109.2283003,23.0561338,195,handover
4189.859,T019,U01,318686.201,2545556.139,109.2308517,23.0085095,251.072,return
4192.252,T025,U02,317697.449,2549986.305,109.2206825,23.0484016,372.909,cruise
4193.176,T014,U05,320986.654,2550395.665,109.2527266,23.0524557,293.229,return
4193.392,T011,U07,319528.976,2553224.697,109.2381714,23.0778414,228.3,handover
4193.883,T017,U06,320516.401,2549823.994,109.2482051,23.0472432,308.954,cruise
4194.582,T021,U03,323330.195,2546707.017,109.2760168,23.0194009,351.6,handover
4194.723,T023,U04,318488.483,2550833.078,109.2283003,23.0561338,195,handover
4194.859,T019,U01,318686.201,2545556.139,109.2308517,23.0085095,238.572,return
4197.252,T025,U02,317684.38,2550044.864,109.2205481,23.0489289,372.909,cruise
4198.176,T014,U05,320954.456,2550327.929,109.2524204,23.0518406,293.229,return
4198.392,T011,U07,319528.976,2553224.697,109.2381714,23.0778414,228.3,handover
4198.883,T017,U06,320545.96,2549892.924,109.2484855,23.0478688,308.954,cruise
4199.582,T021,U03,323330.195,2546707.017,109.2760168,23.0194009,351.6,handover
4199.723,T023,U04,318488.483,2550833.078,109.2283003,23.0561338,195,handover
4199.859,T019,U01,318686.201,2545556.139,109.2308517,23.0085095,226.072,return
4202.252,T025,U02,317671.31,2550103.423,109.2204136,23.0494562,372.909,cruise
4203.176,T014,U05,320922.257,2550260.192,109.2521141,23.0512255,293.229,return
4203.392,T011,U07,319528.976,2553224.697,109.2381714,23.0778414,228.3,handover
4203.883,T017,U06,320575.519,2549961.853,109.2487658,23.0484943,308.954,cruise
4204.582,T021,U03,323330.195,2546707.017,109.2760168,23.0194009,360.956,return
4204.723,T023,U04,318488.483,2550833.078,109.2283003,23.0561338,195,handover
4204.859,T019,U01,318686.201,2545556.139,109.2308517,23.0085095,213.572,return
4207.252,T025,U02,317658.24,2550161.983,109.2202791,23.0499835,372.909,cruise
4208.176,T014,U05,320890.059,2550192.455,109.2518079,23.0506105,293.229,return
4208.392,T011,U07,319528.976,2553224.697,109.2381714,23.0778414,228.3,handover
4208.883,T017,U06,320605.078,2550030.782,109.2490462,23.0491199,308.954,cruise
4209.582,T021,U03,323330.195,2546707.017,109.2760168,23.0194009,375.956,return
4209.723,T023,U04,318488.483,2550833.078,109.2283003,23.0561338,195,handover
4209.859,T019,U01,318686.201,2545556.139,109.2308517,23.0085095,201.072,return
4212.252,T025,U02,317645.171,2550220.542,109.2201447,23.0505108,372.909,cruise
4213.176,T014,U05,320857.86,2550124.719,109.2515016,23.0499954,293.229,return
4213.392,T011,U07,319528.976,2553224.697,109.2381714,23.0778414,228.3,handover
4213.883,T017,U06,320634.637,2550099.712,109.2493266,23.0497455,308.954,cruise
4214.582,T021,U03,323330.195,2546707.017,109.2760168,23.0194009,390.956,return
4214.723,T023,U04,318488.483,2550833.078,109.2283003,23.0561338,195,handover
4214.859,T019,U01,318686.201,2545556.139,109.2308517,23.0085095,188.572,return
4217.252,T025,U02,317632.101,2550279.101,109.2200102,23.051038,372.909,cruise
4218.176,T014,U05,320825.662,2550056.982,109.2511953,23.0493803,293.229,return
4218.392,T011,U07,319528.976,2553224.697,109.2381714,23.0778414,228.3,handover
4218.883,T017,U06,320664.197,2550168.641,109.2496069,23.050371,308.954,cruise
4219.582,T021,U03,323330.195,2546707.017,109.2760168,23.0194009,405.956,return
4219.723,T023,U04,318488.483,2550833.078,109.2283003,23.0561338,195,handover
4219.859,T019,U01,318686.201,2545556.139,109.2308517,23.0085095,176.072,return
4222.252,T025,U02,317619.031,2550337.66,109.2198757,23.0515653,372.909,cruise
4223.176,T014,U05,320793.464,2549989.245,109.2508891,23.0487652,293.229,return
4223.392,T011,U07,319528.976,2553224.697,109.2381714,23.0778414,228.3,handover
4223.883,T017,U06,320693.756,2550237.57,109.2498873,23.0509966,308.954,cruise
4224.582,T021,U03,323330.195,2546707.017,109.2760168,23.0194009,420.956,return
4224.723,T023,U04,318488.483,2550833.078,109.2283003,23.0561338,195,handover
4224.859,T019,U01,318686.201,2545556.139,109.2308517,23.0085095,163.572,return
4227.252,T025,U02,317605.962,2550396.22,109.2197413,23.0520926,372.909,cruise
4228.176,T014,U05,320761.265,2549921.508,109.2505828,23.0481501,293.229,return
4228.392,T011,U07,319528.976,2553224.697,109.2381714,23.0778414,228.3,handover
4228.883,T017,U06,320723.315,2550306.5,109.2501676,23.0516222,308.954,cruise
4229.582,T021,U03,323328.955,2546706.709,109.2760047,23.019398,435.637,return
4229.723,T023,U04,318488.483,2550833.078,109.2283003,23.0561338,195,handover
4229.859,T019,U01,318686.201,2545556.139,109.2308517,23.0085095,151.072,return
4232.252,T025,U02,317592.892,2550454.779,109.2196068,23.0526199,372.909,cruise
4233.176,T014,U05,320729.067,2549853.772,109.2502766,23.047535,293.229,return
4233.392,T011,U07,319528.976,2553224.697,109.2381714,23.0778414,228.3,handover
4233.883,T017,U06,320752.874,2550375.429,109.250448,23.0522477,308.954,cruise
4234.582,T021,U03,323270.717,2546692.277,109.2754383,23.0192615,435.637,return
4234.723,T023,U04,318488.483,2550833.078,109.2283003,23.0561338,195,handover
4234.859,T019,U01,318686.201,2545556.139,109.2308517,23.0085095,138.572,return
4237.252,T025,U02,317579.823,2550513.338,109.2194723,23.0531472,372.909,cruise
4238.176,T014,U05,320696.868,2549786.035,109.2499703,23.04692,293.229,return
4238.392,T011,U07,319528.976,2553224.697,109.2381714,23.0778414,228.3,handover
4238.883,T017,U06,320782.433,2550444.358,109.2507284,23.0528733,308.954,cruise
4239.582,T021,U03,323212.479,2546677.844,109.2748718,23.019125,435.637,return
4239.723,T023,U04,318488.483,2550833.078,109.2283003,23.0561338,195,handover
4242.252,T025,U02,317566.753,2550571.897,109.2193378,23.0536745,372.909,cruise
4243.176,T014,U05,320664.67,2549718.298,109.2496641,23.0463049,293.229,return
4243.392,T011,U07,319528.976,2553224.697,109.2381714,23.0778414,228.3,handover
4243.883,T017,U06,320811.993,2550513.288,109.2510087,23.0534989,308.954,cruise
4244.582,T021,U03,323154.24,2546663.411,109.2743054,23.0189885,435.637,return
4244.723,T023,U04,318488.483,2550833.078,109.2283003,23.0561338,195,handover
4247.252,T025,U02,317553.683,2550630.457,109.2192034,23.0542018,372.909,cruise
4248.176,T014,U05,320632.471,2549650.562,109.2493579,23.0456898,293.229,return
4248.392,T011,U07,319528.976,2553224.697,109.2381714,23.0778414,228.3,handover
4248.883,T017,U06,320841.552,2550582.217,109.2512891,23.0541244,308.954,cruise
4249.582,T021,U03,323096.002,2546648.979,109.273739,23.018852,435.637,return
4249.723,T023,U04,318488.483,2550833.078,109.2283003,23.0561338,195,handover
4252.252,T025,U02,317540.614,2550689.016,109.2190689,23.0547291,372.909,cruise
4253.176,T014,U05,320600.273,2549582.825,109.2490516,23.0450747,293.229,return
4253.392,T011,U07,319528.976,2553224.697,109.2381714,23.0778414,228.3,handover
4253.883,T017,U06,320871.111,2550651.146,109.2515695,23.05475,308.954,cruise
4254.582,T021,U03,323037.764,2546634.546,109.2731725,23.0187154,435.637,return
4254.723,T023,U04,318488.483,2550833.078,109.2283003,23.0561338,195,handover
4257.252,T025,U02,317527.544,2550747.575,109.2189344,23.0552564,372.909,cruise
4258.176,T014,U05,320568.075,2549515.088,109.2487454,23.0444596,293.229,return
4258.392,T011,U07,319528.976,2553224.697,109.2381714,23.0778414,228.3,handover
4258.883,T017,U06,320900.67,2550720.076,109.2518499,23.0553756,308.954,cruise
4259.582,T021,U03,322979.525,2546620.113,109.2726061,23.0185789,435.637,return
4259.723,T023,U04,318488.483,2550833.078,109.2283003,23.0561338,195,handover
4262.252,T025,U02,317514.475,2550806.134,109.2187999,23.0557837,372.909,cruise
4263.176,T014,U05,320535.876,2549447.351,109.2484392,23.0438445,293.229,return
4263.392,T011,U07,319528.976,2553224.697,109.2381714,23.0778414,228.3,handover
4263.883,T017,U06,320930.229,2550789.005,109.2521302,23.0560011,308.954,cruise
4264.582,T021,U03,322921.287,2546605.681,109.2720396,23.0184424,435.637,return
4264.723,T023,U04,318488.483,2550833.078,109.2283003,23.0561338,195,handover
4267.252,T025,U02,317501.405,2550864.694,109.2186654,23.056311,372.909,cruise
4268.176,T014,U05,320503.678,2549379.615,109.2481329,23.0432295,293.229,return
4268.392,T011,U07,319528.976,2553224.697,109.2381714,23.0778414,228.3,handover
4268.883,T017,U06,320959.789,2550857.934,109.2524106,23.0566267,308.954,cruise
4269.582,T021,U03,322863.049,2546591.248,109.2714732,23.0183059,435.637,return
4269.723,T023,U04,318488.483,2550833.078,109.2283003,23.0561338,195,handover
4272.252,T025,U02,317488.335,2550923.253,109.218531,23.0568383,372.909,cruise
4273.176,T014,U05,320471.479,2549311.878,109.2478267,23.0426144,293.229,return
4273.392,T011,U07,319528.976,2553224.697,109.2381714,23.0778414,228.3,handover
4273.883,T017,U06,320989.348,2550926.864,109.252691,23.0572523,308.954,cruise
4274.582,T021,U03,322804.81,2546576.815,109.2709068,23.0181694,435.637,return
4274.723,T023,U04,318488.483,2550833.078,109.2283003,23.0561338,195,handover
4277.252,T025,U02,317475.266,2550981.812,109.2183965,23.0573656,372.909,cruise
4278.176,T014,U05,320439.281,2549244.141,109.2475205,23.0419993,293.229,return
4278.392,T011,U07,319528.976,2553224.697,109.2381714,23.0778414,228.3,handover
4278.883,T017,U06,321018.907,2550995.793,109.2529714,23.0578778,308.954,cruise
4279.582,T021,U03,322746.572,2546562.383,109.2703403,23.0180328,435.637,return
4279.723,T023,U04,318488.483,2550833.078,109.2283003,23.0561338,195,handover
4282.252,T025,U02,317462.196,2551040.371,109.218262,23.0578929,372.909,cruise
4283.176,T014,U05,320407.083,2549176.405,109.2472143,23.0413842,293.229,return
4283.392,T011,U07,319528.976,2553224.697,109.2381714,23.0778414,228.3,handover
4283.883,T017,U06,321048.466,2551064.722,109.2532518,23.0585034,308.954,cruise
4284.582,T021,U03,322688.334,2546547.95,109.2697739,23.0178963,435.637,return
4284.723,T023,U04,318488.483,2550833.078,109.2283003,23.0561338,195,handover
4287.252,T025,U02,317449.126,2551098.931,109.2181275,23.0584202,372.909,cruise
4288.176,T014,U05,320374.884,2549108.668,109.246908,23.0407691,293.229,return
4288.392,T011,U07,319528.976,2553224.697,109.2381714,23.0778414,228.3,handover
4288.883,T017,U06,321078.026,2551133.652,109.2535322,23.0591289,308.954,cruise
4289.582,T021,U03,322630.096,2546533.518,109.2692075,23.0177598,435.637,return
4289.723,T023,U04,318488.483,2550833.078,109.2283003,23.0561338,198.436,return
4292.252,T025,U02,317436.057,2551157.49,109.217993,23.0589475,372.909,cruise
4293.176,T014,U05,320342.686,2549040.931,109.2466018,23.040154,293.229,return
4293.392,T011,U07,319528.976,2553224.697,109.2381714,23.0778414,228.3,handover
4293.883,T017,U06,321107.585,2551202.581,109.2538126,23.0597545,308.954,cruise
4294.582,T021,U03,322571.857,2546519.085,109.268641,23.0176232,435.637,return
4294.723,T023,U04,318488.483,2550833.078,109.2283003,23.0561338,213.436,return
4297.252,T025,U02,317422.987,2551216.049,109.2178585,23.0594748,372.909,cruise
4298.176,T014,U05,320310.487,2548973.195,109.2462956,23.0395389,293.229,return
4298.392,T011,U07,319528.976,2553224.697,109.2381714,23.0778414,228.3,handover
4298.883,T017,U06,321137.144,2551271.51,109.254093,23.0603801,308.954,cruise
4299.582,T021,U03,322513.619,2546504.652,109.2680746,23.0174867,435.637,return
4299.723,T023,U04,318488.483,2550833.078,109.2283003,23.0561338,228.436,return
4302.252,T025,U02,317409.918,2551274.608,109.217724,23.060002,372.909,cruise
4303.176,T014,U05,320278.289,2548905.458,109.2459894,23.0389238,293.229,return
4303.392,T011,U07,319528.976,2553224.697,109.2381714,23.0778414,228.3,handover
4303.883,T017,U06,321166.703,2551340.44,109.2543734,23.0610056,308.954,cruise
4304.582,T021,U03,322455.381,2546490.22,109.2675082,23.0173502,435.637,return
4304.723,T023,U04,318488.483,2550833.078,109.2283003,23.0561338,243.436,return
4307.252,T025,U02,317396.848,2551333.167,109.2175896,23.0605293,372.909,cruise
4308.176,T014,U05,320246.09,2548837.721,109.2456832,23.0383088,293.229,return
4308.392,T011,U07,319528.976,2553224.697,109.2381714,23.0778414,228.3,handover
4308.883,T017,U06,321196.262,2551409.369,109.2546538,23.0616312,308.954,cruise
4309.582,T021,U03,322397.142,2546475.787,109.2669418,23.0172136,435.637,return
4309.723,T023,U04,318488.483,2550833.078,109.2283003,23.0561338,258.436,return
4312.252,T025,U02,317383.778,2551391.727,109.2174551,23.0610566,372.909,cruise
4313.176,T014,U05,320213.892,2548769.984,109.245377,23.0376937,293.229,return
4313.392,T011,U07,319528.976,2553224.697,109.2381714,23.0778414,228.3,handover
4313.883,T017,U06,321225.822,2551478.298,109.2549342,23.0622568,308.954,cruise
4314.582,T021,U03,322338.904,2546461.354,109.2663753,23.0170771,435.637,return
4314.723,T023,U04,318488.483,2550833.078,109.2283003,23.0561338,273.436,return
4317.252,T025,U02,317370.709,2551450.286,109.2173206,23.0615839,372.909,cruise
4318.176,T014,U05,320181.694,2548702.248,109.2450708,23.0370786,293.229,return
4318.392,T011,U07,319528.976,2553224.697,109.2381714,23.0778414,228.3,handover
4318.883,T017,U06,321255.381,2551547.228,109.2552146,23.0628823,308.954,cruise
4319.582,T021,U03,322280.666,2546446.922,109.2658089,23.0169406,435.637,return
4319.723,T023,U04,318488.483,2550833.078,109.2283003,23.0561338,288.436,return
4322.252,T025,U02,317357.639,2551508.845,109.2171861,23.0621112,372.909,cruise
4323.176,T014,U05,320149.495,2548634.511,109.2447646,23.0364635,293.229,return
4323.392,T011,U07,319528.976,2553224.697,109.2381714,23.0778414,228.3,handover
4323.883,T017,U06,321284.94,2551616.157,109.255495,23.0635079,308.954,cruise
4324.582,T021,U03,322222.428,2546432.489,109.2652425,23.016804,435.637,return
4324.723,T023,U04,318488.483,2550833.078,109.2283003,23.0561338,303.436,return
4327.252,T025,U02,317344.569,2551567.404,109.2170516,23.0626385,372.909,cruise
4328.176,T014,U05,320117.297,2548566.774,109.2444584,23.0358484,293.229,return
4328.392,T011,U07,319528.976,2553224.697,109.2381714,23.0778414,228.3,handover
4328.883,T017,U06,321314.499,2551685.086,109.2557754,23.0641334,308.954,cruise
4329.582,T021,U03,322164.189,2546418.056,109.2646761,23.0166675,435.637,return
4329.723,T023,U04,318488.483,2550833.078,109.2283003,23.0561338,318.436,return
4332.252,T025,U02,317331.5,2551625.964,109.2169171,23.0631658,372.909,cruise
4333.176,T014,U05,320085.098,2548499.038,109.2441522,23.0352333,293.229,return
4333.392,T011,U07,319528.976,2553224.697,109.2381714,23.0778414,228.3,handover
4333.883,T017,U06,321344.058,2551754.016,109.2560558,23.064759,308.954,cruise
4334.582,T021,U03,322105.951,2546403.624,109.2641096,23.0165309,435.637,return
4334.723,T023,U04,318489.535,2550804.999,109.2283139,23.0558804,326.411,return
4337.252,T025,U02,317318.43,2551684.523,109.2167826,23.0636931,372.909,cruise
4338.176,T014,U05,320052.9,2548431.301,109.243846,23.0346182,293.229,return
4338.392,T011,U07,319528.976,2553224.697,109.2381714,23.0778414,228.3,handover
4338.883,T017,U06,321373.618,2551822.945,109.2563362,23.0653845,308.954,cruise
4339.582,T021,U03,322047.713,2546389.191,109.2635432,23.0163944,435.637,return
4339.723,T023,U04,318491.782,2550745.041,109.2283429,23.0553393,326.411,return
4342.252,T025,U02,317305.361,2551743.082,109.2166481,23.0642204,372.909,cruise
4343.176,T014,U05,320020.701,2548363.564,109.2435398,23.0340031,293.229,return
4343.392,T011,U07,319528.976,2553224.697,109.2381714,23.0778414,228.3,handover
4343.883,T017,U06,321403.177,2551891.874,109.2566167,23.0660101,308.954,cruise
4344.582,T021,U03,321989.474,2546374.758,109.2629768,23.0162578,435.637,return
4344.723,T023,U04,318494.028,2550685.083,109.2283719,23.0547982,326.411,return
4347.252,T025,U02,317292.291,2551801.641,109.2165136,23.0647477,372.909,cruise
4348.176,T014,U05,319988.503,2548295.827,109.2432336,23.033388,293.229,return
4348.392,T011,U07,319528.976,2553224.697,109.2381714,23.0778414,228.3,handover
4348.883,T017,U06,321432.736,2551960.804,109.2568971,23.0666357,308.954,cruise
4349.582,T021,U03,321931.236,2546360.326,109.2624104,23.0161213,435.637,return
4349.723,T023,U04,318496.275,2550625.125,109.2284009,23.054257,326.411,return
4352.252,T025,U02,317279.221,2551860.201,109.2163791,23.065275,372.909,cruise
4353.176,T014,U05,319956.305,2548228.091,109.2429274,23.0327729,293.229,return
4353.392,T011,U07,319528.976,2553224.697,109.2381714,23.0778414,228.3,handover
4353.883,T017,U06,321462.295,2552029.733,109.2571775,23.0672612,308.954,cruise
4354.582,T021,U03,321872.998,2546345.893,109.261844,23.0159847,435.637,return
4354.723,T023,U04,318498.521,2550565.167,109.2284299,23.0537159,326.411,return
4357.252,T025,U02,317266.152,2551918.76,109.2162446,23.0658023,372.909,cruise
4358.176,T014,U05,319924.106,2548160.354,109.2426212,23.0321578,293.229,return
4358.392,T011,U07,319528.976,2553224.697,109.2381714,23.0778414,228.3,handover
4358.883,T017,U06,321491.854,2552098.662,109.2574579,23.0678868,308.954,cruise
4359.582,T021,U03,321814.759,2546331.46,109.2612776,23.0158482,435.637,return
4359.723,T023,U04,318500.768,2550505.209,109.2284589,23.0531748,326.411,return
4362.252,T025,U02,317253.082,2551977.319,109.2161101,23.0663295,372.909,cruise
4363.176,T014,U05,319891.908,2548092.617,109.2423151,23.0315427,293.229,return
4363.392,T011,U07,319528.976,2553224.697,109.2381714,23.0778414,228.3,handover
4363.883,T017,U06,321521.414,2552167.592,109.2577383,23.0685123,308.954,cruise
4364.582,T021,U03,321756.521,2546317.028,109.2607111,23.0157116,435.637,return
4364.723,T023,U04,318503.014,2550445.251,109.2284879,23.0526337,326.411,return
4367.252,T025,U02,317240.013,2552035.878,109.2159756,23.0668568,372.909,cruise
4368.176,T014,U05,319859.709,2548024.881,109.2420089,23.0309277,293.229,return
4368.392,T011,U07,319528.976,2553224.697,109.2381714,23.0778414,228.3,handover
4368.883,T017,U06,321550.973,2552236.521,109.2580188,23.0691379,308.954,cruise
4369.582,T021,U03,321698.283,2546302.595,109.2601447,23.0155751,435.637,return
4369.723,T023,U04,318505.261,2550385.293,109.2285169,23.0520926,326.411,return
4372.252,T025,U02,317226.943,2552094.438,109.2158411,23.0673841,372.909,cruise
4373.176,T014,U05,319827.511,2547957.144,109.2417027,23.0303126,293.229,return
4373.392,T011,U07,319528.976,2553224.697,109.2381714,23.0778414,228.3,handover
4373.883,T017,U06,321580.532,2552305.45,109.2582992,23.0697634,308.954,cruise
4374.582,T021,U03,321640.045,2546288.163,109.2595783,23.0154385,435.637,return
4374.723,T023,U04,318507.507,2550325.336,109.2285459,23.0515514,326.411,return
4377.252,T025,U02,317213.873,2552152.997,109.2157066,23.0679114,372.909,cruise
4378.176,T014,U05,319795.313,2547889.407,109.2413965,23.0296975,293.229,return
4378.392,T011,U07,319528.976,2553224.697,109.2381714,23.0778414,228.3,handover
4378.883,T017,U06,321607.166,2552367.559,109.2585519,23.0703271,307.717,descent
4379.582,T021,U03,321581.806,2546273.73,109.2590119,23.0153019,435.637,return
4379.723,T023,U04,318509.754,2550265.378,109.2285749,23.0510103,326.411,return
4382.252,T025,U02,317200.804,2552211.556,109.215572,23.0684387,372.909,cruise
4383.176,T014,U05,319763.114,2547821.67,109.2410904,23.0290824,293.229,return
4383.392,T011,U07,319528.976,2553224.697,109.2381714,23.0778414,228.3,handover
4383.883,T017,U06,321607.166,2552367.559,109.2585519,23.0703271,295.217,descent
4384.582,T021,U03,321523.568,2546259.297,109.2584455,23.0151654,435.637,return
4384.723,T023,U04,318512.0,2550205.42,109.2286039,23.0504692,326.411,return
4387.252,T025,U02,317187.734,2552270.115,109.2154375,23.068966,372.909,cruise
4388.176,T014,U05,319730.916,2547753.934,109.2407842,23.0284673,293.229,return
4388.392,T011,U07,319528.976,2553224.697,109.2381714,23.0778414,228.3,handover
4388.883,T017,U06,321607.166,2552367.559,109.2585519,23.0703271,282.717,descent
4389.582,T021,U03,321465.33,2546244.865,109.2578791,23.0150288,435.637,return
4389.723,T023,U04,318514.247,2550145.462,109.2286329,23.0499281,326.411,return
4392.252,T025,U02,317174.664,2552328.675,109.215303,23.0694933,372.909,cruise
4393.176,T014,U05,319698.717,2547686.197,109.240478,23.0278522,293.229,return
4393.392,T011,U07,319528.976,2553224.697,109.2381714,23.0778414,228.3,handover
4393.883,T017,U06,321607.166,2552367.559,109.2585519,23.0703271,270.217,descent
4394.582,T021,U03,321407.091,2546230.432,109.2573127,23.0148922,435.637,return
4394.723,T023,U04,318516.493,2550085.504,109.2286619,23.049387,326.411,return
4397.252,T025,U02,317161.595,2552387.234,109.2151685,23.0700206,372.909,cruise
4398.176,T014,U05,319666.519,2547618.46,109.2401719,23.0272371,293.229,return
4398.392,T011,U07,319528.976,2553224.697,109.2381714,23.0778414,228.3,handover
4398.883,T017,U06,321607.166,2552367.559,109.2585519,23.0703271,257.717,descent
4399.582,T021,U03,321348.853,2546215.999,109.2567463,23.0147557,435.637,return
4399.723,T023,U04,318518.74,2550025.546,109.2286909,23.0488459,326.411,return
4402.252,T025,U02,317148.525,2552445.793,109.215034,23.0705479,372.909,cruise
4403.176,T014,U05,319634.32,2547550.724,109.2398657,23.026622,293.229,return
4403.392,T011,U07,319528.976,2553224.697,109.2381714,23.0778414,228.3,handover
4403.883,T017,U06,321607.166,2552367.559,109.2585519,23.0703271,245.217,descent
4404.582,T021,U03,321290.615,2546201.567,109.2561799,23.0146191,435.637,return
4404.723,T023,U04,318520.987,2549965.588,109.2287199,23.0483047,326.411,return
4407.252,T025,U02,317135.456,2552504.352,109.2148995,23.0710751,372.909,cruise
4408.176,T014,U05,319602.122,2547482.987,109.2395596,23.0260069,293.229,return
4408.392,T011,U07,319528.976,2553224.697,109.2381714,23.0778414,228.3,handover
4408.883,T017,U06,321607.166,2552367.559,109.2585519,23.0703271,232.717,descent
4409.582,T021,U03,321232.377,2546187.134,109.2556135,23.0144825,435.637,return
4409.723,T023,U04,318523.233,2549905.63,109.2287489,23.0477636,326.411,return
4412.252,T025,U02,317122.386,2552562.912,109.214765,23.0716024,372.909,cruise
4413.176,T014,U05,319569.924,2547415.25,109.2392534,23.0253918,293.229,return
4413.392,T011,U07,319528.976,2553224.697,109.2381714,23.0778414,228.3,handover
4413.883,T017,U06,321607.166,2552367.559,109.2585519,23.0703271,220.217,descent
4414.582,T021,U03,321174.138,2546172.701,109.2550471,23.0143459,435.637,return
4414.723,T023,U04,318525.48,2549845.672,109.2287779,23.0472225,326.411,return
4417.252,T025,U02,317109.316,2552621.471,109.2146305,23.0721297,372.909,cruise
4418.176,T014,U05,319537.725,2547347.514,109.2389473,23.0247767,293.229,return
4418.392,T011,U07,319528.976,2553224.697,109.2381714,23.0778414,228.3,handover
4418.883,T017,U06,321607.166,2552367.559,109.2585519,23.0703271,219.5,handover
4419.582,T021,U03,321115.9,2546158.269,109.2544807,23.0142093,435.637,return
4419.723,T023,U04,318527.726,2549785.714,109.2288069,23.0466814,326.411,return
4422.252,T025,U02,317096.247,2552680.03,109.2144959,23.072657,372.909,cruise
4423.176,T014,U05,319505.527,2547279.777,109.2386411,23.0241616,293.229,return
4423.392,T011,U07,319528.976,2553224.697,109.2381714,23.0778414,228.3,handover
4423.883,T017,U06,321607.166,2552367.559,109.2585519,23.0703271,219.5,handover
4424.582,T021,U03,321057.662,2546143.836,109.2539143,23.0140728,435.637,return
4424.723,T023,U04,318529.973,2549725.756,109.2288359,23.0461403,326.411,return
4427.252,T025,U02,317083.177,2552738.589,109.2143614,23.0731843,372.909,cruise
4428.176,T014,U05,319473.328,2547212.04,109.238335,23.0235465,293.229,return
4428.392,T011,U07,319528.976,2553224.697,109.2381714,23.0778414,228.3,handover
4428.883,T017,U06,321607.166,2552367.559,109.2585519,23.0703271,219.5,handover
4429.582,T021,U03,320999.423,2546129.403,109.2533479,23.0139362,435.637,return
4429.723,T023,U04,318532.219,2549665.798,109.2288649,23.0455992,326.411,return
4432.252,T025,U02,317070.107,2552797.149,109.2142269,23.0737116,372.909,cruise
4433.176,T014,U05,319441.13,2547144.303,109.2380288,23.0229314,293.229,return
4433.392,T011,U07,319528.976,2553224.697,109.2381714,23.0778414,228.3,handover
4433.883,T017,U06,321607.166,2552367.559,109.2585519,23.0703271,219.5,handover
4434.582,T021,U03,320941.185,2546114.971,109.2527815,23.0137996,435.637,return
4434.723,T023,U04,318534.466,2549605.84,109.2288939,23.045058,326.411,return
4437.252,T025,U02,317057.038,2552855.708,109.2140924,23.0742389,372.909,cruise
4438.176,T014,U05,319408.931,2547076.567,109.2377227,23.0223163,293.229,return
4438.392,T011,U07,319528.976,2553224.697,109.2381714,23.0778414,228.3,handover
4438.883,T017,U06,321607.166,2552367.559,109.2585519,23.0703271,219.5,handover
4439.582,T021,U03,320882.947,2546100.538,109.2522151,23.013663,435.637,return
4439.723,T023,U04,318536.712,2549545.882,109.2289229,23.0445169,326.411,return
4442.252,T025,U02,317043.968,2552914.267,109.2139579,23.0747662,372.909,cruise
4443.176,T014,U05,319376.733,2547008.83,109.2374165,23.0217012,293.229,return
4443.392,T011,U07,319528.976,2553224.697,109.2381714,23.0778414,228.3,handover
4443.883,T017,U06,321607.166,2552367.559,109.2585519,23.0703271,219.5,handover
4444.582,T021,U03,320824.709,2546086.105,109.2516487,23.0135264,435.637,return
4444.723,T023,U04,318538.959,2549485.925,109.2289519,23.0439758,326.411,return
4447.252,T025,U02,317030.899,2552972.826,109.2138233,23.0752934,372.909,cruise
4448.176,T014,U05,319344.535,2546941.093,109.2371104,23.0210861,293.229,return
4448.392,T011,U07,319528.976,2553224.697,109.2381714,23.0778414,228.3,handover
4448.883,T017,U06,321607.166,2552367.559,109.2585519,23.0703271,219.5,handover
4449.582,T021,U03,320766.47,2546071.673,109.2510823,23.0133898,435.637,return
4449.723,T023,U04,318541.205,2549425.967,109.2289809,23.0434347,326.411,return
4452.252,T025,U02,317017.829,2553031.386,109.2136888,23.0758207,372.909,cruise
4453.176,T014,U05,319312.336,2546873.357,109.2368043,23.020471,293.229,return
4453.392,T011,U07,319528.976,2553224.697,109.2381714,23.0778414,228.3,handover
4453.883,T017,U06,321607.166,2552367.559,109.2585519,23.0703271,219.5,handover
4454.582,T021,U03,320708.232,2546057.24,109.2505159,23.0132532,435.637,return
4454.723,T023,U04,318543.452,2549366.009,109.2290099,23.0428936,326.411,return
4457.252,T025,U02,317004.759,2553089.945,109.2135543,23.076348,372.909,cruise
4458.176,T014,U05,319280.138,2546805.62,109.2364981,23.0198559,293.229,return
4458.392,T011,U07,319528.976,2553224.697,109.2381714,23.0778414,228.3,handover
4458.883,T017,U06,321607.166,2552367.559,109.2585519,23.0703271,219.5,handover
4459.582,T021,U03,320649.994,2546042.808,109.2499495,23.0131166,435.637,return
4459.723,T023,U04,318545.698,2549306.051,109.2290389,23.0423524,326.411,return
4462.252,T025,U02,316991.69,2553148.504,109.2134197,23.0768753,372.909,cruise
4463.176,T014,U05,319247.939,2546737.883,109.236192,23.0192408,293.229,return
4463.392,T011,U07,319528.976,2553224.697,109.2381714,23.0778414,228.3,handover
4463.883,T017,U06,321607.166,2552367.559,109.2585519,23.0703271,219.5,handover
4464.582,T021,U03,320591.755,2546028.375,109.2493832,23.01298,435.637,return
4464.723,T023,U04,318547.945,2549246.093,109.2290679,23.0418113,326.411,return
4467.252,T025,U02,316978.62,2553207.063,109.2132852,23.0774026,372.909,cruise
4468.176,T014,U05,319215.741,2546670.146,109.2358859,23.0186257,293.229,return
4468.392,T011,U07,319528.976,2553224.697,109.2381714,23.0778414,228.3,handover
4468.883,T017,U06,321607.166,2552367.559,109.2585519,23.0703271,219.5,handover
4469.582,T021,U03,320533.517,2546013.942,109.2488168,23.0128434,435.637,return
4469.723,T023,U04,318550.191,2549186.135,109.2290969,23.0412702,326.411,return
4472.252,T025,U02,316965.551,2553265.623,109.2131507,23.0779299,372.909,cruise
4473.176,T014,U05,319183.542,2546602.41,109.2355798,23.0180106,293.229,return
4473.392,T011,U07,319528.976,2553224.697,109.2381714,23.0778414,228.3,handover
4473.883,T017,U06,321607.166,2552367.559,109.2585519,23.0703271,219.5,handover
4474.582,T021,U03,320475.279,2545999.51,109.2482504,23.0127068,435.637,return
4474.723,T023,U04,318552.438,2549126.177,109.2291259,23.0407291,326.411,return
4477.252,T025,U02,316952.481,2553324.182,109.2130162,23.0784572,372.909,cruise
4478.176,T014,U05,319151.344,2546534.673,109.2352737,23.0173954,293.229,return
4478.392,T011,U07,319528.976,2553224.697,109.2381714,23.0778414,228.3,handover
4478.883,T017,U06,321607.166,2552367.559,109.2585519,23.0703271,219.5,handover
4479.582,T021,U03,320417.04,2545985.077,109.247684,23.0125702,435.637,return
4479.723,T023,U04,318554.684,2549066.219,109.2291549,23.040188,326.411,return
4482.252,T025,U02,316939.411,2553382.741,109.2128816,23.0789844,372.909,cruise
4483.176,T014,U05,319119.146,2546466.936,109.2349675,23.0167803,293.229,return
4483.392,T011,U07,319528.976,2553224.697,109.2381714,23.0778414,228.3,handover
4483.883,T017,U06,321607.166,2552367.559,109.2585519,23.0703271,219.5,handover
4484.582,T021,U03,320358.802,2545970.644,109.2471176,23.0124336,435.637,return
4484.723,T023,U04,318556.931,2549006.261,109.2291839,23.0396468,326.411,return
4487.252,T025,U02,316926.352,2553441.253,109.2127472,23.0795113,372.899,descent
4488.176,T014,U05,319086.947,2546399.2,109.2346614,23.0161652,293.229,return
4488.392,T011,U07,319528.976,2553224.697,109.2381714,23.0778414,228.3,handover
4488.883,T017,U06,321607.166,2552367.559,109.2585519,23.0703271,219.5,handover
4489.582,T021,U03,320300.564,2545956.212,109.2465512,23.012297,435.637,return
4489.723,T023,U04,318559.177,2548946.303,109.2292129,23.0391057,326.411,return
4492.252,T025,U02,316926.352,2553441.253,109.2127472,23.0795113,360.399,descent
4493.176,T014,U05,319054.749,2546331.463,109.2343553,23.0155501,293.229,return
4493.392,T011,U07,319528.976,2553224.697,109.2381714,23.0778414,228.3,handover
4493.883,T017,U06,321607.166,2552367.559,109.2585519,23.0703271,219.5,handover
4494.582,T021,U03,320242.326,2545941.779,109.2459849,23.0121604,435.637,return
4494.723,T023,U04,318561.424,2548886.345,109.2292419,23.0385646,326.411,return
4497.252,T025,U02,316926.352,2553441.253,109.2127472,23.0795113,347.899,descent
4498.176,T014,U05,319022.55,2546263.726,109.2340492,23.014935,293.229,return
4498.392,T011,U07,319528.976,2553224.697,109.2381714,23.0778414,228.3,handover
4498.883,T017,U06,321607.166,2552367.559,109.2585519,23.0703271,219.5,handover
4499.582,T021,U03,320184.087,2545927.346,109.2454185,23.0120238,435.637,return
4499.723,T023,U04,318563.67,2548826.387,109.2292709,23.0380235,326.411,return
4502.252,T025,U02,316926.352,2553441.253,109.2127472,23.0795113,335.399,descent
4503.176,T014,U05,318990.352,2546195.99,109.2337431,23.0143199,293.229,return
4503.392,T011,U07,319528.976,2553224.697,109.2381714,23.0778414,228.3,handover
4503.883,T017,U06,321607.166,2552367.559,109.2585519,23.0703271,219.5,handover
4504.582,T021,U03,320125.849,2545912.914,109.2448521,23.0118872,435.637,return
4504.723,T023,U04,318565.917,2548766.429,109.2292999,23.0374824,326.411,return
4507.252,T025,U02,316926.352,2553441.253,109.2127472,23.0795113,322.899,descent
4508.176,T014,U05,318958.154,2546128.253,109.233437,23.0137048,293.229,return
4508.392,T011,U07,319528.976,2553224.697,109.2381714,23.0778414,228.3,handover
4508.883,T017,U06,321607.166,2552367.559,109.2585519,23.0703271,219.5,handover
4509.582,T021,U03,320067.611,2545898.481,109.2442857,23.0117506,435.637,return
4509.723,T023,U04,318568.164,2548706.471,109.2293289,23.0369413,326.411,return
4512.252,T025,U02,316926.352,2553441.253,109.2127472,23.0795113,310.399,descent
4513.176,T014,U05,318925.955,2546060.516,109.2331309,23.0130897,293.229,return
4513.392,T011,U07,319528.976,2553224.697,109.2381714,23.0778414,228.3,handover
4513.883,T017,U06,321607.166,2552367.559,109.2585519,23.0703271,219.5,handover
4514.582,T021,U03,320009.372,2545884.048,109.2437194,23.011614,435.637,return
4514.723,T023,U04,318570.41,2548646.514,109.2293579,23.0364001,326.411,return
4517.252,T025,U02,316926.352,2553441.253,109.2127472,23.0795113,297.899,descent
4518.176,T014,U05,318893.757,2545992.779,109.2328248,23.0124746,293.229,return
4518.392,T011,U07,319528.976,2553224.697,109.2381714,23.0778414,228.3,handover
4518.883,T017,U06,321607.166,2552367.559,109.2585519,23.0703271,219.5,handover
4519.582,T021,U03,319951.134,2545869.616,109.243153,23.0114773,435.637,return
4519.723,T023,U04,318572.657,2548586.556,109.2293869,23.035859,326.411,return
4522.252,T025,U02,316926.352,2553441.253,109.2127472,23.0795113,285.399,descent
4523.176,T014,U05,318861.558,2545925.043,109.2325187,23.0118595,293.229,return
4523.392,T011,U07,319528.976,2553224.697,109.2381714,23.0778414,228.3,handover
4523.883,T017,U06,321607.166,2552367.559,109.2585519,23.0703271,219.5,handover
4524.582,T021,U03,319892.896,2545855.183,109.2425866,23.0113407,435.637,return
4524.723,T023,U04,318574.903,2548526.598,109.2294159,23.0353179,326.411,return
4525.387,T012,U08,318686.201,2545556.139,109.2308517,23.0085095,127.7,ascent
4527.252,T025,U02,316926.352,2553441.253,109.2127472,23.0795113,272.899,descent
4528.176,T014,U05,318829.36,2545857.306,109.2322126,23.0112444,293.229,return
4528.392,T011,U07,319528.976,2553224.697,109.2381714,23.0778414,228.3,handover
4528.883,T017,U06,321607.166,2552367.559,109.2585519,23.0703271,219.5,handover
4529.582,T021,U03,319834.658,2545840.75,109.2420202,23.0112041,435.637,return
4529.723,T023,U04,318577.15,2548466.64,109.2294448,23.0347768,326.411,return
4530.387,T012,U08,318686.201,2545556.139,109.2308517,23.0085095,140.2,ascent
4532.252,T025,U02,316926.352,2553441.253,109.2127472,23.0795113,270.9,handover
4533.176,T014,U05,318797.161,2545789.569,109.2319065,23.0106293,293.229,return
4533.392,T011,U07,319528.976,2553224.697,109.2381714,23.0778414,228.3,handover
4533.883,T017,U06,321607.166,2552367.559,109.2585519,23.0703271,219.5,handover
4534.582,T021,U03,319776.419,2545826.318,109.2414539,23.0110675,435.637,return
4534.723,T023,U04,318579.396,2548406.682,109.2294738,23.0342357,326.411,return
4535.387,T012,U08,318686.201,2545556.139,109.2308517,23.0085095,152.7,ascent
4537.252,T025,U02,316926.352,2553441.253,109.2127472,23.0795113,270.9,handover
4538.176,T014,U05,318764.963,2545721.833,109.2316004,23.0100141,293.229,return
4538.392,T011,U07,319528.976,2553224.697,109.2381714,23.0778414,228.3,handover
4538.883,T017,U06,321607.166,2552367.559,109.2585519,23.0703271,219.5,handover
4539.582,T021,U03,319718.181,2545811.885,109.2408875,23.0109308,435.637,return
4539.723,T023,U04,318581.643,2548346.724,109.2295028,23.0336945,326.411,return
4540.387,T012,U08,318686.201,2545556.139,109.2308517,23.0085095,165.2,ascent
4542.252,T025,U02,316926.352,2553441.253,109.2127472,23.0795113,270.9,handover
4543.176,T014,U05,318732.765,2545654.096,109.2312943,23.009399,293.229,return
4543.392,T011,U07,319528.976,2553224.697,109.2381714,23.0778414,228.3,handover
4543.883,T017,U06,321607.166,2552367.559,109.2585519,23.0703271,219.5,handover
4544.582,T021,U03,319659.943,2545797.452,109.2403211,23.0107942,435.637,return
4544.723,T023,U04,318583.889,2548286.766,109.2295318,23.0331534,326.411,return
4545.387,T012,U08,318686.201,2545556.139,109.2308517,23.0085095,177.7,ascent
4547.252,T025,U02,316926.352,2553441.253,109.2127472,23.0795113,270.9,handover
4548.176,T014,U05,318700.566,2545586.359,109.2309883,23.0087839,293.229,return
4548.392,T011,U07,319528.976,2553224.697,109.2381714,23.0778414,228.3,handover
4548.883,T017,U06,321607.166,2552367.559,109.2585519,23.0703271,219.5,handover
4549.582,T021,U03,319601.704,2545783.02,109.2397548,23.0106576,435.637,return
4549.723,T023,U04,318586.136,2548226.808,109.2295608,23.0326123,326.411,return
4550.387,T012,U08,318686.201,2545556.139,109.2308517,23.0085095,190.2,ascent
4552.252,T025,U02,316926.352,2553441.253,109.2127472,23.0795113,270.9,handover
4553.176,T014,U05,318686.201,2545556.139,109.2308517,23.0085095,286.306,return
4553.392,T011,U07,319528.976,2553224.697,109.2381714,23.0778414,228.3,handover
4553.883,T017,U06,321607.166,2552367.559,109.2585519,23.0703271,219.5,handover
4554.582,T021,U03,319543.466,2545768.587,109.2391884,23.010521,435.637,return
4554.723,T023,U04,318588.382,2548166.85,109.2295898,23.0320712,326.411,return
4555.387,T012,U08,318686.201,2545556.139,109.2308517,23.0085095,202.7,ascent
4557.252,T025,U02,316926.352,2553441.253,109.2127472,23.0795113,270.9,handover
4558.176,T014,U05,318686.201,2545556.139,109.2308517,23.0085095,273.806,return
4558.392,T011,U07,319528.976,2553224.697,109.2381714,23.0778414,228.3,handover
4558.883,T017,U06,321607.166,2552367.559,109.2585519,23.0703271,219.5,handover
4559.582,T021,U03,319485.228,2545754.155,109.238622,23.0103843,435.637,return
4559.723,T023,U04,318590.629,2548106.892,109.2296188,23.0315301,326.411,return
4560.387,T012,U08,318686.201,2545556.139,109.2308517,23.0085095,215.2,ascent
4562.252,T025,U02,316926.352,2553441.253,109.2127472,23.0795113,270.9,handover
4563.176,T014,U05,318686.201,2545556.139,109.2308517,23.0085095,261.306,return
4563.392,T011,U07,319528.976,2553224.697,109.2381714,23.0778414,228.3,handover
4563.883,T017,U06,321607.166,2552367.559,109.2585519,23.0703271,219.5,handover
4564.582,T021,U03,319426.99,2545739.722,109.2380557,23.0102477,435.637,return
4564.723,T023,U04,318592.875,2548046.934,109.2296478,23.0309889,326.411,return
4565.387,T012,U08,318686.201,2545556.139,109.2308517,23.0085095,227.7,ascent
4567.252,T025,U02,316926.352,2553441.253,109.2127472,23.0795113,270.9,handover
4568.176,T014,U05,318686.201,2545556.139,109.2308517,23.0085095,248.806,return
4568.392,T011,U07,319528.976,2553224.697,109.2381714,23.0778414,228.3,handover
4568.883,T017,U06,321607.166,2552367.559,109.2585519,23.0703271,219.5,handover
4569.208,T026,U01,318686.201,2545556.139,109.2308517,23.0085095,127.7,ascent
4569.582,T021,U03,319368.751,2545725.289,109.2374893,23.010111,435.637,return
4569.723,T023,U04,318595.122,2547986.976,109.2296768,23.0304478,326.411,return
4570.387,T012,U08,318686.201,2545556.139,109.2308517,23.0085095,240.2,ascent
4572.252,T025,U02,316926.352,2553441.253,109.2127472,23.0795113,270.9,handover
4573.176,T014,U05,318686.201,2545556.139,109.2308517,23.0085095,236.306,return
4573.392,T011,U07,319528.976,2553224.697,109.2381714,23.0778414,228.3,handover
4573.883,T017,U06,321607.166,2552367.559,109.2585519,23.0703271,219.5,handover
4574.208,T026,U01,318686.201,2545556.139,109.2308517,23.0085095,142.7,ascent
4574.582,T021,U03,319310.513,2545710.857,109.236923,23.0099744,435.637,return
4574.723,T023,U04,318597.368,2547927.018,109.2297058,23.0299067,326.411,return
4575.387,T012,U08,318686.201,2545556.139,109.2308517,23.0085095,252.7,ascent
4577.252,T025,U02,316926.352,2553441.253,109.2127472,23.0795113,270.9,handover
4578.176,T014,U05,318686.201,2545556.139,109.2308517,23.0085095,223.806,return
4578.392,T011,U07,319528.976,2553224.697,109.2381714,23.0778414,232.049,return
4578.883,T017,U06,321607.166,2552367.559,109.2585519,23.0703271,219.5,handover
4579.208,T026,U01,318686.201,2545556.139,109.2308517,23.0085095,157.7,ascent
4579.582,T021,U03,319252.275,2545696.424,109.2363566,23.0098378,435.637,return
4579.723,T023,U04,318599.615,2547867.061,109.2297347,23.0293656,326.411,return
4580.387,T012,U08,318686.201,2545556.139,109.2308517,23.0085095,265.2,ascent
4582.252,T025,U02,316926.352,2553441.253,109.2127472,23.0795113,270.9,handover
4583.176,T014,U05,318686.201,2545556.139,109.2308517,23.0085095,211.306,return
4583.392,T011,U07,319528.976,2553224.697,109.2381714,23.0778414,244.549,return
4583.883,T017,U06,321607.166,2552367.559,109.2585519,23.0703271,219.5,handover
4584.208,T026,U01,318686.201,2545556.139,109.2308517,23.0085095,172.7,ascent
4584.582,T021,U03,319194.036,2545681.991,109.2357902,23.0097011,435.637,return
4584.723,T023,U04,318601.861,2547807.103,109.2297637,23.0288245,326.411,return
4585.387,T012,U08,318686.201,2545556.139,109.2308517,23.0085095,277.7,ascent
4587.252,T025,U02,316926.352,2553441.253,109.2127472,23.0795113,270.9,handover
4588.176,T014,U05,318686.201,2545556.139,109.2308517,23.0085095,198.806,return
4588.392,T011,U07,319528.976,2553224.697,109.2381714,23.0778414,257.049,return
4588.883,T017,U06,321607.166,2552367.559,109.2585519,23.0703271,219.5,handover
4589.208,T026,U01,318686.201,2545556.139,109.2308517,23.0085095,187.7,ascent
4589.582,T021,U03,319135.798,2545667.559,109.2352239,23.0095645,435.637,return
4589.723,T023,U04,318604.108,2547747.145,109.2297927,23.0282833,326.411,return
4590.387,T012,U08,318686.201,2545556.139,109.2308517,23.0085095,290.2,ascent
4592.252,T025,U02,316926.352,2553441.253,109.2127472,23.0795113,270.9,handover
4593.176,T014,U05,318686.201,2545556.139,109.2308517,23.0085095,186.306,return
4593.392,T011,U07,319528.976,2553224.697,109.2381714,23.0778414,269.549,return
4593.883,T017,U06,321607.166,2552367.559,109.2585519,23.0703271,219.5,handover
4594.208,T026,U01,318686.201,2545556.139,109.2308517,23.0085095,202.7,ascent
4594.582,T021,U03,319077.56,2545653.126,109.2346575,23.0094278,435.637,return
4594.723,T023,U04,318606.354,2547687.187,109.2298217,23.0277422,326.411,return
4595.387,T012,U08,318686.201,2545556.139,109.2308517,23.0085095,302.7,ascent
4597.252,T025,U02,316926.352,2553441.253,109.2127472,23.0795113,270.9,handover
4598.176,T014,U05,318686.201,2545556.139,109.2308517,23.0085095,173.806,return
4598.392,T011,U07,319528.976,2553224.697,109.2381714,23.0778414,282.049,return
4598.883,T017,U06,321607.166,2552367.559,109.2585519,23.0703271,219.5,handover
4599.208,T026,U01,318686.201,2545556.139,109.2308517,23.0085095,217.7,ascent
4599.582,T021,U03,319019.321,2545638.693,109.2340912,23.0092912,435.637,return
4599.723,T023,U04,318608.601,2547627.229,109.2298507,23.0272011,326.411,return
4600.387,T012,U08,318686.201,2545556.139,109.2308517,23.0085095,315.2,ascent
4602.252,T025,U02,316926.352,2553441.253,109.2127472,23.0795113,270.9,handover
4603.176,T014,U05,318686.201,2545556.139,109.2308517,23.0085095,161.306,return
4603.392,T011,U07,319528.976,2553224.697,109.2381714,23.0778414,294.549,return
4603.883,T017,U06,321607.166,2552367.559,109.2585519,23.0703271,219.5,handover
4604.208,T026,U01,318686.201,2545556.139,109.2308517,23.0085095,232.7,ascent
4604.582,T021,U03,318961.083,2545624.261,109.2335248,23.0091545,435.637,return
4604.723,T023,U04,318610.848,2547567.271,109.2298797,23.02666,326.411,return
4605.387,T012,U08,318686.201,2545556.139,109.2308517,23.0085095,327.7,ascent
4607.252,T025,U02,316926.352,2553441.253,109.2127472,23.0795113,270.9,handover
4608.176,T014,U05,318686.201,2545556.139,109.2308517,23.0085095,148.806,return
4608.392,T011,U07,319528.976,2553224.697,109.2381714,23.0778414,307.049,return
4608.883,T017,U06,321607.166,2552367.559,109.2585519,23.0703271,219.5,handover
4609.208,T026,U01,318686.201,2545556.139,109.2308517,23.0085095,247.7,ascent
4609.582,T021,U03,318902.845,2545609.828,109.2329585,23.0090179,435.637,return
4609.723,T023,U04,318613.094,2547507.313,109.2299087,23.0261189,326.411,return
4610.387,T012,U08,318686.201,2545556.139,109.2308517,23.0085095,340.2,ascent
4612.252,T025,U02,316926.352,2553441.253,109.2127472,23.0795113,270.9,handover
4613.176,T014,U05,318686.201,2545556.139,109.2308517,23.0085095,136.306,return
4613.392,T011,U07,319528.976,2553224.697,109.2381714,23.0778414,319.549,return
4613.883,T017,U06,321607.166,2552367.559,109.2585519,23.0703271,219.5,handover
4614.208,T026,U01,318686.201,2545556.139,109.2308517,23.0085095,262.7,ascent
4614.582,T021,U03,318844.607,2545595.395,109.2323921,23.0088812,435.637,return
4614.723,T023,U04,318615.341,2547447.355,109.2299376,23.0255777,326.411,return
4615.387,T012,U08,318686.201,2545556.139,109.2308517,23.0085095,352.7,ascent
4617.252,T025,U02,316926.352,2553441.253,109.2127472,23.0795113,270.9,handover
4618.392,T011,U07,319528.976,2553224.697,109.2381714,23.0778414,332.049,return
4618.883,T017,U06,321607.166,2552367.559,109.2585519,23.0703271,219.5,handover
4619.208,T026,U01,318686.201,2545556.139,109.2308517,23.0085095,277.7,ascent
4619.582,T021,U03,318786.368,2545580.963,109.2318258,23.0087445,435.637,return
4619.723,T023,U04,318617.587,2547387.397,109.2299666,23.0250366,326.411,return
4620.387,T012,U08,318686.201,2545556.139,109.2308517,23.0085095,365.2,ascent
4622.252,T025,U02,316926.352,2553441.253,109.2127472,23.0795113,270.9,handover
4623.392,T011,U07,319528.976,2553224.697,109.2381714,23.0778414,344.549,return
4623.883,T017,U06,321607.166,2552367.559,109.2585519,23.0703271,219.5,handover
4624.208,T026,U01,318686.201,2545556.139,109.2308517,23.0085095,292.7,ascent
4624.582,T021,U03,318728.13,2545566.53,109.2312594,23.0086079,435.637,return
4624.723,T023,U04,318619.834,2547327.439,109.2299956,23.0244955,326.411,return
4625.387,T012,U08,318686.201,2545556.139,109.2308517,23.0085095,377.7,ascent
4627.252,T025,U02,316926.352,2553441.253,109.2127472,23.0795113,270.9,handover
4628.392,T011,U07,319528.976,2553224.697,109.2381714,23.0778414,357.049,return
4628.883,T017,U06,321607.166,2552367.559,109.2585519,23.0703271,233.639,return
4629.208,T026,U01,318686.201,2545556.139,109.2308517,23.0085095,307.7,ascent
4629.582,T021,U03,318686.201,2545556.139,109.2308517,23.0085095,432.136,return
4629.723,T023,U04,318622.08,2547267.481,109.2300246,23.0239544,326.411,return
4630.387,T012,U08,318686.201,2545556.139,109.2308517,23.0085095,390.2,ascent
4632.252,T025,U02,316926.352,2553441.253,109.2127472,23.0795113,270.9,handover
4633.392,T011,U07,319528.976,2553224.697,109.2381714,23.0778414,369.549,return
4633.883,T017,U06,321607.166,2552367.559,109.2585519,23.0703271,248.639,return
4634.208,T026,U01,318686.201,2545556.139,109.2308517,23.0085095,322.7,ascent
4634.582,T021,U03,318686.201,2545556.139,109.2308517,23.0085095,419.636,return
4634.723,T023,U04,318624.327,2547207.523,109.2300536,23.0234133,326.411,return
4635.387,T012,U08,318686.201,2545556.139,109.2308517,23.0085095,402.7,ascent
4637.252,T025,U02,316926.352,2553441.253,109.2127472,23.0795113,270.9,handover
4638.392,T011,U07,319528.976,2553224.697,109.2381714,23.0778414,382.049,return
4638.883,T017,U06,321607.166,2552367.559,109.2585519,23.0703271,263.639,return
4639.208,T026,U01,318686.201,2545556.139,109.2308517,23.0085095,337.7,ascent
4639.582,T021,U03,318686.201,2545556.139,109.2308517,23.0085095,407.136,return
4639.723,T023,U04,318626.573,2547147.565,109.2300826,23.0228721,326.411,return
4640.387,T012,U08,318686.201,2545556.139,109.2308517,23.0085095,415.2,ascent
4642.252,T025,U02,316926.352,2553441.253,109.2127472,23.0795113,270.9,handover
4643.392,T011,U07,319528.976,2553224.697,109.2381714,23.0778414,394.549,return
4643.883,T017,U06,321607.166,2552367.559,109.2585519,23.0703271,278.639,return
4644.208,T026,U01,318686.201,2545556.139,109.2308517,23.0085095,352.7,ascent
4644.582,T021,U03,318686.201,2545556.139,109.2308517,23.0085095,394.636,return
4644.723,T023,U04,318628.82,2547087.607,109.2301115,23.022331,326.411,return
4645.387,T012,U08,318686.201,2545556.139,109.2308517,23.0085095,427.7,ascent
4647.252,T025,U02,316926.352,2553441.253,109.2127472,23.0795113,270.9,handover
4648.392,T011,U07,319523.202,2553172.156,109.2381212,23.0773664,398.239,return
4648.883,T017,U06,321607.166,2552367.559,109.2585519,23.0703271,293.639,return
4649.208,T026,U01,318686.201,2545556.139,109.2308517,23.0085095,367.7,ascent
4649.582,T021,U03,318686.201,2545556.139,109.2308517,23.0085095,382.136,return
4649.723,T023,U04,318631.066,2547027.65,109.2301405,23.0217899,326.411,return
4650.387,T012,U08,318686.201,2545556.139,109.2308517,23.0085095,440.2,ascent
4652.252,T025,U02,316926.352,2553441.253,109.2127472,23.0795113,270.9,handover
4653.392,T011,U07,319515.009,2553097.605,109.23805,23.0766924,398.239,return
4653.883,T017,U06,321607.166,2552367.559,109.2585519,23.0703271,308.639,return
4654.208,T026,U01,318686.201,2545556.139,109.2308517,23.0085095,382.7,ascent
4654.582,T021,U03,318686.201,2545556.139,109.2308517,23.0085095,369.636,return
4654.723,T023,U04,318633.313,2546967.692,109.2301695,23.0212488,326.411,return
4655.387,T012,U08,318686.201,2545556.139,109.2308517,23.0085095,452.7,ascent
4657.252,T025,U02,316926.352,2553441.253,109.2127472,23.0795113,270.9,handover
4658.392,T011,U07,319506.815,2553023.054,109.2379789,23.0760183,398.239,return
4658.883,T017,U06,321578.228,2552300.078,109.2582774,23.0697147,308.954,return
4659.208,T026,U01,318686.201,2545556.139,109.2308517,23.0085095,397.7,ascent
4659.582,T021,U03,318686.201,2545556.139,109.2308517,23.0085095,357.136,return
4659.723,T023,U04,318635.559,2546907.734,109.2301985,23.0207077,326.411,return
4660.387,T012,U08,318686.201,2545556.139,109.2308517,23.0085095,465.2,ascent
4662.252,T025,U02,316926.352,2553441.253,109.2127472,23.0795113,270.9,handover
4663.392,T011,U07,319498.622,2552948.503,109.2379077,23.0753443,398.239,return
4663.883,T017,U06,321548.669,2552231.149,109.2579969,23.0690891,308.954,return
4664.208,T026,U01,318686.201,2545556.139,109.2308517,23.0085095,412.7,ascent
4664.582,T021,U03,318686.201,2545556.139,109.2308517,23.0085095,344.636,return
4664.723,T023,U04,318637.806,2546847.776,109.2302275,23.0201665,326.411,return
4665.387,T012,U08,318686.201,2545556.139,109.2308517,23.0085095,477.7,ascent
4667.252,T025,U02,316926.352,2553441.253,109.2127472,23.0795113,270.9,handover
4668.392,T011,U07,319490.429,2552873.952,109.2378365,23.0746703,398.239,return
4668.883,T017,U06,321519.11,2552162.22,109.2577165,23.0684636,308.954,return
4669.208,T026,U01,318686.201,2545556.139,109.2308517,23.0085095,427.7,ascent
4669.582,T021,U03,318686.201,2545556.139,109.2308517,23.0085095,332.136,return
4669.723,T023,U04,318640.052,2546787.818,109.2302565,23.0196254,326.411,return
4670.387,T012,U08,318686.201,2545556.139,109.2308517,23.0085095,490.2,ascent
4672.252,T025,U02,316926.352,2553441.253,109.2127472,23.0795113,270.9,handover
4673.392,T011,U07,319482.236,2552799.401,109.2377653,23.0739963,398.239,return
4673.883,T017,U06,321489.551,2552093.29,109.2574361,23.067838,308.954,return
4674.208,T026,U01,318686.201,2545556.139,109.2308517,23.0085095,442.7,ascent
4674.582,T021,U03,318686.201,2545556.139,109.2308517,23.0085095,319.636,return
4674.723,T023,U04,318642.299,2546727.86,109.2302854,23.0190843,326.411,return
4675.387,T012,U08,318686.201,2545556.139,109.2308517,23.0085095,502.7,ascent
4677.252,T025,U02,316926.352,2553441.253,109.2127472,23.0795113,270.9,handover
4678.392,T011,U07,319474.043,2552724.85,109.2376941,23.0733223,398.239,return
4678.883,T017,U06,321459.991,2552024.361,109.2571556,23.0672125,308.954,return
4679.208,T026,U01,318686.201,2545556.139,109.2308517,23.0085095,457.7,ascent
4679.582,T021,U03,318686.201,2545556.139,109.2308517,23.0085095,307.136,return
4679.723,T023,U04,318644.545,2546667.902,109.2303144,23.0185432,326.411,return
4680.387,T012,U08,318686.201,2545556.139,109.2308517,23.0085095,515.2,ascent
4682.252,T025,U02,316926.352,2553441.253,109.2127472,23.0795113,270.9,handover
4683.392,T011,U07,319465.85,2552650.298,109.237623,23.0726482,398.239,return
4683.883,T017,U06,321430.432,2551955.432,109.2568752,23.0665869,308.954,return
4684.208,T026,U01,318686.201,2545556.139,109.2308517,23.0085095,472.7,ascent
4684.582,T021,U03,318686.201,2545556.139,109.2308517,23.0085095,294.636,return
4684.723,T023,U04,318646.792,2546607.944,109.2303434,23.0180021,326.411,return
4685.387,T012,U08,318686.201,2545556.139,109.2308517,23.0085095,527.7,ascent
4687.252,T025,U02,316926.352,2553441.253,109.2127472,23.0795113,270.9,handover
4688.392,T011,U07,319457.656,2552575.747,109.2375518,23.0719742,398.239,return
4688.883,T017,U06,321400.873,2551886.502,109.2565948,23.0659614,308.954,return
4689.208,T026,U01,318686.201,2545556.139,109.2308517,23.0085095,487.7,ascent
4689.582,T021,U03,318686.201,2545556.139,109.2308517,23.0085095,282.136,return
4689.723,T023,U04,318649.038,2546547.986,109.2303724,23.0174609,326.411,return
4690.387,T012,U08,318686.201,2545556.139,109.2308517,23.0085095,540.2,ascent
4692.252,T025,U02,316926.352,2553441.253,109.2127472,23.0795113,270.9,handover
4693.392,T011,U07,319449.463,2552501.196,109.2374806,23.0713002,398.239,return
4693.883,T017,U06,321371.314,2551817.573,109.2563144,23.0653358,308.954,return
4694.208,T026,U01,318686.201,2545556.139,109.2308517,23.0085095,502.7,ascent
4694.582,T021,U03,318686.201,2545556.139,109.2308517,23.0085095,269.636,return
4694.723,T023,U04,318651.285,2546488.028,109.2304014,23.0169198,326.411,return
4695.387,T012,U08,318686.201,2545556.139,109.2308517,23.0085095,552.7,ascent
4697.252,T025,U02,316926.352,2553441.253,109.2127472,23.0795113,270.9,handover
4698.392,T011,U07,319441.27,2552426.645,109.2374094,23.0706262,398.239,return
4698.883,T017,U06,321341.755,2551748.644,109.256034,23.0647102,308.954,return
4699.208,T026,U01,318686.201,2545556.139,109.2308517,23.0085095,517.7,ascent
4699.582,T021,U03,318686.201,2545556.139,109.2308517,23.0085095,257.136,return
4699.723,T023,U04,318653.531,2546428.07,109.2304303,23.0163787,326.411,return
4700.387,T012,U08,318668.497,2545566.225,109.2306778,23.0085986,561.804,cruise
4702.252,T025,U02,316926.352,2553441.253,109.2127472,23.0795113,270.9,handover
4703.392,T011,U07,319433.077,2552352.094,109.2373382,23.0699522,398.239,return
4703.883,T017,U06,321312.195,2551679.714,109.2557535,23.0640847,308.954,return
4704.208,T026,U01,318686.201,2545556.139,109.2308517,23.0085095,532.7,ascent
4704.582,T021,U03,318686.201,2545556.139,109.2308517,23.0085095,244.636,return
4704.723,T023,U04,318655.778,2546368.112,109.2304593,23.0158376,326.411,return
4705.387,T012,U08,318603.331,2545603.35,109.2300378,23.0089267,561.804,cruise
4707.252,T025,U02,316926.352,2553441.253,109.2127472,23.0795113,270.9,handover
4708.392,T011,U07,319424.884,2552277.543,109.2372671,23.0692781,398.239,return
4708.883,T017,U06,321282.636,2551610.785,109.2554731,23.0634591,308.954,return
4709.208,T026,U01,318686.201,2545556.139,109.2308517,23.0085095,547.7,ascent
4709.582,T021,U03,318686.201,2545556.139,109.2308517,23.0085095,232.136,return
4709.723,T023,U04,318658.025,2546308.154,109.2304883,23.0152965,326.411,return
4710.387,T012,U08,318538.164,2545640.476,109.2293978,23.0092548,561.804,cruise
4712.252,T025,U02,316926.352,2553441.253,109.2127472,23.0795113,270.9,handover
4713.392,T011,U07,319416.691,2552202.992,109.2371959,23.0686041,398.239,return
4713.883,T017,U06,321253.077,2551541.856,109.2551927,23.0628336,308.954,return
4714.208,T026,U01,318686.201,2545556.139,109.2308517,23.0085095,562.7,ascent
4714.582,T021,U03,318686.201,2545556.139,109.2308517,23.0085095,219.636,return
4714.723,T023,U04,318660.271,2546248.196,109.2305173,23.0147553,326.411,return
4715.387,T012,U08,318472.997,2545677.601,109.2287578,23.0095829,561.804,cruise
4717.252,T025,U02,316926.352,2553441.253,109.2127472,23.0795113,270.9,handover
4718.392,T011,U07,319408.497,2552128.441,109.2371247,23.0679301,398.239,return
4718.883,T017,U06,321223.518,2551472.926,109.2549123,23.062208,308.954,return
4719.208,T026,U01,318670.931,2545574.137,109.2307006,23.0086703,571.799,cruise
4719.582,T021,U03,318686.201,2545556.139,109.2308517,23.0085095,207.136,return
4719.723,T023,U04,318662.518,2546188.239,109.2305462,23.0142142,326.411,return
4720.387,T012,U08,318407.83,2545714.726,109.2281178,23.009911,561.804,cruise
4722.252,T025,U02,316926.352,2553441.253,109.2127472,23.0795113,270.9,handover
4723.392,T011,U07,319400.304,2552053.889,109.2370535,23.0672561,398.239,return
4723.883,T017,U06,321193.959,2551403.997,109.2546319,23.0615824,308.954,return
4724.208,T026,U01,318632.113,2545619.888,109.2303166,23.0090792,571.799,cruise
4724.582,T021,U03,318686.201,2545556.139,109.2308517,23.0085095,194.636,return
4724.723,T023,U04,318664.764,2546128.281,109.2305752,23.0136731,326.411,return
4725.387,T012,U08,318342.663,2545751.851,109.2274778,23.0102391,561.804,cruise
4727.252,T025,U02,316926.352,2553441.253,109.2127472,23.0795113,270.9,handover
4728.392,T011,U07,319392.111,2551979.338,109.2369824,23.0665821,398.239,return
4728.883,T017,U06,321164.399,2551335.068,109.2543515,23.0609569,308.954,return
4729.208,T026,U01,318593.296,2545665.64,109.2299326,23.0094881,571.799,cruise
4729.582,T021,U03,318686.201,2545556.139,109.2308517,23.0085095,182.136,return
4729.723,T023,U04,318667.011,2546068.323,109.2306042,23.013132,326.411,return
4730.387,T012,U08,318277.496,2545788.976,109.2268378,23.0105672,561.804,cruise
4732.252,T025,U02,316926.352,2553441.253,109.2127472,23.0795113,270.9,handover
4733.392,T011,U07,319383.918,2551904.787,109.2369112,23.065908,398.239,return
4733.883,T017,U06,321134.84,2551266.138,109.2540711,23.0603313,308.954,return
4734.208,T026,U01,318554.478,2545711.391,109.2295486,23.0098969,571.799,cruise
4734.582,T021,U03,318686.201,2545556.139,109.2308517,23.0085095,169.636,return
4734.723,T023,U04,318669.257,2546008.365,109.2306332,23.0125908,326.411,return
4735.387,T012,U08,318212.33,2545826.102,109.2261978,23.0108953,561.804,cruise
4737.252,T025,U02,316926.352,2553441.253,109.2127472,23.0795113,270.9,handover
4738.392,T011,U07,319375.725,2551830.236,109.23684,23.065234,398.239,return
4738.883,T017,U06,321105.281,2551197.209,109.2537907,23.0597058,308.954,return
4739.208,T026,U01,318515.66,2545757.143,109.2291646,23.0103058,571.799,cruise
4739.582,T021,U03,318686.201,2545556.139,109.2308517,23.0085095,157.136,return
4739.723,T023,U04,318671.504,2545948.407,109.2306621,23.0120497,326.411,return
4740.387,T012,U08,318147.163,2545863.227,109.2255578,23.0112234,561.804,cruise
4742.252,T025,U02,316926.352,2553441.253,109.2127472,23.0795113,283.501,return
4743.392,T011,U07,319367.531,2551755.685,109.2367688,23.06456,398.239,return
4743.883,T017,U06,321075.722,2551128.28,109.2535103,23.0590802,308.954,return
4744.208,T026,U01,318476.843,2545802.894,109.2287806,23.0107146,571.799,cruise
4744.582,T021,U03,318686.201,2545556.139,109.2308517,23.0085095,144.636,return
4744.723,T023,U04,318673.75,2545888.449,109.2306911,23.0115086,326.411,return
4745.387,T012,U08,318081.996,2545900.352,109.2249177,23.0115515,561.804,cruise
4747.252,T025,U02,316926.352,2553441.253,109.2127472,23.0795113,298.501,return
4748.392,T011,U07,319359.338,2551681.134,109.2366977,23.063886,398.239,return
4748.883,T017,U06,321046.163,2551059.35,109.2532299,23.0584546,308.954,return
4749.208,T026,U01,318438.025,2545848.645,109.2283965,23.0111235,571.799,cruise
4749.582,T021,U03,318686.201,2545556.139,109.2308517,23.0085095,132.136,return
4749.723,T023,U04,318675.997,2545828.491,109.2307201,23.0109675,326.411,return
4750.387,T012,U08,318016.829,2545937.477,109.2242777,23.0118795,561.804,cruise
4752.252,T025,U02,316926.352,2553441.253,109.2127472,23.0795113,313.501,return
4753.392,T011,U07,319351.145,2551606.583,109.2366265,23.063212,398.239,return
4753.883,T017,U06,321016.603,2550990.421,109.2529495,23.0578291,308.954,return
4754.208,T026,U01,318399.207,2545894.397,109.2280125,23.0115323,571.799,cruise
4754.723,T023,U04,318678.243,2545768.533,109.2307491,23.0104264,326.411,return
4755.387,T012,U08,317951.662,2545974.602,109.2236377,23.0122076,561.804,cruise
4757.252,T025,U02,316926.352,2553441.253,109.2127472,23.0795113,328.501,return
4758.392,T011,U07,319342.952,2551532.031,109.2365553,23.0625379,398.239,return
4758.883,T017,U06,320987.044,2550921.492,109.2526692,23.0572035,308.954,return
4759.208,T026,U01,318360.389,2545940.148,109.2276285,23.0119412,571.799,cruise
4759.723,T023,U04,318680.49,2545708.575,109.230778,23.0098852,326.411,return
4760.387,T012,U08,317886.495,2546011.728,109.2229977,23.0125357,561.804,cruise
4762.252,T025,U02,316926.352,2553441.253,109.2127472,23.0795113,343.501,return
4763.392,T011,U07,319334.759,2551457.48,109.2364841,23.0618639,398.239,return
4763.883,T017,U06,320957.485,2550852.562,109.2523888,23.0565779,308.954,return
4764.208,T026,U01,318321.572,2545985.899,109.2272445,23.0123501,571.799,cruise
4764.723,T023,U04,318682.736,2545648.617,109.230807,23.0093441,326.411,return
4765.387,T012,U08,317821.328,2546048.853,109.2223576,23.0128637,561.804,cruise
4767.252,T025,U02,316926.352,2553441.253,109.2127472,23.0795113,358.501,return
4768.392,T011,U07,319326.566,2551382.929,109.236413,23.0611899,398.239,return
4768.883,T017,U06,320927.926,2550783.633,109.2521084,23.0559524,308.954,return
4769.208,T026,U01,318282.754,2546031.651,109.2268604,23.0127589,571.799,cruise
4769.723,T023,U04,318684.983,2545588.659,109.230836,23.008803,326.411,return
4770.387,T012,U08,317756.162,2546085.978,109.2217176,23.0131918,561.804,cruise
4772.252,T025,U02,316926.868,2553438.944,109.2127525,23.0794905,372.909,return
4773.392,T011,U07,319318.372,2551308.378,109.2363418,23.0605159,398.239,return
4773.883,T017,U06,320898.367,2550714.704,109.251828,23.0553268,308.954,return
4774.208,T026,U01,318243.936,2546077.402,109.2264764,23.0131678,571.799,cruise
4774.723,T023,U04,318686.201,2545556.139,109.2308517,23.0085095,320.691,return
4775.387,T012,U08,317690.995,2546123.103,109.2210776,23.0135199,561.804,cruise
4777.252,T025,U02,316939.937,2553380.385,109.212887,23.0789632,372.909,return
4778.392,T011,U07,319310.179,2551233.827,109.2362706,23.0598419,398.239,return
4778.883,T017,U06,320868.807,2550645.774,109.2515476,23.0547013,308.954,return
4779.208,T026,U01,318205.119,2546123.153,109.2260924,23.0135766,571.799,cruise
4779.723,T023,U04,318686.201,2545556.139,109.2308517,23.0085095,308.191,return
4780.387,T012,U08,317625.828,2546160.228,109.2204375,23.0138479,561.804,cruise
4782.252,T025,U02,316953.007,2553321.826,109.2130216,23.0784359,372.909,return
4783.392,T011,U07,319301.986,2551159.276,109.2361995,23.0591678,398.239,return
4783.883,T017,U06,320839.248,2550576.845,109.2512673,23.0540757,308.954,return
4784.208,T026,U01,318166.301,2546168.905,109.2257083,23.0139855,571.799,cruise
4784.723,T023,U04,318686.201,2545556.139,109.2308517,23.0085095,295.691,return
4785.387,T012,U08,317560.661,2546197.354,109.2197975,23.014176,561.804,cruise
4787.252,T025,U02,316966.076,2553263.267,109.2131561,23.0779087,372.909,return
4788.392,T011,U07,319293.793,2551084.725,109.2361283,23.0584938,398.239,return
4788.883,T017,U06,320809.689,2550507.916,109.2509869,23.0534501,308.954,return
4789.208,T026,U01,318127.483,2546214.656,109.2253243,23.0143943,571.799,cruise
4789.723,T023,U04,318686.201,2545556.139,109.2308517,23.0085095,283.191,return
4790.387,T012,U08,317495.494,2546234.479,109.2191574,23.014504,561.804,cruise
4792.252,T025,U02,316979.146,2553204.707,109.2132906,23.0773814,372.909,return
4793.392,T011,U07,319285.6,2551010.173,109.2360571,23.0578198,398.239,return
4793.883,T017,U06,320780.13,2550438.986,109.2507065,23.0528246,308.954,return
4794.208,T026,U01,318088.666,2546260.407,109.2249403,23.0148031,571.799,cruise
4794.723,T023,U04,318686.201,2545556.139,109.2308517,23.0085095,270.691,return
4795.387,T012,U08,317430.327,2546271.604,109.2185174,23.0148321,561.804,cruise
4797.252,T025,U02,316992.216,2553146.148,109.2134252,23.0768541,372.909,return
4798.392,T011,U07,319277.407,2550935.622,109.2359859,23.0571458,398.239,return
4798.883,T017,U06,320750.57,2550370.057,109.2504262,23.052199,308.954,return
4799.208,T026,U01,318049.848,2546306.159,109.2245562,23.015212,571.799,cruise
4799.723,T023,U04,318686.201,2545556.139,109.2308517,23.0085095,258.191,return
4800.387,T012,U08,317365.16,2546308.729,109.2178773,23.0151601,561.804,cruise
4802.252,T025,U02,317005.285,2553087.589,109.2135597,23.0763268,372.909,return
4803.392,T011,U07,319269.213,2550861.071,109.2359148,23.0564718,398.239,return
4803.883,T017,U06,320721.011,2550301.128,109.2501458,23.0515734,308.954,return
4804.208,T026,U01,318011.03,2546351.91,109.2241722,23.0156208,571.799,cruise
4804.723,T023,U04,318686.201,2545556.139,109.2308517,23.0085095,245.691,return
4805.387,T012,U08,317299.994,2546345.855,109.2172373,23.0154882,561.804,cruise
4807.252,T025,U02,317018.355,2553029.03,109.2136942,23.0757995,372.909,return
4808.392,T011,U07,319261.02,2550786.52,109.2358436,23.0557977,398.239,return
4808.883,T017,U06,320691.452,2550232.198,109.2498654,23.0509479,308.954,return
4809.208,T026,U01,317972.212,2546397.661,109.2237881,23.0160297,571.799,cruise
4809.723,T023,U04,318686.201,2545556.139,109.2308517,23.0085095,233.191,return
4810.387,T012,U08,317234.827,2546382.98,109.2165972,23.0158162,561.804,cruise
4812.252,T025,U02,317031.424,2552970.47,109.2138287,23.0752722,372.909,return
4813.392,T011,U07,319252.827,2550711.969,109.2357724,23.0551237,398.239,return
4813.883,T017,U06,320661.893,2550163.269,109.2495851,23.0503223,308.954,return
4814.208,T026,U01,317933.395,2546443.413,109.2234041,23.0164385,571.799,cruise
4814.723,T023,U04,318686.201,2545556.139,109.2308517,23.0085095,220.691,return
4815.387,T012,U08,317169.66,2546420.105,109.2159571,23.0161443,561.804,cruise
4817.252,T025,U02,317044.494,2552911.911,109.2139633,23.0747449,372.909,return
4818.392,T011,U07,319244.634,2550637.418,109.2357013,23.0544497,398.239,return
4818.883,T017,U06,320632.334,2550094.34,109.2493047,23.0496967,308.954,return
4819.208,T026,U01,317894.577,2546489.164,109.22302,23.0168474,571.799,cruise
4819.723,T023,U04,318686.201,2545556.139,109.2308517,23.0085095,208.191,return
4820.387,T012,U08,317104.493,2546457.23,109.2153171,23.0164723,561.804,cruise
4822.252,T025,U02,317057.564,2552853.352,109.2140978,23.0742177,372.909,return
4823.392,T011,U07,319236.441,2550562.867,109.2356301,23.0537757,398.239,return
4823.883,T017,U06,320602.774,2550025.41,109.2490243,23.0490712,308.954,return
4824.208,T026,U01,317855.759,2546534.915,109.2226359,23.0172562,571.799,cruise
4824.723,T023,U04,318686.201,2545556.139,109.2308517,23.0085095,195.691,return
4825.387,T012,U08,317039.326,2546494.355,109.214677,23.0168003,561.804,cruise
4827.252,T025,U02,317070.633,2552794.793,109.2142323,23.0736904,372.909,return
4828.392,T011,U07,319228.248,2550488.316,109.2355589,23.0531017,398.239,return
4828.883,T017,U06,320573.215,2549956.481,109.248744,23.0484456,308.954,return
4829.208,T026,U01,317816.942,2546580.667,109.2222519,23.017665,571.799,cruise
4829.723,T023,U04,318686.201,2545556.139,109.2308517,23.0085095,183.191,return
4830.387,T012,U08,316974.159,2546531.481,109.2140369,23.0171284,561.804,cruise
4832.252,T025,U02,317083.703,2552736.233,109.2143668,23.0731631,372.909,return
4833.392,T011,U07,319220.054,2550413.764,109.2354878,23.0524276,398.239,return
4833.883,T017,U06,320543.656,2549887.552,109.2484636,23.04782,308.954,return
4834.208,T026,U01,317778.124,2546626.418,109.2218678,23.0180739,571.799,cruise
4834.723,T023,U04,318686.201,2545556.139,109.2308517,23.0085095,170.691,return
4835.387,T012,U08,316908.992,2546568.606,109.2133968,23.0174564,561.804,cruise
4837.252,T025,U02,317096.773,2552677.674,109.2145013,23.0726358,372.909,return
4838.392,T011,U07,319211.861,2550339.213,109.2354166,23.0517536,398.239,return
4838.883,T017,U06,320514.097,2549818.622,109.2481833,23.0471945,308.954,return
4839.208,T026,U01,317739.306,2546672.17,109.2214838,23.0184827,571.799,cruise
4839.723,T023,U04,318686.201,2545556.139,109.2308517,23.0085095,158.191,return
4840.387,T012,U08,316843.826,2546605.731,109.2127568,23.0177844,561.804,cruise
4842.252,T025,U02,317109.842,2552619.115,109.2146359,23.0721085,372.909,return
4843.392,T011,U07,319203.668,2550264.662,109.2353454,23.0510796,398.239,return
4843.883,T017,U06,320484.538,2549749.693,109.247903,23.0465689,308.954,return
4844.208,T026,U01,317700.489,2546717.921,109.2210997,23.0188916,571.799,cruise
4844.723,T023,U04,318686.201,2545556.139,109.2308517,23.0085095,145.691,return
4845.387,T012,U08,316778.659,2546642.856,109.2121167,23.0181125,561.804,cruise
4847.252,T025,U02,317122.912,2552560.556,109.2147704,23.0715812,372.909,return
4848.392,T011,U07,319195.475,2550190.111,109.2352743,23.0504056,398.239,return
4848.883,T017,U06,320454.978,2549680.764,109.2476226,23.0459433,308.954,return
4849.208,T026,U01,317661.671,2546763.672,109.2207156,23.0193004,571.799,cruise
4849.723,T023,U04,318686.201,2545556.139,109.2308517,23.0085095,133.191,return
4850.387,T012,U08,316713.492,2546679.981,109.2114766,23.0184405,561.804,cruise
4852.252,T025,U02,317135.981,2552501.996,109.2149049,23.0710539,372.909,return
4853.392,T011,U07,319187.282,2550115.56,109.2352031,23.0497316,398.239,return
4853.883,T017,U06,320425.419,2549611.834,109.2473423,23.0453177,308.954,return
4854.208,T026,U01,317622.853,2546809.424,109.2203316,23.0197092,571.799,cruise
4855.387,T012,U08,316648.325,2546717.107,109.2108365,23.0187685,561.804,cruise
4857.252,T025,U02,317149.051,2552443.437,109.2150394,23.0705266,372.909,return
4858.392,T011,U07,319179.089,2550041.009,109.2351319,23.0490575,398.239,return
4858.883,T017,U06,320395.86,2549542.905,109.2470619,23.0446922,308.954,return
4859.208,T026,U01,317584.035,2546855.175,109.2199475,23.020118,571.799,cruise
4860.387,T012,U08,316583.158,2546754.232,109.2101964,23.0190965,561.804,cruise
4862.252,T025,U02,317162.121,2552384.878,109.2151739,23.0699994,372.909,return
4863.392,T011,U07,319170.895,2549966.458,109.2350608,23.0483835,398.239,return
4863.883,T017,U06,320366.301,2549473.976,109.2467816,23.0440666,308.954,return
4864.208,T026,U01,317545.218,2546900.926,109.2195634,23.0205269,571.799,cruise
4865.387,T012,U08,316517.991,2546791.357,109.2095563,23.0194245,561.804,cruise
4867.252,T025,U02,317175.19,2552326.319,109.2153084,23.0694721,372.909,return
4868.392,T011,U07,319162.702,2549891.906,109.2349896,23.0477095,398.239,return
4868.883,T017,U06,320336.742,2549405.046,109.2465013,23.043441,308.954,return
4869.208,T026,U01,317506.4,2546946.678,109.2191793,23.0209357,571.799,cruise
4870.387,T012,U08,316452.825,2546828.482,109.2089162,23.0197525,561.804,cruise
4872.252,T025,U02,317188.26,2552267.759,109.2154429,23.0689448,372.909,return
4873.392,T011,U07,319154.509,2549817.355,109.2349185,23.0470355,398.239,return
4873.883,T017,U06,320307.182,2549336.117,109.2462209,23.0428155,308.954,return
4874.208,T026,U01,317467.582,2546992.429,109.2187953,23.0213445,571.799,cruise
4875.387,T012,U08,316387.658,2546865.608,109.2082761,23.0200805,561.804,cruise
4877.252,T025,U02,317201.329,2552209.2,109.2155775,23.0684175,372.909,return
4878.392,T011,U07,319146.316,2549742.804,109.2348473,23.0463614,398.239,return
4878.883,T017,U06,320277.623,2549267.188,109.2459406,23.0421899,308.954,return
4879.208,T026,U01,317428.765,2547038.18,109.2184112,23.0217534,571.799,cruise
4880.387,T012,U08,316322.491,2546902.733,109.207636,23.0204085,561.804,cruise
4882.252,T025,U02,317214.399,2552150.641,109.215712,23.0678902,372.909,return
4883.392,T011,U07,319138.123,2549668.253,109.2347761,23.0456874,398.239,return
4883.883,T017,U06,320248.064,2549198.258,109.2456603,23.0415643,308.954,return
4884.208,T026,U01,317389.947,2547083.932,109.2180271,23.0221622,571.799,cruise
4885.387,T012,U08,316257.324,2546939.858,109.2069959,23.0207365,561.804,cruise
4887.252,T025,U02,317227.469,2552092.082,109.2158465,23.0673629,372.909,return
4888.392,T011,U07,319129.929,2549593.702,109.234705,23.0450134,398.239,return
4888.883,T017,U06,320218.505,2549129.329,109.2453799,23.0409387,308.954,return
4889.208,T026,U01,317351.129,2547129.683,109.217643,23.022571,571.799,cruise
4890.387,T012,U08,316192.157,2546976.983,109.2063558,23.0210645,561.804,cruise
4892.252,T025,U02,317240.538,2552033.522,109.215981,23.0668356,372.909,return
4893.392,T011,U07,319121.736,2549519.151,109.2346338,23.0443394,398.239,return
4893.883,T017,U06,320188.946,2549060.4,109.2450996,23.0403132,308.954,return
4894.208,T026,U01,317312.312,2547175.434,109.2172589,23.0229798,571.799,cruise
4895.387,T012,U08,316126.99,2547014.108,109.2057157,23.0213925,561.804,cruise
4897.252,T025,U02,317253.608,2551974.963,109.2161155,23.0663083,372.909,return
4898.392,T011,U07,319113.543,2549444.6,109.2345626,23.0436654,398.239,return
4898.883,T017,U06,320159.386,2548991.47,109.2448193,23.0396876,308.954,return
4899.208,T026,U01,317273.494,2547221.186,109.2168748,23.0233887,571.799,cruise
4900.387,T012,U08,316061.823,2547051.234,109.2050756,23.0217205,561.804,cruise
4902.252,T025,U02,317266.678,2551916.404,109.21625,23.065781,372.909,return
4903.392,T011,U07,319105.35,2549370.048,109.2344915,23.0429913,398.239,return
4903.883,T017,U06,320129.827,2548922.541,109.244539,23.039062,308.954,return
4904.208,T026,U01,317234.676,2547266.937,109.2164907,23.0237975,571.799,cruise
4905.387,T012,U08,315996.657,2547088.359,109.2044355,23.0220485,561.804,cruise
4907.252,T025,U02,317279.747,2551857.845,109.2163845,23.0652537,372.909,return
4908.392,T011,U07,319097.157,2549295.497,109.2344203,23.0423173,398.239,return
4908.883,T017,U06,320100.268,2548853.612,109.2442587,23.0384364,308.954,return
4909.208,T026,U01,317195.858,2547312.688,109.2161066,23.0242063,571.799,cruise
4910.387,T012,U08,315931.49,2547125.484,109.2037954,23.0223765,561.804,cruise
4912.252,T025,U02,317292.817,2551799.285,109.216519,23.0647265,372.909,return
4913.392,T011,U07,319088.964,2549220.946,109.2343492,23.0416433,398.239,return
4913.883,T017,U06,320070.709,2548784.682,109.2439784,23.0378109,308.954,return
4914.208,T026,U01,317157.041,2547358.44,109.2157225,23.0246151,571.799,cruise
4915.387,T012,U08,315866.323,2547162.609,109.2031552,23.0227045,561.804,cruise
4917.252,T025,U02,317305.886,2551740.726,109.2166535,23.0641992,372.909,return
4918.392,T011,U07,319080.77,2549146.395,109.234278,23.0409693,398.239,return
4918.883,T017,U06,320041.149,2548715.753,109.2436981,23.0371853,308.954,return
4919.208,T026,U01,317118.223,2547404.191,109.2153384,23.0250239,571.799,cruise
4920.387,T012,U08,315801.156,2547199.734,109.2025151,23.0230325,561.804,cruise
4922.252,T025,U02,317318.956,2551682.167,109.216788,23.0636719,372.909,return
4923.392,T011,U07,319072.577,2549071.844,109.2342069,23.0402953,398.239,return
4923.883,T017,U06,320011.59,2548646.824,109.2434177,23.0365597,308.954,return
4924.208,T026,U01,317079.405,2547449.942,109.2149543,23.0254328,571.799,cruise
4925.387,T012,U08,315735.989,2547236.86,109.201875,23.0233604,561.804,cruise
4927.252,T025,U02,317332.026,2551623.608,109.2169225,23.0631446,372.909,return
4928.392,T011,U07,319064.384,2548997.293,109.2341357,23.0396212,398.239,return
4928.883,T017,U06,319982.031,2548577.894,109.2431374,23.0359341,308.954,return
4929.208,T026,U01,317040.588,2547495.694,109.2145702,23.0258416,571.799,cruise
4930.387,T012,U08,315670.822,2547273.985,109.2012349,23.0236884,561.804,cruise
4932.252,T025,U02,317345.095,2551565.049,109.217057,23.0626173,372.909,return
4933.392,T011,U07,319056.191,2548922.742,109.2340645,23.0389472,398.239,return
4933.883,T017,U06,319952.472,2548508.965,109.2428571,23.0353086,308.954,return
4934.208,T026,U01,317001.77,2547541.445,109.2141861,23.0262504,571.799,cruise
4935.387,T012,U08,315605.655,2547311.11,109.2005947,23.0240164,561.804,cruise
4937.252,T025,U02,317358.165,2551506.489,109.2171915,23.06209,372.909,return
4938.392,T011,U07,319047.998,2548848.191,109.2339934,23.0382732,398.239,return
4938.883,T017,U06,319922.913,2548440.036,109.2425768,23.034683,308.954,return
4939.208,T026,U01,316962.952,2547587.197,109.213802,23.0266592,571.799,cruise
4940.387,T012,U08,315540.489,2547348.235,109.1999546,23.0243444,561.804,cruise
4942.252,T025,U02,317371.235,2551447.93,109.217326,23.0615627,372.909,return
4943.392,T011,U07,319039.805,2548773.639,109.2339222,23.0375992,398.239,return
4943.883,T017,U06,319893.353,2548371.106,109.2422965,23.0340574,308.954,return
4944.208,T026,U01,316924.134,2547632.948,109.2134179,23.027068,571.799,cruise
4945.387,T012,U08,315475.322,2547385.361,109.1993144,23.0246723,561.804,cruise
4947.252,T025,U02,317384.304,2551389.371,109.2174605,23.0610354,372.909,return
4948.392,T011,U07,319031.611,2548699.088,109.2338511,23.0369251,398.239,return
4948.883,T017,U06,319863.794,2548302.177,109.2420163,23.0334318,308.954,return
4949.208,T026,U01,316885.317,2547678.699,109.2130338,23.0274768,571.799,cruise
4950.387,T012,U08,315410.155,2547422.486,109.1986743,23.0250003,561.804,cruise
4952.252,T025,U02,317397.374,2551330.812,109.217595,23.0605081,372.909,return
4953.392,T011,U07,319023.418,2548624.537,109.2337799,23.0362511,398.239,return
4953.883,T017,U06,319834.235,2548233.248,109.241736,23.0328063,308.954,return
4954.208,T026,U01,316846.499,2547724.451,109.2126497,23.0278856,571.799,cruise
4955.387,T012,U08,315344.988,2547459.611,109.1980341,23.0253283,561.804,cruise
4957.252,T025,U02,317410.443,2551272.252,109.2177295,23.0599808,372.909,return
4958.392,T011,U07,319015.225,2548549.986,109.2337088,23.0355771,398.239,return
4958.883,T017,U06,319804.676,2548164.318,109.2414557,23.0321807,308.954,return
4959.208,T026,U01,316807.681,2547770.202,109.2122655,23.0282945,571.799,cruise
4960.387,T012,U08,315279.821,2547496.736,109.197394,23.0256562,561.804,cruise
4962.252,T025,U02,317423.513,2551213.693,109.2178639,23.0594535,372.909,return
4963.392,T011,U07,319007.032,2548475.435,109.2336376,23.0349031,398.239,return
4963.883,T017,U06,319775.117,2548095.389,109.2411754,23.0315551,308.954,return
4964.208,T026,U01,316768.864,2547815.953,109.2118814,23.0287033,571.799,cruise
4965.387,T012,U08,315214.654,2547533.861,109.1967538,23.0259842,561.804,cruise
4967.252,T025,U02,317436.583,2551155.134,109.2179984,23.0589263,372.909,return
4968.392,T011,U07,318998.839,2548400.884,109.2335665,23.0342291,398.239,return
4968.883,T017,U06,319745.557,2548026.46,109.2408951,23.0309295,308.954,return
4969.208,T026,U01,316730.046,2547861.705,109.2114973,23.0291121,571.799,cruise
4970.387,T012,U08,315149.487,2547570.987,109.1961137,23.0263121,561.804,cruise
4972.252,T025,U02,317449.652,2551096.575,109.2181329,23.058399,372.909,return
4973.392,T011,U07,318990.646,2548326.333,109.2334953,23.033555,398.239,return
4973.883,T017,U06,319715.998,2547957.53,109.2406148,23.0303039,308.954,return
4974.208,T026,U01,316691.228,2547907.456,109.2111132,23.0295209,571.799,cruise
4975.387,T012,U08,315084.321,2547608.112,109.1954735,23.0266401,561.804,cruise
4976.618,T022,U05,318686.201,2545556.139,109.2308517,23.0085095,127.7,ascent
4977.252,T025,U02,317462.722,2551038.015,109.2182674,23.0578717,372.909,return
4978.392,T011,U07,318982.452,2548251.781,109.2334241,23.032881,398.239,return
4978.883,T017,U06,319686.439,2547888.601,109.2403345,23.0296784,308.954,return
4979.208,T026,U01,316652.411,2547953.207,109.210729,23.0299297,571.799,cruise
4980.387,T012,U08,315019.154,2547645.237,109.1948334,23.026968,561.804,cruise
4981.618,T022,U05,318686.201,2545556.139,109.2308517,23.0085095,142.7,ascent
4982.252,T025,U02,317475.791,2550979.456,109.2184019,23.0573444,372.909,return
4983.392,T011,U07,318974.259,2548177.23,109.233353,23.032207,398.239,return
4983.883,T017,U06,319656.88,2547819.672,109.2400543,23.0290528,308.954,return
4984.208,T026,U01,316613.593,2547998.959,109.2103449,23.0303385,571.799,cruise
4985.387,T012,U08,314953.987,2547682.362,109.1941932,23.027296,561.804,cruise
4986.618,T022,U05,318686.201,2545556.139,109.2308517,23.0085095,157.7,ascent
4987.252,T025,U02,317488.861,2550920.897,109.2185364,23.0568171,372.909,return
4988.392,T011,U07,318966.066,2548102.679,109.2332818,23.031533,398.239,return
4988.883,T017,U06,319627.321,2547750.742,109.239774,23.0284272,308.954,return
4989.208,T026,U01,316574.775,2548044.71,109.2099608,23.0307473,571.799,cruise
4990.387,T012,U08,314888.82,2547719.487,109.193553,23.0276239,561.804,cruise
4991.618,T022,U05,318686.201,2545556.139,109.2308517,23.0085095,172.7,ascent
4992.252,T025,U02,317501.931,2550862.338,109.2186709,23.0562898,372.909,return
4993.392,T011,U07,318957.873,2548028.128,109.2332107,23.030859,398.239,return
4993.883,T017,U06,319597.761,2547681.813,109.2394937,23.0278016,308.954,return
4994.208,T026,U01,316535.957,2548090.461,109.2095766,23.0311561,571.799,cruise
4995.387,T012,U08,314823.653,2547756.613,109.1929129,23.0279519,561.804,cruise
4996.618,T022,U05,318686.201,2545556.139,109.2308517,23.0085095,187.7,ascent
4997.252,T025,U02,317515.0,2550803.778,109.2188053,23.0557625,372.909,return
4998.392,T011,U07,318949.68,2547953.577,109.2331395,23.0301849,398.239,return
4998.883,T017,U06,319568.202,2547612.884,109.2392134,23.027176,308.954,return
4999.208,T026,U01,316497.14,2548136.213,109.2091925,23.0315649,571.799,cruise
5000.387,T012,U08,314758.486,2547793.738,109.1922727,23.0282798,561.804,cruise
5001.618,T022,U05,318686.201,2545556.139,109.2308517,23.0085095,202.7,ascent
5002.252,T025,U02,317528.07,2550745.219,109.2189398,23.0552352,372.909,return
5003.392,T011,U07,318941.487,2547879.026,109.2330684,23.0295109,398.239,return
5003.883,T017,U06,319538.643,2547543.954,109.2389332,23.0265505,308.954,return
5004.208,T026,U01,316458.322,2548181.964,109.2088084,23.0319737,571.799,cruise
5005.387,T012,U08,314693.32,2547830.863,109.1916325,23.0286077,561.804,cruise
5006.618,T022,U05,318686.201,2545556.139,109.2308517,23.0085095,217.7,ascent
5007.252,T025,U02,317541.14,2550686.66,109.2190743,23.0547079,372.909,return
5008.392,T011,U07,318933.293,2547804.475,109.2329972,23.0288369,398.239,return
5008.883,T017,U06,319509.084,2547475.025,109.2386529,23.0259249,308.954,return
5009.208,T026,U01,316419.504,2548227.715,109.2084242,23.0323825,571.799,cruise
5010.387,T012,U08,314628.153,2547867.988,109.1909923,23.0289357,561.804,cruise
5011.618,T022,U05,318686.201,2545556.139,109.2308517,23.0085095,232.7,ascent
5012.252,T025,U02,317554.209,2550628.101,109.2192088,23.0541806,372.909,return
5013.392,T011,U07,318925.1,2547729.923,109.2329261,23.0281629,398.239,return
5013.883,T017,U06,319479.525,2547406.096,109.2383726,23.0252993,308.954,return
5014.208,T026,U01,316380.687,2548273.467,109.2080401,23.0327913,571.799,cruise
5015.387,T012,U08,314562.986,2547905.114,109.1903522,23.0292636,561.804,cruise
5016.618,T022,U05,318686.201,2545556.139,109.2308517,23.0085095,247.7,ascent
5017.252,T025,U02,317567.279,2550569.541,109.2193432,23.0536533,372.909,return
5018.392,T011,U07,318916.907,2547655.372,109.2328549,23.0274888,398.239,return
5018.883,T017,U06,319449.965,2547337.166,109.2380924,23.0246737,308.954,return
5019.208,T026,U01,316341.869,2548319.218,109.2076559,23.0332001,571.799,cruise
5020.387,T012,U08,314497.819,2547942.239,109.189712,23.0295915,561.804,cruise
5021.618,T022,U05,318686.201,2545556.139,109.2308517,23.0085095,262.7,ascent
5022.252,T025,U02,317580.348,2550510.982,109.2194777,23.053126,372.909,return
5023.392,T011,U07,318908.714,2547580.821,109.2327838,23.0268148,398.239,return
5023.883,T017,U06,319420.406,2547268.237,109.2378121,23.0240481,308.954,return
5024.208,T026,U01,316303.051,2548364.969,109.2072718,23.0336089,571.799,cruise
5025.387,T012,U08,314432.652,2547979.364,109.1890718,23.0299194,561.804,cruise
5026.618,T022,U05,318686.201,2545556.139,109.2308517,23.0085095,277.7,ascent
5027.252,T025,U02,317593.418,2550452.423,109.2196122,23.0525987,372.909,return
5028.392,T011,U07,318900.521,2547506.27,109.2327126,23.0261408,398.239,return
5028.883,T017,U06,319390.847,2547199.308,109.2375319,23.0234226,308.954,return
5029.208,T026,U01,316264.234,2548410.721,109.2068876,23.0340177,571.799,cruise
5030.387,T012,U08,314367.485,2548016.489,109.1884316,23.0302474,561.804,cruise
5031.618,T022,U05,318686.201,2545556.139,109.2308517,23.0085095,292.7,ascent
5032.252,T025,U02,317606.488,2550393.864,109.2197467,23.0520714,372.909,return
5033.392,T011,U07,318892.328,2547431.719,109.2326415,23.0254668,398.239,return
5033.883,T017,U06,319361.288,2547130.378,109.2372516,23.022797,308.954,return
5034.208,T026,U01,316225.416,2548456.472,109.2065035,23.0344265,571.799,cruise
5035.387,T012,U08,314302.318,2548053.614,109.1877914,23.0305753,561.804,cruise
5036.618,T022,U05,318686.201,2545556.139,109.2308517,23.0085095,307.7,ascent
5037.252,T025,U02,317619.557,2550335.304,109.2198811,23.0515441,372.909,return
5038.392,T011,U07,318884.134,2547357.168,109.2325704,23.0247927,398.239,return
5038.883,T017,U06,319331.728,2547061.449,109.2369714,23.0221714,308.954,return
5039.208,T026,U01,316186.598,2548502.224,109.2061193,23.0348353,571.799,cruise
5040.387,T012,U08,314237.152,2548090.74,109.1871512,23.0309032,561.804,cruise
5041.618,T022,U05,318686.201,2545556.139,109.2308517,23.0085095,322.7,ascent
5042.252,T025,U02,317632.627,2550276.745,109.2200156,23.0510168,372.909,return
5043.392,T011,U07,318875.941,2547282.617,109.2324992,23.0241187,398.239,return
5043.883,T017,U06,319302.169,2546992.52,109.2366911,23.0215458,308.954,return
5044.208,T026,U01,316147.78,2548547.975,109.2057352,23.0352441,571.799,cruise
5045.387,T012,U08,314171.985,2548127.865,109.186511,23.0312311,561.804,cruise
5046.618,T022,U05,318684.088,2545612.545,109.2308244,23.0090186,326.411,cruise
5047.252,T025,U02,317645.697,2550218.186,109.2201501,23.0504895,372.909,return
5048.392,T011,U07,318867.748,2547208.066,109.2324281,23.0234447,398.239,return
5048.883,T017,U06,319272.61,2546923.59,109.2364109,23.0209202,308.954,return
5049.208,T026,U01,316108.963,2548593.726,109.205351,23.0356529,571.799,cruise
5050.387,T012,U08,314106.818,2548164.99,109.1858708,23.031559,561.804,cruise
5051.618,T022,U05,318681.28,2545687.493,109.2307882,23.009695,326.411,cruise
5052.252,T025,U02,317658.766,2550159.627,109.2202846,23.0499622,372.909,return
5053.392,T011,U07,318859.555,2547133.514,109.2323569,23.0227707,398.239,return
5053.883,T017,U06,319243.051,2546854.661,109.2361306,23.0202946,308.954,return
5054.208,T026,U01,316070.145,2548639.478,109.2049668,23.0360616,571.799,cruise
5055.387,T012,U08,314041.651,2548202.115,109.1852306,23.0318869,561.804,cruise
5056.618,T022,U05,318678.472,2545762.44,109.230752,23.0103714,326.411,cruise
5057.252,T025,U02,317671.836,2550101.067,109.220419,23.0494349,372.909,return
5058.392,T011,U07,318851.362,2547058.963,109.2322858,23.0220967,398.239,return
5058.883,T017,U06,319213.492,2546785.732,109.2358504,23.019669,308.954,return
5059.208,T026,U01,316031.327,2548685.229,109.2045827,23.0364704,571.799,cruise
5060.387,T012,U08,313976.484,2548239.24,109.1845904,23.0322148,561.804,cruise
5061.618,T022,U05,318675.663,2545837.388,109.2307158,23.0110478,326.411,cruise
5062.252,T025,U02,317684.905,2550042.508,109.2205535,23.0489076,372.909,return
5063.392,T011,U07,318843.168,2546984.412,109.2322146,23.0214226,398.239,return
5063.883,T017,U06,319183.932,2546716.802,109.2355701,23.0190435,308.954,return
5064.208,T026,U01,315992.51,2548730.98,109.2041985,23.0368792,571.799,cruise
5065.387,T012,U08,313911.317,2548276.366,109.1839502,23.0325427,561.804,cruise
5066.618,T022,U05,318672.855,2545912.335,109.2306796,23.0117242,326.411,cruise
5067.252,T025,U02,317697.975,2549983.949,109.2206879,23.0483804,372.909,return
5068.392,T011,U07,318834.975,2546909.861,109.2321435,23.0207486,398.239,return
5068.883,T017,U06,319154.373,2546647.873,109.2352899,23.0184179,308.954,return
5069.208,T026,U01,315953.692,2548776.732,109.2038143,23.037288,571.799,cruise
5070.387,T012,U08,313846.15,2548313.491,109.18331,23.0328706,561.804,cruise
5071.618,T022,U05,318670.047,2545987.282,109.2306434,23.0124006,326.411,cruise
5072.252,T025,U02,317711.045,2549925.39,109.2208224,23.0478531,372.909,return
5073.392,T011,U07,318826.782,2546835.31,109.2320723,23.0200746,398.239,return
5073.883,T017,U06,319124.814,2546578.944,109.2350097,23.0177923,308.954,return
5074.208,T026,U01,315914.874,2548822.483,109.2034302,23.0376968,571.799,cruise
5075.387,T012,U08,313780.984,2548350.616,109.1826697,23.0331985,561.804,cruise
5076.618,T022,U05,318667.239,2546062.23,109.2306071,23.013077,326.411,cruise
5077.252,T025,U02,317724.114,2549866.83,109.2209569,23.0473258,372.909,return
5078.392,T011,U07,318818.589,2546760.759,109.2320012,23.0194006,398.239,return
5078.883,T017,U06,319095.255,2546510.014,109.2347294,23.0171667,308.954,return
5079.208,T026,U01,315876.057,2548868.234,109.203046,23.0381056,571.799,cruise
5080.387,T012,U08,313715.817,2548387.741,109.1820295,23.0335264,561.804,cruise
5081.618,T022,U05,318664.431,2546137.177,109.2305709,23.0137534,326.411,cruise
5082.252,T025,U02,317737.184,2549808.271,109.2210913,23.0467985,372.909,return
5083.392,T011,U07,318810.396,2546686.208,109.23193,23.0187265,398.239,return
5083.883,T017,U06,319065.696,2546441.085,109.2344492,23.0165411,308.954,return
5084.208,T026,U01,315837.239,2548913.986,109.2026618,23.0385144,571.799,cruise
5085.387,T012,U08,313650.65,2548424.867,109.1813893,23.0338543,561.804,cruise
5086.618,T022,U05,318661.623,2546212.125,109.2305347,23.0144298,326.411,cruise
5087.252,T025,U02,317750.253,2549749.712,109.2212258,23.0462712,372.909,return
5088.392,T011,U07,318802.203,2546611.656,109.2318589,23.0180525,398.239,return
5088.883,T017,U06,319036.136,2546372.156,109.234169,23.0159155,308.954,return
5089.208,T026,U01,315798.421,2548959.737,109.2022776,23.0389231,571.799,cruise
5090.387,T012,U08,313585.483,2548461.992,109.1807491,23.0341822,561.804,cruise
5091.618,T022,U05,318658.814,2546287.072,109.2304985,23.0151062,326.411,cruise
5092.252,T025,U02,317763.323,2549691.153,109.2213603,23.0457439,372.909,return
5093.392,T011,U07,318794.009,2546537.105,109.2317878,23.0173785,398.239,return
5093.883,T017,U06,319006.577,2546303.226,109.2338887,23.0152899,308.954,return
5094.208,T026,U01,315759.603,2549005.488,109.2018934,23.0393319,571.799,cruise
5095.387,T012,U08,313520.316,2548499.117,109.1801088,23.0345101,561.804,cruise
5096.618,T022,U05,318656.006,2546362.019,109.2304623,23.0157826,326.411,cruise
5097.252,T025,U02,317776.393,2549632.593,109.2214947,23.0452166,372.909,return
5098.392,T011,U07,318785.816,2546462.554,109.2317166,23.0167045,398.239,return
5098.883,T017,U06,318977.018,2546234.297,109.2336085,23.0146643,308.954,return
5099.208,T026,U01,315720.786,2549051.24,109.2015093,23.0397407,571.799,cruise
5100.387,T012,U08,313455.149,2548536.242,109.1794686,23.0348379,561.804,cruise
5101.618,T022,U05,318653.198,2546436.967,109.230426,23.016459,326.411,cruise
5102.252,T025,U02,317789.462,2549574.034,109.2216292,23.0446893,372.909,return
5103.392,T011,U07,318777.623,2546388.003,109.2316455,23.0160305,398.239,return
5103.883,T017,U06,318947.459,2546165.368,109.2333283,23.0140388,308.954,return
5104.208,T026,U01,315681.968,2549096.991,109.2011251,23.0401495,571.799,cruise
5105.387,T012,U08,313389.983,2548573.367,109.1788284,23.0351658,561.804,cruise
5106.618,T022,U05,318650.39,2546511.914,109.2303898,23.0171354,326.411,cruise
5107.252,T025,U02,317802.532,2549515.475,109.2217636,23.044162,372.909,return
5108.392,T011,U07,318769.43,2546313.452,109.2315743,23.0153564,398.239,return
5108.883,T017,U06,318917.9,2546096.438,109.2330481,23.0134132,308.954,return
5109.208,T026,U01,315643.15,2549142.742,109.2007409,23.0405582,571.799,cruise
5110.387,T012,U08,313324.816,2548610.493,109.1781881,23.0354937,561.804,cruise
5111.618,T022,U05,318647.582,2546586.862,109.2303536,23.0178118,326.411,cruise
5112.252,T025,U02,317815.602,2549456.916,109.2218981,23.0436347,372.909,return
5113.392,T011,U07,318761.237,2546238.901,109.2315032,23.0146824,398.239,return
5113.883,T017,U06,318888.34,2546027.509,109.2327679,23.0127876,308.954,return
5114.208,T026,U01,315604.333,2549188.494,109.2003567,23.040967,571.799,cruise
5115.387,T012,U08,313259.649,2548647.618,109.1775479,23.0358216,561.804,cruise
5116.618,T022,U05,318644.774,2546661.809,109.2303174,23.0184882,326.411,cruise
5117.252,T025,U02,317828.671,2549398.356,109.2220325,23.0431074,372.909,return
5118.392,T011,U07,318753.044,2546164.35,109.2314321,23.0140084,398.239,return
5118.883,T017,U06,318858.781,2545958.58,109.2324877,23.012162,308.954,return
5119.208,T026,U01,315565.515,2549234.245,109.1999725,23.0413758,571.799,cruise
5120.387,T012,U08,313194.482,2548684.743,109.1769077,23.0361494,561.804,cruise
5121.618,T022,U05,318641.966,2546736.756,109.2302811,23.0191646,326.411,cruise
5122.252,T025,U02,317841.741,2549339.797,109.222167,23.0425801,372.909,return
5123.392,T011,U07,318744.85,2546089.798,109.2313609,23.0133344,398.239,return
5123.883,T017,U06,318829.222,2545889.65,109.2322074,23.0115364,308.954,return
5124.208,T026,U01,315526.697,2549279.996,109.1995883,23.0417846,571.799,cruise
5125.387,T012,U08,313129.315,2548721.868,109.1762674,23.0364773,561.804,cruise
5126.618,T022,U05,318639.157,2546811.704,109.2302449,23.019841,326.411,cruise
5127.252,T025,U02,317854.81,2549281.238,109.2223014,23.0420528,372.909,return
5128.392,T011,U07,318736.657,2546015.247,109.2312898,23.0126603,398.239,return
5128.883,T017,U06,318799.663,2545820.721,109.2319272,23.0109108,308.954,return
5129.208,T026,U01,315487.88,2549325.748,109.1992041,23.0421933,571.799,cruise
5130.387,T012,U08,313064.148,2548758.993,109.1756272,23.0368052,561.804,cruise
5131.618,T022,U05,318636.349,2546886.651,109.2302087,23.0205174,326.411,cruise
5132.252,T025,U02,317867.88,2549222.679,109.2224359,23.0415255,372.909,return
5133.392,T011,U07,318728.464,2545940.696,109.2312186,23.0119863,398.239,return
5133.883,T017,U06,318770.104,2545751.792,109.231647,23.0102852,308.954,return
5134.208,T026,U01,315449.062,2549371.499,109.1988199,23.0426021,571.799,cruise
5135.387,T012,U08,312998.981,2548796.119,109.1749869,23.037133,561.804,cruise
5136.618,T022,U05,318633.541,2546961.599,109.2301725,23.0211938,326.411,cruise
5137.252,T025,U02,317880.95,2549164.12,109.2225703,23.0409982,372.909,return
5138.392,T011,U07,318720.271,2545866.145,109.2311475,23.0113123,398.239,return
5138.883,T017,U06,318740.544,2545682.862,109.2313668,23.0096596,308.954,return
5139.208,T026,U01,315410.244,2549417.251,109.1984357,23.0430109,571.799,cruise
5140.387,T012,U08,312933.815,2548833.244,109.1743466,23.0374609,561.804,cruise
5141.618,T022,U05,318630.733,2547036.546,109.2301362,23.0218702,326.411,cruise
5142.252,T025,U02,317894.019,2549105.56,109.2227048,23.0404709,372.909,return
5143.392,T011,U07,318712.078,2545791.594,109.2310764,23.0106383,398.239,return
5143.883,T017,U06,318710.985,2545613.933,109.2310866,23.009034,308.954,return
5144.208,T026,U01,315371.426,2549463.002,109.1980515,23.0434197,571.799,cruise
5145.387,T012,U08,312868.648,2548870.369,109.1737064,23.0377887,561.804,cruise
5146.618,T022,U05,318627.925,2547111.493,109.2301,23.0225466,326.411,cruise
5147.252,T025,U02,317907.089,2549047.001,109.2228392,23.0399436,372.909,return
5148.392,T011,U07,318703.885,2545717.043,109.2310052,23.0099642,398.239,return
5148.883,T017,U06,318686.201,2545556.139,109.2308517,23.0085095,306.935,return
5149.208,T026,U01,315332.609,2549508.753,109.1976673,23.0438284,571.799,cruise
5150.387,T012,U08,312803.481,2548907.494,109.1730661,23.0381166,561.804,cruise
5151.618,T022,U05,318625.117,2547186.441,109.2300638,23.023223,326.411,cruise
5152.252,T025,U02,317920.159,2548988.442,109.2229737,23.0394163,372.909,return
5153.392,T011,U07,318695.691,2545642.492,109.2309341,23.0092902,398.239,return
5153.883,T017,U06,318686.201,2545556.139,109.2308517,23.0085095,294.435,return
5154.208,T026,U01,315293.791,2549554.505,109.1972831,23.0442372,571.799,cruise
5155.387,T012,U08,312738.314,2548944.619,109.1724259,23.0384444,561.804,cruise
5156.618,T022,U05,318622.308,2547261.388,109.2300275,23.0238994,326.411,cruise
5157.252,T025,U02,317933.228,2548929.883,109.2231081,23.038889,372.909,return
5158.392,T011,U07,318687.498,2545567.941,109.230863,23.0086162,398.239,return
5158.883,T017,U06,318686.201,2545556.139,109.2308517,23.0085095,281.935,return
5159.208,T026,U01,315254.973,2549600.256,109.1968988,23.044646,571.799,cruise
5160.387,T012,U08,312673.147,2548981.745,109.1717856,23.0387723,561.804,cruise
5161.618,T022,U05,318619.5,2547336.336,109.2299913,23.0245758,326.411,cruise
5162.252,T025,U02,317946.298,2548871.323,109.2232425,23.0383617,372.909,return
5163.392,T011,U07,318686.201,2545556.139,109.2308517,23.0085095,389.822,return
5163.883,T017,U06,318686.201,2545556.139,109.2308517,23.0085095,269.435,return
5164.208,T026,U01,315216.156,2549646.007,109.1965146,23.0450547,571.799,cruise
5165.387,T012,U08,312607.98,2549018.87,109.1711453,23.0391001,561.804,cruise
5166.618,T022,U05,318616.692,2547411.283,109.2299551,23.0252522,326.411,cruise
5167.252,T025,U02,317959.367,2548812.764,109.223377,23.0378344,372.909,return
5168.392,T011,U07,318686.201,2545556.139,109.2308517,23.0085095,379.822,return
5168.883,T017,U06,318686.201,2545556.139,109.2308517,23.0085095,256.935,return
5169.208,T026,U01,315177.338,2549691.759,109.1961304,23.0454635,571.799,cruise
5170.387,T012,U08,312542.813,2549055.995,109.170505,23.039428,561.804,cruise
5171.618,T022,U05,318613.884,2547486.231,109.2299188,23.0259286,326.411,cruise
5172.252,T025,U02,317972.437,2548754.205,109.2235114,23.0373071,372.909,return
5173.392,T011,U07,318686.201,2545556.139,109.2308517,23.0085095,369.822,return
5173.883,T017,U06,318686.201,2545556.139,109.2308517,23.0085095,244.435,return
5174.208,T026,U01,315138.52,2549737.51,109.1957462,23.0458722,571.799,cruise
5175.387,T012,U08,312477.647,2549093.12,109.1698648,23.0397558,561.804,cruise
5176.618,T022,U05,318611.076,2547561.178,109.2298826,23.026605,326.411,cruise
5177.252,T025,U02,317985.507,2548695.646,109.2236459,23.0367798,372.909,return
5178.392,T011,U07,318686.201,2545556.139,109.2308517,23.0085095,359.822,return
5178.883,T017,U06,318686.201,2545556.139,109.2308517,23.0085095,231.935,return
5179.208,T026,U01,315099.703,2549783.261,109.195362,23.046281,571.799,cruise
5180.387,T012,U08,312412.48,2549130.246,109.1692245,23.0400836,561.804,cruise
5181.618,T022,U05,318608.268,2547636.125,109.2298464,23.0272814,326.411,cruise
5182.252,T025,U02,317998.576,2548637.086,109.2237803,23.0362525,372.909,return
5183.392,T011,U07,318686.201,2545556.139,109.2308517,23.0085095,349.822,return
5183.883,T017,U06,318686.201,2545556.139,109.2308517,23.0085095,219.435,return
5184.208,T026,U01,315060.885,2549829.013,109.1949777,23.0466898,571.799,cruise
5185.387,T012,U08,312375.159,2549151.507,109.1688578,23.0402714,557.531,descent
5186.618,T022,U05,318605.459,2547711.073,109.2298102,23.0279578,326.411,cruise
5187.252,T025,U02,318011.646,2548578.527,109.2239147,23.0357252,372.909,return
5188.392,T011,U07,318686.201,2545556.139,109.2308517,23.0085095,339.822,return
5188.883,T017,U06,318686.201,2545556.139,109.2308517,23.0085095,206.935,return
5189.208,T026,U01,315022.067,2549874.764,109.1945935,23.0470985,571.799,cruise
5190.387,T012,U08,312375.159,2549151.507,109.1688578,23.0402714,547.531,descent
5191.618,T022,U05,318602.651,2547786.02,109.2297739,23.0286342,326.411,cruise
5192.252,T025,U02,318024.715,2548519.968,109.2240492,23.0351979,372.909,return
5193.392,T011,U07,318686.201,2545556.139,109.2308517,23.0085095,329.822,return
5193.883,T017,U06,318686.201,2545556.139,109.2308517,23.0085095,194.435,return
5194.208,T026,U01,314983.249,2549920.515,109.1942093,23.0475073,571.799,cruise
5195.387,T012,U08,312375.159,2549151.507,109.1688578,23.0402714,537.531,descent
5196.618,T022,U05,318599.843,2547860.968,109.2297377,23.0293106,326.411,cruise
5197.252,T025,U02,318037.785,2548461.409,109.2241836,23.0346706,372.909,return
5198.392,T011,U07,318686.201,2545556.139,109.2308517,23.0085095,319.822,return
5198.883,T017,U06,318686.201,2545556.139,109.2308517,23.0085095,181.935,return
5199.208,T026,U01,314944.432,2549966.267,109.1938251,23.047916,571.799,cruise
5200.387,T012,U08,312375.159,2549151.507,109.1688578,23.0402714,527.531,descent
5201.618,T022,U05,318597.035,2547935.915,109.2297015,23.029987,326.411,cruise
5202.252,T025,U02,318050.855,2548402.849,109.224318,23.0341433,372.909,return
5203.392,T011,U07,318686.201,2545556.139,109.2308517,23.0085095,309.822,return
5203.883,T017,U06,318686.201,2545556.139,109.2308517,23.0085095,169.435,return
5204.208,T026,U01,314905.614,2550012.018,109.1934408,23.0483248,571.799,cruise
5205.387,T012,U08,312375.159,2549151.507,109.1688578,23.0402714,517.531,descent
5206.618,T022,U05,318594.227,2548010.862,109.2296652,23.0306634,326.411,cruise
5207.252,T025,U02,318063.924,2548344.29,109.2244525,23.0336159,372.909,return
5208.392,T011,U07,318686.201,2545556.139,109.2308517,23.0085095,299.822,return
5208.883,T017,U06,318686.201,2545556.139,109.2308517,23.0085095,156.935,return
5209.208,T026,U01,314866.796,2550057.769,109.1930566,23.0487336,571.799,cruise
5210.387,T012,U08,312375.159,2549151.507,109.1688578,23.0402714,507.531,descent
5211.618,T022,U05,318591.419,2548085.81,109.229629,23.0313398,326.411,cruise
5212.252,T025,U02,318076.994,2548285.731,109.2245869,23.0330886,372.909,return
5213.392,T011,U07,318686.201,2545556.139,109.2308517,23.0085095,289.822,return
5213.883,T017,U06,318686.201,2545556.139,109.2308517,23.0085095,144.435,return
5214.208,T026,U01,314827.979,2550103.521,109.1926723,23.0491423,571.799,cruise
5215.387,T012,U08,312375.159,2549151.507,109.1688578,23.0402714,497.531,descent
5216.618,T022,U05,318588.611,2548160.757,109.2295927,23.0320162,326.411,cruise
5217.252,T025,U02,318090.064,2548227.172,109.2247213,23.0325613,372.909,return
5218.392,T011,U07,318686.201,2545556.139,109.2308517,23.0085095,279.822,return
5218.883,T017,U06,318686.201,2545556.139,109.2308517,23.0085095,131.935,return
5219.208,T026,U01,314798.303,2550138.497,109.1923786,23.0494548,568.855,descent
5220.387,T012,U08,312375.159,2549151.507,109.1688578,23.0402714,487.531,descent
5221.618,T022,U05,318585.802,2548235.705,109.2295565,23.0326926,326.411,cruise
5222.252,T025,U02,318103.133,2548168.612,109.2248558,23.032034,372.909,return
5223.392,T011,U07,318686.201,2545556.139,109.2308517,23.0085095,269.822,return
5224.208,T026,U01,314798.303,2550138.497,109.1923786,23.0494548,556.355,descent
5225.387,T012,U08,312375.159,2549151.507,109.1688578,23.0402714,477.531,descent
5226.618,T022,U05,318582.994,2548310.652,109.2295203,23.033369,326.411,cruise
5227.252,T025,U02,318116.203,2548110.053,109.2249902,23.0315067,372.909,return
5228.392,T011,U07,318686.201,2545556.139,109.2308517,23.0085095,259.822,return
5229.208,T026,U01,314798.303,2550138.497,109.1923786,23.0494548,543.855,descent
5230.387,T012,U08,312375.159,2549151.507,109.1688578,23.0402714,467.531,descent
5231.618,T022,U05,318580.186,2548385.599,109.229484,23.0340454,326.411,cruise
5232.252,T025,U02,318129.272,2548051.494,109.2251246,23.0309794,372.909,return
5233.392,T011,U07,318686.201,2545556.139,109.2308517,23.0085095,249.822,return
5234.208,T026,U01,314798.303,2550138.497,109.1923786,23.0494548,531.355,descent
5235.387,T012,U08,312375.159,2549151.507,109.1688578,23.0402714,457.531,descent
5236.618,T022,U05,318577.378,2548460.547,109.2294478,23.0347218,326.411,cruise
5237.252,T025,U02,318142.342,2547992.935,109.225259,23.0304521,372.909,return
5238.392,T011,U07,318686.201,2545556.139,109.2308517,23.0085095,239.822,return
5239.208,T026,U01,314798.303,2550138.497,109.1923786,23.0494548,518.855,descent
5240.387,T012,U08,312375.159,2549151.507,109.1688578,23.0402714,447.531,descent
5241.618,T022,U05,318574.57,2548535.494,109.2294116,23.0353982,326.411,cruise
5242.252,T025,U02,318155.412,2547934.375,109.2253935,23.0299248,372.909,return
5243.392,T011,U07,318686.201,2545556.139,109.2308517,23.0085095,229.822,return
5244.208,T026,U01,314798.303,2550138.497,109.1923786,23.0494548,506.355,descent
5245.387,T012,U08,312375.159,2549151.507,109.1688578,23.0402714,437.531,descent
5246.618,T022,U05,318571.762,2548610.442,109.2293753,23.0360746,326.411,cruise
5247.252,T025,U02,318168.481,2547875.816,109.2255279,23.0293975,372.909,return
5248.392,T011,U07,318686.201,2545556.139,109.2308517,23.0085095,219.822,return
5249.208,T026,U01,314798.303,2550138.497,109.1923786,23.0494548,493.855,descent
5250.387,T012,U08,312375.159,2549151.507,109.1688578,23.0402714,427.531,descent
5251.618,T022,U05,318568.953,2548685.389,109.2293391,23.036751,326.411,cruise
5252.252,T025,U02,318181.551,2547817.257,109.2256623,23.0288702,372.909,return
5253.392,T011,U07,318686.201,2545556.139,109.2308517,23.0085095,209.822,return
5254.208,T026,U01,314798.303,2550138.497,109.1923786,23.0494548,481.355,descent
5255.387,T012,U08,312375.159,2549151.507,109.1688578,23.0402714,417.531,descent
5256.618,T022,U05,318566.145,2548760.337,109.2293028,23.0374274,326.411,cruise
5257.252,T025,U02,318194.621,2547758.698,109.2257967,23.0283429,372.909,return
5258.392,T011,U07,318686.201,2545556.139,109.2308517,23.0085095,199.822,return
5259.208,T026,U01,314798.303,2550138.497,109.1923786,23.0494548,474.5,handover
5260.387,T012,U08,312375.159,2549151.507,109.1688578,23.0402714,407.531,descent
5261.618,T022,U05,318563.337,2548835.284,109.2292666,23.0381038,326.411,cruise
5262.252,T025,U02,318207.69,2547700.138,109.2259311,23.0278156,372.909,return
5263.392,T011,U07,318686.201,2545556.139,109.2308517,23.0085095,189.822,return
5264.208,T026,U01,314798.303,2550138.497,109.1923786,23.0494548,474.5,handover
5265.387,T012,U08,312375.159,2549151.507,109.1688578,23.0402714,397.531,descent
5266.618,T022,U05,318560.529,2548910.231,109.2292303,23.0387802,326.411,cruise
5267.252,T025,U02,318220.76,2547641.579,109.2260656,23.0272883,372.909,return
5268.392,T011,U07,318686.201,2545556.139,109.2308517,23.0085095,179.822,return
5269.208,T026,U01,314798.303,2550138.497,109.1923786,23.0494548,474.5,handover
5270.387,T012,U08,312375.159,2549151.507,109.1688578,23.0402714,387.531,descent
5271.618,T022,U05,318557.721,2548985.179,109.2291941,23.0394566,326.411,cruise
5272.252,T025,U02,318233.829,2547583.02,109.2262,23.026761,372.909,return
5273.392,T011,U07,318686.201,2545556.139,109.2308517,23.0085095,169.822,return
5274.208,T026,U01,314798.303,2550138.497,109.1923786,23.0494548,474.5,handover
5275.387,T012,U08,312375.159,2549151.507,109.1688578,23.0402714,377.531,descent
5276.618,T022,U05,318554.913,2549060.126,109.2291579,23.040133,326.411,cruise
5277.252,T025,U02,318246.899,2547524.461,109.2263344,23.0262337,372.909,return
5278.392,T011,U07,318686.201,2545556.139,109.2308517,23.0085095,159.822,return
5279.208,T026,U01,314798.303,2550138.497,109.1923786,23.0494548,474.5,handover
5280.387,T012,U08,312375.159,2549151.507,109.1688578,23.0402714,367.531,descent
5281.618,T022,U05,318552.105,2549135.074,109.2291216,23.0408094,326.411,cruise
5282.252,T025,U02,318259.969,2547465.901,109.2264688,23.0257064,372.909,return
5283.392,T011,U07,318686.201,2545556.139,109.2308517,23.0085095,149.822,return
5284.208,T026,U01,314798.303,2550138.497,109.1923786,23.0494548,474.5,handover
5285.387,T012,U08,312375.159,2549151.507,109.1688578,23.0402714,357.531,descent
5286.618,T022,U05,318549.296,2549210.021,109.2290854,23.0414858,326.411,cruise
5287.252,T025,U02,318273.038,2547407.342,109.2266032,23.0251791,372.909,return
5288.392,T011,U07,318686.201,2545556.139,109.2308517,23.0085095,139.822,return
5289.208,T026,U01,314798.303,2550138.497,109.1923786,23.0494548,474.5,handover
5290.387,T012,U08,312375.159,2549151.507,109.1688578,23.0402714,347.531,descent
5291.618,T022,U05,318546.488,2549284.968,109.2290491,23.0421622,326.411,cruise
5292.252,T025,U02,318286.108,2547348.783,109.2267376,23.0246518,372.909,return
5293.392,T011,U07,318686.201,2545556.139,109.2308517,23.0085095,129.822,return
5294.208,T026,U01,314798.303,2550138.497,109.1923786,23.0494548,474.5,handover
5295.387,T012,U08,312375.159,2549151.507,109.1688578,23.0402714,338.5,handover
5296.618,T022,U05,318543.68,2549359.916,109.2290129,23.0428386,326.411,cruise
5297.252,T025,U02,318299.177,2547290.224,109.226872,23.0241245,372.909,return
5299.208,T026,U01,314798.303,2550138.497,109.1923786,23.0494548,474.5,handover
5300.387,T012,U08,312375.159,2549151.507,109.1688578,23.0402714,338.5,handover
5301.618,T022,U05,318540.872,2549434.863,109.2289766,23.043515,326.411,cruise
5302.252,T025,U02,318312.247,2547231.664,109.2270064,23.0235972,372.909,return
5304.208,T026,U01,314798.303,2550138.497,109.1923786,23.0494548,474.5,handover
5305.387,T012,U08,312375.159,2549151.507,109.1688578,23.0402714,338.5,handover
5306.618,T022,U05,318538.064,2549509.811,109.2289404,23.0441914,326.411,cruise
5307.252,T025,U02,318325.317,2547173.105,109.2271408,23.0230698,372.909,return
5309.208,T026,U01,314798.303,2550138.497,109.1923786,23.0494548,474.5,handover
5310.387,T012,U08,312375.159,2549151.507,109.1688578,23.0402714,338.5,handover
5311.618,T022,U05,318535.256,2549584.758,109.2289041,23.0448678,326.411,cruise
5312.252,T025,U02,318338.386,2547114.546,109.2272753,23.0225425,372.909,return
5314.208,T026,U01,314798.303,2550138.497,109.1923786,23.0494548,474.5,handover
5315.387,T012,U08,312375.159,2549151.507,109.1688578,23.0402714,338.5,handover
5316.618,T022,U05,318532.447,2549659.705,109.2288679,23.0455442,326.411,cruise
5317.252,T025,U02,318351.456,2547055.987,109.2274097,23.0220152,372.909,return
5319.208,T026,U01,314798.303,2550138.497,109.1923786,23.0494548,474.5,handover
5320.387,T012,U08,312375.159,2549151.507,109.1688578,23.0402714,338.5,handover
5321.618,T022,U05,318529.639,2549734.653,109.2288316,23.0462206,326.411,cruise
5322.252,T025,U02,318364.526,2546997.427,109.2275441,23.0214879,372.909,return
5324.208,T026,U01,314798.303,2550138.497,109.1923786,23.0494548,474.5,handover
5325.387,T012,U08,312375.159,2549151.507,109.1688578,23.0402714,338.5,handover
5326.618,T022,U05,318526.831,2549809.6,109.2287954,23.046897,326.411,cruise
5327.252,T025,U02,318377.595,2546938.868,109.2276785,23.0209606,372.909,return
5329.208,T026,U01,314798.303,2550138.497,109.1923786,23.0494548,474.5,handover
5330.387,T012,U08,312375.159,2549151.507,109.1688578,23.0402714,338.5,handover
5331.618,T022,U05,318524.023,2549884.548,109.2287591,23.0475734,326.411,cruise
5332.252,T025,U02,318390.665,2546880.309,109.2278129,23.0204333,372.909,return
5334.208,T026,U01,314798.303,2550138.497,109.1923786,23.0494548,474.5,handover
5335.387,T012,U08,312375.159,2549151.507,109.1688578,23.0402714,338.5,handover
5336.618,T022,U05,318521.215,2549959.495,109.2287229,23.0482498,326.411,cruise
5337.252,T025,U02,318403.734,2546821.75,109.2279473,23.019906,372.909,return
5339.208,T026,U01,314798.303,2550138.497,109.1923786,23.0494548,474.5,handover
5340.387,T012,U08,312375.159,2549151.507,109.1688578,23.0402714,338.5,handover
5341.618,T022,U05,318518.407,2550034.442,109.2286866,23.0489262,326.411,cruise
5342.252,T025,U02,318416.804,2546763.191,109.2280817,23.0193787,372.909,return
5344.208,T026,U01,314798.303,2550138.497,109.1923786,23.0494548,474.5,handover
5345.387,T012,U08,312375.159,2549151.507,109.1688578,23.0402714,338.5,handover
5346.618,T022,U05,318515.599,2550109.39,109.2286504,23.0496025,326.411,cruise
5347.252,T025,U02,318429.874,2546704.631,109.2282161,23.0188514,372.909,return
5349.208,T026,U01,314798.303,2550138.497,109.1923786,23.0494548,474.5,handover
5350.387,T012,U08,312375.159,2549151.507,109.1688578,23.0402714,338.5,handover
5351.618,T022,U05,318512.79,2550184.337,109.2286141,23.0502789,326.411,cruise
5352.252,T025,U02,318442.943,2546646.072,109.2283505,23.0183241,372.909,return
5354.208,T026,U01,314798.303,2550138.497,109.1923786,23.0494548,474.5,handover
5355.387,T012,U08,312375.159,2549151.507,109.1688578,23.0402714,338.5,handover
5356.618,T022,U05,318509.982,2550259.285,109.2285779,23.0509553,326.411,cruise
5357.252,T025,U02,318456.013,2546587.513,109.2284849,23.0177968,372.909,return
5359.208,T026,U01,314798.303,2550138.497,109.1923786,23.0494548,474.5,handover
5360.387,T012,U08,312375.159,2549151.507,109.1688578,23.0402714,338.5,handover
5361.618,T022,U05,318507.174,2550334.232,109.2285416,23.0516317,326.411,cruise
5362.252,T025,U02,318469.083,2546528.954,109.2286192,23.0172695,372.909,return
5364.208,T026,U01,314798.303,2550138.497,109.1923786,23.0494548,474.5,handover
5365.387,T012,U08,312375.159,2549151.507,109.1688578,23.0402714,338.5,handover
5366.618,T022,U05,318504.366,2550409.18,109.2285054,23.0523081,326.411,cruise
5367.252,T025,U02,318482.152,2546470.394,109.2287536,23.0167421,372.909,return
5369.208,T026,U01,314798.303,2550138.497,109.1923786,23.0494548,474.5,handover
5370.387,T012,U08,312375.159,2549151.507,109.1688578,23.0402714,338.5,handover
5371.618,T022,U05,318501.558,2550484.127,109.2284691,23.0529845,326.411,cruise
5372.252,T025,U02,318495.222,2546411.835,109.228888,23.0162148,372.909,return
5374.208,T026,U01,314798.303,2550138.497,109.1923786,23.0494548,474.5,handover
5375.387,T012,U08,312375.159,2549151.507,109.1688578,23.0402714,338.5,handover
5376.618,T022,U05,318498.75,2550559.074,109.2284329,23.0536609,326.411,cruise
5377.252,T025,U02,318508.291,2546353.276,109.2290224,23.0156875,372.909,return
5379.208,T026,U01,314798.303,2550138.497,109.1923786,23.0494548,474.5,handover
5380.387,T012,U08,312375.159,2549151.507,109.1688578,23.0402714,338.5,handover
5381.618,T022,U05,318495.941,2550634.022,109.2283966,23.0543373,326.411,cruise
5382.252,T025,U02,318521.361,2546294.717,109.2291568,23.0151602,372.909,return
5384.208,T026,U01,314798.303,2550138.497,109.1923786,23.0494548,474.5,handover
5385.387,T012,U08,312375.159,2549151.507,109.1688578,23.0402714,338.5,handover
5386.618,T022,U05,318493.133,2550708.969,109.2283603,23.0550137,326.411,cruise
5387.252,T025,U02,318534.431,2546236.157,109.2292912,23.0146329,372.909,return
5389.208,T026,U01,314798.303,2550138.497,109.1923786,23.0494548,474.5,handover
5390.387,T012,U08,312375.159,2549151.507,109.1688578,23.0402714,338.5,handover
5391.618,T022,U05,318490.325,2550783.917,109.2283241,23.0556901,326.411,cruise
5392.252,T025,U02,318547.5,2546177.598,109.2294256,23.0141056,372.909,return
5394.208,T026,U01,314798.303,2550138.497,109.1923786,23.0494548,474.5,handover
5395.387,T012,U08,312375.159,2549151.507,109.1688578,23.0402714,338.5,handover
5396.618,T022,U05,318488.483,2550833.078,109.2283003,23.0561338,322.11,descent
5397.252,T025,U02,318560.57,2546119.039,109.22956,23.0135783,372.909,return
5399.208,T026,U01,314798.303,2550138.497,109.1923786,23.0494548,474.5,handover
5400.387,T012,U08,312375.159,2549151.507,109.1688578,23.0402714,338.5,handover
5401.618,T022,U05,318488.483,2550833.078,109.2283003,23.0561338,309.61,descent
5402.252,T025,U02,318573.639,2546060.48,109.2296944,23.013051,372.909,return
5404.208,T026,U01,314798.303,2550138.497,109.1923786,23.0494548,474.5,handover
5405.387,T012,U08,312375.159,2549151.507,109.1688578,23.0402714,338.5,handover
5406.618,T022,U05,318488.483,2550833.078,109.2283003,23.0561338,297.11,descent
5407.252,T025,U02,318586.709,2546001.92,109.2298287,23.0125237,372.909,return
5409.208,T026,U01,314798.303,2550138.497,109.1923786,23.0494548,474.5,handover
5410.387,T012,U08,312375.159,2549151.507,109.1688578,23.0402714,338.5,handover
5411.618,T022,U05,318488.483,2550833.078,109.2283003,23.0561338,284.61,descent
5412.252,T025,U02,318599.779,2545943.361,109.2299631,23.0119963,372.909,return
5414.208,T026,U01,314798.303,2550138.497,109.1923786,23.0494548,474.5,handover
5415.387,T012,U08,312375.159,2549151.507,109.1688578,23.0402714,338.5,handover
5416.618,T022,U05,318488.483,2550833.078,109.2283003,23.0561338,272.11,descent
5417.252,T025,U02,318612.848,2545884.802,109.2300975,23.011469,372.909,return
5419.208,T026,U01,314798.303,2550138.497,109.1923786,23.0494548,474.5,handover
5420.387,T012,U08,312375.159,2549151.507,109.1688578,23.0402714,338.5,handover
5421.618,T022,U05,318488.483,2550833.078,109.2283003,23.0561338,259.61,descent
5422.252,T025,U02,318625.918,2545826.243,109.2302319,23.0109417,372.909,return
5424.208,T026,U01,314798.303,2550138.497,109.1923786,23.0494548,474.5,handover
5425.387,T012,U08,312375.159,2549151.507,109.1688578,23.0402714,338.5,handover
5426.618,T022,U05,318488.483,2550833.078,109.2283003,23.0561338,247.11,descent
5427.252,T025,U02,318638.988,2545767.683,109.2303663,23.0104144,372.909,return
5429.208,T026,U01,314798.303,2550138.497,109.1923786,23.0494548,474.5,handover
5430.387,T012,U08,312375.159,2549151.507,109.1688578,23.0402714,338.5,handover
5431.618,T022,U05,318488.483,2550833.078,109.2283003,23.0561338,234.61,descent
5432.252,T025,U02,318652.057,2545709.124,109.2305006,23.0098871,372.909,return
5434.208,T026,U01,314798.303,2550138.497,109.1923786,23.0494548,474.5,handover
5435.387,T012,U08,312375.159,2549151.507,109.1688578,23.0402714,338.5,handover
5436.618,T022,U05,318488.483,2550833.078,109.2283003,23.0561338,222.11,descent
5437.252,T025,U02,318665.127,2545650.565,109.230635,23.0093598,372.909,return
5439.208,T026,U01,314798.303,2550138.497,109.1923786,23.0494548,481.273,return
5440.387,T012,U08,312375.159,2549151.507,109.1688578,23.0402714,338.5,handover
5441.618,T022,U05,318488.483,2550833.078,109.2283003,23.0561338,209.61,descent
5442.252,T025,U02,318678.196,2545592.006,109.2307694,23.0088325,372.909,return
5444.208,T026,U01,314798.303,2550138.497,109.1923786,23.0494548,496.273,return
5445.387,T012,U08,312375.159,2549151.507,109.1688578,23.0402714,338.5,handover
5446.618,T022,U05,318488.483,2550833.078,109.2283003,23.0561338,197.11,descent
5447.252,T025,U02,318686.201,2545556.139,109.2308517,23.0085095,368.065,return
5449.208,T026,U01,314798.303,2550138.497,109.1923786,23.0494548,511.273,return
5450.387,T012,U08,312375.159,2549151.507,109.1688578,23.0402714,338.5,handover
5451.618,T022,U05,318488.483,2550833.078,109.2283003,23.0561338,195,handover
5452.252,T025,U02,318686.201,2545556.139,109.2308517,23.0085095,355.565,return
5454.208,T026,U01,314798.303,2550138.497,109.1923786,23.0494548,526.273,return
5455.387,T012,U08,312375.159,2549151.507,109.1688578,23.0402714,338.5,handover
5456.618,T022,U05,318488.483,2550833.078,109.2283003,23.0561338,195,handover
5457.252,T025,U02,318686.201,2545556.139,109.2308517,23.0085095,343.065,return
5459.208,T026,U01,314798.303,2550138.497,109.1923786,23.0494548,541.273,return
5460.387,T012,U08,312375.159,2549151.507,109.1688578,23.0402714,338.5,handover
5461.618,T022,U05,318488.483,2550833.078,109.2283003,23.0561338,195,handover
5462.252,T025,U02,318686.201,2545556.139,109.2308517,23.0085095,330.565,return
5464.208,T026,U01,314798.303,2550138.497,109.1923786,23.0494548,556.273,return
5465.387,T012,U08,312375.159,2549151.507,109.1688578,23.0402714,338.5,handover
5466.618,T022,U05,318488.483,2550833.078,109.2283003,23.0561338,195,handover
5467.252,T025,U02,318686.201,2545556.139,109.2308517,23.0085095,318.065,return
5469.208,T026,U01,314798.303,2550138.497,109.1923786,23.0494548,571.273,return
5470.387,T012,U08,312375.159,2549151.507,109.1688578,23.0402714,338.5,handover
5471.618,T022,U05,318488.483,2550833.078,109.2283003,23.0561338,195,handover
5472.252,T025,U02,318686.201,2545556.139,109.2308517,23.0085095,305.565,return
5474.208,T026,U01,314835.76,2550094.35,109.1927494,23.0490604,571.799,return
5475.387,T012,U08,312375.159,2549151.507,109.1688578,23.0402714,338.5,handover
5476.618,T022,U05,318488.483,2550833.078,109.2283003,23.0561338,195,handover
5477.252,T025,U02,318686.201,2545556.139,109.2308517,23.0085095,293.065,return
5479.208,T026,U01,314874.578,2550048.598,109.1931336,23.0486516,571.799,return
5480.387,T012,U08,312375.159,2549151.507,109.1688578,23.0402714,338.5,handover
5481.618,T022,U05,318488.483,2550833.078,109.2283003,23.0561338,195,handover
5482.252,T025,U02,318686.201,2545556.139,109.2308517,23.0085095,280.565,return
5484.208,T026,U01,314913.395,2550002.847,109.1935178,23.0482429,571.799,return
5485.387,T012,U08,312375.159,2549151.507,109.1688578,23.0402714,338.5,handover
5486.618,T022,U05,318488.483,2550833.078,109.2283003,23.0561338,195,handover
5487.252,T025,U02,318686.201,2545556.139,109.2308517,23.0085095,268.065,return
5489.208,T026,U01,314952.213,2549957.096,109.1939021,23.0478341,571.799,return
5490.387,T012,U08,312375.159,2549151.507,109.1688578,23.0402714,338.5,handover
5491.618,T022,U05,318488.483,2550833.078,109.2283003,23.0561338,195,handover
5492.252,T025,U02,318686.201,2545556.139,109.2308517,23.0085095,255.565,return
5494.208,T026,U01,314991.031,2549911.344,109.1942863,23.0474254,571.799,return
5495.387,T012,U08,312375.159,2549151.507,109.1688578,23.0402714,338.5,handover
5496.618,T022,U05,318488.483,2550833.078,109.2283003,23.0561338,195,handover
5497.252,T025,U02,318686.201,2545556.139,109.2308517,23.0085095,243.065,return
5499.208,T026,U01,315029.848,2549865.593,109.1946705,23.0470166,571.799,return
5500.387,T012,U08,312375.159,2549151.507,109.1688578,23.0402714,338.5,handover
5501.618,T022,U05,318488.483,2550833.078,109.2283003,23.0561338,195,handover
5502.252,T025,U02,318686.201,2545556.139,109.2308517,23.0085095,230.565,return
5504.208,T026,U01,315068.666,2549819.842,109.1950548,23.0466078,571.799,return
5505.387,T012,U08,312375.159,2549151.507,109.1688578,23.0402714,338.5,handover
5506.618,T022,U05,318488.483,2550833.078,109.2283003,23.0561338,195,handover
5507.252,T025,U02,318686.201,2545556.139,109.2308517,23.0085095,218.065,return
5509.208,T026,U01,315107.484,2549774.09,109.195439,23.0461991,571.799,return
5510.387,T012,U08,312375.159,2549151.507,109.1688578,23.0402714,338.5,handover
5511.618,T022,U05,318488.483,2550833.078,109.2283003,23.0561338,195,handover
5512.252,T025,U02,318686.201,2545556.139,109.2308517,23.0085095,205.565,return
5514.208,T026,U01,315146.301,2549728.339,109.1958232,23.0457903,571.799,return
5515.387,T012,U08,312375.159,2549151.507,109.1688578,23.0402714,338.5,handover
5516.618,T022,U05,318488.483,2550833.078,109.2283003,23.0561338,195,handover
5517.252,T025,U02,318686.201,2545556.139,109.2308517,23.0085095,193.065,return
5519.208,T026,U01,315185.119,2549682.587,109.1962074,23.0453815,571.799,return
5520.387,T012,U08,312375.159,2549151.507,109.1688578,23.0402714,338.5,handover
5521.618,T022,U05,318488.483,2550833.078,109.2283003,23.0561338,195,handover
5522.252,T025,U02,318686.201,2545556.139,109.2308517,23.0085095,180.565,return
5524.208,T026,U01,315223.937,2549636.836,109.1965917,23.0449728,571.799,return
5525.387,T012,U08,312375.159,2549151.507,109.1688578,23.0402714,338.5,handover
5526.618,T022,U05,318488.483,2550833.078,109.2283003,23.0561338,195,handover
5527.252,T025,U02,318686.201,2545556.139,109.2308517,23.0085095,168.065,return
5529.208,T026,U01,315262.755,2549591.085,109.1969759,23.044564,571.799,return
5530.387,T012,U08,312375.159,2549151.507,109.1688578,23.0402714,338.5,handover
5531.618,T022,U05,318488.483,2550833.078,109.2283003,23.0561338,195,handover
5532.252,T025,U02,318686.201,2545556.139,109.2308517,23.0085095,155.565,return
5534.208,T026,U01,315301.572,2549545.333,109.1973601,23.0441553,571.799,return
5535.387,T012,U08,312375.159,2549151.507,109.1688578,23.0402714,338.5,handover
5536.618,T022,U05,318488.483,2550833.078,109.2283003,23.0561338,195,handover
5537.252,T025,U02,318686.201,2545556.139,109.2308517,23.0085095,143.065,return
5539.208,T026,U01,315340.39,2549499.582,109.1977443,23.0437465,571.799,return
5540.387,T012,U08,312375.159,2549151.507,109.1688578,23.0402714,338.5,handover
5541.618,T022,U05,318488.483,2550833.078,109.2283003,23.0561338,195,handover
5542.252,T025,U02,318686.201,2545556.139,109.2308517,23.0085095,130.565,return
5544.208,T026,U01,315379.208,2549453.831,109.1981285,23.0433377,571.799,return
5545.387,T012,U08,312375.159,2549151.507,109.1688578,23.0402714,338.5,handover
5546.618,T022,U05,318488.483,2550833.078,109.2283003,23.0561338,195,handover
5549.208,T026,U01,315418.025,2549408.079,109.1985127,23.0429289,571.799,return
5550.387,T012,U08,312375.159,2549151.507,109.1688578,23.0402714,338.5,handover
5551.618,T022,U05,318488.483,2550833.078,109.2283003,23.0561338,195,handover
5554.208,T026,U01,315456.843,2549362.328,109.1988969,23.0425202,571.799,return
5555.387,T012,U08,312375.159,2549151.507,109.1688578,23.0402714,338.5,handover
5556.618,T022,U05,318488.483,2550833.078,109.2283003,23.0561338,195,handover
5559.208,T026,U01,315495.661,2549316.577,109.1992811,23.0421114,571.799,return
5560.387,T012,U08,312375.159,2549151.507,109.1688578,23.0402714,338.5,handover
5561.618,T022,U05,318488.483,2550833.078,109.2283003,23.0561338,195,handover
5564.208,T026,U01,315534.478,2549270.825,109.1996653,23.0417026,571.799,return
5565.387,T012,U08,312375.159,2549151.507,109.1688578,23.0402714,338.5,handover
5566.618,T022,U05,318488.483,2550833.078,109.2283003,23.0561338,195,handover
5569.208,T026,U01,315573.296,2549225.074,109.2000495,23.0412939,571.799,return
5570.387,T012,U08,312375.159,2549151.507,109.1688578,23.0402714,338.5,handover
5571.618,T022,U05,318488.483,2550833.078,109.2283003,23.0561338,195,handover
5574.208,T026,U01,315612.114,2549179.323,109.2004337,23.0408851,571.799,return
5575.387,T012,U08,312375.159,2549151.507,109.1688578,23.0402714,338.5,handover
5576.618,T022,U05,318488.483,2550833.078,109.2283003,23.0561338,195,handover
5579.208,T026,U01,315650.932,2549133.571,109.2008179,23.0404763,571.799,return
5580.387,T012,U08,312375.159,2549151.507,109.1688578,23.0402714,338.5,handover
5581.618,T022,U05,318488.483,2550833.078,109.2283003,23.0561338,195,handover
5584.208,T026,U01,315689.749,2549087.82,109.2012021,23.0400675,571.799,return
5585.387,T012,U08,312375.159,2549151.507,109.1688578,23.0402714,338.5,handover
5586.618,T022,U05,318488.483,2550833.078,109.2283003,23.0561338,195,handover
5589.208,T026,U01,315728.567,2549042.069,109.2015863,23.0396588,571.799,return
5590.387,T012,U08,312375.159,2549151.507,109.1688578,23.0402714,338.5,handover
5591.618,T022,U05,318488.483,2550833.078,109.2283003,23.0561338,195,handover
5594.208,T026,U01,315767.385,2548996.317,109.2019704,23.03925,571.799,return
5595.387,T012,U08,312375.159,2549151.507,109.1688578,23.0402714,338.5,handover
5596.618,T022,U05,318488.483,2550833.078,109.2283003,23.0561338,195,handover
5599.208,T026,U01,315806.202,2548950.566,109.2023546,23.0388412,571.799,return
5600.387,T012,U08,312375.159,2549151.507,109.1688578,23.0402714,338.5,handover
5601.618,T022,U05,318488.483,2550833.078,109.2283003,23.0561338,195,handover
5604.208,T026,U01,315845.02,2548904.815,109.2027388,23.0384324,571.799,return
5605.387,T012,U08,312375.159,2549151.507,109.1688578,23.0402714,338.5,handover
5606.618,T022,U05,318488.483,2550833.078,109.2283003,23.0561338,195,handover
5609.208,T026,U01,315883.838,2548859.063,109.203123,23.0380236,571.799,return
5610.387,T012,U08,312375.159,2549151.507,109.1688578,23.0402714,338.5,handover
5611.618,T022,U05,318488.483,2550833.078,109.2283003,23.0561338,195,handover
5614.208,T026,U01,315922.656,2548813.312,109.2035072,23.0376148,571.799,return
5615.387,T012,U08,312375.159,2549151.507,109.1688578,23.0402714,338.5,handover
5616.618,T022,U05,318488.483,2550833.078,109.2283003,23.0561338,195,handover
5619.208,T026,U01,315961.473,2548767.56,109.2038913,23.0372061,571.799,return
5620.387,T012,U08,312375.159,2549151.507,109.1688578,23.0402714,338.5,handover
5621.618,T022,U05,318488.483,2550833.078,109.2283003,23.0561338,195,handover
5624.208,T026,U01,316000.291,2548721.809,109.2042755,23.0367973,571.799,return
5625.387,T012,U08,312375.159,2549151.507,109.1688578,23.0402714,338.5,handover
5626.618,T022,U05,318488.483,2550833.078,109.2283003,23.0561338,195,handover
5629.208,T026,U01,316039.109,2548676.058,109.2046597,23.0363885,571.799,return
5630.387,T012,U08,312375.159,2549151.507,109.1688578,23.0402714,338.5,handover
5631.618,T022,U05,318488.483,2550833.078,109.2283003,23.0561338,207.468,ascent
5634.208,T026,U01,316077.926,2548630.306,109.2050438,23.0359797,571.799,return
5635.387,T012,U08,312375.159,2549151.507,109.1688578,23.0402714,338.5,handover
5636.618,T022,U05,318488.483,2550833.078,109.2283003,23.0561338,222.468,ascent
5639.208,T026,U01,316116.744,2548584.555,109.205428,23.0355709,571.799,return
5640.387,T012,U08,312375.159,2549151.507,109.1688578,23.0402714,338.5,handover
5641.618,T022,U05,318488.483,2550833.078,109.2283003,23.0561338,237.468,ascent
5644.208,T026,U01,316155.562,2548538.804,109.2058122,23.0351621,571.799,return
5645.387,T012,U08,312375.159,2549151.507,109.1688578,23.0402714,338.5,handover
5646.618,T022,U05,318488.483,2550833.078,109.2283003,23.0561338,252.468,ascent
5649.208,T026,U01,316194.379,2548493.052,109.2061963,23.0347533,571.799,return
5650.387,T012,U08,312375.159,2549151.507,109.1688578,23.0402714,338.5,handover
5651.618,T022,U05,318488.483,2550833.078,109.2283003,23.0561338,267.468,ascent
5652.558,T024,U06,318686.201,2545556.139,109.2308517,23.0085095,127.7,ascent
5654.208,T026,U01,316233.197,2548447.301,109.2065805,23.0343445,571.799,return
5655.387,T012,U08,312375.159,2549151.507,109.1688578,23.0402714,338.5,handover
5656.618,T022,U05,318488.483,2550833.078,109.2283003,23.0561338,282.468,ascent
5657.558,T024,U06,318686.201,2545556.139,109.2308517,23.0085095,142.7,ascent
5659.208,T026,U01,316272.015,2548401.55,109.2069646,23.0339357,571.799,return
5660.387,T012,U08,312375.159,2549151.507,109.1688578,23.0402714,338.5,handover
5661.618,T022,U05,318488.483,2550833.078,109.2283003,23.0561338,297.468,ascent
5662.558,T024,U06,318686.201,2545556.139,109.2308517,23.0085095,157.7,ascent
5664.208,T026,U01,316310.833,2548355.798,109.2073488,23.0335269,571.799,return
5665.387,T012,U08,312375.159,2549151.507,109.1688578,23.0402714,338.5,handover
5666.618,T022,U05,318488.483,2550833.078,109.2283003,23.0561338,312.468,ascent
5667.558,T024,U06,318686.201,2545556.139,109.2308517,23.0085095,172.7,ascent
5669.208,T026,U01,316349.65,2548310.047,109.2077329,23.0331181,571.799,return
5670.387,T012,U08,312375.159,2549151.507,109.1688578,23.0402714,338.5,handover
5671.618,T022,U05,318488.483,2550833.078,109.2283003,23.0561338,327.468,ascent
5672.558,T024,U06,318686.201,2545556.139,109.2308517,23.0085095,187.7,ascent
5674.208,T026,U01,316388.468,2548264.296,109.2081171,23.0327094,571.799,return
5675.387,T012,U08,312375.159,2549151.507,109.1688578,23.0402714,338.5,handover
5676.618,T022,U05,318488.483,2550833.078,109.2283003,23.0561338,342.468,ascent
5677.558,T024,U06,318686.201,2545556.139,109.2308517,23.0085095,202.7,ascent
5679.208,T026,U01,316427.286,2548218.544,109.2085012,23.0323006,571.799,return
5680.387,T012,U08,312375.159,2549151.507,109.1688578,23.0402714,338.5,handover
5681.618,T022,U05,318488.483,2550833.078,109.2283003,23.0561338,357.468,ascent
5682.558,T024,U06,318686.201,2545556.139,109.2308517,23.0085095,217.7,ascent
5684.208,T026,U01,316466.103,2548172.793,109.2088854,23.0318918,571.799,return
5684.453,T015,U07,318686.201,2545556.139,109.2308517,23.0085095,127.7,ascent
5685.387,T012,U08,312375.159,2549151.507,109.1688578,23.0402714,338.5,handover
5686.618,T022,U05,318473.889,2550857.445,109.228155,23.0563522,366.787,cruise
5687.558,T024,U06,318686.201,2545556.139,109.2308517,23.0085095,232.7,ascent
5689.208,T026,U01,316504.921,2548127.042,109.2092695,23.031483,571.799,return
5689.453,T015,U07,318686.201,2545556.139,109.2308517,23.0085095,140.2,ascent
5690.387,T012,U08,312375.159,2549151.507,109.1688578,23.0402714,338.5,handover
5691.618,T022,U05,318435.352,2550921.787,109.2277714,23.0569289,366.787,cruise
5692.558,T024,U06,318686.201,2545556.139,109.2308517,23.0085095,247.7,ascent
5694.208,T026,U01,316543.739,2548081.29,109.2096536,23.0310742,571.799,return
5694.453,T015,U07,318686.201,2545556.139,109.2308517,23.0085095,152.7,ascent
5695.387,T012,U08,312375.159,2549151.507,109.1688578,23.0402714,338.5,handover
5696.618,T022,U05,318396.815,2550986.129,109.2273878,23.0575057,366.787,cruise
5697.558,T024,U06,318686.201,2545556.139,109.2308517,23.0085095,262.7,ascent
5699.208,T026,U01,316582.556,2548035.539,109.2100378,23.0306653,571.799,return
5699.453,T015,U07,318686.201,2545556.139,109.2308517,23.0085095,165.2,ascent
5700.387,T012,U08,312375.159,2549151.507,109.1688578,23.0402714,338.5,handover
5701.618,T022,U05,318358.279,2551050.471,109.2270042,23.0580824,366.787,cruise
5702.558,T024,U06,318696.102,2545577.139,109.2309458,23.0087002,273.057,cruise
5704.208,T026,U01,316621.374,2547989.788,109.2104219,23.0302565,571.799,return
5704.453,T015,U07,318686.201,2545556.139,109.2308517,23.0085095,177.7,ascent
5705.387,T012,U08,312375.159,2549151.507,109.1688578,23.0402714,338.5,handover
5706.618,T022,U05,318319.742,2551114.813,109.2266205,23.0586591,366.787,cruise
5707.558,T024,U06,318728.087,2545644.977,109.2312498,23.0093162,273.057,cruise
5709.208,T026,U01,316660.192,2547944.036,109.210806,23.0298477,571.799,return
5709.453,T015,U07,318686.201,2545556.139,109.2308517,23.0085095,190.2,ascent
5710.387,T012,U08,312375.159,2549151.507,109.1688578,23.0402714,338.5,handover
5711.618,T022,U05,318281.205,2551179.155,109.2262369,23.0592359,366.787,cruise
5712.558,T024,U06,318760.071,2545712.815,109.2315538,23.0099322,273.057,cruise
5714.208,T026,U01,316699.01,2547898.285,109.2111902,23.0294389,571.799,return
5714.453,T015,U07,318686.201,2545556.139,109.2308517,23.0085095,202.7,ascent
5715.387,T012,U08,312375.159,2549151.507,109.1688578,23.0402714,338.5,handover
5716.618,T022,U05,318242.668,2551243.498,109.2258533,23.0598126,366.787,cruise
5717.558,T024,U06,318792.055,2545780.653,109.2318578,23.0105482,273.057,cruise
5719.208,T026,U01,316737.827,2547852.533,109.2115743,23.0290301,571.799,return
5719.453,T015,U07,318686.201,2545556.139,109.2308517,23.0085095,215.2,ascent
5720.387,T012,U08,312375.159,2549151.507,109.1688578,23.0402714,338.5,handover
5721.618,T022,U05,318204.131,2551307.84,109.2254696,23.0603893,366.787,cruise
5722.558,T024,U06,318824.04,2545848.491,109.2321617,23.0111642,273.057,cruise
5724.208,T026,U01,316776.645,2547806.782,109.2119584,23.0286213,571.799,return
5724.453,T015,U07,318686.201,2545556.139,109.2308517,23.0085095,227.7,ascent
5725.387,T012,U08,312375.159,2549151.507,109.1688578,23.0402714,338.5,handover
5726.618,T022,U05,318165.594,2551372.182,109.225086,23.060966,366.787,cruise
5727.558,T024,U06,318856.024,2545916.329,109.2324657,23.0117802,273.057,cruise
5729.208,T026,U01,316815.463,2547761.031,109.2123425,23.0282125,571.799,return
5729.453,T015,U07,318686.201,2545556.139,109.2308517,23.0085095,240.2,ascent
5730.387,T012,U08,312375.159,2549151.507,109.1688578,23.0402714,347.211,return
5731.618,T022,U05,318127.057,2551436.524,109.2247023,23.0615428,366.787,cruise
5732.558,T024,U06,318888.009,2545984.167,109.2327697,23.0123962,273.057,cruise
5734.208,T026,U01,316854.28,2547715.279,109.2127267,23.0278037,571.799,return
5734.453,T015,U07,318686.201,2545556.139,109.2308517,23.0085095,252.7,ascent
5735.387,T012,U08,312375.159,2549151.507,109.1688578,23.0402714,359.711,return
5736.618,T022,U05,318088.521,2551500.866,109.2243187,23.0621195,366.787,cruise
5737.558,T024,U06,318919.993,2546052.006,109.2330737,23.0130122,273.057,cruise
5739.208,T026,U01,316893.098,2547669.528,109.2131108,23.0273949,571.799,return
5739.453,T015,U07,318686.201,2545556.139,109.2308517,23.0085095,265.2,ascent
5740.387,T012,U08,312375.159,2549151.507,109.1688578,23.0402714,372.211,return
5741.618,T022,U05,318049.984,2551565.208,109.223935,23.0626962,366.787,cruise
5742.558,T024,U06,318951.977,2546119.844,109.2333777,23.0136282,273.057,cruise
5744.208,T026,U01,316931.916,2547623.777,109.2134949,23.0269861,571.799,return
5744.453,T015,U07,318686.201,2545556.139,109.2308517,23.0085095,277.7,ascent
5745.387,T012,U08,312375.159,2549151.507,109.1688578,23.0402714,384.711,return
5746.618,T022,U05,318011.447,2551629.55,109.2235514,23.0632729,366.787,cruise
5747.558,T024,U06,318983.962,2546187.682,109.2336817,23.0142442,273.057,cruise
5749.208,T026,U01,316970.733,2547578.025,109.213879,23.0265773,571.799,return
5749.453,T015,U07,318686.201,2545556.139,109.2308517,23.0085095,290.2,ascent
5750.387,T012,U08,312375.159,2549151.507,109.1688578,23.0402714,397.211,return
5751.618,T022,U05,317972.91,2551693.893,109.2231677,23.0638496,366.787,cruise
5752.558,T024,U06,319015.946,2546255.52,109.2339857,23.0148602,273.057,cruise
5754.208,T026,U01,317009.551,2547532.274,109.2142631,23.0261684,571.799,return
5754.453,T015,U07,318686.201,2545556.139,109.2308517,23.0085095,302.7,ascent
5755.387,T012,U08,312375.159,2549151.507,109.1688578,23.0402714,409.711,return
5756.618,T022,U05,317934.373,2551758.235,109.222784,23.0644264,366.787,cruise
5757.558,T024,U06,319047.93,2546323.358,109.2342898,23.0154762,273.057,cruise
5759.208,T026,U01,317048.369,2547486.523,109.2146472,23.0257596,571.799,return
5759.453,T015,U07,318686.201,2545556.139,109.2308517,23.0085095,315.2,ascent
5760.387,T012,U08,312375.159,2549151.507,109.1688578,23.0402714,422.211,return
5761.618,T022,U05,317895.836,2551822.577,109.2224004,23.0650031,366.787,cruise
5762.558,T024,U06,319079.915,2546391.196,109.2345938,23.0160922,273.057,cruise
5764.208,T026,U01,317087.187,2547440.771,109.2150313,23.0253508,571.799,return
5764.453,T015,U07,318685.912,2545563.869,109.230848,23.0085793,326.411,cruise
5765.387,T012,U08,312375.159,2549151.507,109.1688578,23.0402714,434.711,return
5766.618,T022,U05,317857.3,2551886.919,109.2220167,23.0655798,366.787,cruise
5767.558,T024,U06,319111.899,2546459.034,109.2348978,23.0167082,273.057,cruise
5769.208,T026,U01,317126.004,2547395.02,109.2154154,23.024942,571.799,return
5769.453,T015,U07,318683.104,2545638.816,109.2308117,23.0092557,326.411,cruise
5770.387,T012,U08,312375.159,2549151.507,109.1688578,23.0402714,447.211,return
5771.618,T022,U05,317818.763,2551951.261,109.221633,23.0661565,366.787,cruise
5772.558,T024,U06,319143.883,2546526.872,109.2352018,23.0173242,273.057,cruise
5774.208,T026,U01,317164.822,2547349.269,109.2157995,23.0245332,571.799,return
5774.453,T015,U07,318680.295,2545713.763,109.2307755,23.0099321,326.411,cruise
5775.387,T012,U08,312375.159,2549151.507,109.1688578,23.0402714,459.711,return
5776.618,T022,U05,317780.226,2552015.603,109.2212493,23.0667332,366.787,cruise
5777.558,T024,U06,319175.868,2546594.71,109.2355058,23.0179402,273.057,cruise
5779.208,T026,U01,317203.64,2547303.517,109.2161836,23.0241244,571.799,return
5779.453,T015,U07,318677.487,2545788.711,109.2307393,23.0106085,326.411,cruise
5780.387,T012,U08,312375.159,2549151.507,109.1688578,23.0402714,472.211,return
5781.618,T022,U05,317741.689,2552079.945,109.2208657,23.0673099,366.787,cruise
5782.558,T024,U06,319207.852,2546662.548,109.2358098,23.0185562,273.057,cruise
5784.208,T026,U01,317242.457,2547257.766,109.2165677,23.0237155,571.799,return
5784.453,T015,U07,318674.679,2545863.658,109.2307031,23.0112849,326.411,cruise
5785.387,T012,U08,312375.159,2549151.507,109.1688578,23.0402714,484.711,return
5786.618,T022,U05,317703.152,2552144.288,109.220482,23.0678866,366.787,cruise
5787.558,T024,U06,319239.837,2546730.386,109.2361139,23.0191722,273.057,cruise
5789.208,T026,U01,317281.275,2547212.015,109.2169518,23.0233067,571.799,return
5789.453,T015,U07,318671.871,2545938.606,109.2306669,23.0119613,326.411,cruise
5790.387,T012,U08,312375.159,2549151.507,109.1688578,23.0402714,497.211,return
5791.618,T022,U05,317664.615,2552208.63,109.2200983,23.0684633,366.787,cruise
5792.558,T024,U06,319271.821,2546798.224,109.2364179,23.0197882,273.057,cruise
5794.208,T026,U01,317320.093,2547166.263,109.2173359,23.0228979,571.799,return
5794.453,T015,U07,318669.063,2546013.553,109.2306307,23.0126377,326.411,cruise
5795.387,T012,U08,312375.159,2549151.507,109.1688578,23.0402714,509.711,return
5796.618,T022,U05,317626.078,2552272.972,109.2197146,23.06904,366.787,cruise
5797.558,T024,U06,319303.805,2546866.062,109.2367219,23.0204042,273.057,cruise
5799.208,T026,U01,317358.91,2547120.512,109.21772,23.0224891,571.799,return
5799.453,T015,U07,318666.255,2546088.5,109.2305944,23.0133141,326.411,cruise
5800.387,T012,U08,312375.159,2549151.507,109.1688578,23.0402714,522.211,return
5801.618,T022,U05,317587.542,2552337.314,109.2193309,23.0696167,366.787,cruise
5802.558,T024,U06,319335.79,2546933.9,109.2370259,23.0210202,273.057,cruise
5804.208,T026,U01,317397.728,2547074.761,109.2181041,23.0220802,571.799,return
5804.453,T015,U07,318663.446,2546163.448,109.2305582,23.0139905,326.411,cruise
5805.387,T012,U08,312375.159,2549151.507,109.1688578,23.0402714,534.711,return
5806.618,T022,U05,317549.005,2552401.656,109.2189472,23.0701935,366.787,cruise
5807.558,T024,U06,319367.774,2547001.738,109.23733,23.0216362,273.057,cruise
5809.208,T026,U01,317436.546,2547029.009,109.2184882,23.0216714,571.799,return
5809.453,T015,U07,318660.638,2546238.395,109.230522,23.0146669,326.411,cruise
5810.387,T012,U08,312375.159,2549151.507,109.1688578,23.0402714,547.211,return
5811.618,T022,U05,317510.468,2552465.998,109.2185635,23.0707702,366.787,cruise
5812.558,T024,U06,319399.758,2547069.576,109.237634,23.0222522,273.057,cruise
5814.208,T026,U01,317475.364,2546983.258,109.2188722,23.0212626,571.799,return
5814.453,T015,U07,318657.83,2546313.343,109.2304858,23.0153433,326.411,cruise
5815.387,T012,U08,312375.159,2549151.507,109.1688578,23.0402714,559.711,return
5816.618,T022,U05,317471.931,2552530.34,109.2181798,23.0713469,366.787,cruise
5817.558,T024,U06,319431.743,2547137.414,109.2379381,23.0228682,273.057,cruise
5819.208,T026,U01,317514.181,2546937.506,109.2192563,23.0208538,571.799,return
5819.453,T015,U07,318655.022,2546388.29,109.2304496,23.0160197,326.411,cruise
5820.387,T012,U08,312429.414,2549120.598,109.1693909,23.0399985,561.804,return
5821.618,T022,U05,317433.394,2552594.683,109.2177961,23.0719236,366.787,cruise
5822.558,T024,U06,319463.727,2547205.252,109.2382421,23.0234841,273.057,cruise
5824.208,T026,U01,317552.999,2546891.755,109.2196404,23.0204449,571.799,return
5824.453,T015,U07,318652.214,2546463.237,109.2304133,23.0166961,326.411,cruise
5825.387,T012,U08,312494.58,2549083.473,109.1700311,23.0396706,561.804,return
5826.618,T022,U05,317394.857,2552659.025,109.2174124,23.0725003,366.787,cruise
5827.558,T024,U06,319495.712,2547273.09,109.2385461,23.0241001,273.057,cruise
5829.208,T026,U01,317591.817,2546846.004,109.2200245,23.0200361,571.799,return
5829.453,T015,U07,318649.406,2546538.185,109.2303771,23.0173725,326.411,cruise
5830.387,T012,U08,312559.747,2549046.348,109.1706714,23.0393428,561.804,return
5831.618,T022,U05,317356.32,2552723.367,109.2170287,23.073077,366.787,cruise
5832.558,T024,U06,319527.696,2547340.928,109.2388502,23.0247161,273.057,cruise
5834.208,T026,U01,317630.634,2546800.252,109.2204086,23.0196273,571.799,return
5834.453,T015,U07,318646.598,2546613.132,109.2303409,23.0180489,326.411,cruise
5835.387,T012,U08,312624.914,2549009.223,109.1713117,23.0390149,561.804,return
5836.618,T022,U05,317317.784,2552787.709,109.2166449,23.0736537,366.787,cruise
5837.558,T024,U06,319559.68,2547408.766,109.2391542,23.0253321,273.057,cruise
5839.208,T026,U01,317669.452,2546754.501,109.2207926,23.0192184,571.799,return
5839.453,T015,U07,318643.789,2546688.08,109.2303047,23.0187253,326.411,cruise
5840.387,T012,U08,312690.081,2548972.098,109.171952,23.0386871,561.804,return
5841.618,T022,U05,317279.247,2552852.051,109.2162612,23.0742304,366.787,cruise
5842.558,T024,U06,319591.665,2547476.604,109.2394583,23.0259481,273.057,cruise
5844.208,T026,U01,317708.27,2546708.75,109.2211767,23.0188096,571.799,return
5844.453,T015,U07,318640.981,2546763.027,109.2302684,23.0194017,326.411,cruise
5845.387,T012,U08,312755.248,2548934.972,109.1725922,23.0383592,561.804,return
5846.618,T022,U05,317240.71,2552916.393,109.2158775,23.074807,366.787,cruise
5847.558,T024,U06,319623.649,2547544.443,109.2397624,23.0265641,273.057,cruise
5849.208,T026,U01,317747.087,2546662.998,109.2215608,23.0184008,571.799,return
5849.453,T015,U07,318638.173,2546837.975,109.2302322,23.0200781,326.411,cruise
5850.387,T012,U08,312820.415,2548897.847,109.1732325,23.0380314,561.804,return
5851.618,T022,U05,317202.173,2552980.735,109.2154938,23.0753837,366.787,cruise
5852.558,T024,U06,319655.633,2547612.281,109.2400664,23.0271801,273.057,cruise
5854.208,T026,U01,317785.905,2546617.247,109.2219448,23.0179919,571.799,return
5854.453,T015,U07,318635.365,2546912.922,109.230196,23.0207545,326.411,cruise
5855.387,T012,U08,312885.582,2548860.722,109.1738728,23.0377035,561.804,return
5856.618,T022,U05,317163.636,2553045.078,109.21511,23.0759604,366.787,cruise
5857.558,T024,U06,319687.618,2547680.119,109.2403705,23.0277961,273.057,cruise
5859.208,T026,U01,317824.723,2546571.496,109.2223289,23.0175831,571.799,return
5859.453,T015,U07,318632.557,2546987.869,109.2301598,23.0214309,326.411,cruise
5860.387,T012,U08,312950.748,2548823.597,109.174513,23.0373757,561.804,return
5861.618,T022,U05,317125.099,2553109.42,109.2147263,23.0765371,366.787,cruise
5862.558,T024,U06,319719.602,2547747.957,109.2406745,23.0284121,273.057,cruise
5864.208,T026,U01,317863.541,2546525.744,109.2227129,23.0171742,571.799,return
5864.453,T015,U07,318629.749,2547062.817,109.2301235,23.0221073,326.411,cruise
5865.387,T012,U08,313015.915,2548786.472,109.1751533,23.0370478,561.804,return
5866.618,T022,U05,317086.563,2553173.762,109.2143426,23.0771138,366.787,cruise
5867.558,T024,U06,319751.586,2547815.795,109.2409786,23.0290281,273.057,cruise
5869.208,T026,U01,317902.358,2546479.993,109.223097,23.0167654,571.799,return
5869.453,T015,U07,318626.94,2547137.764,109.2300873,23.0227837,326.411,cruise
5870.387,T012,U08,313081.082,2548749.346,109.1757935,23.03672,561.804,return
5871.618,T022,U05,317048.026,2553238.104,109.2139588,23.0776905,366.787,cruise
5872.558,T024,U06,319783.571,2547883.633,109.2412827,23.029644,273.057,cruise
5874.208,T026,U01,317941.176,2546434.242,109.223481,23.0163566,571.799,return
5874.453,T015,U07,318624.132,2547212.712,109.2300511,23.0234601,326.411,cruise
5875.387,T012,U08,313146.249,2548712.221,109.1764338,23.0363921,561.804,return
5876.618,T022,U05,317009.489,2553302.446,109.2135751,23.0782672,366.787,cruise
5877.558,T024,U06,319815.555,2547951.471,109.2415867,23.03026,273.057,cruise
5879.208,T026,U01,317979.994,2546388.49,109.2238651,23.0159477,571.799,return
5879.453,T015,U07,318621.324,2547287.659,109.2300148,23.0241365,326.411,cruise
5880.387,T012,U08,313211.416,2548675.096,109.177074,23.0360642,561.804,return
5881.618,T022,U05,316970.952,2553366.788,109.2131913,23.0788439,366.787,cruise
5882.558,T024,U06,319847.54,2548019.309,109.2418908,23.030876,273.057,cruise
5884.208,T026,U01,318018.811,2546342.739,109.2242491,23.0155389,571.799,return
5884.453,T015,U07,318618.516,2547362.606,109.2299786,23.0248129,326.411,cruise
5885.387,T012,U08,313276.583,2548637.971,109.1777143,23.0357364,561.804,return
5886.618,T022,U05,316932.415,2553431.13,109.2128076,23.0794206,366.787,cruise
5887.558,T024,U06,319879.524,2548087.147,109.2421949,23.031492,273.057,cruise
5889.208,T026,U01,318057.629,2546296.988,109.2246332,23.01513,571.799,return
5889.453,T015,U07,318615.708,2547437.554,109.2299424,23.0254893,326.411,cruise
5890.387,T012,U08,313341.75,2548600.845,109.1783545,23.0354085,561.804,return
5891.618,T022,U05,316926.352,2553441.253,109.2127472,23.0795113,356.254,descent
5892.558,T024,U06,319911.508,2548154.985,109.242499,23.032108,273.057,cruise
5894.208,T026,U01,318096.447,2546251.236,109.2250172,23.0147212,571.799,return
5894.453,T015,U07,318612.9,2547512.501,109.2299061,23.0261657,326.411,cruise
5895.387,T012,U08,313406.916,2548563.72,109.1789947,23.0350806,561.804,return
5896.618,T022,U05,316926.352,2553441.253,109.2127472,23.0795113,343.754,descent
5897.558,T024,U06,319943.493,2548222.823,109.2428031,23.032724,273.057,cruise
5899.208,T026,U01,318135.264,2546205.485,109.2254013,23.0143123,571.799,return
5899.453,T015,U07,318610.091,2547587.449,109.2298699,23.0268421,326.411,cruise
5900.387,T012,U08,313472.083,2548526.595,109.179635,23.0347527,561.804,return
5901.618,T022,U05,316926.352,2553441.253,109.2127472,23.0795113,331.254,descent
5902.558,T024,U06,319975.477,2548290.661,109.2431071,23.03334,273.057,cruise
5904.208,T026,U01,318174.082,2546159.734,109.2257853,23.0139035,571.799,return
5904.453,T015,U07,318607.283,2547662.396,109.2298337,23.0275185,326.411,cruise
5905.387,T012,U08,313537.25,2548489.47,109.1802752,23.0344249,561.804,return
5906.618,T022,U05,316926.352,2553441.253,109.2127472,23.0795113,318.754,descent
5907.558,T024,U06,319988.6,2548318.494,109.2432319,23.0335927,265.685,descent
5909.208,T026,U01,318212.9,2546113.982,109.2261694,23.0134947,571.799,return
5909.453,T015,U07,318604.475,2547737.343,109.2297975,23.0281949,326.411,cruise
5910.387,T012,U08,313602.417,2548452.345,109.1809154,23.034097,561.804,return
5911.618,T022,U05,316926.352,2553441.253,109.2127472,23.0795113,306.254,descent
5912.558,T024,U06,319988.6,2548318.494,109.2432319,23.0335927,253.185,descent
5914.208,T026,U01,318251.718,2546068.231,109.2265534,23.0130858,571.799,return
5914.453,T015,U07,318601.667,2547812.291,109.2297612,23.0288713,326.411,cruise
5915.387,T012,U08,313667.584,2548415.219,109.1815557,23.0337691,561.804,return
5916.618,T022,U05,316926.352,2553441.253,109.2127472,23.0795113,293.754,descent
5917.558,T024,U06,319988.6,2548318.494,109.2432319,23.0335927,240.685,descent
5919.208,T026,U01,318290.535,2546022.479,109.2269374,23.0126769,571.799,return
5919.453,T015,U07,318598.859,2547887.238,109.229725,23.0295477,326.411,cruise
5920.387,T012,U08,313732.751,2548378.094,109.1821959,23.0334412,561.804,return
5921.618,T022,U05,316926.352,2553441.253,109.2127472,23.0795113,281.254,descent
5922.558,T024,U06,319988.6,2548318.494,109.2432319,23.0335927,228.185,descent
5924.208,T026,U01,318329.353,2545976.728,109.2273214,23.0122681,571.799,return
5924.453,T015,U07,318596.051,2547962.186,109.2296887,23.0302241,326.411,cruise
5925.387,T012,U08,313797.917,2548340.969,109.1828361,23.0331133,561.804,return
5926.618,T022,U05,316926.352,2553441.253,109.2127472,23.0795113,270.9,handover
5927.558,T024,U06,319988.6,2548318.494,109.2432319,23.0335927,215.685,descent
5929.208,T026,U01,318368.171,2545930.977,109.2277055,23.0118592,571.799,return
5929.453,T015,U07,318593.243,2548037.133,109.2296525,23.0309005,326.411,cruise
5930.387,T012,U08,313863.084,2548303.844,109.1834763,23.0327854,561.804,return
5931.618,T022,U05,316926.352,2553441.253,109.2127472,23.0795113,270.9,handover
5932.558,T024,U06,319988.6,2548318.494,109.2432319,23.0335927,203.185,descent
5934.208,T026,U01,318406.988,2545885.225,109.2280895,23.0114504,571.799,return
5934.453,T015,U07,318590.434,2548112.08,109.2296163,23.0315769,326.411,cruise
5935.387,T012,U08,313928.251,2548266.719,109.1841165,23.0324575,561.804,return
5936.618,T022,U05,316926.352,2553441.253,109.2127472,23.0795113,270.9,handover
5937.558,T024,U06,319988.6,2548318.494,109.2432319,23.0335927,190.685,descent
5939.208,T026,U01,318445.806,2545839.474,109.2284735,23.0110415,571.799,return
5939.453,T015,U07,318587.626,2548187.028,109.22958,23.0322533,326.411,cruise
5940.387,T012,U08,313993.418,2548229.593,109.1847567,23.0321296,561.804,return
5941.618,T022,U05,316926.352,2553441.253,109.2127472,23.0795113,270.9,handover
5942.558,T024,U06,319988.6,2548318.494,109.2432319,23.0335927,184,handover
5944.208,T026,U01,318484.624,2545793.723,109.2288575,23.0106327,571.799,return
5944.453,T015,U07,318584.818,2548261.975,109.2295438,23.0329297,326.411,cruise
5945.387,T012,U08,314058.585,2548192.468,109.185397,23.0318017,561.804,return
5946.618,T022,U05,316926.352,2553441.253,109.2127472,23.0795113,270.9,handover
5947.558,T024,U06,319988.6,2548318.494,109.2432319,23.0335927,184,handover
5949.208,T026,U01,318523.442,2545747.971,109.2292416,23.0102238,571.799,return
5949.453,T015,U07,318582.01,2548336.923,109.2295076,23.0336061,326.411,cruise
5950.387,T012,U08,314123.752,2548155.343,109.1860372,23.0314738,561.804,return
5951.618,T022,U05,316926.352,2553441.253,109.2127472,23.0795113,270.9,handover
5952.558,T024,U06,319988.6,2548318.494,109.2432319,23.0335927,184,handover
5954.208,T026,U01,318562.259,2545702.22,109.2296256,23.009815,571.799,return
5954.453,T015,U07,318579.202,2548411.87,109.2294713,23.0342825,326.411,cruise
5955.387,T012,U08,314188.919,2548118.218,109.1866774,23.0311459,561.804,return
5956.618,T022,U05,316926.352,2553441.253,109.2127472,23.0795113,270.9,handover
5957.558,T024,U06,319988.6,2548318.494,109.2432319,23.0335927,184,handover
5959.208,T026,U01,318601.077,2545656.469,109.2300096,23.0094061,571.799,return
5959.453,T015,U07,318576.394,2548486.818,109.2294351,23.0349589,326.411,cruise
5960.387,T012,U08,314254.085,2548081.092,109.1873176,23.030818,561.804,return
5961.618,T022,U05,316926.352,2553441.253,109.2127472,23.0795113,270.9,handover
5962.558,T024,U06,319988.6,2548318.494,109.2432319,23.0335927,184,handover
5964.208,T026,U01,318639.895,2545610.717,109.2303936,23.0089972,571.799,return
5964.453,T015,U07,318573.585,2548561.765,109.2293988,23.0356353,326.411,cruise
5965.387,T012,U08,314319.252,2548043.967,109.1879578,23.0304901,561.804,return
5966.618,T022,U05,316926.352,2553441.253,109.2127472,23.0795113,270.9,handover
5967.558,T024,U06,319988.6,2548318.494,109.2432319,23.0335927,184,handover
5969.208,T026,U01,318678.712,2545564.966,109.2307776,23.0085884,571.799,return
5969.453,T015,U07,318570.777,2548636.712,109.2293626,23.0363117,326.411,cruise
5970.387,T012,U08,314384.419,2548006.842,109.188598,23.0301621,561.804,return
5971.618,T022,U05,316926.352,2553441.253,109.2127472,23.0795113,270.9,handover
5972.558,T024,U06,319988.6,2548318.494,109.2432319,23.0335927,184,handover
5974.208,T026,U01,318686.201,2545556.139,109.2308517,23.0085095,561.711,return
5974.453,T015,U07,318567.969,2548711.66,109.2293264,23.0369881,326.411,cruise
5975.387,T012,U08,314449.586,2547969.717,109.1892381,23.0298342,561.804,return
5976.618,T022,U05,316926.352,2553441.253,109.2127472,23.0795113,270.9,handover
5977.558,T024,U06,319988.6,2548318.494,109.2432319,23.0335927,184,handover
5979.208,T026,U01,318686.201,2545556.139,109.2308517,23.0085095,549.211,return
5979.453,T015,U07,318565.161,2548786.607,109.2292901,23.0376645,326.411,cruise
5980.387,T012,U08,314514.753,2547932.592,109.1898783,23.0295063,561.804,return
5981.618,T022,U05,316926.352,2553441.253,109.2127472,23.0795113,270.9,handover
5982.558,T024,U06,319988.6,2548318.494,109.2432319,23.0335927,184,handover
5984.208,T026,U01,318686.201,2545556.139,109.2308517,23.0085095,536.711,return
5984.453,T015,U07,318562.353,2548861.555,109.2292539,23.0383409,326.411,cruise
5985.387,T012,U08,314579.92,2547895.466,109.1905185,23.0291784,561.804,return
5986.618,T022,U05,316926.352,2553441.253,109.2127472,23.0795113,270.9,handover
5987.558,T024,U06,319988.6,2548318.494,109.2432319,23.0335927,184,handover
5989.208,T026,U01,318686.201,2545556.139,109.2308517,23.0085095,524.211,return
5989.453,T015,U07,318559.545,2548936.502,109.2292176,23.0390173,326.411,cruise
5990.387,T012,U08,314645.087,2547858.341,109.1911587,23.0288504,561.804,return
5991.618,T022,U05,316926.352,2553441.253,109.2127472,23.0795113,270.9,handover
5992.558,T024,U06,319988.6,2548318.494,109.2432319,23.0335927,184,handover
5994.208,T026,U01,318686.201,2545556.139,109.2308517,23.0085095,511.711,return
5994.453,T015,U07,318556.737,2549011.449,109.2291814,23.0396937,326.411,cruise
5995.387,T012,U08,314710.253,2547821.216,109.1917989,23.0285225,561.804,return
5996.618,T022,U05,316926.352,2553441.253,109.2127472,23.0795113,270.9,handover
5997.558,T024,U06,319988.6,2548318.494,109.2432319,23.0335927,184,handover
5999.208,T026,U01,318686.201,2545556.139,109.2308517,23.0085095,499.211,return
5999.453,T015,U07,318553.928,2549086.397,109.2291452,23.0403701,326.411,cruise
6000.387,T012,U08,314775.42,2547784.091,109.192439,23.0281946,561.804,return
6001.618,T022,U05,316926.352,2553441.253,109.2127472,23.0795113,270.9,handover
6002.558,T024,U06,319988.6,2548318.494,109.2432319,23.0335927,184,handover
6004.208,T026,U01,318686.201,2545556.139,109.2308517,23.0085095,486.711,return
6004.453,T015,U07,318551.12,2549161.344,109.2291089,23.0410465,326.411,cruise
6005.387,T012,U08,314840.587,2547746.966,109.1930792,23.0278666,561.804,return
6006.618,T022,U05,316926.352,2553441.253,109.2127472,23.0795113,270.9,handover
6007.558,T024,U06,319988.6,2548318.494,109.2432319,23.0335927,184,handover
6009.208,T026,U01,318686.201,2545556.139,109.2308517,23.0085095,474.211,return
6009.453,T015,U07,318548.312,2549236.292,109.2290727,23.0417229,326.411,cruise
6010.387,T012,U08,314905.754,2547709.84,109.1937194,23.0275387,561.804,return
6011.618,T022,U05,316926.352,2553441.253,109.2127472,23.0795113,270.9,handover
6012.558,T024,U06,319988.6,2548318.494,109.2432319,23.0335927,184,handover
6014.208,T026,U01,318686.201,2545556.139,109.2308517,23.0085095,461.711,return
6014.453,T015,U07,318545.504,2549311.239,109.2290364,23.0423993,326.411,cruise
6015.387,T012,U08,314970.921,2547672.715,109.1943596,23.0272108,561.804,return
6016.618,T022,U05,316926.352,2553441.253,109.2127472,23.0795113,270.9,handover
6017.558,T024,U06,319988.6,2548318.494,109.2432319,23.0335927,184,handover
6019.208,T026,U01,318686.201,2545556.139,109.2308517,23.0085095,449.211,return
6019.453,T015,U07,318542.696,2549386.186,109.2290002,23.0430757,326.411,cruise
6020.387,T012,U08,315036.088,2547635.59,109.1949997,23.0268828,561.804,return
6021.618,T022,U05,316926.352,2553441.253,109.2127472,23.0795113,270.9,handover
6022.558,T024,U06,319988.6,2548318.494,109.2432319,23.0335927,184,handover
6024.208,T026,U01,318686.201,2545556.139,109.2308517,23.0085095,436.711,return
6024.453,T015,U07,318539.888,2549461.134,109.2289639,23.0437521,326.411,cruise
6025.387,T012,U08,315101.255,2547598.465,109.1956399,23.0265549,561.804,return
6026.618,T022,U05,316926.352,2553441.253,109.2127472,23.0795113,270.9,handover
6027.558,T024,U06,319988.6,2548318.494,109.2432319,23.0335927,184,handover
6029.208,T026,U01,318686.201,2545556.139,109.2308517,23.0085095,424.211,return
6029.453,T015,U07,318537.079,2549536.081,109.2289277,23.0444285,326.411,cruise
6030.387,T012,U08,315166.421,2547561.339,109.19628,23.0262269,561.804,return
6031.618,T022,U05,316926.352,2553441.253,109.2127472,23.0795113,270.9,handover
6032.558,T024,U06,319988.6,2548318.494,109.2432319,23.0335927,184,handover
6034.208,T026,U01,318686.201,2545556.139,109.2308517,23.0085095,411.711,return
6034.453,T015,U07,318534.271,2549611.029,109.2288914,23.0451049,326.411,cruise
6035.387,T012,U08,315231.588,2547524.214,109.1969202,23.025899,561.804,return
6036.618,T022,U05,316926.352,2553441.253,109.2127472,23.0795113,270.9,handover
6037.558,T024,U06,319988.6,2548318.494,109.2432319,23.0335927,184,handover
6039.208,T026,U01,318686.201,2545556.139,109.2308517,23.0085095,399.211,return
6039.453,T015,U07,318531.463,2549685.976,109.2288552,23.0457813,326.411,cruise
6040.387,T012,U08,315296.755,2547487.089,109.1975603,23.025571,561.804,return
6041.618,T022,U05,316926.352,2553441.253,109.2127472,23.0795113,270.9,handover
6042.558,T024,U06,319988.6,2548318.494,109.2432319,23.0335927,184,handover
6044.208,T026,U01,318686.201,2545556.139,109.2308517,23.0085095,386.711,return
6044.453,T015,U07,318528.655,2549760.924,109.2288189,23.0464577,326.411,cruise
6045.387,T012,U08,315361.922,2547449.964,109.1982005,23.025243,561.804,return
6046.618,T022,U05,316926.352,2553441.253,109.2127472,23.0795113,270.9,handover
6047.558,T024,U06,319988.6,2548318.494,109.2432319,23.0335927,184,handover
6049.208,T026,U01,318686.201,2545556.139,109.2308517,23.0085095,374.211,return
6049.453,T015,U07,318525.847,2549835.871,109.2287827,23.0471341,326.411,cruise
6050.387,T012,U08,315427.089,2547412.839,109.1988406,23.0249151,561.804,return
6051.618,T022,U05,316926.352,2553441.253,109.2127472,23.0795113,270.9,handover
6052.558,T024,U06,319988.6,2548318.494,109.2432319,23.0335927,184,handover
6054.208,T026,U01,318686.201,2545556.139,109.2308517,23.0085095,361.711,return
6054.453,T015,U07,318523.039,2549910.818,109.2287464,23.0478104,326.411,cruise
6055.387,T012,U08,315492.256,2547375.713,109.1994808,23.0245871,561.804,return
6056.618,T022,U05,316926.352,2553441.253,109.2127472,23.0795113,270.9,handover
6057.558,T024,U06,319988.6,2548318.494,109.2432319,23.0335927,184,handover
6059.208,T026,U01,318686.201,2545556.139,109.2308517,23.0085095,349.211,return
6059.453,T015,U07,318520.23,2549985.766,109.2287102,23.0484868,326.411,cruise
6060.387,T012,U08,315557.422,2547338.588,109.2001209,23.0242591,561.804,return
6061.618,T022,U05,316926.352,2553441.253,109.2127472,23.0795113,270.9,handover
6062.558,T024,U06,319988.6,2548318.494,109.2432319,23.0335927,184,handover
6064.208,T026,U01,318686.201,2545556.139,109.2308517,23.0085095,336.711,return
6064.453,T015,U07,318517.422,2550060.713,109.2286739,23.0491632,326.411,cruise
6065.387,T012,U08,315622.589,2547301.463,109.2007611,23.0239312,561.804,return
6066.618,T022,U05,316926.352,2553441.253,109.2127472,23.0795113,270.9,handover
6067.558,T024,U06,319988.6,2548318.494,109.2432319,23.0335927,184,handover
6069.208,T026,U01,318686.201,2545556.139,109.2308517,23.0085095,324.211,return
6069.453,T015,U07,318514.614,2550135.661,109.2286377,23.0498396,326.411,cruise
6070.387,T012,U08,315687.756,2547264.338,109.2014012,23.0236032,561.804,return
6071.618,T022,U05,316926.352,2553441.253,109.2127472,23.0795113,270.9,handover
6072.558,T024,U06,319988.6,2548318.494,109.2432319,23.0335927,184,handover
6074.208,T026,U01,318686.201,2545556.139,109.2308517,23.0085095,311.711,return
6074.453,T015,U07,318511.806,2550210.608,109.2286014,23.050516,326.411,cruise
6075.387,T012,U08,315752.923,2547227.213,109.2020413,23.0232752,561.804,return
6076.618,T022,U05,316926.352,2553441.253,109.2127472,23.0795113,270.9,handover
6077.558,T024,U06,319988.6,2548318.494,109.2432319,23.0335927,184,handover
6079.208,T026,U01,318686.201,2545556.139,109.2308517,23.0085095,299.211,return
6079.453,T015,U07,318508.998,2550285.555,109.2285652,23.0511924,326.411,cruise
6080.387,T012,U08,315818.09,2547190.087,109.2026815,23.0229472,561.804,return
6081.618,T022,U05,316926.352,2553441.253,109.2127472,23.0795113,270.9,handover
6082.558,T024,U06,319988.6,2548318.494,109.2432319,23.0335927,184,handover
6084.208,T026,U01,318686.201,2545556.139,109.2308517,23.0085095,286.711,return
6084.453,T015,U07,318506.19,2550360.503,109.2285289,23.0518688,326.411,cruise
6085.387,T012,U08,315883.257,2547152.962,109.2033216,23.0226193,561.804,return
6086.618,T022,U05,316926.352,2553441.253,109.2127472,23.0795113,270.9,handover
6087.558,T024,U06,319988.6,2548318.494,109.2432319,23.0335927,184,handover
6089.208,T026,U01,318686.201,2545556.139,109.2308517,23.0085095,274.211,return
6089.453,T015,U07,318503.382,2550435.45,109.2284927,23.0525452,326.411,cruise
6090.387,T012,U08,315948.424,2547115.837,109.2039617,23.0222913,561.804,return
6091.618,T022,U05,316926.352,2553441.253,109.2127472,23.0795113,270.9,handover
6092.558,T024,U06,319988.6,2548318.494,109.2432319,23.0335927,184,handover
6094.208,T026,U01,318686.201,2545556.139,109.2308517,23.0085095,261.711,return
6094.453,T015,U07,318500.573,2550510.398,109.2284564,23.0532216,326.411,cruise
6095.387,T012,U08,316013.59,2547078.712,109.2046018,23.0219633,561.804,return
6096.618,T022,U05,316926.352,2553441.253,109.2127472,23.0795113,270.9,handover
6097.558,T024,U06,319988.6,2548318.494,109.2432319,23.0335927,184,handover
6099.208,T026,U01,318686.201,2545556.139,109.2308517,23.0085095,249.211,return
6099.453,T015,U07,318497.765,2550585.345,109.2284201,23.053898,326.411,cruise
6100.387,T012,U08,316078.757,2547041.586,109.2052419,23.0216353,561.804,return
6101.618,T022,U05,316926.352,2553441.253,109.2127472,23.0795113,270.9,handover
6102.558,T024,U06,319988.6,2548318.494,109.2432319,23.0335927,184,handover
6104.208,T026,U01,318686.201,2545556.139,109.2308517,23.0085095,236.711,return
6104.453,T015,U07,318494.957,2550660.292,109.2283839,23.0545744,326.411,cruise
6105.387,T012,U08,316143.924,2547004.461,109.205882,23.0213073,561.804,return
6106.618,T022,U05,316926.352,2553441.253,109.2127472,23.0795113,273.475,return
6107.558,T024,U06,319988.6,2548318.494,109.2432319,23.0335927,184,handover
6109.208,T026,U01,318686.201,2545556.139,109.2308517,23.0085095,224.211,return
6109.453,T015,U07,318492.149,2550735.24,109.2283476,23.0552508,326.411,cruise
6110.387,T012,U08,316209.091,2546967.336,109.2065222,23.0209793,561.804,return
6111.618,T022,U05,316926.352,2553441.253,109.2127472,23.0795113,288.475,return
6112.558,T024,U06,319988.6,2548318.494,109.2432319,23.0335927,184,handover
6114.208,T026,U01,318686.201,2545556.139,109.2308517,23.0085095,211.711,return
6114.453,T015,U07,318489.341,2550810.187,109.2283114,23.0559272,326.411,cruise
6115.387,T012,U08,316274.258,2546930.211,109.2071623,23.0206513,561.804,return
6116.618,T022,U05,316926.352,2553441.253,109.2127472,23.0795113,303.475,return
6117.558,T024,U06,319988.6,2548318.494,109.2432319,23.0335927,184,handover
6119.208,T026,U01,318686.201,2545556.139,109.2308517,23.0085095,199.211,return
6119.453,T015,U07,318488.483,2550833.078,109.2283003,23.0561338,319.465,descent
6120.387,T012,U08,316339.425,2546893.086,109.2078024,23.0203233,561.804,return
6121.618,T022,U05,316926.352,2553441.253,109.2127472,23.0795113,318.475,return
6122.558,T024,U06,319988.6,2548318.494,109.2432319,23.0335927,184,handover
6124.208,T026,U01,318686.201,2545556.139,109.2308517,23.0085095,186.711,return
6124.453,T015,U07,318488.483,2550833.078,109.2283003,23.0561338,309.465,descent
6125.387,T012,U08,316404.592,2546855.96,109.2084425,23.0199953,561.804,return
6126.618,T022,U05,316926.352,2553441.253,109.2127472,23.0795113,333.475,return
6127.558,T024,U06,319988.6,2548318.494,109.2432319,23.0335927,184,handover
6129.208,T026,U01,318686.201,2545556.139,109.2308517,23.0085095,174.211,return
6129.453,T015,U07,318488.483,2550833.078,109.2283003,23.0561338,299.465,descent
6130.387,T012,U08,316469.758,2546818.835,109.2090826,23.0196673,561.804,return
6131.618,T022,U05,316926.352,2553441.253,109.2127472,23.0795113,348.475,return
6132.558,T024,U06,319988.6,2548318.494,109.2432319,23.0335927,184,handover
6134.208,T026,U01,318686.201,2545556.139,109.2308517,23.0085095,161.711,return
6134.453,T015,U07,318488.483,2550833.078,109.2283003,23.0561338,289.465,descent
6135.387,T012,U08,316534.925,2546781.71,109.2097227,23.0193393,561.804,return
6136.618,T022,U05,316926.352,2553441.253,109.2127472,23.0795113,363.475,return
6137.558,T024,U06,319988.6,2548318.494,109.2432319,23.0335927,184,handover
6139.208,T026,U01,318686.201,2545556.139,109.2308517,23.0085095,149.211,return
6139.453,T015,U07,318488.483,2550833.078,109.2283003,23.0561338,279.465,descent
6140.387,T012,U08,316600.092,2546744.585,109.2103628,23.0190113,561.804,return
6141.618,T022,U05,316932.414,2553414.091,109.2128096,23.0792667,372.909,return
6142.558,T024,U06,319988.6,2548318.494,109.2432319,23.0335927,184,handover
6144.208,T026,U01,318686.201,2545556.139,109.2308517,23.0085095,136.711,return
6144.453,T015,U07,318488.483,2550833.078,109.2283003,23.0561338,269.465,descent
6145.387,T012,U08,316665.259,2546707.46,109.2110028,23.0186833,561.804,return
6146.618,T022,U05,316948.751,2553340.892,109.2129778,23.0786076,372.909,return
6147.558,T024,U06,319988.6,2548318.494,109.2432319,23.0335927,184,handover
6149.453,T015,U07,318488.483,2550833.078,109.2283003,23.0561338,259.465,descent
6150.387,T012,U08,316730.426,2546670.334,109.2116429,23.0183552,561.804,return
6151.618,T022,U05,316965.088,2553267.693,109.2131459,23.0779485,372.909,return
6152.558,T024,U06,319988.6,2548318.494,109.2432319,23.0335927,190.978,return
6154.453,T015,U07,318488.483,2550833.078,109.2283003,23.0561338,249.465,descent
6155.387,T012,U08,316795.593,2546633.209,109.212283,23.0180272,561.804,return
6156.618,T022,U05,316981.425,2553194.494,109.2133141,23.0772894,372.909,return
6157.558,T024,U06,319988.6,2548318.494,109.2432319,23.0335927,205.978,return
6159.453,T015,U07,318488.483,2550833.078,109.2283003,23.0561338,239.465,descent
6160.387,T012,U08,316860.759,2546596.084,109.2129231,23.0176992,561.804,return
6161.618,T022,U05,316997.762,2553121.295,109.2134823,23.0766303,372.909,return
6162.558,T024,U06,319988.6,2548318.494,109.2432319,23.0335927,220.978,return
6164.453,T015,U07,318488.483,2550833.078,109.2283003,23.0561338,229.465,descent
6165.387,T012,U08,316925.926,2546558.959,109.2135632,23.0173712,561.804,return
6166.618,T022,U05,317014.1,2553048.096,109.2136504,23.0759712,372.909,return
6167.558,T024,U06,319988.6,2548318.494,109.2432319,23.0335927,235.978,return
6169.453,T015,U07,318488.483,2550833.078,109.2283003,23.0561338,219.465,descent
6170.387,T012,U08,316991.093,2546521.833,109.2142032,23.0170431,561.804,return
6171.618,T022,U05,317030.437,2552974.897,109.2138186,23.0753121,372.909,return
6172.558,T024,U06,319988.6,2548318.494,109.2432319,23.0335927,250.978,return
6174.453,T015,U07,318488.483,2550833.078,109.2283003,23.0561338,209.465,descent
6175.387,T012,U08,317056.26,2546484.708,109.2148433,23.0167151,561.804,return
6176.618,T022,U05,317046.774,2552901.698,109.2139867,23.074653,372.909,return
6177.558,T024,U06,319988.6,2548318.494,109.2432319,23.0335927,265.978,return
6179.453,T015,U07,318488.483,2550833.078,109.2283003,23.0561338,199.465,descent
6180.387,T012,U08,317121.427,2546447.583,109.2154834,23.0163871,561.804,return
6181.618,T022,U05,317063.111,2552828.499,109.2141549,23.0739939,372.909,return
6182.558,T024,U06,319971.71,2548282.671,109.2430713,23.0332674,273.057,return
6184.453,T015,U07,318488.483,2550833.078,109.2283003,23.0561338,195,handover
6185.387,T012,U08,317186.594,2546410.458,109.2161234,23.016059,561.804,return
6186.618,T022,U05,317079.448,2552755.3,109.214323,23.0733348,372.909,return
6187.558,T024,U06,319939.725,2548214.833,109.2427672,23.0326514,273.057,return
6189.453,T015,U07,318488.483,2550833.078,109.2283003,23.0561338,195,handover
6190.387,T012,U08,317251.761,2546373.333,109.2167635,23.015731,561.804,return
6191.618,T022,U05,317095.785,2552682.101,109.2144912,23.0726756,372.909,return
6192.558,T024,U06,319907.741,2548146.995,109.2424632,23.0320354,273.057,return
6194.453,T015,U07,318488.483,2550833.078,109.2283003,23.0561338,195,handover
6195.387,T012,U08,317316.927,2546336.207,109.2174036,23.0154029,561.804,return
6196.618,T022,U05,317112.122,2552608.902,109.2146593,23.0720165,372.909,return
6197.558,T024,U06,319875.757,2548079.157,109.2421591,23.0314195,273.057,return
6199.453,T015,U07,318488.483,2550833.078,109.2283003,23.0561338,195,handover
6200.387,T012,U08,317382.094,2546299.082,109.2180436,23.0150749,561.804,return
6201.618,T022,U05,317128.459,2552535.703,109.2148275,23.0713574,372.909,return
6202.558,T024,U06,319843.772,2548011.319,109.241855,23.0308035,273.057,return
6204.453,T015,U07,318488.483,2550833.078,109.2283003,23.0561338,195,handover
6205.387,T012,U08,317447.261,2546261.957,109.2186837,23.0147468,561.804,return
6206.618,T022,U05,317144.796,2552462.503,109.2149956,23.0706983,372.909,return
6207.558,T024,U06,319811.788,2547943.481,109.2415509,23.0301875,273.057,return
6209.453,T015,U07,318488.483,2550833.078,109.2283003,23.0561338,195,handover
6210.387,T012,U08,317512.428,2546224.832,109.2193237,23.0144188,561.804,return
6211.618,T022,U05,317161.133,2552389.304,109.2151638,23.0700392,372.909,return
6212.558,T024,U06,319779.804,2547875.643,109.2412469,23.0295715,273.057,return
6214.453,T015,U07,318488.483,2550833.078,109.2283003,23.0561338,195,handover
6215.387,T012,U08,317577.595,2546187.707,109.2199638,23.0140907,561.804,return
6216.618,T022,U05,317177.47,2552316.105,109.2153319,23.0693801,372.909,return
6217.558,T024,U06,319747.819,2547807.804,109.2409428,23.0289555,273.057,return
6219.453,T015,U07,318488.483,2550833.078,109.2283003,23.0561338,195,handover
6220.387,T012,U08,317642.762,2546150.581,109.2206038,23.0137627,561.804,return
6221.618,T022,U05,317193.807,2552242.906,109.2155,23.068721,372.909,return
6222.558,T024,U06,319715.835,2547739.966,109.2406387,23.0283395,273.057,return
6224.453,T015,U07,318488.483,2550833.078,109.2283003,23.0561338,195,handover
6225.387,T012,U08,317707.929,2546113.456,109.2212439,23.0134346,561.804,return
6226.618,T022,U05,317210.144,2552169.707,109.2156682,23.0680619,372.909,return
6227.558,T024,U06,319683.85,2547672.128,109.2403347,23.0277235,273.057,return
6229.453,T015,U07,318488.483,2550833.078,109.2283003,23.0561338,195,handover
6230.387,T012,U08,317773.095,2546076.331,109.2218839,23.0131066,561.804,return
6231.618,T022,U05,317226.481,2552096.508,109.2158363,23.0674028,372.909,return
6232.558,T024,U06,319651.866,2547604.29,109.2400306,23.0271075,273.057,return
6234.453,T015,U07,318488.483,2550833.078,109.2283003,23.0561338,195,handover
6235.387,T012,U08,317838.262,2546039.206,109.2225239,23.0127785,561.804,return
6236.618,T022,U05,317242.818,2552023.309,109.2160044,23.0667437,372.909,return
6237.558,T024,U06,319619.882,2547536.452,109.2397265,23.0264915,273.057,return
6239.453,T015,U07,318488.483,2550833.078,109.2283003,23.0561338,195,handover
6240.387,T012,U08,317903.429,2546002.081,109.223164,23.0124504,561.804,return
6241.618,T022,U05,317259.155,2551950.11,109.2161726,23.0660845,372.909,return
6242.558,T024,U06,319587.897,2547468.614,109.2394225,23.0258756,273.057,return
6244.453,T015,U07,318488.483,2550833.078,109.2283003,23.0561338,195,handover
6245.387,T012,U08,317968.596,2545964.955,109.223804,23.0121224,561.804,return
6246.618,T022,U05,317275.492,2551876.911,109.2163407,23.0654254,372.909,return
6247.558,T024,U06,319555.913,2547400.776,109.2391184,23.0252596,273.057,return
6249.453,T015,U07,318488.483,2550833.078,109.2283003,23.0561338,195,handover
6250.387,T012,U08,318033.763,2545927.83,109.224444,23.0117943,561.804,return
6251.618,T022,U05,317291.829,2551803.712,109.2165088,23.0647663,372.909,return
6252.558,T024,U06,319523.929,2547332.938,109.2388144,23.0246436,273.057,return
6254.453,T015,U07,318488.483,2550833.078,109.2283003,23.0561338,195,handover
6255.387,T012,U08,318098.93,2545890.705,109.2250841,23.0114662,561.804,return
6256.618,T022,U05,317308.166,2551730.513,109.216677,23.0641072,372.909,return
6257.558,T024,U06,319491.944,2547265.1,109.2385103,23.0240276,273.057,return
6259.453,T015,U07,318488.483,2550833.078,109.2283003,23.0561338,195,handover
6260.387,T012,U08,318164.097,2545853.58,109.2257241,23.0111381,561.804,return
6261.618,T022,U05,317324.503,2551657.314,109.2168451,23.0634481,372.909,return
6262.558,T024,U06,319459.96,2547197.262,109.2382063,23.0234116,273.057,return
6264.453,T015,U07,318488.483,2550833.078,109.2283003,23.0561338,195,handover
6265.387,T012,U08,318229.263,2545816.454,109.2263641,23.01081,561.804,return
6266.618,T022,U05,317340.84,2551584.115,109.2170132,23.062789,372.909,return
6267.558,T024,U06,319427.976,2547129.424,109.2379022,23.0227956,273.057,return
6269.453,T015,U07,318488.483,2550833.078,109.2283003,23.0561338,195,handover
6270.387,T012,U08,318294.43,2545779.329,109.2270041,23.0104819,561.804,return
6271.618,T022,U05,317357.177,2551510.916,109.2171813,23.0621299,372.909,return
6272.558,T024,U06,319395.991,2547061.586,109.2375982,23.0221796,273.057,return
6274.453,T015,U07,318488.483,2550833.078,109.2283003,23.0561338,195,handover
6275.387,T012,U08,318359.597,2545742.204,109.2276441,23.0101539,561.804,return
6276.618,T022,U05,317373.514,2551437.717,109.2173494,23.0614707,372.909,return
6277.558,T024,U06,319364.007,2546993.748,109.2372942,23.0215636,273.057,return
6279.453,T015,U07,318488.483,2550833.078,109.2283003,23.0561338,195,handover
6280.387,T012,U08,318424.764,2545705.079,109.2282841,23.0098258,561.804,return
6281.618,T022,U05,317389.851,2551364.518,109.2175176,23.0608116,372.909,return
6282.558,T024,U06,319332.022,2546925.91,109.2369901,23.0209476,273.057,return
6284.453,T015,U07,318488.483,2550833.078,109.2283003,23.0561338,195,handover
6285.387,T012,U08,318489.931,2545667.954,109.2289241,23.0094977,561.804,return
6286.618,T022,U05,317406.188,2551291.319,109.2176857,23.0601525,372.909,return
6287.558,T024,U06,319300.038,2546858.072,109.2366861,23.0203316,273.057,return
6289.453,T015,U07,318488.483,2550833.078,109.2283003,23.0561338,195,handover
6290.387,T012,U08,318555.098,2545630.828,109.2295641,23.0091696,561.804,return
6291.618,T022,U05,317422.525,2551218.12,109.2178538,23.0594934,372.909,return
6292.558,T024,U06,319268.054,2546790.234,109.2363821,23.0197156,273.057,return
6294.453,T015,U07,318488.483,2550833.078,109.2283003,23.0561338,195,handover
6295.387,T012,U08,318620.264,2545593.703,109.2302041,23.0088415,561.804,return
6296.618,T022,U05,317438.862,2551144.92,109.2180219,23.0588343,372.909,return
6297.558,T024,U06,319236.069,2546722.396,109.236078,23.0190996,273.057,return
6299.453,T015,U07,318488.483,2550833.078,109.2283003,23.0561338,195,handover
6300.387,T012,U08,318685.431,2545556.578,109.2308441,23.0085134,561.804,return
6301.618,T022,U05,317455.199,2551071.721,109.21819,23.0581752,372.909,return
6302.558,T024,U06,319204.085,2546654.558,109.235774,23.0184836,273.057,return
6304.453,T015,U07,318488.483,2550833.078,109.2283003,23.0561338,195,handover
6305.387,T012,U08,318686.201,2545556.139,109.2308517,23.0085095,551.922,return
6306.618,T022,U05,317471.536,2550998.522,109.2183581,23.0575161,372.909,return
6307.558,T024,U06,319172.101,2546586.72,109.23547,23.0178676,273.057,return
6309.453,T015,U07,318488.483,2550833.078,109.2283003,23.0561338,195,handover
6310.387,T012,U08,318686.201,2545556.139,109.2308517,23.0085095,541.922,return
6311.618,T022,U05,317487.873,2550925.323,109.2185262,23.0568569,372.909,return
6312.558,T024,U06,319140.116,2546518.882,109.235166,23.0172516,273.057,return
6314.453,T015,U07,318488.483,2550833.078,109.2283003,23.0561338,195,handover
6315.387,T012,U08,318686.201,2545556.139,109.2308517,23.0085095,531.922,return
6316.618,T022,U05,317504.21,2550852.124,109.2186943,23.0561978,372.909,return
6317.558,T024,U06,319108.132,2546451.044,109.234862,23.0166356,273.057,return
6319.453,T015,U07,318488.483,2550833.078,109.2283003,23.0561338,195,handover
6320.387,T012,U08,318686.201,2545556.139,109.2308517,23.0085095,521.922,return
6321.618,T022,U05,317520.547,2550778.925,109.2188624,23.0555387,372.909,return
6322.558,T024,U06,319076.148,2546383.206,109.234558,23.0160196,273.057,return
6324.453,T015,U07,318488.483,2550833.078,109.2283003,23.0561338,195,handover
6325.387,T012,U08,318686.201,2545556.139,109.2308517,23.0085095,511.922,return
6326.618,T022,U05,317536.884,2550705.726,109.2190305,23.0548796,372.909,return
6327.558,T024,U06,319044.163,2546315.367,109.2342539,23.0154036,273.057,return
6329.453,T015,U07,318488.483,2550833.078,109.2283003,23.0561338,195,handover
6330.387,T012,U08,318686.201,2545556.139,109.2308517,23.0085095,501.922,return
6331.618,T022,U05,317553.221,2550632.527,109.2191986,23.0542205,372.909,return
6332.558,T024,U06,319012.179,2546247.529,109.2339499,23.0147876,273.057,return
6334.453,T015,U07,318488.483,2550833.078,109.2283003,23.0561338,195,handover
6335.387,T012,U08,318686.201,2545556.139,109.2308517,23.0085095,491.922,return
6336.618,T022,U05,317569.558,2550559.328,109.2193667,23.0535613,372.909,return
6337.558,T024,U06,318980.194,2546179.691,109.2336459,23.0141716,273.057,return
6339.453,T015,U07,318488.483,2550833.078,109.2283003,23.0561338,195,handover
6340.387,T012,U08,318686.201,2545556.139,109.2308517,23.0085095,481.922,return
6341.618,T022,U05,317585.895,2550486.129,109.2195348,23.0529022,372.909,return
6342.558,T024,U06,318948.21,2546111.853,109.2333419,23.0135556,273.057,return
6344.453,T015,U07,318488.483,2550833.078,109.2283003,23.0561338,195,handover
6345.387,T012,U08,318686.201,2545556.139,109.2308517,23.0085095,471.922,return
6346.618,T022,U05,317602.232,2550412.93,109.2197029,23.0522431,372.909,return
6347.558,T024,U06,318916.226,2546044.015,109.2330379,23.0129396,273.057,return
6349.453,T015,U07,318488.483,2550833.078,109.2283003,23.0561338,195,handover
6350.387,T012,U08,318686.201,2545556.139,109.2308517,23.0085095,461.922,return
6351.618,T022,U05,317618.569,2550339.731,109.219871,23.051584,372.909,return
6352.558,T024,U06,318884.241,2545976.177,109.2327339,23.0123236,273.057,return
6354.453,T015,U07,318488.483,2550833.078,109.2283003,23.0561338,195,handover
6355.387,T012,U08,318686.201,2545556.139,109.2308517,23.0085095,451.922,return
6356.618,T022,U05,317634.906,2550266.532,109.2200391,23.0509249,372.909,return
6357.558,T024,U06,318852.257,2545908.339,109.2324299,23.0117076,273.057,return
6359.453,T015,U07,318488.483,2550833.078,109.2283003,23.0561338,195,handover
6360.387,T012,U08,318686.201,2545556.139,109.2308517,23.0085095,441.922,return
6361.618,T022,U05,317651.243,2550193.333,109.2202072,23.0502657,372.909,return
6362.558,T024,U06,318820.273,2545840.501,109.2321259,23.0110916,273.057,return
6364.453,T015,U07,318488.483,2550833.078,109.2283003,23.0561338,195,handover
6365.387,T012,U08,318686.201,2545556.139,109.2308517,23.0085095,431.922,return
6366.618,T022,U05,317667.58,2550120.134,109.2203752,23.0496066,372.909,return
6367.558,T024,U06,318788.288,2545772.663,109.231822,23.0104756,273.057,return
6369.453,T015,U07,318488.483,2550833.078,109.2283003,23.0561338,195,handover
6370.387,T012,U08,318686.201,2545556.139,109.2308517,23.0085095,421.922,return
6371.618,T022,U05,317683.917,2550046.935,109.2205433,23.0489475,372.909,return
6372.558,T024,U06,318756.304,2545704.825,109.231518,23.0098596,273.057,return
6374.453,T015,U07,318488.483,2550833.078,109.2283003,23.0561338,195,handover
6375.387,T012,U08,318686.201,2545556.139,109.2308517,23.0085095,411.922,return
6376.618,T022,U05,317700.254,2549973.736,109.2207114,23.0482884,372.909,return
6377.558,T024,U06,318724.319,2545636.987,109.231214,23.0092436,273.057,return
6379.453,T015,U07,318488.483,2550833.078,109.2283003,23.0561338,195,handover
6380.387,T012,U08,318686.201,2545556.139,109.2308517,23.0085095,401.922,return
6381.618,T022,U05,317716.592,2549900.537,109.2208795,23.0476293,372.909,return
6382.558,T024,U06,318692.335,2545569.149,109.23091,23.0086276,273.057,return
6384.453,T015,U07,318488.483,2550833.078,109.2283003,23.0561338,195,handover
6385.387,T012,U08,318686.201,2545556.139,109.2308517,23.0085095,391.922,return
6386.618,T022,U05,317732.929,2549827.337,109.2210476,23.0469701,372.909,return
6387.558,T024,U06,318686.201,2545556.139,109.2308517,23.0085095,262.954,return
6389.453,T015,U07,318488.483,2550833.078,109.2283003,23.0561338,195,handover
6390.387,T012,U08,318686.201,2545556.139,109.2308517,23.0085095,381.922,return
6391.618,T022,U05,317749.266,2549754.138,109.2212156,23.046311,372.909,return
6392.558,T024,U06,318686.201,2545556.139,109.2308517,23.0085095,250.454,return
6394.453,T015,U07,318488.483,2550833.078,109.2283003,23.0561338,195,handover
6395.387,T012,U08,318686.201,2545556.139,109.2308517,23.0085095,371.922,return
6396.618,T022,U05,317765.603,2549680.939,109.2213837,23.0456519,372.909,return
6397.558,T024,U06,318686.201,2545556.139,109.2308517,23.0085095,237.954,return
6399.453,T015,U07,318488.483,2550833.078,109.2283003,23.0561338,195,handover
6400.387,T012,U08,318686.201,2545556.139,109.2308517,23.0085095,361.922,return
6401.618,T022,U05,317781.94,2549607.74,109.2215518,23.0449928,372.909,return
6402.558,T024,U06,318686.201,2545556.139,109.2308517,23.0085095,225.454,return
6404.453,T015,U07,318488.483,2550833.078,109.2283003,23.0561338,195,handover
6405.387,T012,U08,318686.201,2545556.139,109.2308517,23.0085095,351.922,return
6406.618,T022,U05,317798.277,2549534.541,109.2217198,23.0443336,372.909,return
6407.558,T024,U06,318686.201,2545556.139,109.2308517,23.0085095,212.954,return
6409.453,T015,U07,318488.483,2550833.078,109.2283003,23.0561338,195,handover
6410.387,T012,U08,318686.201,2545556.139,109.2308517,23.0085095,341.922,return
6411.618,T022,U05,317814.614,2549461.342,109.2218879,23.0436745,372.909,return
6412.558,T024,U06,318686.201,2545556.139,109.2308517,23.0085095,200.454,return
6414.453,T015,U07,318488.483,2550833.078,109.2283003,23.0561338,195,handover
6415.387,T012,U08,318686.201,2545556.139,109.2308517,23.0085095,331.922,return
6416.618,T022,U05,317830.951,2549388.143,109.222056,23.0430154,372.909,return
6417.558,T024,U06,318686.201,2545556.139,109.2308517,23.0085095,187.954,return
6419.453,T015,U07,318488.483,2550833.078,109.2283003,23.0561338,195,handover
6420.387,T012,U08,318686.201,2545556.139,109.2308517,23.0085095,321.922,return
6421.618,T022,U05,317847.288,2549314.944,109.222224,23.0423563,372.909,return
6422.558,T024,U06,318686.201,2545556.139,109.2308517,23.0085095,175.454,return
6424.453,T015,U07,318488.483,2550833.078,109.2283003,23.0561338,195,handover
6425.387,T012,U08,318686.201,2545556.139,109.2308517,23.0085095,311.922,return
6426.618,T022,U05,317863.625,2549241.745,109.2223921,23.0416972,372.909,return
6427.558,T024,U06,318686.201,2545556.139,109.2308517,23.0085095,162.954,return
6429.453,T015,U07,318488.483,2550833.078,109.2283003,23.0561338,195,handover
6430.387,T012,U08,318686.201,2545556.139,109.2308517,23.0085095,301.922,return
6431.618,T022,U05,317879.962,2549168.546,109.2225602,23.041038,372.909,return
6432.558,T024,U06,318686.201,2545556.139,109.2308517,23.0085095,150.454,return
6434.453,T015,U07,318488.483,2550833.078,109.2283003,23.0561338,195,handover
6435.387,T012,U08,318686.201,2545556.139,109.2308517,23.0085095,291.922,return
6436.618,T022,U05,317896.299,2549095.347,109.2227282,23.0403789,372.909,return
6437.558,T024,U06,318686.201,2545556.139,109.2308517,23.0085095,137.954,return
6439.453,T015,U07,318488.483,2550833.078,109.2283003,23.0561338,195,handover
6440.387,T012,U08,318686.201,2545556.139,109.2308517,23.0085095,281.922,return
6441.618,T022,U05,317912.636,2549022.148,109.2228963,23.0397198,372.909,return
6444.453,T015,U07,318488.483,2550833.078,109.2283003,23.0561338,195,handover
6445.387,T012,U08,318686.201,2545556.139,109.2308517,23.0085095,271.922,return
6446.618,T022,U05,317928.973,2548948.949,109.2230643,23.0390607,372.909,return
6449.453,T015,U07,318488.483,2550833.078,109.2283003,23.0561338,195,handover
6450.387,T012,U08,318686.201,2545556.139,109.2308517,23.0085095,261.922,return
6451.618,T022,U05,317945.31,2548875.75,109.2232324,23.0384015,372.909,return
6454.453,T015,U07,318488.483,2550833.078,109.2283003,23.0561338,195,handover
6455.387,T012,U08,318686.201,2545556.139,109.2308517,23.0085095,251.922,return
6456.618,T022,U05,317961.647,2548802.551,109.2234004,23.0377424,372.909,return
6459.453,T015,U07,318488.483,2550833.078,109.2283003,23.0561338,195,handover
6460.387,T012,U08,318686.201,2545556.139,109.2308517,23.0085095,241.922,return
6461.618,T022,U05,317977.984,2548729.352,109.2235685,23.0370833,372.909,return
6464.453,T015,U07,318488.483,2550833.078,109.2283003,23.0561338,195,handover
6465.387,T012,U08,318686.201,2545556.139,109.2308517,23.0085095,231.922,return
6466.618,T022,U05,317994.321,2548656.153,109.2237365,23.0364241,372.909,return
6469.453,T015,U07,318488.483,2550833.078,109.2283003,23.0561338,195,handover
6470.387,T012,U08,318686.201,2545556.139,109.2308517,23.0085095,221.922,return
6471.618,T022,U05,318010.658,2548582.954,109.2239046,23.035765,372.909,return
6474.453,T015,U07,318488.483,2550833.078,109.2283003,23.0561338,206.919,return
6475.387,T012,U08,318686.201,2545556.139,109.2308517,23.0085095,211.922,return
6476.618,T022,U05,318026.995,2548509.754,109.2240726,23.0351059,372.909,return
6479.453,T015,U07,318488.483,2550833.078,109.2283003,23.0561338,219.419,return
6480.387,T012,U08,318686.201,2545556.139,109.2308517,23.0085095,201.922,return
6481.618,T022,U05,318043.332,2548436.555,109.2242407,23.0344468,372.909,return
6484.453,T015,U07,318488.483,2550833.078,109.2283003,23.0561338,231.919,return
6485.387,T012,U08,318686.201,2545556.139,109.2308517,23.0085095,191.922,return
6486.618,T022,U05,318059.669,2548363.356,109.2244087,23.0337876,372.909,return
6489.453,T015,U07,318488.483,2550833.078,109.2283003,23.0561338,244.419,return
6490.387,T012,U08,318686.201,2545556.139,109.2308517,23.0085095,181.922,return
6491.618,T022,U05,318076.006,2548290.157,109.2245767,23.0331285,372.909,return
6494.453,T015,U07,318488.483,2550833.078,109.2283003,23.0561338,256.919,return
6495.387,T012,U08,318686.201,2545556.139,109.2308517,23.0085095,171.922,return
6496.618,T022,U05,318092.343,2548216.958,109.2247448,23.0324694,372.909,return
6499.453,T015,U07,318488.483,2550833.078,109.2283003,23.0561338,269.419,return
6500.387,T012,U08,318686.201,2545556.139,109.2308517,23.0085095,161.922,return
6501.618,T022,U05,318108.68,2548143.759,109.2249128,23.0318102,372.909,return
6504.453,T015,U07,318488.483,2550833.078,109.2283003,23.0561338,281.919,return
6505.387,T012,U08,318686.201,2545556.139,109.2308517,23.0085095,151.922,return
6506.618,T022,U05,318125.017,2548070.56,109.2250808,23.0311511,372.909,return
6509.453,T015,U07,318488.483,2550833.078,109.2283003,23.0561338,294.419,return
6510.387,T012,U08,318686.201,2545556.139,109.2308517,23.0085095,141.922,return
6511.618,T022,U05,318141.354,2547997.361,109.2252489,23.030492,372.909,return
6514.453,T015,U07,318488.483,2550833.078,109.2283003,23.0561338,306.919,return
6515.387,T012,U08,318686.201,2545556.139,109.2308517,23.0085095,131.922,return
6516.618,T022,U05,318157.691,2547924.162,109.2254169,23.0298329,372.909,return
6519.453,T015,U07,318488.483,2550833.078,109.2283003,23.0561338,319.419,return
6521.618,T022,U05,318174.028,2547850.963,109.2255849,23.0291737,372.909,return
6524.453,T015,U07,318489.72,2550800.055,109.2283163,23.0558358,326.411,return
6526.618,T022,U05,318190.365,2547777.764,109.225753,23.0285146,372.909,return
6529.453,T015,U07,318492.529,2550725.108,109.2283525,23.0551594,326.411,return
6531.618,T022,U05,318206.702,2547704.565,109.225921,23.0278555,372.909,return
6534.453,T015,U07,318495.337,2550650.161,109.2283888,23.054483,326.411,return
6536.618,T022,U05,318223.039,2547631.366,109.226089,23.0271963,372.909,return
6539.453,T015,U07,318498.145,2550575.213,109.228425,23.0538066,326.411,return
6541.618,T022,U05,318239.376,2547558.167,109.226257,23.0265372,372.909,return
6544.453,T015,U07,318500.953,2550500.266,109.2284613,23.0531302,326.411,return
6546.618,T022,U05,318255.713,2547484.968,109.226425,23.0258781,372.909,return
6549.453,T015,U07,318503.761,2550425.318,109.2284976,23.0524538,326.411,return
6551.618,T022,U05,318272.05,2547411.769,109.226593,23.0252189,372.909,return
6554.453,T015,U07,318506.569,2550350.371,109.2285338,23.0517774,326.411,return
6556.618,T022,U05,318288.387,2547338.57,109.2267611,23.0245598,372.909,return
6559.453,T015,U07,318509.377,2550275.424,109.2285701,23.051101,326.411,return
6561.618,T022,U05,318304.724,2547265.371,109.2269291,23.0239007,372.909,return
6564.453,T015,U07,318512.186,2550200.476,109.2286063,23.0504246,326.411,return
6566.618,T022,U05,318321.061,2547192.171,109.2270971,23.0232415,372.909,return
6569.453,T015,U07,318514.994,2550125.529,109.2286426,23.0497482,326.411,return
6571.618,T022,U05,318337.398,2547118.972,109.2272651,23.0225824,372.909,return
6574.453,T015,U07,318517.802,2550050.581,109.2286788,23.0490718,326.411,return
6576.618,T022,U05,318353.735,2547045.773,109.2274331,23.0219233,372.909,return
6579.453,T015,U07,318520.61,2549975.634,109.2287151,23.0483954,326.411,return
6581.618,T022,U05,318370.072,2546972.574,109.2276011,23.0212641,372.909,return
6584.453,T015,U07,318523.418,2549900.686,109.2287513,23.047719,326.411,return
6586.618,T022,U05,318386.409,2546899.375,109.2277691,23.020605,372.909,return
6589.453,T015,U07,318526.226,2549825.739,109.2287876,23.0470426,326.411,return
6591.618,T022,U05,318402.746,2546826.176,109.2279371,23.0199459,372.909,return
6594.453,T015,U07,318529.035,2549750.792,109.2288238,23.0463662,326.411,return
6596.618,T022,U05,318419.084,2546752.977,109.2281051,23.0192867,372.909,return
6599.453,T015,U07,318531.843,2549675.844,109.2288601,23.0456898,326.411,return
6601.618,T022,U05,318435.421,2546679.778,109.2282731,23.0186276,372.909,return
6604.453,T015,U07,318534.651,2549600.897,109.2288963,23.0450134,326.411,return
6606.618,T022,U05,318451.758,2546606.579,109.2284411,23.0179684,372.909,return
6609.453,T015,U07,318537.459,2549525.949,109.2289326,23.044337,326.411,return
6611.618,T022,U05,318468.095,2546533.38,109.2286091,23.0173093,372.909,return
6614.453,T015,U07,318540.267,2549451.002,109.2289688,23.0436606,326.411,return
6616.618,T022,U05,318484.432,2546460.181,109.2287771,23.0166502,372.909,return
6619.453,T015,U07,318543.075,2549376.055,109.2290051,23.0429842,326.411,return
6621.618,T022,U05,318500.769,2546386.982,109.2289451,23.015991,372.909,return
6624.453,T015,U07,318545.884,2549301.107,109.2290413,23.0423078,326.411,return
6626.618,T022,U05,318517.106,2546313.783,109.2291131,23.0153319,372.909,return
6629.453,T015,U07,318548.692,2549226.16,109.2290776,23.0416314,326.411,return
6631.618,T022,U05,318533.443,2546240.584,109.229281,23.0146728,372.909,return
6634.453,T015,U07,318551.5,2549151.212,109.2291138,23.040955,326.411,return
6636.618,T022,U05,318549.78,2546167.385,109.229449,23.0140136,372.909,return
6639.453,T015,U07,318554.308,2549076.265,109.2291501,23.0402786,326.411,return
6641.618,T022,U05,318566.117,2546094.186,109.229617,23.0133545,372.909,return
6644.453,T015,U07,318557.116,2549001.318,109.2291863,23.0396022,326.411,return
6646.618,T022,U05,318582.454,2546020.987,109.229785,23.0126953,372.909,return
6649.453,T015,U07,318559.924,2548926.37,109.2292225,23.0389258,326.411,return
6651.618,T022,U05,318598.791,2545947.788,109.229953,23.0120362,372.909,return
6654.453,T015,U07,318562.732,2548851.423,109.2292588,23.0382494,326.411,return
6656.618,T022,U05,318615.128,2545874.588,109.2301209,23.0113771,372.909,return
6659.453,T015,U07,318565.541,2548776.475,109.229295,23.037573,326.411,return
6661.618,T022,U05,318631.465,2545801.389,109.2302889,23.0107179,372.909,return
6664.453,T015,U07,318568.349,2548701.528,109.2293313,23.0368966,326.411,return
6666.618,T022,U05,318647.802,2545728.19,109.2304569,23.0100588,372.909,return
6669.453,T015,U07,318571.157,2548626.581,109.2293675,23.0362202,326.411,return
6671.618,T022,U05,318664.139,2545654.991,109.2306249,23.0093996,372.909,return
6674.453,T015,U07,318573.965,2548551.633,109.2294037,23.0355438,326.411,return
6676.618,T022,U05,318680.476,2545581.792,109.2307928,23.0087405,372.909,return
6679.453,T015,U07,318576.773,2548476.686,109.22944,23.0348674,326.411,return
6681.618,T022,U05,318686.201,2545556.139,109.2308517,23.0085095,364.79,return
6684.453,T015,U07,318579.581,2548401.738,109.2294762,23.034191,326.411,return
6686.618,T022,U05,318686.201,2545556.139,109.2308517,23.0085095,352.29,return
6689.453,T015,U07,318582.39,2548326.791,109.2295125,23.0335146,326.411,return
6691.618,T022,U05,318686.201,2545556.139,109.2308517,23.0085095,339.79,return
6694.453,T015,U07,318585.198,2548251.843,109.2295487,23.0328382,326.411,return
6696.618,T022,U05,318686.201,2545556.139,109.2308517,23.0085095,327.29,return
6699.453,T015,U07,318588.006,2548176.896,109.2295849,23.0321618,326.411,return
6701.618,T022,U05,318686.201,2545556.139,109.2308517,23.0085095,314.79,return
6704.453,T015,U07,318590.814,2548101.949,109.2296212,23.0314854,326.411,return
6706.618,T022,U05,318686.201,2545556.139,109.2308517,23.0085095,302.29,return
6709.453,T015,U07,318593.622,2548027.001,109.2296574,23.030809,326.411,return
6711.618,T022,U05,318686.201,2545556.139,109.2308517,23.0085095,289.79,return
6714.453,T015,U07,318596.43,2547952.054,109.2296936,23.0301326,326.411,return
6716.618,T022,U05,318686.201,2545556.139,109.2308517,23.0085095,277.29,return
6719.453,T015,U07,318599.238,2547877.106,109.2297299,23.0294562,326.411,return
6721.618,T022,U05,318686.201,2545556.139,109.2308517,23.0085095,264.79,return
6724.453,T015,U07,318602.047,2547802.159,109.2297661,23.0287798,326.411,return
6726.618,T022,U05,318686.201,2545556.139,109.2308517,23.0085095,252.29,return
6729.453,T015,U07,318604.855,2547727.212,109.2298024,23.0281034,326.411,return
6731.618,T022,U05,318686.201,2545556.139,109.2308517,23.0085095,239.79,return
6734.453,T015,U07,318607.663,2547652.264,109.2298386,23.027427,326.411,return
6736.618,T022,U05,318686.201,2545556.139,109.2308517,23.0085095,227.29,return
6739.453,T015,U07,318610.471,2547577.317,109.2298748,23.0267506,326.411,return
6741.618,T022,U05,318686.201,2545556.139,109.2308517,23.0085095,214.79,return
6744.453,T015,U07,318613.279,2547502.369,109.229911,23.0260742,326.411,return
6746.618,T022,U05,318686.201,2545556.139,109.2308517,23.0085095,202.29,return
6749.453,T015,U07,318616.087,2547427.422,109.2299473,23.0253978,326.411,return
6751.618,T022,U05,318686.201,2545556.139,109.2308517,23.0085095,189.79,return
6754.453,T015,U07,318618.896,2547352.475,109.2299835,23.0247214,326.411,return
6756.618,T022,U05,318686.201,2545556.139,109.2308517,23.0085095,177.29,return
6759.453,T015,U07,318621.704,2547277.527,109.2300197,23.024045,326.411,return
6761.618,T022,U05,318686.201,2545556.139,109.2308517,23.0085095,164.79,return
6764.453,T015,U07,318624.512,2547202.58,109.230056,23.0233686,326.411,return
6766.618,T022,U05,318686.201,2545556.139,109.2308517,23.0085095,152.29,return
6769.453,T015,U07,318627.32,2547127.632,109.2300922,23.0226922,326.411,return
6771.618,T022,U05,318686.201,2545556.139,109.2308517,23.0085095,139.79,return
6774.453,T015,U07,318630.128,2547052.685,109.2301284,23.0220158,326.411,return
6779.453,T015,U07,318632.936,2546977.737,109.2301647,23.0213394,326.411,return
6784.453,T015,U07,318635.745,2546902.79,109.2302009,23.020663,326.411,return
6789.453,T015,U07,318638.553,2546827.843,109.2302371,23.0199866,326.411,return
6794.453,T015,U07,318641.361,2546752.895,109.2302733,23.0193102,326.411,return
6799.453,T015,U07,318644.169,2546677.948,109.2303096,23.0186338,326.411,return
6804.453,T015,U07,318646.977,2546603.0,109.2303458,23.0179574,326.411,return
6809.453,T015,U07,318649.785,2546528.053,109.230382,23.017281,326.411,return
6814.453,T015,U07,318652.593,2546453.106,109.2304182,23.0166046,326.411,return
6819.453,T015,U07,318655.402,2546378.158,109.2304545,23.0159282,326.411,return
6824.453,T015,U07,318658.21,2546303.211,109.2304907,23.0152518,326.411,return
6829.453,T015,U07,318661.018,2546228.263,109.2305269,23.0145754,326.411,return
6834.453,T015,U07,318663.826,2546153.316,109.2305631,23.013899,326.411,return
6839.453,T015,U07,318666.634,2546078.369,109.2305993,23.0132226,326.411,return
6844.453,T015,U07,318669.442,2546003.421,109.2306356,23.0125462,326.411,return
6849.453,T015,U07,318672.251,2545928.474,109.2306718,23.0118698,326.411,return
6854.453,T015,U07,318675.059,2545853.526,109.230708,23.0111934,326.411,return
6859.453,T015,U07,318677.867,2545778.579,109.2307442,23.010517,326.411,return
6864.453,T015,U07,318680.675,2545703.632,109.2307804,23.0098406,326.411,return
6869.453,T015,U07,318683.483,2545628.684,109.2308166,23.0091642,326.411,return
6874.453,T015,U07,318686.201,2545556.139,109.2308517,23.0085095,326.09,return
6879.453,T015,U07,318686.201,2545556.139,109.2308517,23.0085095,316.09,return
6884.453,T015,U07,318686.201,2545556.139,109.2308517,23.0085095,306.09,return
6889.453,T015,U07,318686.201,2545556.139,109.2308517,23.0085095,296.09,return
6894.453,T015,U07,318686.201,2545556.139,109.2308517,23.0085095,286.09,return
6899.453,T015,U07,318686.201,2545556.139,109.2308517,23.0085095,276.09,return
6904.453,T015,U07,318686.201,2545556.139,109.2308517,23.0085095,266.09,return
6909.453,T015,U07,318686.201,2545556.139,109.2308517,23.0085095,256.09,return
6914.453,T015,U07,318686.201,2545556.139,109.2308517,23.0085095,246.09,return
6919.453,T015,U07,318686.201,2545556.139,109.2308517,23.0085095,236.09,return
6924.453,T015,U07,318686.201,2545556.139,109.2308517,23.0085095,226.09,return
6929.453,T015,U07,318686.201,2545556.139,109.2308517,23.0085095,216.09,return
6934.453,T015,U07,318686.201,2545556.139,109.2308517,23.0085095,206.09,return
6939.453,T015,U07,318686.201,2545556.139,109.2308517,23.0085095,196.09,return
6944.453,T015,U07,318686.201,2545556.139,109.2308517,23.0085095,186.09,return
6949.453,T015,U07,318686.201,2545556.139,109.2308517,23.0085095,176.09,return
6954.453,T015,U07,318686.201,2545556.139,109.2308517,23.0085095,166.09,return
6959.453,T015,U07,318686.201,2545556.139,109.2308517,23.0085095,156.09,return
6964.453,T015,U07,318686.201,2545556.139,109.2308517,23.0085095,146.09,return
6969.453,T015,U07,318686.201,2545556.139,109.2308517,23.0085095,136.09,return
